source_id,source_locator,source_sequence,level,level_raw,additional_levels,simplified,traditional,headword_raw,sense_label,pinyin_raw,part_of_speech_raw,extraction_method,correction_ids
hsk2015,sheet:新HSK5000词;row:2,1,1,1,,爱,,爱,,,,xlsx-xml,
hsk2015,sheet:新HSK5000词;row:3,2,1,1,,八,,八,,,,xlsx-xml,
hsk2015,sheet:新HSK5000词;row:4,3,1,1,,爸爸,,爸爸,,,,xlsx-xml,
hsk2015,sheet:新HSK5000词;row:5,4,1,1,,杯子,,杯子,,,,xlsx-xml,
hsk2015,sheet:新HSK5000词;row:6,5,1,1,,北京,,北京,,,,xlsx-xml,
hsk2015,sheet:新HSK5000词;row:7,6,1,1,,本,,本,,,,xlsx-xml,
hsk2015,sheet:新HSK5000词;row:8,7,1,1,,不,,不,,,,xlsx-xml,
hsk2015,sheet:新HSK5000词;row:9,8,1,1,,不客气,,不客气,,,,xlsx-xml,
hsk2015,sheet:新HSK5000词;row:10,9,1,1,,菜,,菜,,,,xlsx-xml,
hsk2015,sheet:新HSK5000词;row:11,10,1,1,,茶,,茶,,,,xlsx-xml,
hsk2015,sheet:新HSK5000词;row:12,11,1,1,,吃,,吃,,,,xlsx-xml,
hsk2015,sheet:新HSK5000词;row:13,12,1,1,,出租车,,出租车,,,,xlsx-xml,
hsk2015,sheet:新HSK5000词;row:14,13,1,1,,打电话,,打电话,,,,xlsx-xml,
hsk2015,sheet:新HSK5000词;row:15,14,1,1,,大,,大,,,,xlsx-xml,
hsk2015,sheet:新HSK5000词;row:16,15,1,1,,的,,的,,,,xlsx-xml,
hsk2015,sheet:新HSK5000词;row:17,16,1,1,,点,,点,,,,xlsx-xml,
hsk2015,sheet:新HSK5000词;row:18,17,1,1,,电脑,,电脑,,,,xlsx-xml,
hsk2015,sheet:新HSK5000词;row:19,18,1,1,,电视,,电视,,,,xlsx-xml,
hsk2015,sheet:新HSK5000词;row:20,19,1,1,,电影,,电影,,,,xlsx-xml,
hsk2015,sheet:新HSK5000词;row:21,20,1,1,,东西,,东西,,,,xlsx-xml,
hsk2015,sheet:新HSK5000词;row:22,21,1,1,,都,,都,,,,xlsx-xml,
hsk2015,sheet:新HSK5000词;row:23,22,1,1,,读,,读,,,,xlsx-xml,
hsk2015,sheet:新HSK5000词;row:24,23,1,1,,对不起,,对不起,,,,xlsx-xml,
hsk2015,sheet:新HSK5000词;row:25,24,1,1,,多,,多,,,,xlsx-xml,
hsk2015,sheet:新HSK5000词;row:26,25,1,1,,多少,,多少,,,,xlsx-xml,
hsk2015,sheet:新HSK5000词;row:27,26,1,1,,儿子,,儿子,,,,xlsx-xml,
hsk2015,sheet:新HSK5000词;row:28,27,1,1,,二,,二,,,,xlsx-xml,
hsk2015,sheet:新HSK5000词;row:29,28,1,1,,饭店,,饭店,,,,xlsx-xml,
hsk2015,sheet:新HSK5000词;row:30,29,1,1,,飞机,,飞机,,,,xlsx-xml,
hsk2015,sheet:新HSK5000词;row:31,30,1,1,,分钟,,分钟,,,,xlsx-xml,
hsk2015,sheet:新HSK5000词;row:32,31,1,1,,高兴,,高兴,,,,xlsx-xml,
hsk2015,sheet:新HSK5000词;row:33,32,1,1,,个,,个,,,,xlsx-xml,
hsk2015,sheet:新HSK5000词;row:34,33,1,1,,工作,,工作,,,,xlsx-xml,
hsk2015,sheet:新HSK5000词;row:35,34,1,1,,狗,,狗,,,,xlsx-xml,
hsk2015,sheet:新HSK5000词;row:36,35,1,1,,汉语,,汉语,,,,xlsx-xml,
hsk2015,sheet:新HSK5000词;row:37,36,1,1,,好,,好,,,,xlsx-xml,
hsk2015,sheet:新HSK5000词;row:38,37,1,1,,号,,号,,,,xlsx-xml,
hsk2015,sheet:新HSK5000词;row:39,38,1,1,,喝,,喝,,,,xlsx-xml,
hsk2015,sheet:新HSK5000词;row:40,39,1,1,,和,,和,,,,xlsx-xml,
hsk2015,sheet:新HSK5000词;row:41,40,1,1,,很,,很,,,,xlsx-xml,
hsk2015,sheet:新HSK5000词;row:42,41,1,1,,后面,,后面,,,,xlsx-xml,
hsk2015,sheet:新HSK5000词;row:43,42,1,1,,回,,回,,,,xlsx-xml,
hsk2015,sheet:新HSK5000词;row:44,43,1,1,,会,,会,,,,xlsx-xml,
hsk2015,sheet:新HSK5000词;row:45,44,1,1,,几,,几,,,,xlsx-xml,
hsk2015,sheet:新HSK5000词;row:46,45,1,1,,家,,家,,,,xlsx-xml,
hsk2015,sheet:新HSK5000词;row:47,46,1,1,,叫,,叫,,,,xlsx-xml,
hsk2015,sheet:新HSK5000词;row:48,47,1,1,,今天,,今天,,,,xlsx-xml,
hsk2015,sheet:新HSK5000词;row:49,48,1,1,,九,,九,,,,xlsx-xml,
hsk2015,sheet:新HSK5000词;row:50,49,1,1,,开,,开,,,,xlsx-xml,
hsk2015,sheet:新HSK5000词;row:51,50,1,1,,看,,看,,,,xlsx-xml,
hsk2015,sheet:新HSK5000词;row:52,51,1,1,,看见,,看见,,,,xlsx-xml,
hsk2015,sheet:新HSK5000词;row:53,52,1,1,,块,,块,,,,xlsx-xml,
hsk2015,sheet:新HSK5000词;row:54,53,1,1,,来,,来,,,,xlsx-xml,
hsk2015,sheet:新HSK5000词;row:55,54,1,1,,老师,,老师,,,,xlsx-xml,
hsk2015,sheet:新HSK5000词;row:56,55,1,1,,了,,了,,,,xlsx-xml,
hsk2015,sheet:新HSK5000词;row:57,56,1,1,,冷,,冷,,,,xlsx-xml,
hsk2015,sheet:新HSK5000词;row:58,57,1,1,,里,,里,,,,xlsx-xml,
hsk2015,sheet:新HSK5000词;row:59,58,1,1,,六,,六,,,,xlsx-xml,
hsk2015,sheet:新HSK5000词;row:60,59,1,1,,妈妈,,妈妈,,,,xlsx-xml,
hsk2015,sheet:新HSK5000词;row:61,60,1,1,,吗,,吗,,,,xlsx-xml,
hsk2015,sheet:新HSK5000词;row:62,61,1,1,,买,,买,,,,xlsx-xml,
hsk2015,sheet:新HSK5000词;row:63,62,1,1,,猫,,猫,,,,xlsx-xml,
hsk2015,sheet:新HSK5000词;row:64,63,1,1,,没关系,,没关系,,,,xlsx-xml,
hsk2015,sheet:新HSK5000词;row:65,64,1,1,,没有,,没有,,,,xlsx-xml,
hsk2015,sheet:新HSK5000词;row:66,65,1,1,,米饭,,米饭,,,,xlsx-xml,
hsk2015,sheet:新HSK5000词;row:67,66,1,1,,名字,,名字,,,,xlsx-xml,
hsk2015,sheet:新HSK5000词;row:68,67,1,1,,明天,,明天,,,,xlsx-xml,
hsk2015,sheet:新HSK5000词;row:69,68,1,1,,哪,,哪,,,,xlsx-xml,
hsk2015,sheet:新HSK5000词;row:70,69,1,1,,哪儿,,哪儿,,,,xlsx-xml,
hsk2015,sheet:新HSK5000词;row:71,70,1,1,,那,,那,,,,xlsx-xml,
hsk2015,sheet:新HSK5000词;row:72,71,1,1,,呢,,呢,,,,xlsx-xml,
hsk2015,sheet:新HSK5000词;row:73,72,1,1,,能,,能,,,,xlsx-xml,
hsk2015,sheet:新HSK5000词;row:74,73,1,1,,你,,你,,,,xlsx-xml,
hsk2015,sheet:新HSK5000词;row:75,74,1,1,,年,,年,,,,xlsx-xml,
hsk2015,sheet:新HSK5000词;row:76,75,1,1,,女儿,,女儿,,,,xlsx-xml,
hsk2015,sheet:新HSK5000词;row:77,76,1,1,,朋友,,朋友,,,,xlsx-xml,
hsk2015,sheet:新HSK5000词;row:78,77,1,1,,漂亮,,漂亮,,,,xlsx-xml,
hsk2015,sheet:新HSK5000词;row:79,78,1,1,,苹果,,苹果,,,,xlsx-xml,
hsk2015,sheet:新HSK5000词;row:80,79,1,1,,七,,七,,,,xlsx-xml,
hsk2015,sheet:新HSK5000词;row:81,80,1,1,,前面,,前面,,,,xlsx-xml,
hsk2015,sheet:新HSK5000词;row:82,81,1,1,,钱,,钱,,,,xlsx-xml,
hsk2015,sheet:新HSK5000词;row:83,82,1,1,,请,,请,,,,xlsx-xml,
hsk2015,sheet:新HSK5000词;row:84,83,1,1,,去,,去,,,,xlsx-xml,
hsk2015,sheet:新HSK5000词;row:85,84,1,1,,热,,热,,,,xlsx-xml,
hsk2015,sheet:新HSK5000词;row:86,85,1,1,,人,,人,,,,xlsx-xml,
hsk2015,sheet:新HSK5000词;row:87,86,1,1,,认识,,认识,,,,xlsx-xml,
hsk2015,sheet:新HSK5000词;row:88,87,1,1,,三,,三,,,,xlsx-xml,
hsk2015,sheet:新HSK5000词;row:89,88,1,1,,商店,,商店,,,,xlsx-xml,
hsk2015,sheet:新HSK5000词;row:90,89,1,1,,上,,上,,,,xlsx-xml,
hsk2015,sheet:新HSK5000词;row:91,90,1,1,,上午,,上午,,,,xlsx-xml,
hsk2015,sheet:新HSK5000词;row:92,91,1,1,,少,,少,,,,xlsx-xml,
hsk2015,sheet:新HSK5000词;row:93,92,1,1,,谁,,谁,,,,xlsx-xml,
hsk2015,sheet:新HSK5000词;row:94,93,1,1,,什么,,什么,,,,xlsx-xml,
hsk2015,sheet:新HSK5000词;row:95,94,1,1,,十,,十,,,,xlsx-xml,
hsk2015,sheet:新HSK5000词;row:96,95,1,1,,时候,,时候,,,,xlsx-xml,
hsk2015,sheet:新HSK5000词;row:97,96,1,1,,是,,是,,,,xlsx-xml,
hsk2015,sheet:新HSK5000词;row:98,97,1,1,,书,,书,,,,xlsx-xml,
hsk2015,sheet:新HSK5000词;row:99,98,1,1,,水,,水,,,,xlsx-xml,
hsk2015,sheet:新HSK5000词;row:100,99,1,1,,水果,,水果,,,,xlsx-xml,
hsk2015,sheet:新HSK5000词;row:101,100,1,1,,睡觉,,睡觉,,,,xlsx-xml,
hsk2015,sheet:新HSK5000词;row:102,101,1,1,,说,,说,,,,xlsx-xml,
hsk2015,sheet:新HSK5000词;row:103,102,1,1,,四,,四,,,,xlsx-xml,
hsk2015,sheet:新HSK5000词;row:104,103,1,1,,岁,,岁,,,,xlsx-xml,
hsk2015,sheet:新HSK5000词;row:105,104,1,1,,他,,他,,,,xlsx-xml,
hsk2015,sheet:新HSK5000词;row:106,105,1,1,,她,,她,,,,xlsx-xml,
hsk2015,sheet:新HSK5000词;row:107,106,1,1,,太,,太,,,,xlsx-xml,
hsk2015,sheet:新HSK5000词;row:108,107,1,1,,天气,,天气,,,,xlsx-xml,
hsk2015,sheet:新HSK5000词;row:109,108,1,1,,听,,听,,,,xlsx-xml,
hsk2015,sheet:新HSK5000词;row:110,109,1,1,,同学,,同学,,,,xlsx-xml,
hsk2015,sheet:新HSK5000词;row:111,110,1,1,,喂（叹词）,,喂（叹词）,,,,xlsx-xml,
hsk2015,sheet:新HSK5000词;row:112,111,1,1,,我,,我,,,,xlsx-xml,
hsk2015,sheet:新HSK5000词;row:113,112,1,1,,我们,,我们,,,,xlsx-xml,
hsk2015,sheet:新HSK5000词;row:114,113,1,1,,五,,五,,,,xlsx-xml,
hsk2015,sheet:新HSK5000词;row:115,114,1,1,,喜欢,,喜欢,,,,xlsx-xml,
hsk2015,sheet:新HSK5000词;row:116,115,1,1,,下,,下,,,,xlsx-xml,
hsk2015,sheet:新HSK5000词;row:117,116,1,1,,下午,,下午,,,,xlsx-xml,
hsk2015,sheet:新HSK5000词;row:118,117,1,1,,下雨,,下雨,,,,xlsx-xml,
hsk2015,sheet:新HSK5000词;row:119,118,1,1,,先生,,先生,,,,xlsx-xml,
hsk2015,sheet:新HSK5000词;row:120,119,1,1,,现在,,现在,,,,xlsx-xml,
hsk2015,sheet:新HSK5000词;row:121,120,1,1,,想,,想,,,,xlsx-xml,
hsk2015,sheet:新HSK5000词;row:122,121,1,1,,小,,小,,,,xlsx-xml,
hsk2015,sheet:新HSK5000词;row:123,122,1,1,,小姐,,小姐,,,,xlsx-xml,
hsk2015,sheet:新HSK5000词;row:124,123,1,1,,些,,些,,,,xlsx-xml,
hsk2015,sheet:新HSK5000词;row:125,124,1,1,,写,,写,,,,xlsx-xml,
hsk2015,sheet:新HSK5000词;row:126,125,1,1,,谢谢,,谢谢,,,,xlsx-xml,
hsk2015,sheet:新HSK5000词;row:127,126,1,1,,星期,,星期,,,,xlsx-xml,
hsk2015,sheet:新HSK5000词;row:128,127,1,1,,学生,,学生,,,,xlsx-xml,
hsk2015,sheet:新HSK5000词;row:129,128,1,1,,学习,,学习,,,,xlsx-xml,
hsk2015,sheet:新HSK5000词;row:130,129,1,1,,学校,,学校,,,,xlsx-xml,
hsk2015,sheet:新HSK5000词;row:131,130,1,1,,一,,一,,,,xlsx-xml,
hsk2015,sheet:新HSK5000词;row:132,131,1,1,,一点儿,,一点儿,,,,xlsx-xml,
hsk2015,sheet:新HSK5000词;row:133,132,1,1,,衣服,,衣服,,,,xlsx-xml,
hsk2015,sheet:新HSK5000词;row:134,133,1,1,,医生,,医生,,,,xlsx-xml,
hsk2015,sheet:新HSK5000词;row:135,134,1,1,,医院,,医院,,,,xlsx-xml,
hsk2015,sheet:新HSK5000词;row:136,135,1,1,,椅子,,椅子,,,,xlsx-xml,
hsk2015,sheet:新HSK5000词;row:137,136,1,1,,有,,有,,,,xlsx-xml,
hsk2015,sheet:新HSK5000词;row:138,137,1,1,,月,,月,,,,xlsx-xml,
hsk2015,sheet:新HSK5000词;row:139,138,1,1,,再见,,再见,,,,xlsx-xml,
hsk2015,sheet:新HSK5000词;row:140,139,1,1,,在,,在,,,,xlsx-xml,
hsk2015,sheet:新HSK5000词;row:141,140,1,1,,怎么,,怎么,,,,xlsx-xml,
hsk2015,sheet:新HSK5000词;row:142,141,1,1,,怎么样,,怎么样,,,,xlsx-xml,
hsk2015,sheet:新HSK5000词;row:143,142,1,1,,这,,这,,,,xlsx-xml,
hsk2015,sheet:新HSK5000词;row:144,143,1,1,,中国,,中国,,,,xlsx-xml,
hsk2015,sheet:新HSK5000词;row:145,144,1,1,,中午,,中午,,,,xlsx-xml,
hsk2015,sheet:新HSK5000词;row:146,145,1,1,,住,,住,,,,xlsx-xml,
hsk2015,sheet:新HSK5000词;row:147,146,1,1,,桌子,,桌子,,,,xlsx-xml,
hsk2015,sheet:新HSK5000词;row:148,147,1,1,,字,,字,,,,xlsx-xml,
hsk2015,sheet:新HSK5000词;row:149,148,1,1,,昨天,,昨天,,,,xlsx-xml,
hsk2015,sheet:新HSK5000词;row:150,149,1,1,,坐,,坐,,,,xlsx-xml,
hsk2015,sheet:新HSK5000词;row:151,150,1,1,,做,,做,,,,xlsx-xml,
hsk2015,sheet:新HSK5000词;row:152,151,2,2,,吧,,吧,,,,xlsx-xml,
hsk2015,sheet:新HSK5000词;row:153,152,2,2,,白,,白,,,,xlsx-xml,
hsk2015,sheet:新HSK5000词;row:154,153,2,2,,百,,百,,,,xlsx-xml,
hsk2015,sheet:新HSK5000词;row:155,154,2,2,,帮助,,帮助,,,,xlsx-xml,
hsk2015,sheet:新HSK5000词;row:156,155,2,2,,报纸,,报纸,,,,xlsx-xml,
hsk2015,sheet:新HSK5000词;row:157,156,2,2,,比,,比,,,,xlsx-xml,
hsk2015,sheet:新HSK5000词;row:158,157,2,2,,别,,别,,,,xlsx-xml,
hsk2015,sheet:新HSK5000词;row:159,158,2,2,,宾馆,,宾馆,,,,xlsx-xml,
hsk2015,sheet:新HSK5000词;row:160,159,2,2,,长（形容词）,,长（形容词）,,,,xlsx-xml,
hsk2015,sheet:新HSK5000词;row:161,160,2,2,,唱歌,,唱歌,,,,xlsx-xml,
hsk2015,sheet:新HSK5000词;row:162,161,2,2,,出,,出,,,,xlsx-xml,
hsk2015,sheet:新HSK5000词;row:163,162,2,2,,穿,,穿,,,,xlsx-xml,
hsk2015,sheet:新HSK5000词;row:164,163,2,2,,次,,次,,,,xlsx-xml,
hsk2015,sheet:新HSK5000词;row:165,164,2,2,,从,,从,,,,xlsx-xml,
hsk2015,sheet:新HSK5000词;row:166,165,2,2,,错,,错,,,,xlsx-xml,
hsk2015,sheet:新HSK5000词;row:167,166,2,2,,打篮球,,打篮球,,,,xlsx-xml,
hsk2015,sheet:新HSK5000词;row:168,167,2,2,,大家,,大家,,,,xlsx-xml,
hsk2015,sheet:新HSK5000词;row:169,168,2,2,,到,,到,,,,xlsx-xml,
hsk2015,sheet:新HSK5000词;row:170,169,2,2,,得（助词）,,得（助词）,,,,xlsx-xml,
hsk2015,sheet:新HSK5000词;row:171,170,2,2,,等（动词）,,等（动词）,,,,xlsx-xml,
hsk2015,sheet:新HSK5000词;row:172,171,2,2,,弟弟,,弟弟,,,,xlsx-xml,
hsk2015,sheet:新HSK5000词;row:173,172,2,2,,第一,,第一,,,,xlsx-xml,
hsk2015,sheet:新HSK5000词;row:174,173,2,2,,懂,,懂,,,,xlsx-xml,
hsk2015,sheet:新HSK5000词;row:175,174,2,2,,对,,对,,,,xlsx-xml,
hsk2015,sheet:新HSK5000词;row:176,175,2,2,,房间,,房间,,,,xlsx-xml,
hsk2015,sheet:新HSK5000词;row:177,176,2,2,,非常,,非常,,,,xlsx-xml,
hsk2015,sheet:新HSK5000词;row:178,177,2,2,,服务员,,服务员,,,,xlsx-xml,
hsk2015,sheet:新HSK5000词;row:179,178,2,2,,高,,高,,,,xlsx-xml,
hsk2015,sheet:新HSK5000词;row:180,179,2,2,,告诉,,告诉,,,,xlsx-xml,
hsk2015,sheet:新HSK5000词;row:181,180,2,2,,哥哥,,哥哥,,,,xlsx-xml,
hsk2015,sheet:新HSK5000词;row:182,181,2,2,,给,,给,,,,xlsx-xml,
hsk2015,sheet:新HSK5000词;row:183,182,2,2,,公共汽车,,公共汽车,,,,xlsx-xml,
hsk2015,sheet:新HSK5000词;row:184,183,2,2,,公司,,公司,,,,xlsx-xml,
hsk2015,sheet:新HSK5000词;row:185,184,2,2,,贵,,贵,,,,xlsx-xml,
hsk2015,sheet:新HSK5000词;row:186,185,2,2,,过（助词）,,过（助词）,,,,xlsx-xml,
hsk2015,sheet:新HSK5000词;row:187,186,2,2,,还（副词）,,还（副词）,,,,xlsx-xml,
hsk2015,sheet:新HSK5000词;row:188,187,2,2,,孩子,,孩子,,,,xlsx-xml,
hsk2015,sheet:新HSK5000词;row:189,188,2,2,,好吃,,好吃,,,,xlsx-xml,
hsk2015,sheet:新HSK5000词;row:190,189,2,2,,黑,,黑,,,,xlsx-xml,
hsk2015,sheet:新HSK5000词;row:191,190,2,2,,红,,红,,,,xlsx-xml,
hsk2015,sheet:新HSK5000词;row:192,191,2,2,,火车站,,火车站,,,,xlsx-xml,
hsk2015,sheet:新HSK5000词;row:193,192,2,2,,机场,,机场,,,,xlsx-xml,
hsk2015,sheet:新HSK5000词;row:194,193,2,2,,鸡蛋,,鸡蛋,,,,xlsx-xml,
hsk2015,sheet:新HSK5000词;row:195,194,2,2,,件,,件,,,,xlsx-xml,
hsk2015,sheet:新HSK5000词;row:196,195,2,2,,教室,,教室,,,,xlsx-xml,
hsk2015,sheet:新HSK5000词;row:197,196,2,2,,姐姐,,姐姐,,,,xlsx-xml,
hsk2015,sheet:新HSK5000词;row:198,197,2,2,,介绍,,介绍,,,,xlsx-xml,
hsk2015,sheet:新HSK5000词;row:199,198,2,2,,进,,进,,,,xlsx-xml,
hsk2015,sheet:新HSK5000词;row:200,199,2,2,,近,,近,,,,xlsx-xml,
hsk2015,sheet:新HSK5000词;row:201,200,2,2,,就,,就,,,,xlsx-xml,
hsk2015,sheet:新HSK5000词;row:202,201,2,2,,觉得,,觉得,,,,xlsx-xml,
hsk2015,sheet:新HSK5000词;row:203,202,2,2,,咖啡,,咖啡,,,,xlsx-xml,
hsk2015,sheet:新HSK5000词;row:204,203,2,2,,开始,,开始,,,,xlsx-xml,
hsk2015,sheet:新HSK5000词;row:205,204,2,2,,考试,,考试,,,,xlsx-xml,
hsk2015,sheet:新HSK5000词;row:206,205,2,2,,可能,,可能,,,,xlsx-xml,
hsk2015,sheet:新HSK5000词;row:207,206,2,2,,可以,,可以,,,,xlsx-xml,
hsk2015,sheet:新HSK5000词;row:208,207,2,2,,课,,课,,,,xlsx-xml,
hsk2015,sheet:新HSK5000词;row:209,208,2,2,,快,,快,,,,xlsx-xml,
hsk2015,sheet:新HSK5000词;row:210,209,2,2,,快乐,,快乐,,,,xlsx-xml,
hsk2015,sheet:新HSK5000词;row:211,210,2,2,,累,,累,,,,xlsx-xml,
hsk2015,sheet:新HSK5000词;row:212,211,2,2,,离,,离,,,,xlsx-xml,
hsk2015,sheet:新HSK5000词;row:213,212,2,2,,两,,两,,,,xlsx-xml,
hsk2015,sheet:新HSK5000词;row:214,213,2,2,,零,,零,,,,xlsx-xml,
hsk2015,sheet:新HSK5000词;row:215,214,2,2,,路,,路,,,,xlsx-xml,
hsk2015,sheet:新HSK5000词;row:216,215,2,2,,旅游,,旅游,,,,xlsx-xml,
hsk2015,sheet:新HSK5000词;row:217,216,2,2,,卖,,卖,,,,xlsx-xml,
hsk2015,sheet:新HSK5000词;row:218,217,2,2,,慢,,慢,,,,xlsx-xml,
hsk2015,sheet:新HSK5000词;row:219,218,2,2,,忙,,忙,,,,xlsx-xml,
hsk2015,sheet:新HSK5000词;row:220,219,2,2,,每,,每,,,,xlsx-xml,
hsk2015,sheet:新HSK5000词;row:221,220,2,2,,妹妹,,妹妹,,,,xlsx-xml,
hsk2015,sheet:新HSK5000词;row:222,221,2,2,,门,,门,,,,xlsx-xml,
hsk2015,sheet:新HSK5000词;row:223,222,2,2,,面条,,面条,,,,xlsx-xml,
hsk2015,sheet:新HSK5000词;row:224,223,2,2,,男,,男,,,,xlsx-xml,
hsk2015,sheet:新HSK5000词;row:225,224,2,2,,您,,您,,,,xlsx-xml,
hsk2015,sheet:新HSK5000词;row:226,225,2,2,,牛奶,,牛奶,,,,xlsx-xml,
hsk2015,sheet:新HSK5000词;row:227,226,2,2,,女,,女,,,,xlsx-xml,
hsk2015,sheet:新HSK5000词;row:228,227,2,2,,旁边,,旁边,,,,xlsx-xml,
hsk2015,sheet:新HSK5000词;row:229,228,2,2,,跑步,,跑步,,,,xlsx-xml,
hsk2015,sheet:新HSK5000词;row:230,229,2,2,,便宜,,便宜,,,,xlsx-xml,
hsk2015,sheet:新HSK5000词;row:231,230,2,2,,票,,票,,,,xlsx-xml,
hsk2015,sheet:新HSK5000词;row:232,231,2,2,,妻子,,妻子,,,,xlsx-xml,
hsk2015,sheet:新HSK5000词;row:233,232,2,2,,起床,,起床,,,,xlsx-xml,
hsk2015,sheet:新HSK5000词;row:234,233,2,2,,千,,千,,,,xlsx-xml,
hsk2015,sheet:新HSK5000词;row:235,234,2,2,,铅笔,,铅笔,,,,xlsx-xml,
hsk2015,sheet:新HSK5000词;row:236,235,2,2,,晴,,晴,,,,xlsx-xml,
hsk2015,sheet:新HSK5000词;row:237,236,2,2,,去年,,去年,,,,xlsx-xml,
hsk2015,sheet:新HSK5000词;row:238,237,2,2,,让,,让,,,,xlsx-xml,
hsk2015,sheet:新HSK5000词;row:239,238,2,2,,日,,日,,,,xlsx-xml,
hsk2015,sheet:新HSK5000词;row:240,239,2,2,,上班,,上班,,,,xlsx-xml,
hsk2015,sheet:新HSK5000词;row:241,240,2,2,,身体,,身体,,,,xlsx-xml,
hsk2015,sheet:新HSK5000词;row:242,241,2,2,,生病,,生病,,,,xlsx-xml,
hsk2015,sheet:新HSK5000词;row:243,242,2,2,,生日,,生日,,,,xlsx-xml,
hsk2015,sheet:新HSK5000词;row:244,243,2,2,,时间,,时间,,,,xlsx-xml,
hsk2015,sheet:新HSK5000词;row:245,244,2,2,,事情,,事情,,,,xlsx-xml,
hsk2015,sheet:新HSK5000词;row:246,245,2,2,,手表,,手表,,,,xlsx-xml,
hsk2015,sheet:新HSK5000词;row:247,246,2,2,,手机,,手机,,,,xlsx-xml,
hsk2015,sheet:新HSK5000词;row:248,247,2,2,,说话,,说话,,,,xlsx-xml,
hsk2015,sheet:新HSK5000词;row:249,248,2,2,,送,,送,,,,xlsx-xml,
hsk2015,sheet:新HSK5000词;row:250,249,2,2,,虽然……但是……,,虽然……但是……,,,,xlsx-xml,
hsk2015,sheet:新HSK5000词;row:251,250,2,2,,它,,它,,,,xlsx-xml,
hsk2015,sheet:新HSK5000词;row:252,251,2,2,,踢足球,,踢足球,,,,xlsx-xml,
hsk2015,sheet:新HSK5000词;row:253,252,2,2,,题,,题,,,,xlsx-xml,
hsk2015,sheet:新HSK5000词;row:254,253,2,2,,跳舞,,跳舞,,,,xlsx-xml,
hsk2015,sheet:新HSK5000词;row:255,254,2,2,,外,,外,,,,xlsx-xml,
hsk2015,sheet:新HSK5000词;row:256,255,2,2,,完,,完,,,,xlsx-xml,
hsk2015,sheet:新HSK5000词;row:257,256,2,2,,玩,,玩,,,,xlsx-xml,
hsk2015,sheet:新HSK5000词;row:258,257,2,2,,晚上,,晚上,,,,xlsx-xml,
hsk2015,sheet:新HSK5000词;row:259,258,2,2,,往,,往,,,,xlsx-xml,
hsk2015,sheet:新HSK5000词;row:260,259,2,2,,为什么,,为什么,,,,xlsx-xml,
hsk2015,sheet:新HSK5000词;row:261,260,2,2,,问,,问,,,,xlsx-xml,
hsk2015,sheet:新HSK5000词;row:262,261,2,2,,问题,,问题,,,,xlsx-xml,
hsk2015,sheet:新HSK5000词;row:263,262,2,2,,西瓜,,西瓜,,,,xlsx-xml,
hsk2015,sheet:新HSK5000词;row:264,263,2,2,,希望,,希望,,,,xlsx-xml,
hsk2015,sheet:新HSK5000词;row:265,264,2,2,,洗,,洗,,,,xlsx-xml,
hsk2015,sheet:新HSK5000词;row:266,265,2,2,,小时,,小时,,,,xlsx-xml,
hsk2015,sheet:新HSK5000词;row:267,266,2,2,,笑,,笑,,,,xlsx-xml,
hsk2015,sheet:新HSK5000词;row:268,267,2,2,,新,,新,,,,xlsx-xml,
hsk2015,sheet:新HSK5000词;row:269,268,2,2,,姓,,姓,,,,xlsx-xml,
hsk2015,sheet:新HSK5000词;row:270,269,2,2,,休息,,休息,,,,xlsx-xml,
hsk2015,sheet:新HSK5000词;row:271,270,2,2,,雪,,雪,,,,xlsx-xml,
hsk2015,sheet:新HSK5000词;row:272,271,2,2,,颜色,,颜色,,,,xlsx-xml,
hsk2015,sheet:新HSK5000词;row:273,272,2,2,,眼睛,,眼睛,,,,xlsx-xml,
hsk2015,sheet:新HSK5000词;row:274,273,2,2,,羊肉,,羊肉,,,,xlsx-xml,
hsk2015,sheet:新HSK5000词;row:275,274,2,2,,药,,药,,,,xlsx-xml,
hsk2015,sheet:新HSK5000词;row:276,275,2,2,,要,,要,,,,xlsx-xml,
hsk2015,sheet:新HSK5000词;row:277,276,2,2,,也,,也,,,,xlsx-xml,
hsk2015,sheet:新HSK5000词;row:278,277,2,2,,一起,,一起,,,,xlsx-xml,
hsk2015,sheet:新HSK5000词;row:279,278,2,2,,一下,,一下,,,,xlsx-xml,
hsk2015,sheet:新HSK5000词;row:280,279,2,2,,已经,,已经,,,,xlsx-xml,
hsk2015,sheet:新HSK5000词;row:281,280,2,2,,意思,,意思,,,,xlsx-xml,
hsk2015,sheet:新HSK5000词;row:282,281,2,2,,因为……所以……,,因为……所以……,,,,xlsx-xml,
hsk2015,sheet:新HSK5000词;row:283,282,2,2,,阴,,阴,,,,xlsx-xml,
hsk2015,sheet:新HSK5000词;row:284,283,2,2,,游泳,,游泳,,,,xlsx-xml,
hsk2015,sheet:新HSK5000词;row:285,284,2,2,,右边,,右边,,,,xlsx-xml,
hsk2015,sheet:新HSK5000词;row:286,285,2,2,,鱼,,鱼,,,,xlsx-xml,
hsk2015,sheet:新HSK5000词;row:287,286,2,2,,远,,远,,,,xlsx-xml,
hsk2015,sheet:新HSK5000词;row:288,287,2,2,,运动,,运动,,,,xlsx-xml,
hsk2015,sheet:新HSK5000词;row:289,288,2,2,,再,,再,,,,xlsx-xml,
hsk2015,sheet:新HSK5000词;row:290,289,2,2,,早上,,早上,,,,xlsx-xml,
hsk2015,sheet:新HSK5000词;row:291,290,2,2,,丈夫,,丈夫,,,,xlsx-xml,
hsk2015,sheet:新HSK5000词;row:292,291,2,2,,找,,找,,,,xlsx-xml,
hsk2015,sheet:新HSK5000词;row:293,292,2,2,,着,,着,,,,xlsx-xml,
hsk2015,sheet:新HSK5000词;row:294,293,2,2,,真,,真,,,,xlsx-xml,
hsk2015,sheet:新HSK5000词;row:295,294,2,2,,正在,,正在,,,,xlsx-xml,
hsk2015,sheet:新HSK5000词;row:296,295,2,2,,只（量词）,,只（量词）,,,,xlsx-xml,
hsk2015,sheet:新HSK5000词;row:297,296,2,2,,知道,,知道,,,,xlsx-xml,
hsk2015,sheet:新HSK5000词;row:298,297,2,2,,准备,,准备,,,,xlsx-xml,
hsk2015,sheet:新HSK5000词;row:299,298,2,2,,走,,走,,,,xlsx-xml,
hsk2015,sheet:新HSK5000词;row:300,299,2,2,,最,,最,,,,xlsx-xml,
hsk2015,sheet:新HSK5000词;row:301,300,2,2,,左边,,左边,,,,xlsx-xml,
hsk2015,sheet:新HSK5000词;row:302,301,3,3,,阿姨,,阿姨,,,,xlsx-xml,
hsk2015,sheet:新HSK5000词;row:303,302,3,3,,啊,,啊,,,,xlsx-xml,
hsk2015,sheet:新HSK5000词;row:304,303,3,3,,矮,,矮,,,,xlsx-xml,
hsk2015,sheet:新HSK5000词;row:305,304,3,3,,爱好,,爱好,,,,xlsx-xml,
hsk2015,sheet:新HSK5000词;row:306,305,3,3,,安静,,安静,,,,xlsx-xml,
hsk2015,sheet:新HSK5000词;row:307,306,3,3,,把,,把,,,,xlsx-xml,
hsk2015,sheet:新HSK5000词;row:308,307,3,3,,班,,班,,,,xlsx-xml,
hsk2015,sheet:新HSK5000词;row:309,308,3,3,,搬,,搬,,,,xlsx-xml,
hsk2015,sheet:新HSK5000词;row:310,309,3,3,,办法,,办法,,,,xlsx-xml,
hsk2015,sheet:新HSK5000词;row:311,310,3,3,,办公室,,办公室,,,,xlsx-xml,
hsk2015,sheet:新HSK5000词;row:312,311,3,3,,半,,半,,,,xlsx-xml,
hsk2015,sheet:新HSK5000词;row:313,312,3,3,,帮忙,,帮忙,,,,xlsx-xml,
hsk2015,sheet:新HSK5000词;row:314,313,3,3,,包,,包,,,,xlsx-xml,
hsk2015,sheet:新HSK5000词;row:315,314,3,3,,饱,,饱,,,,xlsx-xml,
hsk2015,sheet:新HSK5000词;row:316,315,3,3,,北方,,北方,,,,xlsx-xml,
hsk2015,sheet:新HSK5000词;row:317,316,3,3,,被,,被,,,,xlsx-xml,
hsk2015,sheet:新HSK5000词;row:318,317,3,3,,鼻子,,鼻子,,,,xlsx-xml,
hsk2015,sheet:新HSK5000词;row:319,318,3,3,,比较,,比较,,,,xlsx-xml,
hsk2015,sheet:新HSK5000词;row:320,319,3,3,,比赛,,比赛,,,,xlsx-xml,
hsk2015,sheet:新HSK5000词;row:321,320,3,3,,笔记本,,笔记本,,,,xlsx-xml,
hsk2015,sheet:新HSK5000词;row:322,321,3,3,,必须,,必须,,,,xlsx-xml,
hsk2015,sheet:新HSK5000词;row:323,322,3,3,,变化,,变化,,,,xlsx-xml,
hsk2015,sheet:新HSK5000词;row:324,323,3,3,,别人,,别人,,,,xlsx-xml,
hsk2015,sheet:新HSK5000词;row:325,324,3,3,,冰箱,,冰箱,,,,xlsx-xml,
hsk2015,sheet:新HSK5000词;row:326,325,3,3,,不但……而且……,,不但……而且……,,,,xlsx-xml,
hsk2015,sheet:新HSK5000词;row:327,326,3,3,,菜单,,菜单,,,,xlsx-xml,
hsk2015,sheet:新HSK5000词;row:328,327,3,3,,参加,,参加,,,,xlsx-xml,
hsk2015,sheet:新HSK5000词;row:329,328,3,3,,草,,草,,,,xlsx-xml,
hsk2015,sheet:新HSK5000词;row:330,329,3,3,,层,,层,,,,xlsx-xml,
hsk2015,sheet:新HSK5000词;row:331,330,3,3,,差,,差,,,,xlsx-xml,
hsk2015,sheet:新HSK5000词;row:332,331,3,3,,尝,,尝,,,,xlsx-xml,
hsk2015,sheet:新HSK5000词;row:333,332,3,3,,超市,,超市,,,,xlsx-xml,
hsk2015,sheet:新HSK5000词;row:334,333,3,3,,衬衫,,衬衫,,,,xlsx-xml,
hsk2015,sheet:新HSK5000词;row:335,334,3,3,,成绩,,成绩,,,,xlsx-xml,
hsk2015,sheet:新HSK5000词;row:336,335,3,3,,城市,,城市,,,,xlsx-xml,
hsk2015,sheet:新HSK5000词;row:337,336,3,3,,迟到,,迟到,,,,xlsx-xml,
hsk2015,sheet:新HSK5000词;row:338,337,3,3,,除了,,除了,,,,xlsx-xml,
hsk2015,sheet:新HSK5000词;row:339,338,3,3,,船,,船,,,,xlsx-xml,
hsk2015,sheet:新HSK5000词;row:340,339,3,3,,春,,春,,,,xlsx-xml,
hsk2015,sheet:新HSK5000词;row:341,340,3,3,,词典,,词典,,,,xlsx-xml,
hsk2015,sheet:新HSK5000词;row:342,341,3,3,,聪明,,聪明,,,,xlsx-xml,
hsk2015,sheet:新HSK5000词;row:343,342,3,3,,打扫,,打扫,,,,xlsx-xml,
hsk2015,sheet:新HSK5000词;row:344,343,3,3,,打算,,打算,,,,xlsx-xml,
hsk2015,sheet:新HSK5000词;row:345,344,3,3,,带,,带,,,,xlsx-xml,
hsk2015,sheet:新HSK5000词;row:346,345,3,3,,担心,,担心,,,,xlsx-xml,
hsk2015,sheet:新HSK5000词;row:347,346,3,3,,蛋糕,,蛋糕,,,,xlsx-xml,
hsk2015,sheet:新HSK5000词;row:348,347,3,3,,当然,,当然,,,,xlsx-xml,
hsk2015,sheet:新HSK5000词;row:349,348,3,3,,地（助词）,,地（助词）,,,,xlsx-xml,
hsk2015,sheet:新HSK5000词;row:350,349,3,3,,灯,,灯,,,,xlsx-xml,
hsk2015,sheet:新HSK5000词;row:351,350,3,3,,地方,,地方,,,,xlsx-xml,
hsk2015,sheet:新HSK5000词;row:352,351,3,3,,地铁,,地铁,,,,xlsx-xml,
hsk2015,sheet:新HSK5000词;row:353,352,3,3,,地图,,地图,,,,xlsx-xml,
hsk2015,sheet:新HSK5000词;row:354,353,3,3,,电梯,,电梯,,,,xlsx-xml,
hsk2015,sheet:新HSK5000词;row:355,354,3,3,,电子邮件,,电子邮件,,,,xlsx-xml,
hsk2015,sheet:新HSK5000词;row:356,355,3,3,,东,,东,,,,xlsx-xml,
hsk2015,sheet:新HSK5000词;row:357,356,3,3,,冬,,冬,,,,xlsx-xml,
hsk2015,sheet:新HSK5000词;row:358,357,3,3,,动物,,动物,,,,xlsx-xml,
hsk2015,sheet:新HSK5000词;row:359,358,3,3,,短,,短,,,,xlsx-xml,
hsk2015,sheet:新HSK5000词;row:360,359,3,3,,段,,段,,,,xlsx-xml,
hsk2015,sheet:新HSK5000词;row:361,360,3,3,,锻炼,,锻炼,,,,xlsx-xml,
hsk2015,sheet:新HSK5000词;row:362,361,3,3,,多么,,多么,,,,xlsx-xml,
hsk2015,sheet:新HSK5000词;row:363,362,3,3,,饿,,饿,,,,xlsx-xml,
hsk2015,sheet:新HSK5000词;row:364,363,3,3,,耳朵,,耳朵,,,,xlsx-xml,
hsk2015,sheet:新HSK5000词;row:365,364,3,3,,发,,发,,,,xlsx-xml,
hsk2015,sheet:新HSK5000词;row:366,365,3,3,,发烧,,发烧,,,,xlsx-xml,
hsk2015,sheet:新HSK5000词;row:367,366,3,3,,发现,,发现,,,,xlsx-xml,
hsk2015,sheet:新HSK5000词;row:368,367,3,3,,方便,,方便,,,,xlsx-xml,
hsk2015,sheet:新HSK5000词;row:369,368,3,3,,放,,放,,,,xlsx-xml,
hsk2015,sheet:新HSK5000词;row:370,369,3,3,,放心,,放心,,,,xlsx-xml,
hsk2015,sheet:新HSK5000词;row:371,370,3,3,,分,,分,,,,xlsx-xml,
hsk2015,sheet:新HSK5000词;row:372,371,3,3,,附近,,附近,,,,xlsx-xml,
hsk2015,sheet:新HSK5000词;row:373,372,3,3,,复习,,复习,,,,xlsx-xml,
hsk2015,sheet:新HSK5000词;row:374,373,3,3,,干净,,干净,,,,xlsx-xml,
hsk2015,sheet:新HSK5000词;row:375,374,3,3,,感冒,,感冒,,,,xlsx-xml,
hsk2015,sheet:新HSK5000词;row:376,375,3,3,,感兴趣,,感兴趣,,,,xlsx-xml,
hsk2015,sheet:新HSK5000词;row:377,376,3,3,,刚才,,刚才,,,,xlsx-xml,
hsk2015,sheet:新HSK5000词;row:378,377,3,3,,个子,,个子,,,,xlsx-xml,
hsk2015,sheet:新HSK5000词;row:379,378,3,3,,根据,,根据,,,,xlsx-xml,
hsk2015,sheet:新HSK5000词;row:380,379,3,3,,跟,,跟,,,,xlsx-xml,
hsk2015,sheet:新HSK5000词;row:381,380,3,3,,更,,更,,,,xlsx-xml,
hsk2015,sheet:新HSK5000词;row:382,381,3,3,,公斤,,公斤,,,,xlsx-xml,
hsk2015,sheet:新HSK5000词;row:383,382,3,3,,公园,,公园,,,,xlsx-xml,
hsk2015,sheet:新HSK5000词;row:384,383,3,3,,故事,,故事,,,,xlsx-xml,
hsk2015,sheet:新HSK5000词;row:385,384,3,3,,刮风,,刮风,,,,xlsx-xml,
hsk2015,sheet:新HSK5000词;row:386,385,3,3,,关,,关,,,,xlsx-xml,
hsk2015,sheet:新HSK5000词;row:387,386,3,3,,关系,,关系,,,,xlsx-xml,
hsk2015,sheet:新HSK5000词;row:388,387,3,3,,关心,,关心,,,,xlsx-xml,
hsk2015,sheet:新HSK5000词;row:389,388,3,3,,关于,,关于,,,,xlsx-xml,
hsk2015,sheet:新HSK5000词;row:390,389,3,3,,国家,,国家,,,,xlsx-xml,
hsk2015,sheet:新HSK5000词;row:391,390,3,3,,过（动词）,,过（动词）,,,,xlsx-xml,
hsk2015,sheet:新HSK5000词;row:392,391,3,3,,过去,,过去,,,,xlsx-xml,
hsk2015,sheet:新HSK5000词;row:393,392,3,3,,还是,,还是,,,,xlsx-xml,
hsk2015,sheet:新HSK5000词;row:394,393,3,3,,害怕,,害怕,,,,xlsx-xml,
hsk2015,sheet:新HSK5000词;row:395,394,3,3,,黑板,,黑板,,,,xlsx-xml,
hsk2015,sheet:新HSK5000词;row:396,395,3,3,,后来,,后来,,,,xlsx-xml,
hsk2015,sheet:新HSK5000词;row:397,396,3,3,,护照,,护照,,,,xlsx-xml,
hsk2015,sheet:新HSK5000词;row:398,397,3,3,,花（名词）,,花（名词）,,,,xlsx-xml,
hsk2015,sheet:新HSK5000词;row:399,398,3,3,,花（动词）,,花（动词）,,,,xlsx-xml,
hsk2015,sheet:新HSK5000词;row:400,399,3,3,,画,,画,,,,xlsx-xml,
hsk2015,sheet:新HSK5000词;row:401,400,3,3,,坏,,坏,,,,xlsx-xml,
hsk2015,sheet:新HSK5000词;row:402,401,3,3,,欢迎,,欢迎,,,,xlsx-xml,
hsk2015,sheet:新HSK5000词;row:403,402,3,3,,还（动词）,,还（动词）,,,,xlsx-xml,
hsk2015,sheet:新HSK5000词;row:404,403,3,3,,环境,,环境,,,,xlsx-xml,
hsk2015,sheet:新HSK5000词;row:405,404,3,3,,换,,换,,,,xlsx-xml,
hsk2015,sheet:新HSK5000词;row:406,405,3,3,,黄河,,黄河,,,,xlsx-xml,
hsk2015,sheet:新HSK5000词;row:407,406,3,3,,回答,,回答,,,,xlsx-xml,
hsk2015,sheet:新HSK5000词;row:408,407,3,3,,会议,,会议,,,,xlsx-xml,
hsk2015,sheet:新HSK5000词;row:409,408,3,3,,或者,,或者,,,,xlsx-xml,
hsk2015,sheet:新HSK5000词;row:410,409,3,3,,几乎,,几乎,,,,xlsx-xml,
hsk2015,sheet:新HSK5000词;row:411,410,3,3,,机会,,机会,,,,xlsx-xml,
hsk2015,sheet:新HSK5000词;row:412,411,3,3,,极,,极,,,,xlsx-xml,
hsk2015,sheet:新HSK5000词;row:413,412,3,3,,记得,,记得,,,,xlsx-xml,
hsk2015,sheet:新HSK5000词;row:414,413,3,3,,季节,,季节,,,,xlsx-xml,
hsk2015,sheet:新HSK5000词;row:415,414,3,3,,检查,,检查,,,,xlsx-xml,
hsk2015,sheet:新HSK5000词;row:416,415,3,3,,简单,,简单,,,,xlsx-xml,
hsk2015,sheet:新HSK5000词;row:417,416,3,3,,见面,,见面,,,,xlsx-xml,
hsk2015,sheet:新HSK5000词;row:418,417,3,3,,健康,,健康,,,,xlsx-xml,
hsk2015,sheet:新HSK5000词;row:419,418,3,3,,讲,,讲,,,,xlsx-xml,
hsk2015,sheet:新HSK5000词;row:420,419,3,3,,教,,教,,,,xlsx-xml,
hsk2015,sheet:新HSK5000词;row:421,420,3,3,,角,,角,,,,xlsx-xml,
hsk2015,sheet:新HSK5000词;row:422,421,3,3,,脚,,脚,,,,xlsx-xml,
hsk2015,sheet:新HSK5000词;row:423,422,3,3,,接,,接,,,,xlsx-xml,
hsk2015,sheet:新HSK5000词;row:424,423,3,3,,街道,,街道,,,,xlsx-xml,
hsk2015,sheet:新HSK5000词;row:425,424,3,3,,节目,,节目,,,,xlsx-xml,
hsk2015,sheet:新HSK5000词;row:426,425,3,3,,节日,,节日,,,,xlsx-xml,
hsk2015,sheet:新HSK5000词;row:427,426,3,3,,结婚,,结婚,,,,xlsx-xml,
hsk2015,sheet:新HSK5000词;row:428,427,3,3,,结束,,结束,,,,xlsx-xml,
hsk2015,sheet:新HSK5000词;row:429,428,3,3,,解决,,解决,,,,xlsx-xml,
hsk2015,sheet:新HSK5000词;row:430,429,3,3,,借,,借,,,,xlsx-xml,
hsk2015,sheet:新HSK5000词;row:431,430,3,3,,经常,,经常,,,,xlsx-xml,
hsk2015,sheet:新HSK5000词;row:432,431,3,3,,经过,,经过,,,,xlsx-xml,
hsk2015,sheet:新HSK5000词;row:433,432,3,3,,经理,,经理,,,,xlsx-xml,
hsk2015,sheet:新HSK5000词;row:434,433,3,3,,久,,久,,,,xlsx-xml,
hsk2015,sheet:新HSK5000词;row:435,434,3,3,,旧,,旧,,,,xlsx-xml,
hsk2015,sheet:新HSK5000词;row:436,435,3,3,,句子,,句子,,,,xlsx-xml,
hsk2015,sheet:新HSK5000词;row:437,436,3,3,,决定,,决定,,,,xlsx-xml,
hsk2015,sheet:新HSK5000词;row:438,437,3,3,,可爱,,可爱,,,,xlsx-xml,
hsk2015,sheet:新HSK5000词;row:439,438,3,3,,渴,,渴,,,,xlsx-xml,
hsk2015,sheet:新HSK5000词;row:440,439,3,3,,刻,,刻,,,,xlsx-xml,
hsk2015,sheet:新HSK5000词;row:441,440,3,3,,客人,,客人,,,,xlsx-xml,
hsk2015,sheet:新HSK5000词;row:442,441,3,3,,空调,,空调,,,,xlsx-xml,
hsk2015,sheet:新HSK5000词;row:443,442,3,3,,口,,口,,,,xlsx-xml,
hsk2015,sheet:新HSK5000词;row:444,443,3,3,,哭,,哭,,,,xlsx-xml,
hsk2015,sheet:新HSK5000词;row:445,444,3,3,,裤子,,裤子,,,,xlsx-xml,
hsk2015,sheet:新HSK5000词;row:446,445,3,3,,筷子,,筷子,,,,xlsx-xml,
hsk2015,sheet:新HSK5000词;row:447,446,3,3,,蓝,,蓝,,,,xlsx-xml,
hsk2015,sheet:新HSK5000词;row:448,447,3,3,,老,,老,,,,xlsx-xml,
hsk2015,sheet:新HSK5000词;row:449,448,3,3,,离开,,离开,,,,xlsx-xml,
hsk2015,sheet:新HSK5000词;row:450,449,3,3,,礼物,,礼物,,,,xlsx-xml,
hsk2015,sheet:新HSK5000词;row:451,450,3,3,,历史,,历史,,,,xlsx-xml,
hsk2015,sheet:新HSK5000词;row:452,451,3,3,,脸,,脸,,,,xlsx-xml,
hsk2015,sheet:新HSK5000词;row:453,452,3,3,,练习,,练习,,,,xlsx-xml,
hsk2015,sheet:新HSK5000词;row:454,453,3,3,,辆,,辆,,,,xlsx-xml,
hsk2015,sheet:新HSK5000词;row:455,454,3,3,,聊天,,聊天,,,,xlsx-xml,
hsk2015,sheet:新HSK5000词;row:456,455,3,3,,了解,,了解,,,,xlsx-xml,
hsk2015,sheet:新HSK5000词;row:457,456,3,3,,邻居,,邻居,,,,xlsx-xml,
hsk2015,sheet:新HSK5000词;row:458,457,3,3,,留学,,留学,,,,xlsx-xml,
hsk2015,sheet:新HSK5000词;row:459,458,3,3,,楼,,楼,,,,xlsx-xml,
hsk2015,sheet:新HSK5000词;row:460,459,3,3,,绿,,绿,,,,xlsx-xml,
hsk2015,sheet:新HSK5000词;row:461,460,3,3,,马,,马,,,,xlsx-xml,
hsk2015,sheet:新HSK5000词;row:462,461,3,3,,马上,,马上,,,,xlsx-xml,
hsk2015,sheet:新HSK5000词;row:463,462,3,3,,满意,,满意,,,,xlsx-xml,
hsk2015,sheet:新HSK5000词;row:464,463,3,3,,帽子,,帽子,,,,xlsx-xml,
hsk2015,sheet:新HSK5000词;row:465,464,3,3,,米,,米,,,,xlsx-xml,
hsk2015,sheet:新HSK5000词;row:466,465,3,3,,面包,,面包,,,,xlsx-xml,
hsk2015,sheet:新HSK5000词;row:467,466,3,3,,明白,,明白,,,,xlsx-xml,
hsk2015,sheet:新HSK5000词;row:468,467,3,3,,拿,,拿,,,,xlsx-xml,
hsk2015,sheet:新HSK5000词;row:469,468,3,3,,奶奶,,奶奶,,,,xlsx-xml,
hsk2015,sheet:新HSK5000词;row:470,469,3,3,,南,,南,,,,xlsx-xml,
hsk2015,sheet:新HSK5000词;row:471,470,3,3,,难,,难,,,,xlsx-xml,
hsk2015,sheet:新HSK5000词;row:472,471,3,3,,难过,,难过,,,,xlsx-xml,
hsk2015,sheet:新HSK5000词;row:473,472,3,3,,年级,,年级,,,,xlsx-xml,
hsk2015,sheet:新HSK5000词;row:474,473,3,3,,年轻,,年轻,,,,xlsx-xml,
hsk2015,sheet:新HSK5000词;row:475,474,3,3,,鸟,,鸟,,,,xlsx-xml,
hsk2015,sheet:新HSK5000词;row:476,475,3,3,,努力,,努力,,,,xlsx-xml,
hsk2015,sheet:新HSK5000词;row:477,476,3,3,,爬山,,爬山,,,,xlsx-xml,
hsk2015,sheet:新HSK5000词;row:478,477,3,3,,盘子,,盘子,,,,xlsx-xml,
hsk2015,sheet:新HSK5000词;row:479,478,3,3,,胖,,胖,,,,xlsx-xml,
hsk2015,sheet:新HSK5000词;row:480,479,3,3,,皮鞋,,皮鞋,,,,xlsx-xml,
hsk2015,sheet:新HSK5000词;row:481,480,3,3,,啤酒,,啤酒,,,,xlsx-xml,
hsk2015,sheet:新HSK5000词;row:482,481,3,3,,瓶子,,瓶子,,,,xlsx-xml,
hsk2015,sheet:新HSK5000词;row:483,482,3,3,,其实,,其实,,,,xlsx-xml,
hsk2015,sheet:新HSK5000词;row:484,483,3,3,,其他,,其他,,,,xlsx-xml,
hsk2015,sheet:新HSK5000词;row:485,484,3,3,,奇怪,,奇怪,,,,xlsx-xml,
hsk2015,sheet:新HSK5000词;row:486,485,3,3,,骑,,骑,,,,xlsx-xml,
hsk2015,sheet:新HSK5000词;row:487,486,3,3,,起飞,,起飞,,,,xlsx-xml,
hsk2015,sheet:新HSK5000词;row:488,487,3,3,,起来,,起来,,,,xlsx-xml,
hsk2015,sheet:新HSK5000词;row:489,488,3,3,,清楚,,清楚,,,,xlsx-xml,
hsk2015,sheet:新HSK5000词;row:490,489,3,3,,请假,,请假,,,,xlsx-xml,
hsk2015,sheet:新HSK5000词;row:491,490,3,3,,秋,,秋,,,,xlsx-xml,
hsk2015,sheet:新HSK5000词;row:492,491,3,3,,裙子,,裙子,,,,xlsx-xml,
hsk2015,sheet:新HSK5000词;row:493,492,3,3,,然后,,然后,,,,xlsx-xml,
hsk2015,sheet:新HSK5000词;row:494,493,3,3,,热情,,热情,,,,xlsx-xml,
hsk2015,sheet:新HSK5000词;row:495,494,3,3,,认为,,认为,,,,xlsx-xml,
hsk2015,sheet:新HSK5000词;row:496,495,3,3,,认真,,认真,,,,xlsx-xml,
hsk2015,sheet:新HSK5000词;row:497,496,3,3,,容易,,容易,,,,xlsx-xml,
hsk2015,sheet:新HSK5000词;row:498,497,3,3,,如果,,如果,,,,xlsx-xml,
hsk2015,sheet:新HSK5000词;row:499,498,3,3,,伞,,伞,,,,xlsx-xml,
hsk2015,sheet:新HSK5000词;row:500,499,3,3,,上网,,上网,,,,xlsx-xml,
hsk2015,sheet:新HSK5000词;row:501,500,3,3,,生气,,生气,,,,xlsx-xml,
hsk2015,sheet:新HSK5000词;row:502,501,3,3,,声音,,声音,,,,xlsx-xml,
hsk2015,sheet:新HSK5000词;row:503,502,3,3,,世界,,世界,,,,xlsx-xml,
hsk2015,sheet:新HSK5000词;row:504,503,3,3,,试,,试,,,,xlsx-xml,
hsk2015,sheet:新HSK5000词;row:505,504,3,3,,瘦,,瘦,,,,xlsx-xml,
hsk2015,sheet:新HSK5000词;row:506,505,3,3,,叔叔,,叔叔,,,,xlsx-xml,
hsk2015,sheet:新HSK5000词;row:507,506,3,3,,舒服,,舒服,,,,xlsx-xml,
hsk2015,sheet:新HSK5000词;row:508,507,3,3,,树,,树,,,,xlsx-xml,
hsk2015,sheet:新HSK5000词;row:509,508,3,3,,数学,,数学,,,,xlsx-xml,
hsk2015,sheet:新HSK5000词;row:510,509,3,3,,刷牙,,刷牙,,,,xlsx-xml,
hsk2015,sheet:新HSK5000词;row:511,510,3,3,,双,,双,,,,xlsx-xml,
hsk2015,sheet:新HSK5000词;row:512,511,3,3,,水平,,水平,,,,xlsx-xml,
hsk2015,sheet:新HSK5000词;row:513,512,3,3,,司机,,司机,,,,xlsx-xml,
hsk2015,sheet:新HSK5000词;row:514,513,3,3,,太阳,,太阳,,,,xlsx-xml,
hsk2015,sheet:新HSK5000词;row:515,514,3,3,,特别,,特别,,,,xlsx-xml,
hsk2015,sheet:新HSK5000词;row:516,515,3,3,,疼,,疼,,,,xlsx-xml,
hsk2015,sheet:新HSK5000词;row:517,516,3,3,,提高,,提高,,,,xlsx-xml,
hsk2015,sheet:新HSK5000词;row:518,517,3,3,,体育,,体育,,,,xlsx-xml,
hsk2015,sheet:新HSK5000词;row:519,518,3,3,,甜,,甜,,,,xlsx-xml,
hsk2015,sheet:新HSK5000词;row:520,519,3,3,,条,,条,,,,xlsx-xml,
hsk2015,sheet:新HSK5000词;row:521,520,3,3,,同事,,同事,,,,xlsx-xml,
hsk2015,sheet:新HSK5000词;row:522,521,3,3,,同意,,同意,,,,xlsx-xml,
hsk2015,sheet:新HSK5000词;row:523,522,3,3,,头发,,头发,,,,xlsx-xml,
hsk2015,sheet:新HSK5000词;row:524,523,3,3,,突然,,突然,,,,xlsx-xml,
hsk2015,sheet:新HSK5000词;row:525,524,3,3,,图书馆,,图书馆,,,,xlsx-xml,
hsk2015,sheet:新HSK5000词;row:526,525,3,3,,腿,,腿,,,,xlsx-xml,
hsk2015,sheet:新HSK5000词;row:527,526,3,3,,完成,,完成,,,,xlsx-xml,
hsk2015,sheet:新HSK5000词;row:528,527,3,3,,碗,,碗,,,,xlsx-xml,
hsk2015,sheet:新HSK5000词;row:529,528,3,3,,万,,万,,,,xlsx-xml,
hsk2015,sheet:新HSK5000词;row:530,529,3,3,,忘记,,忘记,,,,xlsx-xml,
hsk2015,sheet:新HSK5000词;row:531,530,3,3,,为,,为,,,,xlsx-xml,
hsk2015,sheet:新HSK5000词;row:532,531,3,3,,为了,,为了,,,,xlsx-xml,
hsk2015,sheet:新HSK5000词;row:533,532,3,3,,位,,位,,,,xlsx-xml,
hsk2015,sheet:新HSK5000词;row:534,533,3,3,,文化,,文化,,,,xlsx-xml,
hsk2015,sheet:新HSK5000词;row:535,534,3,3,,西,,西,,,,xlsx-xml,
hsk2015,sheet:新HSK5000词;row:536,535,3,3,,习惯,,习惯,,,,xlsx-xml,
hsk2015,sheet:新HSK5000词;row:537,536,3,3,,洗手间,,洗手间,,,,xlsx-xml,
hsk2015,sheet:新HSK5000词;row:538,537,3,3,,洗澡,,洗澡,,,,xlsx-xml,
hsk2015,sheet:新HSK5000词;row:539,538,3,3,,夏,,夏,,,,xlsx-xml,
hsk2015,sheet:新HSK5000词;row:540,539,3,3,,先,,先,,,,xlsx-xml,
hsk2015,sheet:新HSK5000词;row:541,540,3,3,,相信,,相信,,,,xlsx-xml,
hsk2015,sheet:新HSK5000词;row:542,541,3,3,,香蕉,,香蕉,,,,xlsx-xml,
hsk2015,sheet:新HSK5000词;row:543,542,3,3,,向,,向,,,,xlsx-xml,
hsk2015,sheet:新HSK5000词;row:544,543,3,3,,像,,像,,,,xlsx-xml,
hsk2015,sheet:新HSK5000词;row:545,544,3,3,,小心,,小心,,,,xlsx-xml,
hsk2015,sheet:新HSK5000词;row:546,545,3,3,,校长,,校长,,,,xlsx-xml,
hsk2015,sheet:新HSK5000词;row:547,546,3,3,,新闻,,新闻,,,,xlsx-xml,
hsk2015,sheet:新HSK5000词;row:548,547,3,3,,新鲜,,新鲜,,,,xlsx-xml,
hsk2015,sheet:新HSK5000词;row:549,548,3,3,,信用卡,,信用卡,,,,xlsx-xml,
hsk2015,sheet:新HSK5000词;row:550,549,3,3,,行李箱,,行李箱,,,,xlsx-xml,
hsk2015,sheet:新HSK5000词;row:551,550,3,3,,熊猫,,熊猫,,,,xlsx-xml,
hsk2015,sheet:新HSK5000词;row:552,551,3,3,,需要,,需要,,,,xlsx-xml,
hsk2015,sheet:新HSK5000词;row:553,552,3,3,,选择,,选择,,,,xlsx-xml,
hsk2015,sheet:新HSK5000词;row:554,553,3,3,,要求,,要求,,,,xlsx-xml,
hsk2015,sheet:新HSK5000词;row:555,554,3,3,,爷爷,,爷爷,,,,xlsx-xml,
hsk2015,sheet:新HSK5000词;row:556,555,3,3,,一般,,一般,,,,xlsx-xml,
hsk2015,sheet:新HSK5000词;row:557,556,3,3,,一边,,一边,,,,xlsx-xml,
hsk2015,sheet:新HSK5000词;row:558,557,3,3,,一定,,一定,,,,xlsx-xml,
hsk2015,sheet:新HSK5000词;row:559,558,3,3,,一共,,一共,,,,xlsx-xml,
hsk2015,sheet:新HSK5000词;row:560,559,3,3,,一会儿,,一会儿,,,,xlsx-xml,
hsk2015,sheet:新HSK5000词;row:561,560,3,3,,一样,,一样,,,,xlsx-xml,
hsk2015,sheet:新HSK5000词;row:562,561,3,3,,一直,,一直,,,,xlsx-xml,
hsk2015,sheet:新HSK5000词;row:563,562,3,3,,以前,,以前,,,,xlsx-xml,
hsk2015,sheet:新HSK5000词;row:564,563,3,3,,音乐,,音乐,,,,xlsx-xml,
hsk2015,sheet:新HSK5000词;row:565,564,3,3,,银行,,银行,,,,xlsx-xml,
hsk2015,sheet:新HSK5000词;row:566,565,3,3,,饮料,,饮料,,,,xlsx-xml,
hsk2015,sheet:新HSK5000词;row:567,566,3,3,,应该,,应该,,,,xlsx-xml,
hsk2015,sheet:新HSK5000词;row:568,567,3,3,,影响,,影响,,,,xlsx-xml,
hsk2015,sheet:新HSK5000词;row:569,568,3,3,,用,,用,,,,xlsx-xml,
hsk2015,sheet:新HSK5000词;row:570,569,3,3,,游戏,,游戏,,,,xlsx-xml,
hsk2015,sheet:新HSK5000词;row:571,570,3,3,,有名,,有名,,,,xlsx-xml,
hsk2015,sheet:新HSK5000词;row:572,571,3,3,,又,,又,,,,xlsx-xml,
hsk2015,sheet:新HSK5000词;row:573,572,3,3,,遇到,,遇到,,,,xlsx-xml,
hsk2015,sheet:新HSK5000词;row:574,573,3,3,,元,,元,,,,xlsx-xml,
hsk2015,sheet:新HSK5000词;row:575,574,3,3,,愿意,,愿意,,,,xlsx-xml,
hsk2015,sheet:新HSK5000词;row:576,575,3,3,,月亮,,月亮,,,,xlsx-xml,
hsk2015,sheet:新HSK5000词;row:577,576,3,3,,越,,越,,,,xlsx-xml,
hsk2015,sheet:新HSK5000词;row:578,577,3,3,,站,,站,,,,xlsx-xml,
hsk2015,sheet:新HSK5000词;row:579,578,3,3,,张,,张,,,,xlsx-xml,
hsk2015,sheet:新HSK5000词;row:580,579,3,3,,长（动词）,,长（动词）,,,,xlsx-xml,
hsk2015,sheet:新HSK5000词;row:581,580,3,3,,着急,,着急,,,,xlsx-xml,
hsk2015,sheet:新HSK5000词;row:582,581,3,3,,照顾,,照顾,,,,xlsx-xml,
hsk2015,sheet:新HSK5000词;row:583,582,3,3,,照片,,照片,,,,xlsx-xml,
hsk2015,sheet:新HSK5000词;row:584,583,3,3,,照相机,,照相机,,,,xlsx-xml,
hsk2015,sheet:新HSK5000词;row:585,584,3,3,,只（副词）,,只（副词）,,,,xlsx-xml,
hsk2015,sheet:新HSK5000词;row:586,585,3,3,,只有……才……,,只有……才……,,,,xlsx-xml,
hsk2015,sheet:新HSK5000词;row:587,586,3,3,,中间,,中间,,,,xlsx-xml,
hsk2015,sheet:新HSK5000词;row:588,587,3,3,,中文,,中文,,,,xlsx-xml,
hsk2015,sheet:新HSK5000词;row:589,588,3,3,,终于,,终于,,,,xlsx-xml,
hsk2015,sheet:新HSK5000词;row:590,589,3,3,,种（量词）,,种（量词）,,,,xlsx-xml,
hsk2015,sheet:新HSK5000词;row:591,590,3,3,,重要,,重要,,,,xlsx-xml,
hsk2015,sheet:新HSK5000词;row:592,591,3,3,,周末,,周末,,,,xlsx-xml,
hsk2015,sheet:新HSK5000词;row:593,592,3,3,,主要,,主要,,,,xlsx-xml,
hsk2015,sheet:新HSK5000词;row:594,593,3,3,,注意,,注意,,,,xlsx-xml,
hsk2015,sheet:新HSK5000词;row:595,594,3,3,,自己,,自己,,,,xlsx-xml,
hsk2015,sheet:新HSK5000词;row:596,595,3,3,,自行车,,自行车,,,,xlsx-xml,
hsk2015,sheet:新HSK5000词;row:597,596,3,3,,总是,,总是,,,,xlsx-xml,
hsk2015,sheet:新HSK5000词;row:598,597,3,3,,嘴,,嘴,,,,xlsx-xml,
hsk2015,sheet:新HSK5000词;row:599,598,3,3,,最后,,最后,,,,xlsx-xml,
hsk2015,sheet:新HSK5000词;row:600,599,3,3,,最近,,最近,,,,xlsx-xml,
hsk2015,sheet:新HSK5000词;row:601,600,3,3,,作业,,作业,,,,xlsx-xml,
hsk2015,sheet:新HSK5000词;row:602,601,4,4,,爱情,,爱情,,,,xlsx-xml,
hsk2015,sheet:新HSK5000词;row:603,602,4,4,,安排,,安排,,,,xlsx-xml,
hsk2015,sheet:新HSK5000词;row:604,603,4,4,,安全,,安全,,,,xlsx-xml,
hsk2015,sheet:新HSK5000词;row:605,604,4,4,,按时,,按时,,,,xlsx-xml,
hsk2015,sheet:新HSK5000词;row:606,605,4,4,,按照,,按照,,,,xlsx-xml,
hsk2015,sheet:新HSK5000词;row:607,606,4,4,,百分之,,百分之,,,,xlsx-xml,
hsk2015,sheet:新HSK5000词;row:608,607,4,4,,棒,,棒,,,,xlsx-xml,
hsk2015,sheet:新HSK5000词;row:609,608,4,4,,包子,,包子,,,,xlsx-xml,
hsk2015,sheet:新HSK5000词;row:610,609,4,4,,保护,,保护,,,,xlsx-xml,
hsk2015,sheet:新HSK5000词;row:611,610,4,4,,保证,,保证,,,,xlsx-xml,
hsk2015,sheet:新HSK5000词;row:612,611,4,4,,报名,,报名,,,,xlsx-xml,
hsk2015,sheet:新HSK5000词;row:613,612,4,4,,抱,,抱,,,,xlsx-xml,
hsk2015,sheet:新HSK5000词;row:614,613,4,4,,抱歉,,抱歉,,,,xlsx-xml,
hsk2015,sheet:新HSK5000词;row:615,614,4,4,,倍,,倍,,,,xlsx-xml,
hsk2015,sheet:新HSK5000词;row:616,615,4,4,,本来,,本来,,,,xlsx-xml,
hsk2015,sheet:新HSK5000词;row:617,616,4,4,,笨,,笨,,,,xlsx-xml,
hsk2015,sheet:新HSK5000词;row:618,617,4,4,,比如,,比如,,,,xlsx-xml,
hsk2015,sheet:新HSK5000词;row:619,618,4,4,,毕业,,毕业,,,,xlsx-xml,
hsk2015,sheet:新HSK5000词;row:620,619,4,4,,遍,,遍,,,,xlsx-xml,
hsk2015,sheet:新HSK5000词;row:621,620,4,4,,标准,,标准,,,,xlsx-xml,
hsk2015,sheet:新HSK5000词;row:622,621,4,4,,表格,,表格,,,,xlsx-xml,
hsk2015,sheet:新HSK5000词;row:623,622,4,4,,表示,,表示,,,,xlsx-xml,
hsk2015,sheet:新HSK5000词;row:624,623,4,4,,表演,,表演,,,,xlsx-xml,
hsk2015,sheet:新HSK5000词;row:625,624,4,4,,表扬,,表扬,,,,xlsx-xml,
hsk2015,sheet:新HSK5000词;row:626,625,4,4,,饼干,,饼干,,,,xlsx-xml,
hsk2015,sheet:新HSK5000词;row:627,626,4,4,,并且,,并且,,,,xlsx-xml,
hsk2015,sheet:新HSK5000词;row:628,627,4,4,,博士,,博士,,,,xlsx-xml,
hsk2015,sheet:新HSK5000词;row:629,628,4,4,,不得不,,不得不,,,,xlsx-xml,
hsk2015,sheet:新HSK5000词;row:630,629,4,4,,不管,,不管,,,,xlsx-xml,
hsk2015,sheet:新HSK5000词;row:631,630,4,4,,不过,,不过,,,,xlsx-xml,
hsk2015,sheet:新HSK5000词;row:632,631,4,4,,不仅,,不仅,,,,xlsx-xml,
hsk2015,sheet:新HSK5000词;row:633,632,4,4,,部分,,部分,,,,xlsx-xml,
hsk2015,sheet:新HSK5000词;row:634,633,4,4,,擦,,擦,,,,xlsx-xml,
hsk2015,sheet:新HSK5000词;row:635,634,4,4,,猜,,猜,,,,xlsx-xml,
hsk2015,sheet:新HSK5000词;row:636,635,4,4,,材料,,材料,,,,xlsx-xml,
hsk2015,sheet:新HSK5000词;row:637,636,4,4,,参观,,参观,,,,xlsx-xml,
hsk2015,sheet:新HSK5000词;row:638,637,4,4,,餐厅,,餐厅,,,,xlsx-xml,
hsk2015,sheet:新HSK5000词;row:639,638,4,4,,厕所,,厕所,,,,xlsx-xml,
hsk2015,sheet:新HSK5000词;row:640,639,4,4,,差不多,,差不多,,,,xlsx-xml,
hsk2015,sheet:新HSK5000词;row:641,640,4,4,,长城,,长城,,,,xlsx-xml,
hsk2015,sheet:新HSK5000词;row:642,641,4,4,,长江,,长江,,,,xlsx-xml,
hsk2015,sheet:新HSK5000词;row:643,642,4,4,,场,,场,,,,xlsx-xml,
hsk2015,sheet:新HSK5000词;row:644,643,4,4,,超过,,超过,,,,xlsx-xml,
hsk2015,sheet:新HSK5000词;row:645,644,4,4,,成功,,成功,,,,xlsx-xml,
hsk2015,sheet:新HSK5000词;row:646,645,4,4,,成为,,成为,,,,xlsx-xml,
hsk2015,sheet:新HSK5000词;row:647,646,4,4,,诚实,,诚实,,,,xlsx-xml,
hsk2015,sheet:新HSK5000词;row:648,647,4,4,,乘坐,,乘坐,,,,xlsx-xml,
hsk2015,sheet:新HSK5000词;row:649,648,4,4,,吃惊,,吃惊,,,,xlsx-xml,
hsk2015,sheet:新HSK5000词;row:650,649,4,4,,重新,,重新,,,,xlsx-xml,
hsk2015,sheet:新HSK5000词;row:651,650,4,4,,抽烟,,抽烟,,,,xlsx-xml,
hsk2015,sheet:新HSK5000词;row:652,651,4,4,,出差,,出差,,,,xlsx-xml,
hsk2015,sheet:新HSK5000词;row:653,652,4,4,,出发,,出发,,,,xlsx-xml,
hsk2015,sheet:新HSK5000词;row:654,653,4,4,,出生,,出生,,,,xlsx-xml,
hsk2015,sheet:新HSK5000词;row:655,654,4,4,,出现,,出现,,,,xlsx-xml,
hsk2015,sheet:新HSK5000词;row:656,655,4,4,,厨房,,厨房,,,,xlsx-xml,
hsk2015,sheet:新HSK5000词;row:657,656,4,4,,传真,,传真,,,,xlsx-xml,
hsk2015,sheet:新HSK5000词;row:658,657,4,4,,窗户,,窗户,,,,xlsx-xml,
hsk2015,sheet:新HSK5000词;row:659,658,4,4,,词语,,词语,,,,xlsx-xml,
hsk2015,sheet:新HSK5000词;row:660,659,4,4,,从来,,从来,,,,xlsx-xml,
hsk2015,sheet:新HSK5000词;row:661,660,4,4,,粗心,,粗心,,,,xlsx-xml,
hsk2015,sheet:新HSK5000词;row:662,661,4,4,,存,,存,,,,xlsx-xml,
hsk2015,sheet:新HSK5000词;row:663,662,4,4,,错误,,错误,,,,xlsx-xml,
hsk2015,sheet:新HSK5000词;row:664,663,4,4,,答案,,答案,,,,xlsx-xml,
hsk2015,sheet:新HSK5000词;row:665,664,4,4,,打扮,,打扮,,,,xlsx-xml,
hsk2015,sheet:新HSK5000词;row:666,665,4,4,,打扰,,打扰,,,,xlsx-xml,
hsk2015,sheet:新HSK5000词;row:667,666,4,4,,打印,,打印,,,,xlsx-xml,
hsk2015,sheet:新HSK5000词;row:668,667,4,4,,打招呼,,打招呼,,,,xlsx-xml,
hsk2015,sheet:新HSK5000词;row:669,668,4,4,,打折,,打折,,,,xlsx-xml,
hsk2015,sheet:新HSK5000词;row:670,669,4,4,,打针,,打针,,,,xlsx-xml,
hsk2015,sheet:新HSK5000词;row:671,670,4,4,,大概,,大概,,,,xlsx-xml,
hsk2015,sheet:新HSK5000词;row:672,671,4,4,,大使馆,,大使馆,,,,xlsx-xml,
hsk2015,sheet:新HSK5000词;row:673,672,4,4,,大约,,大约,,,,xlsx-xml,
hsk2015,sheet:新HSK5000词;row:674,673,4,4,,大夫,,大夫,,,,xlsx-xml,
hsk2015,sheet:新HSK5000词;row:675,674,4,4,,戴,,戴,,,,xlsx-xml,
hsk2015,sheet:新HSK5000词;row:676,675,4,4,,当,,当,,,,xlsx-xml,
hsk2015,sheet:新HSK5000词;row:677,676,4,4,,当时,,当时,,,,xlsx-xml,
hsk2015,sheet:新HSK5000词;row:678,677,4,4,,刀,,刀,,,,xlsx-xml,
hsk2015,sheet:新HSK5000词;row:679,678,4,4,,导游,,导游,,,,xlsx-xml,
hsk2015,sheet:新HSK5000词;row:680,679,4,4,,到处,,到处,,,,xlsx-xml,
hsk2015,sheet:新HSK5000词;row:681,680,4,4,,到底,,到底,,,,xlsx-xml,
hsk2015,sheet:新HSK5000词;row:682,681,4,4,,倒,,倒,,,,xlsx-xml,
hsk2015,sheet:新HSK5000词;row:683,682,4,4,,道歉,,道歉,,,,xlsx-xml,
hsk2015,sheet:新HSK5000词;row:684,683,4,4,,得意,,得意,,,,xlsx-xml,
hsk2015,sheet:新HSK5000词;row:685,684,4,4,,得（助动词）,,得（助动词）,,,,xlsx-xml,
hsk2015,sheet:新HSK5000词;row:686,685,4,4,,登机牌,,登机牌,,,,xlsx-xml,
hsk2015,sheet:新HSK5000词;row:687,686,4,4,,等（助词）,,等（助词）,,,,xlsx-xml,
hsk2015,sheet:新HSK5000词;row:688,687,4,4,,低,,低,,,,xlsx-xml,
hsk2015,sheet:新HSK5000词;row:689,688,4,4,,底,,底,,,,xlsx-xml,
hsk2015,sheet:新HSK5000词;row:690,689,4,4,,地点,,地点,,,,xlsx-xml,
hsk2015,sheet:新HSK5000词;row:691,690,4,4,,地球,,地球,,,,xlsx-xml,
hsk2015,sheet:新HSK5000词;row:692,691,4,4,,地址,,地址,,,,xlsx-xml,
hsk2015,sheet:新HSK5000词;row:693,692,4,4,,调查,,调查,,,,xlsx-xml,
hsk2015,sheet:新HSK5000词;row:694,693,4,4,,掉,,掉,,,,xlsx-xml,
hsk2015,sheet:新HSK5000词;row:695,694,4,4,,丢,,丢,,,,xlsx-xml,
hsk2015,sheet:新HSK5000词;row:696,695,4,4,,动作,,动作,,,,xlsx-xml,
hsk2015,sheet:新HSK5000词;row:697,696,4,4,,堵车,,堵车,,,,xlsx-xml,
hsk2015,sheet:新HSK5000词;row:698,697,4,4,,肚子,,肚子,,,,xlsx-xml,
hsk2015,sheet:新HSK5000词;row:699,698,4,4,,短信,,短信,,,,xlsx-xml,
hsk2015,sheet:新HSK5000词;row:700,699,4,4,,对话,,对话,,,,xlsx-xml,
hsk2015,sheet:新HSK5000词;row:701,700,4,4,,对面,,对面,,,,xlsx-xml,
hsk2015,sheet:新HSK5000词;row:702,701,4,4,,对于,,对于,,,,xlsx-xml,
hsk2015,sheet:新HSK5000词;row:703,702,4,4,,儿童,,儿童,,,,xlsx-xml,
hsk2015,sheet:新HSK5000词;row:704,703,4,4,,而,,而,,,,xlsx-xml,
hsk2015,sheet:新HSK5000词;row:705,704,4,4,,发生,,发生,,,,xlsx-xml,
hsk2015,sheet:新HSK5000词;row:706,705,4,4,,发展,,发展,,,,xlsx-xml,
hsk2015,sheet:新HSK5000词;row:707,706,4,4,,法律,,法律,,,,xlsx-xml,
hsk2015,sheet:新HSK5000词;row:708,707,4,4,,翻译,,翻译,,,,xlsx-xml,
hsk2015,sheet:新HSK5000词;row:709,708,4,4,,烦恼,,烦恼,,,,xlsx-xml,
hsk2015,sheet:新HSK5000词;row:710,709,4,4,,反对,,反对,,,,xlsx-xml,
hsk2015,sheet:新HSK5000词;row:711,710,4,4,,方法,,方法,,,,xlsx-xml,
hsk2015,sheet:新HSK5000词;row:712,711,4,4,,方面,,方面,,,,xlsx-xml,
hsk2015,sheet:新HSK5000词;row:713,712,4,4,,方式,,方式,,,,xlsx-xml,
hsk2015,sheet:新HSK5000词;row:714,713,4,4,,方向,,方向,,,,xlsx-xml,
hsk2015,sheet:新HSK5000词;row:715,714,4,4,,房东,,房东,,,,xlsx-xml,
hsk2015,sheet:新HSK5000词;row:716,715,4,4,,放弃,,放弃,,,,xlsx-xml,
hsk2015,sheet:新HSK5000词;row:717,716,4,4,,放暑假,,放暑假,,,,xlsx-xml,
hsk2015,sheet:新HSK5000词;row:718,717,4,4,,放松,,放松,,,,xlsx-xml,
hsk2015,sheet:新HSK5000词;row:719,718,4,4,,份,,份,,,,xlsx-xml,
hsk2015,sheet:新HSK5000词;row:720,719,4,4,,丰富,,丰富,,,,xlsx-xml,
hsk2015,sheet:新HSK5000词;row:721,720,4,4,,否则,,否则,,,,xlsx-xml,
hsk2015,sheet:新HSK5000词;row:722,721,4,4,,符合,,符合,,,,xlsx-xml,
hsk2015,sheet:新HSK5000词;row:723,722,4,4,,父亲,,父亲,,,,xlsx-xml,
hsk2015,sheet:新HSK5000词;row:724,723,4,4,,付款,,付款,,,,xlsx-xml,
hsk2015,sheet:新HSK5000词;row:725,724,4,4,,负责,,负责,,,,xlsx-xml,
hsk2015,sheet:新HSK5000词;row:726,725,4,4,,复印,,复印,,,,xlsx-xml,
hsk2015,sheet:新HSK5000词;row:727,726,4,4,,复杂,,复杂,,,,xlsx-xml,
hsk2015,sheet:新HSK5000词;row:728,727,4,4,,富,,富,,,,xlsx-xml,
hsk2015,sheet:新HSK5000词;row:729,728,4,4,,改变,,改变,,,,xlsx-xml,
hsk2015,sheet:新HSK5000词;row:730,729,4,4,,干杯,,干杯,,,,xlsx-xml,
hsk2015,sheet:新HSK5000词;row:731,730,4,4,,赶,,赶,,,,xlsx-xml,
hsk2015,sheet:新HSK5000词;row:732,731,4,4,,敢,,敢,,,,xlsx-xml,
hsk2015,sheet:新HSK5000词;row:733,732,4,4,,感动,,感动,,,,xlsx-xml,
hsk2015,sheet:新HSK5000词;row:734,733,4,4,,感觉,,感觉,,,,xlsx-xml,
hsk2015,sheet:新HSK5000词;row:735,734,4,4,,感情,,感情,,,,xlsx-xml,
hsk2015,sheet:新HSK5000词;row:736,735,4,4,,感谢,,感谢,,,,xlsx-xml,
hsk2015,sheet:新HSK5000词;row:737,736,4,4,,干,,干,,,,xlsx-xml,
hsk2015,sheet:新HSK5000词;row:738,737,4,4,,刚,,刚,,,,xlsx-xml,
hsk2015,sheet:新HSK5000词;row:739,738,4,4,,高速公路,,高速公路,,,,xlsx-xml,
hsk2015,sheet:新HSK5000词;row:740,739,4,4,,胳膊,,胳膊,,,,xlsx-xml,
hsk2015,sheet:新HSK5000词;row:741,740,4,4,,各,,各,,,,xlsx-xml,
hsk2015,sheet:新HSK5000词;row:742,741,4,4,,工资,,工资,,,,xlsx-xml,
hsk2015,sheet:新HSK5000词;row:743,742,4,4,,公里,,公里,,,,xlsx-xml,
hsk2015,sheet:新HSK5000词;row:744,743,4,4,,功夫,,功夫,,,,xlsx-xml,
hsk2015,sheet:新HSK5000词;row:745,744,4,4,,共同,,共同,,,,xlsx-xml,
hsk2015,sheet:新HSK5000词;row:746,745,4,4,,购物,,购物,,,,xlsx-xml,
hsk2015,sheet:新HSK5000词;row:747,746,4,4,,够,,够,,,,xlsx-xml,
hsk2015,sheet:新HSK5000词;row:748,747,4,4,,估计,,估计,,,,xlsx-xml,
hsk2015,sheet:新HSK5000词;row:749,748,4,4,,鼓励,,鼓励,,,,xlsx-xml,
hsk2015,sheet:新HSK5000词;row:750,749,4,4,,故意,,故意,,,,xlsx-xml,
hsk2015,sheet:新HSK5000词;row:751,750,4,4,,顾客,,顾客,,,,xlsx-xml,
hsk2015,sheet:新HSK5000词;row:752,751,4,4,,挂,,挂,,,,xlsx-xml,
hsk2015,sheet:新HSK5000词;row:753,752,4,4,,关键,,关键,,,,xlsx-xml,
hsk2015,sheet:新HSK5000词;row:754,753,4,4,,观众,,观众,,,,xlsx-xml,
hsk2015,sheet:新HSK5000词;row:755,754,4,4,,管理,,管理,,,,xlsx-xml,
hsk2015,sheet:新HSK5000词;row:756,755,4,4,,光,,光,,,,xlsx-xml,
hsk2015,sheet:新HSK5000词;row:757,756,4,4,,广播,,广播,,,,xlsx-xml,
hsk2015,sheet:新HSK5000词;row:758,757,4,4,,广告,,广告,,,,xlsx-xml,
hsk2015,sheet:新HSK5000词;row:759,758,4,4,,逛,,逛,,,,xlsx-xml,
hsk2015,sheet:新HSK5000词;row:760,759,4,4,,规定,,规定,,,,xlsx-xml,
hsk2015,sheet:新HSK5000词;row:761,760,4,4,,国籍,,国籍,,,,xlsx-xml,
hsk2015,sheet:新HSK5000词;row:762,761,4,4,,国际,,国际,,,,xlsx-xml,
hsk2015,sheet:新HSK5000词;row:763,762,4,4,,果汁,,果汁,,,,xlsx-xml,
hsk2015,sheet:新HSK5000词;row:764,763,4,4,,过程,,过程,,,,xlsx-xml,
hsk2015,sheet:新HSK5000词;row:765,764,4,4,,海洋,,海洋,,,,xlsx-xml,
hsk2015,sheet:新HSK5000词;row:766,765,4,4,,害羞,,害羞,,,,xlsx-xml,
hsk2015,sheet:新HSK5000词;row:767,766,4,4,,寒假,,寒假,,,,xlsx-xml,
hsk2015,sheet:新HSK5000词;row:768,767,4,4,,汗,,汗,,,,xlsx-xml,
hsk2015,sheet:新HSK5000词;row:769,768,4,4,,航班,,航班,,,,xlsx-xml,
hsk2015,sheet:新HSK5000词;row:770,769,4,4,,好处,,好处,,,,xlsx-xml,
hsk2015,sheet:新HSK5000词;row:771,770,4,4,,好像,,好像,,,,xlsx-xml,
hsk2015,sheet:新HSK5000词;row:772,771,4,4,,号码,,号码,,,,xlsx-xml,
hsk2015,sheet:新HSK5000词;row:773,772,4,4,,合格,,合格,,,,xlsx-xml,
hsk2015,sheet:新HSK5000词;row:774,773,4,4,,合适,,合适,,,,xlsx-xml,
hsk2015,sheet:新HSK5000词;row:775,774,4,4,,盒子,,盒子,,,,xlsx-xml,
hsk2015,sheet:新HSK5000词;row:776,775,4,4,,后悔,,后悔,,,,xlsx-xml,
hsk2015,sheet:新HSK5000词;row:777,776,4,4,,厚,,厚,,,,xlsx-xml,
hsk2015,sheet:新HSK5000词;row:778,777,4,4,,互联网,,互联网,,,,xlsx-xml,
hsk2015,sheet:新HSK5000词;row:779,778,4,4,,互相,,互相,,,,xlsx-xml,
hsk2015,sheet:新HSK5000词;row:780,779,4,4,,护士,,护士,,,,xlsx-xml,
hsk2015,sheet:新HSK5000词;row:781,780,4,4,,怀疑,,怀疑,,,,xlsx-xml,
hsk2015,sheet:新HSK5000词;row:782,781,4,4,,回忆,,回忆,,,,xlsx-xml,
hsk2015,sheet:新HSK5000词;row:783,782,4,4,,活动,,活动,,,,xlsx-xml,
hsk2015,sheet:新HSK5000词;row:784,783,4,4,,活泼,,活泼,,,,xlsx-xml,
hsk2015,sheet:新HSK5000词;row:785,784,4,4,,火,,火,,,,xlsx-xml,
hsk2015,sheet:新HSK5000词;row:786,785,4,4,,获得,,获得,,,,xlsx-xml,
hsk2015,sheet:新HSK5000词;row:787,786,4,4,,积极,,积极,,,,xlsx-xml,
hsk2015,sheet:新HSK5000词;row:788,787,4,4,,积累,,积累,,,,xlsx-xml,
hsk2015,sheet:新HSK5000词;row:789,788,4,4,,基础,,基础,,,,xlsx-xml,
hsk2015,sheet:新HSK5000词;row:790,789,4,4,,激动,,激动,,,,xlsx-xml,
hsk2015,sheet:新HSK5000词;row:791,790,4,4,,及时,,及时,,,,xlsx-xml,
hsk2015,sheet:新HSK5000词;row:792,791,4,4,,即使,,即使,,,,xlsx-xml,
hsk2015,sheet:新HSK5000词;row:793,792,4,4,,计划,,计划,,,,xlsx-xml,
hsk2015,sheet:新HSK5000词;row:794,793,4,4,,记者,,记者,,,,xlsx-xml,
hsk2015,sheet:新HSK5000词;row:795,794,4,4,,技术,,技术,,,,xlsx-xml,
hsk2015,sheet:新HSK5000词;row:796,795,4,4,,既然,,既然,,,,xlsx-xml,
hsk2015,sheet:新HSK5000词;row:797,796,4,4,,继续,,继续,,,,xlsx-xml,
hsk2015,sheet:新HSK5000词;row:798,797,4,4,,寄,,寄,,,,xlsx-xml,
hsk2015,sheet:新HSK5000词;row:799,798,4,4,,加班,,加班,,,,xlsx-xml,
hsk2015,sheet:新HSK5000词;row:800,799,4,4,,加油站,,加油站,,,,xlsx-xml,
hsk2015,sheet:新HSK5000词;row:801,800,4,4,,家具,,家具,,,,xlsx-xml,
hsk2015,sheet:新HSK5000词;row:802,801,4,4,,假,,假,,,,xlsx-xml,
hsk2015,sheet:新HSK5000词;row:803,802,4,4,,价格,,价格,,,,xlsx-xml,
hsk2015,sheet:新HSK5000词;row:804,803,4,4,,坚持,,坚持,,,,xlsx-xml,
hsk2015,sheet:新HSK5000词;row:805,804,4,4,,减肥,,减肥,,,,xlsx-xml,
hsk2015,sheet:新HSK5000词;row:806,805,4,4,,减少,,减少,,,,xlsx-xml,
hsk2015,sheet:新HSK5000词;row:807,806,4,4,,建议,,建议,,,,xlsx-xml,
hsk2015,sheet:新HSK5000词;row:808,807,4,4,,将来,,将来,,,,xlsx-xml,
hsk2015,sheet:新HSK5000词;row:809,808,4,4,,奖金,,奖金,,,,xlsx-xml,
hsk2015,sheet:新HSK5000词;row:810,809,4,4,,降低,,降低,,,,xlsx-xml,
hsk2015,sheet:新HSK5000词;row:811,810,4,4,,降落,,降落,,,,xlsx-xml,
hsk2015,sheet:新HSK5000词;row:812,811,4,4,,交,,交,,,,xlsx-xml,
hsk2015,sheet:新HSK5000词;row:813,812,4,4,,交流,,交流,,,,xlsx-xml,
hsk2015,sheet:新HSK5000词;row:814,813,4,4,,交通,,交通,,,,xlsx-xml,
hsk2015,sheet:新HSK5000词;row:815,814,4,4,,郊区,,郊区,,,,xlsx-xml,
hsk2015,sheet:新HSK5000词;row:816,815,4,4,,骄傲,,骄傲,,,,xlsx-xml,
hsk2015,sheet:新HSK5000词;row:817,816,4,4,,饺子,,饺子,,,,xlsx-xml,
hsk2015,sheet:新HSK5000词;row:818,817,4,4,,教授,,教授,,,,xlsx-xml,
hsk2015,sheet:新HSK5000词;row:819,818,4,4,,教育,,教育,,,,xlsx-xml,
hsk2015,sheet:新HSK5000词;row:820,819,4,4,,接受,,接受,,,,xlsx-xml,
hsk2015,sheet:新HSK5000词;row:821,820,4,4,,接着,,接着,,,,xlsx-xml,
hsk2015,sheet:新HSK5000词;row:822,821,4,4,,节,,节,,,,xlsx-xml,
hsk2015,sheet:新HSK5000词;row:823,822,4,4,,节约,,节约,,,,xlsx-xml,
hsk2015,sheet:新HSK5000词;row:824,823,4,4,,结果,,结果,,,,xlsx-xml,
hsk2015,sheet:新HSK5000词;row:825,824,4,4,,解释,,解释,,,,xlsx-xml,
hsk2015,sheet:新HSK5000词;row:826,825,4,4,,尽管,,尽管,,,,xlsx-xml,
hsk2015,sheet:新HSK5000词;row:827,826,4,4,,紧张,,紧张,,,,xlsx-xml,
hsk2015,sheet:新HSK5000词;row:828,827,4,4,,进行,,进行,,,,xlsx-xml,
hsk2015,sheet:新HSK5000词;row:829,828,4,4,,禁止,,禁止,,,,xlsx-xml,
hsk2015,sheet:新HSK5000词;row:830,829,4,4,,京剧,,京剧,,,,xlsx-xml,
hsk2015,sheet:新HSK5000词;row:831,830,4,4,,经济,,经济,,,,xlsx-xml,
hsk2015,sheet:新HSK5000词;row:832,831,4,4,,经历,,经历,,,,xlsx-xml,
hsk2015,sheet:新HSK5000词;row:833,832,4,4,,经验,,经验,,,,xlsx-xml,
hsk2015,sheet:新HSK5000词;row:834,833,4,4,,精彩,,精彩,,,,xlsx-xml,
hsk2015,sheet:新HSK5000词;row:835,834,4,4,,景色,,景色,,,,xlsx-xml,
hsk2015,sheet:新HSK5000词;row:836,835,4,4,,警察,,警察,,,,xlsx-xml,
hsk2015,sheet:新HSK5000词;row:837,836,4,4,,竞争,,竞争,,,,xlsx-xml,
hsk2015,sheet:新HSK5000词;row:838,837,4,4,,竟然,,竟然,,,,xlsx-xml,
hsk2015,sheet:新HSK5000词;row:839,838,4,4,,镜子,,镜子,,,,xlsx-xml,
hsk2015,sheet:新HSK5000词;row:840,839,4,4,,究竟,,究竟,,,,xlsx-xml,
hsk2015,sheet:新HSK5000词;row:841,840,4,4,,举,,举,,,,xlsx-xml,
hsk2015,sheet:新HSK5000词;row:842,841,4,4,,举办,,举办,,,,xlsx-xml,
hsk2015,sheet:新HSK5000词;row:843,842,4,4,,举行,,举行,,,,xlsx-xml,
hsk2015,sheet:新HSK5000词;row:844,843,4,4,,拒绝,,拒绝,,,,xlsx-xml,
hsk2015,sheet:新HSK5000词;row:845,844,4,4,,距离,,距离,,,,xlsx-xml,
hsk2015,sheet:新HSK5000词;row:846,845,4,4,,聚会,,聚会,,,,xlsx-xml,
hsk2015,sheet:新HSK5000词;row:847,846,4,4,,开玩笑,,开玩笑,,,,xlsx-xml,
hsk2015,sheet:新HSK5000词;row:848,847,4,4,,开心,,开心,,,,xlsx-xml,
hsk2015,sheet:新HSK5000词;row:849,848,4,4,,看法,,看法,,,,xlsx-xml,
hsk2015,sheet:新HSK5000词;row:850,849,4,4,,考虑,,考虑,,,,xlsx-xml,
hsk2015,sheet:新HSK5000词;row:851,850,4,4,,烤鸭,,烤鸭,,,,xlsx-xml,
hsk2015,sheet:新HSK5000词;row:852,851,4,4,,科学,,科学,,,,xlsx-xml,
hsk2015,sheet:新HSK5000词;row:853,852,4,4,,棵,,棵,,,,xlsx-xml,
hsk2015,sheet:新HSK5000词;row:854,853,4,4,,咳嗽,,咳嗽,,,,xlsx-xml,
hsk2015,sheet:新HSK5000词;row:855,854,4,4,,可怜,,可怜,,,,xlsx-xml,
hsk2015,sheet:新HSK5000词;row:856,855,4,4,,可是,,可是,,,,xlsx-xml,
hsk2015,sheet:新HSK5000词;row:857,856,4,4,,可惜,,可惜,,,,xlsx-xml,
hsk2015,sheet:新HSK5000词;row:858,857,4,4,,客厅,,客厅,,,,xlsx-xml,
hsk2015,sheet:新HSK5000词;row:859,858,4,4,,肯定,,肯定,,,,xlsx-xml,
hsk2015,sheet:新HSK5000词;row:860,859,4,4,,空,,空,,,,xlsx-xml,
hsk2015,sheet:新HSK5000词;row:861,860,4,4,,空气,,空气,,,,xlsx-xml,
hsk2015,sheet:新HSK5000词;row:862,861,4,4,,恐怕,,恐怕,,,,xlsx-xml,
hsk2015,sheet:新HSK5000词;row:863,862,4,4,,苦,,苦,,,,xlsx-xml,
hsk2015,sheet:新HSK5000词;row:864,863,4,4,,矿泉水,,矿泉水,,,,xlsx-xml,
hsk2015,sheet:新HSK5000词;row:865,864,4,4,,困,,困,,,,xlsx-xml,
hsk2015,sheet:新HSK5000词;row:866,865,4,4,,困难,,困难,,,,xlsx-xml,
hsk2015,sheet:新HSK5000词;row:867,866,4,4,,垃圾桶,,垃圾桶,,,,xlsx-xml,
hsk2015,sheet:新HSK5000词;row:868,867,4,4,,拉,,拉,,,,xlsx-xml,
hsk2015,sheet:新HSK5000词;row:869,868,4,4,,辣,,辣,,,,xlsx-xml,
hsk2015,sheet:新HSK5000词;row:870,869,4,4,,来不及,,来不及,,,,xlsx-xml,
hsk2015,sheet:新HSK5000词;row:871,870,4,4,,来得及,,来得及,,,,xlsx-xml,
hsk2015,sheet:新HSK5000词;row:872,871,4,4,,来自,,来自,,,,xlsx-xml,
hsk2015,sheet:新HSK5000词;row:873,872,4,4,,懒,,懒,,,,xlsx-xml,
hsk2015,sheet:新HSK5000词;row:874,873,4,4,,浪费,,浪费,,,,xlsx-xml,
hsk2015,sheet:新HSK5000词;row:875,874,4,4,,浪漫,,浪漫,,,,xlsx-xml,
hsk2015,sheet:新HSK5000词;row:876,875,4,4,,老虎,,老虎,,,,xlsx-xml,
hsk2015,sheet:新HSK5000词;row:877,876,4,4,,冷静,,冷静,,,,xlsx-xml,
hsk2015,sheet:新HSK5000词;row:878,877,4,4,,礼拜天,,礼拜天,,,,xlsx-xml,
hsk2015,sheet:新HSK5000词;row:879,878,4,4,,礼貌,,礼貌,,,,xlsx-xml,
hsk2015,sheet:新HSK5000词;row:880,879,4,4,,理发,,理发,,,,xlsx-xml,
hsk2015,sheet:新HSK5000词;row:881,880,4,4,,理解,,理解,,,,xlsx-xml,
hsk2015,sheet:新HSK5000词;row:882,881,4,4,,理想,,理想,,,,xlsx-xml,
hsk2015,sheet:新HSK5000词;row:883,882,4,4,,力气,,力气,,,,xlsx-xml,
hsk2015,sheet:新HSK5000词;row:884,883,4,4,,厉害,,厉害,,,,xlsx-xml,
hsk2015,sheet:新HSK5000词;row:885,884,4,4,,例如,,例如,,,,xlsx-xml,
hsk2015,sheet:新HSK5000词;row:886,885,4,4,,俩,,俩,,,,xlsx-xml,
hsk2015,sheet:新HSK5000词;row:887,886,4,4,,连,,连,,,,xlsx-xml,
hsk2015,sheet:新HSK5000词;row:888,887,4,4,,联系,,联系,,,,xlsx-xml,
hsk2015,sheet:新HSK5000词;row:889,888,4,4,,凉快,,凉快,,,,xlsx-xml,
hsk2015,sheet:新HSK5000词;row:890,889,4,4,,零钱,,零钱,,,,xlsx-xml,
hsk2015,sheet:新HSK5000词;row:891,890,4,4,,另外,,另外,,,,xlsx-xml,
hsk2015,sheet:新HSK5000词;row:892,891,4,4,,留,,留,,,,xlsx-xml,
hsk2015,sheet:新HSK5000词;row:893,892,4,4,,流利,,流利,,,,xlsx-xml,
hsk2015,sheet:新HSK5000词;row:894,893,4,4,,流行,,流行,,,,xlsx-xml,
hsk2015,sheet:新HSK5000词;row:895,894,4,4,,旅行,,旅行,,,,xlsx-xml,
hsk2015,sheet:新HSK5000词;row:896,895,4,4,,律师,,律师,,,,xlsx-xml,
hsk2015,sheet:新HSK5000词;row:897,896,4,4,,乱,,乱,,,,xlsx-xml,
hsk2015,sheet:新HSK5000词;row:898,897,4,4,,麻烦,,麻烦,,,,xlsx-xml,
hsk2015,sheet:新HSK5000词;row:899,898,4,4,,马虎,,马虎,,,,xlsx-xml,
hsk2015,sheet:新HSK5000词;row:900,899,4,4,,满,,满,,,,xlsx-xml,
hsk2015,sheet:新HSK5000词;row:901,900,4,4,,毛,,毛,,,,xlsx-xml,
hsk2015,sheet:新HSK5000词;row:902,901,4,4,,毛巾,,毛巾,,,,xlsx-xml,
hsk2015,sheet:新HSK5000词;row:903,902,4,4,,美丽,,美丽,,,,xlsx-xml,
hsk2015,sheet:新HSK5000词;row:904,903,4,4,,梦,,梦,,,,xlsx-xml,
hsk2015,sheet:新HSK5000词;row:905,904,4,4,,迷路,,迷路,,,,xlsx-xml,
hsk2015,sheet:新HSK5000词;row:906,905,4,4,,密码,,密码,,,,xlsx-xml,
hsk2015,sheet:新HSK5000词;row:907,906,4,4,,免费,,免费,,,,xlsx-xml,
hsk2015,sheet:新HSK5000词;row:908,907,4,4,,秒,,秒,,,,xlsx-xml,
hsk2015,sheet:新HSK5000词;row:909,908,4,4,,民族,,民族,,,,xlsx-xml,
hsk2015,sheet:新HSK5000词;row:910,909,4,4,,母亲,,母亲,,,,xlsx-xml,
hsk2015,sheet:新HSK5000词;row:911,910,4,4,,目的,,目的,,,,xlsx-xml,
hsk2015,sheet:新HSK5000词;row:912,911,4,4,,耐心,,耐心,,,,xlsx-xml,
hsk2015,sheet:新HSK5000词;row:913,912,4,4,,难道,,难道,,,,xlsx-xml,
hsk2015,sheet:新HSK5000词;row:914,913,4,4,,难受,,难受,,,,xlsx-xml,
hsk2015,sheet:新HSK5000词;row:915,914,4,4,,内,,内,,,,xlsx-xml,
hsk2015,sheet:新HSK5000词;row:916,915,4,4,,内容,,内容,,,,xlsx-xml,
hsk2015,sheet:新HSK5000词;row:917,916,4,4,,能力,,能力,,,,xlsx-xml,
hsk2015,sheet:新HSK5000词;row:918,917,4,4,,年龄,,年龄,,,,xlsx-xml,
hsk2015,sheet:新HSK5000词;row:919,918,4,4,,弄,,弄,,,,xlsx-xml,
hsk2015,sheet:新HSK5000词;row:920,919,4,4,,暖和,,暖和,,,,xlsx-xml,
hsk2015,sheet:新HSK5000词;row:921,920,4,4,,偶尔,,偶尔,,,,xlsx-xml,
hsk2015,sheet:新HSK5000词;row:922,921,4,4,,排队,,排队,,,,xlsx-xml,
hsk2015,sheet:新HSK5000词;row:923,922,4,4,,排列,,排列,,,,xlsx-xml,
hsk2015,sheet:新HSK5000词;row:924,923,4,4,,判断,,判断,,,,xlsx-xml,
hsk2015,sheet:新HSK5000词;row:925,924,4,4,,陪,,陪,,,,xlsx-xml,
hsk2015,sheet:新HSK5000词;row:926,925,4,4,,批评,,批评,,,,xlsx-xml,
hsk2015,sheet:新HSK5000词;row:927,926,4,4,,皮肤,,皮肤,,,,xlsx-xml,
hsk2015,sheet:新HSK5000词;row:928,927,4,4,,脾气,,脾气,,,,xlsx-xml,
hsk2015,sheet:新HSK5000词;row:929,928,4,4,,篇,,篇,,,,xlsx-xml,
hsk2015,sheet:新HSK5000词;row:930,929,4,4,,骗,,骗,,,,xlsx-xml,
hsk2015,sheet:新HSK5000词;row:931,930,4,4,,乒乓球,,乒乓球,,,,xlsx-xml,
hsk2015,sheet:新HSK5000词;row:932,931,4,4,,平时,,平时,,,,xlsx-xml,
hsk2015,sheet:新HSK5000词;row:933,932,4,4,,破,,破,,,,xlsx-xml,
hsk2015,sheet:新HSK5000词;row:934,933,4,4,,葡萄,,葡萄,,,,xlsx-xml,
hsk2015,sheet:新HSK5000词;row:935,934,4,4,,普遍,,普遍,,,,xlsx-xml,
hsk2015,sheet:新HSK5000词;row:936,935,4,4,,普通话,,普通话,,,,xlsx-xml,
hsk2015,sheet:新HSK5000词;row:937,936,4,4,,其次,,其次,,,,xlsx-xml,
hsk2015,sheet:新HSK5000词;row:938,937,4,4,,其中,,其中,,,,xlsx-xml,
hsk2015,sheet:新HSK5000词;row:939,938,4,4,,气候,,气候,,,,xlsx-xml,
hsk2015,sheet:新HSK5000词;row:940,939,4,4,,千万,,千万,,,,xlsx-xml,
hsk2015,sheet:新HSK5000词;row:941,940,4,4,,签证,,签证,,,,xlsx-xml,
hsk2015,sheet:新HSK5000词;row:942,941,4,4,,敲,,敲,,,,xlsx-xml,
hsk2015,sheet:新HSK5000词;row:943,942,4,4,,桥,,桥,,,,xlsx-xml,
hsk2015,sheet:新HSK5000词;row:944,943,4,4,,巧克力,,巧克力,,,,xlsx-xml,
hsk2015,sheet:新HSK5000词;row:945,944,4,4,,亲戚,,亲戚,,,,xlsx-xml,
hsk2015,sheet:新HSK5000词;row:946,945,4,4,,轻,,轻,,,,xlsx-xml,
hsk2015,sheet:新HSK5000词;row:947,946,4,4,,轻松,,轻松,,,,xlsx-xml,
hsk2015,sheet:新HSK5000词;row:948,947,4,4,,情况,,情况,,,,xlsx-xml,
hsk2015,sheet:新HSK5000词;row:949,948,4,4,,穷,,穷,,,,xlsx-xml,
hsk2015,sheet:新HSK5000词;row:950,949,4,4,,区别,,区别,,,,xlsx-xml,
hsk2015,sheet:新HSK5000词;row:951,950,4,4,,取,,取,,,,xlsx-xml,
hsk2015,sheet:新HSK5000词;row:952,951,4,4,,全部,,全部,,,,xlsx-xml,
hsk2015,sheet:新HSK5000词;row:953,952,4,4,,缺点,,缺点,,,,xlsx-xml,
hsk2015,sheet:新HSK5000词;row:954,953,4,4,,缺少,,缺少,,,,xlsx-xml,
hsk2015,sheet:新HSK5000词;row:955,954,4,4,,却,,却,,,,xlsx-xml,
hsk2015,sheet:新HSK5000词;row:956,955,4,4,,确实,,确实,,,,xlsx-xml,
hsk2015,sheet:新HSK5000词;row:957,956,4,4,,然而,,然而,,,,xlsx-xml,
hsk2015,sheet:新HSK5000词;row:958,957,4,4,,热闹,,热闹,,,,xlsx-xml,
hsk2015,sheet:新HSK5000词;row:959,958,4,4,,任何,,任何,,,,xlsx-xml,
hsk2015,sheet:新HSK5000词;row:960,959,4,4,,任务,,任务,,,,xlsx-xml,
hsk2015,sheet:新HSK5000词;row:961,960,4,4,,扔,,扔,,,,xlsx-xml,
hsk2015,sheet:新HSK5000词;row:962,961,4,4,,仍然,,仍然,,,,xlsx-xml,
hsk2015,sheet:新HSK5000词;row:963,962,4,4,,日记,,日记,,,,xlsx-xml,
hsk2015,sheet:新HSK5000词;row:964,963,4,4,,入口,,入口,,,,xlsx-xml,
hsk2015,sheet:新HSK5000词;row:965,964,4,4,,散步,,散步,,,,xlsx-xml,
hsk2015,sheet:新HSK5000词;row:966,965,4,4,,森林,,森林,,,,xlsx-xml,
hsk2015,sheet:新HSK5000词;row:967,966,4,4,,沙发,,沙发,,,,xlsx-xml,
hsk2015,sheet:新HSK5000词;row:968,967,4,4,,伤心,,伤心,,,,xlsx-xml,
hsk2015,sheet:新HSK5000词;row:969,968,4,4,,商量,,商量,,,,xlsx-xml,
hsk2015,sheet:新HSK5000词;row:970,969,4,4,,稍微,,稍微,,,,xlsx-xml,
hsk2015,sheet:新HSK5000词;row:971,970,4,4,,勺子,,勺子,,,,xlsx-xml,
hsk2015,sheet:新HSK5000词;row:972,971,4,4,,社会,,社会,,,,xlsx-xml,
hsk2015,sheet:新HSK5000词;row:973,972,4,4,,申请,,申请,,,,xlsx-xml,
hsk2015,sheet:新HSK5000词;row:974,973,4,4,,深,,深,,,,xlsx-xml,
hsk2015,sheet:新HSK5000词;row:975,974,4,4,,甚至,,甚至,,,,xlsx-xml,
hsk2015,sheet:新HSK5000词;row:976,975,4,4,,生活,,生活,,,,xlsx-xml,
hsk2015,sheet:新HSK5000词;row:977,976,4,4,,生命,,生命,,,,xlsx-xml,
hsk2015,sheet:新HSK5000词;row:978,977,4,4,,生意,,生意,,,,xlsx-xml,
hsk2015,sheet:新HSK5000词;row:979,978,4,4,,省,,省,,,,xlsx-xml,
hsk2015,sheet:新HSK5000词;row:980,979,4,4,,剩,,剩,,,,xlsx-xml,
hsk2015,sheet:新HSK5000词;row:981,980,4,4,,失败,,失败,,,,xlsx-xml,
hsk2015,sheet:新HSK5000词;row:982,981,4,4,,失望,,失望,,,,xlsx-xml,
hsk2015,sheet:新HSK5000词;row:983,982,4,4,,师傅,,师傅,,,,xlsx-xml,
hsk2015,sheet:新HSK5000词;row:984,983,4,4,,十分,,十分,,,,xlsx-xml,
hsk2015,sheet:新HSK5000词;row:985,984,4,4,,实际,,实际,,,,xlsx-xml,
hsk2015,sheet:新HSK5000词;row:986,985,4,4,,实在,,实在,,,,xlsx-xml,
hsk2015,sheet:新HSK5000词;row:987,986,4,4,,使,,使,,,,xlsx-xml,
hsk2015,sheet:新HSK5000词;row:988,987,4,4,,使用,,使用,,,,xlsx-xml,
hsk2015,sheet:新HSK5000词;row:989,988,4,4,,世纪,,世纪,,,,xlsx-xml,
hsk2015,sheet:新HSK5000词;row:990,989,4,4,,是否,,是否,,,,xlsx-xml,
hsk2015,sheet:新HSK5000词;row:991,990,4,4,,适合,,适合,,,,xlsx-xml,
hsk2015,sheet:新HSK5000词;row:992,991,4,4,,适应,,适应,,,,xlsx-xml,
hsk2015,sheet:新HSK5000词;row:993,992,4,4,,收,,收,,,,xlsx-xml,
hsk2015,sheet:新HSK5000词;row:994,993,4,4,,收入,,收入,,,,xlsx-xml,
hsk2015,sheet:新HSK5000词;row:995,994,4,4,,收拾,,收拾,,,,xlsx-xml,
hsk2015,sheet:新HSK5000词;row:996,995,4,4,,首都,,首都,,,,xlsx-xml,
hsk2015,sheet:新HSK5000词;row:997,996,4,4,,首先,,首先,,,,xlsx-xml,
hsk2015,sheet:新HSK5000词;row:998,997,4,4,,受不了,,受不了,,,,xlsx-xml,
hsk2015,sheet:新HSK5000词;row:999,998,4,4,,受到,,受到,,,,xlsx-xml,
hsk2015,sheet:新HSK5000词;row:1000,999,4,4,,售货员,,售货员,,,,xlsx-xml,
hsk2015,sheet:新HSK5000词;row:1001,1000,4,4,,输,,输,,,,xlsx-xml,
hsk2015,sheet:新HSK5000词;row:1002,1001,4,4,,熟悉,,熟悉,,,,xlsx-xml,
hsk2015,sheet:新HSK5000词;row:1003,1002,4,4,,数量,,数量,,,,xlsx-xml,
hsk2015,sheet:新HSK5000词;row:1004,1003,4,4,,数字,,数字,,,,xlsx-xml,
hsk2015,sheet:新HSK5000词;row:1005,1004,4,4,,帅,,帅,,,,xlsx-xml,
hsk2015,sheet:新HSK5000词;row:1006,1005,4,4,,顺便,,顺便,,,,xlsx-xml,
hsk2015,sheet:新HSK5000词;row:1007,1006,4,4,,顺利,,顺利,,,,xlsx-xml,
hsk2015,sheet:新HSK5000词;row:1008,1007,4,4,,顺序,,顺序,,,,xlsx-xml,
hsk2015,sheet:新HSK5000词;row:1009,1008,4,4,,说明,,说明,,,,xlsx-xml,
hsk2015,sheet:新HSK5000词;row:1010,1009,4,4,,硕士,,硕士,,,,xlsx-xml,
hsk2015,sheet:新HSK5000词;row:1011,1010,4,4,,死,,死,,,,xlsx-xml,
hsk2015,sheet:新HSK5000词;row:1012,1011,4,4,,速度,,速度,,,,xlsx-xml,
hsk2015,sheet:新HSK5000词;row:1013,1012,4,4,,塑料袋,,塑料袋,,,,xlsx-xml,
hsk2015,sheet:新HSK5000词;row:1014,1013,4,4,,酸,,酸,,,,xlsx-xml,
hsk2015,sheet:新HSK5000词;row:1015,1014,4,4,,随便,,随便,,,,xlsx-xml,
hsk2015,sheet:新HSK5000词;row:1016,1015,4,4,,随着,,随着,,,,xlsx-xml,
hsk2015,sheet:新HSK5000词;row:1017,1016,4,4,,孙子,,孙子,,,,xlsx-xml,
hsk2015,sheet:新HSK5000词;row:1018,1017,4,4,,所有,,所有,,,,xlsx-xml,
hsk2015,sheet:新HSK5000词;row:1019,1018,4,4,,台,,台,,,,xlsx-xml,
hsk2015,sheet:新HSK5000词;row:1020,1019,4,4,,抬,,抬,,,,xlsx-xml,
hsk2015,sheet:新HSK5000词;row:1021,1020,4,4,,态度,,态度,,,,xlsx-xml,
hsk2015,sheet:新HSK5000词;row:1022,1021,4,4,,谈,,谈,,,,xlsx-xml,
hsk2015,sheet:新HSK5000词;row:1023,1022,4,4,,弹钢琴,,弹钢琴,,,,xlsx-xml,
hsk2015,sheet:新HSK5000词;row:1024,1023,4,4,,汤,,汤,,,,xlsx-xml,
hsk2015,sheet:新HSK5000词;row:1025,1024,4,4,,糖,,糖,,,,xlsx-xml,
hsk2015,sheet:新HSK5000词;row:1026,1025,4,4,,躺,,躺,,,,xlsx-xml,
hsk2015,sheet:新HSK5000词;row:1027,1026,4,4,,趟,,趟,,,,xlsx-xml,
hsk2015,sheet:新HSK5000词;row:1028,1027,4,4,,讨论,,讨论,,,,xlsx-xml,
hsk2015,sheet:新HSK5000词;row:1029,1028,4,4,,讨厌,,讨厌,,,,xlsx-xml,
hsk2015,sheet:新HSK5000词;row:1030,1029,4,4,,特点,,特点,,,,xlsx-xml,
hsk2015,sheet:新HSK5000词;row:1031,1030,4,4,,提,,提,,,,xlsx-xml,
hsk2015,sheet:新HSK5000词;row:1032,1031,4,4,,提供,,提供,,,,xlsx-xml,
hsk2015,sheet:新HSK5000词;row:1033,1032,4,4,,提前,,提前,,,,xlsx-xml,
hsk2015,sheet:新HSK5000词;row:1034,1033,4,4,,提醒,,提醒,,,,xlsx-xml,
hsk2015,sheet:新HSK5000词;row:1035,1034,4,4,,填空,,填空,,,,xlsx-xml,
hsk2015,sheet:新HSK5000词;row:1036,1035,4,4,,条件,,条件,,,,xlsx-xml,
hsk2015,sheet:新HSK5000词;row:1037,1036,4,4,,停,,停,,,,xlsx-xml,
hsk2015,sheet:新HSK5000词;row:1038,1037,4,4,,挺,,挺,,,,xlsx-xml,
hsk2015,sheet:新HSK5000词;row:1039,1038,4,4,,通过,,通过,,,,xlsx-xml,
hsk2015,sheet:新HSK5000词;row:1040,1039,4,4,,通知,,通知,,,,xlsx-xml,
hsk2015,sheet:新HSK5000词;row:1041,1040,4,4,,同情,,同情,,,,xlsx-xml,
hsk2015,sheet:新HSK5000词;row:1042,1041,4,4,,同时,,同时,,,,xlsx-xml,
hsk2015,sheet:新HSK5000词;row:1043,1042,4,4,,推,,推,,,,xlsx-xml,
hsk2015,sheet:新HSK5000词;row:1044,1043,4,4,,推迟,,推迟,,,,xlsx-xml,
hsk2015,sheet:新HSK5000词;row:1045,1044,4,4,,脱,,脱,,,,xlsx-xml,
hsk2015,sheet:新HSK5000词;row:1046,1045,4,4,,袜子,,袜子,,,,xlsx-xml,
hsk2015,sheet:新HSK5000词;row:1047,1046,4,4,,完全,,完全,,,,xlsx-xml,
hsk2015,sheet:新HSK5000词;row:1048,1047,4,4,,网球,,网球,,,,xlsx-xml,
hsk2015,sheet:新HSK5000词;row:1049,1048,4,4,,网站,,网站,,,,xlsx-xml,
hsk2015,sheet:新HSK5000词;row:1050,1049,4,4,,往往,,往往,,,,xlsx-xml,
hsk2015,sheet:新HSK5000词;row:1051,1050,4,4,,危险,,危险,,,,xlsx-xml,
hsk2015,sheet:新HSK5000词;row:1052,1051,4,4,,卫生间,,卫生间,,,,xlsx-xml,
hsk2015,sheet:新HSK5000词;row:1053,1052,4,4,,味道,,味道,,,,xlsx-xml,
hsk2015,sheet:新HSK5000词;row:1054,1053,4,4,,温度,,温度,,,,xlsx-xml,
hsk2015,sheet:新HSK5000词;row:1055,1054,4,4,,文章,,文章,,,,xlsx-xml,
hsk2015,sheet:新HSK5000词;row:1056,1055,4,4,,污染,,污染,,,,xlsx-xml,
hsk2015,sheet:新HSK5000词;row:1057,1056,4,4,,无,,无,,,,xlsx-xml,
hsk2015,sheet:新HSK5000词;row:1058,1057,4,4,,无聊,,无聊,,,,xlsx-xml,
hsk2015,sheet:新HSK5000词;row:1059,1058,4,4,,无论,,无论,,,,xlsx-xml,
hsk2015,sheet:新HSK5000词;row:1060,1059,4,4,,误会,,误会,,,,xlsx-xml,
hsk2015,sheet:新HSK5000词;row:1061,1060,4,4,,西红柿,,西红柿,,,,xlsx-xml,
hsk2015,sheet:新HSK5000词;row:1062,1061,4,4,,吸引,,吸引,,,,xlsx-xml,
hsk2015,sheet:新HSK5000词;row:1063,1062,4,4,,咸,,咸,,,,xlsx-xml,
hsk2015,sheet:新HSK5000词;row:1064,1063,4,4,,现金,,现金,,,,xlsx-xml,
hsk2015,sheet:新HSK5000词;row:1065,1064,4,4,,羡慕,,羡慕,,,,xlsx-xml,
hsk2015,sheet:新HSK5000词;row:1066,1065,4,4,,相反,,相反,,,,xlsx-xml,
hsk2015,sheet:新HSK5000词;row:1067,1066,4,4,,相同,,相同,,,,xlsx-xml,
hsk2015,sheet:新HSK5000词;row:1068,1067,4,4,,香,,香,,,,xlsx-xml,
hsk2015,sheet:新HSK5000词;row:1069,1068,4,4,,详细,,详细,,,,xlsx-xml,
hsk2015,sheet:新HSK5000词;row:1070,1069,4,4,,响,,响,,,,xlsx-xml,
hsk2015,sheet:新HSK5000词;row:1071,1070,4,4,,橡皮,,橡皮,,,,xlsx-xml,
hsk2015,sheet:新HSK5000词;row:1072,1071,4,4,,消息,,消息,,,,xlsx-xml,
hsk2015,sheet:新HSK5000词;row:1073,1072,4,4,,小吃,,小吃,,,,xlsx-xml,
hsk2015,sheet:新HSK5000词;row:1074,1073,4,4,,小伙子,,小伙子,,,,xlsx-xml,
hsk2015,sheet:新HSK5000词;row:1075,1074,4,4,,小说,,小说,,,,xlsx-xml,
hsk2015,sheet:新HSK5000词;row:1076,1075,4,4,,笑话,,笑话,,,,xlsx-xml,
hsk2015,sheet:新HSK5000词;row:1077,1076,4,4,,效果,,效果,,,,xlsx-xml,
hsk2015,sheet:新HSK5000词;row:1078,1077,4,4,,心情,,心情,,,,xlsx-xml,
hsk2015,sheet:新HSK5000词;row:1079,1078,4,4,,辛苦,,辛苦,,,,xlsx-xml,
hsk2015,sheet:新HSK5000词;row:1080,1079,4,4,,信封,,信封,,,,xlsx-xml,
hsk2015,sheet:新HSK5000词;row:1081,1080,4,4,,信息,,信息,,,,xlsx-xml,
hsk2015,sheet:新HSK5000词;row:1082,1081,4,4,,信心,,信心,,,,xlsx-xml,
hsk2015,sheet:新HSK5000词;row:1083,1082,4,4,,兴奋,,兴奋,,,,xlsx-xml,
hsk2015,sheet:新HSK5000词;row:1084,1083,4,4,,行,,行,,,,xlsx-xml,
hsk2015,sheet:新HSK5000词;row:1085,1084,4,4,,醒,,醒,,,,xlsx-xml,
hsk2015,sheet:新HSK5000词;row:1086,1085,4,4,,幸福,,幸福,,,,xlsx-xml,
hsk2015,sheet:新HSK5000词;row:1087,1086,4,4,,性别,,性别,,,,xlsx-xml,
hsk2015,sheet:新HSK5000词;row:1088,1087,4,4,,性格,,性格,,,,xlsx-xml,
hsk2015,sheet:新HSK5000词;row:1089,1088,4,4,,修理,,修理,,,,xlsx-xml,
hsk2015,sheet:新HSK5000词;row:1090,1089,4,4,,许多,,许多,,,,xlsx-xml,
hsk2015,sheet:新HSK5000词;row:1091,1090,4,4,,学期,,学期,,,,xlsx-xml,
hsk2015,sheet:新HSK5000词;row:1092,1091,4,4,,压力,,压力,,,,xlsx-xml,
hsk2015,sheet:新HSK5000词;row:1093,1092,4,4,,呀,,呀,,,,xlsx-xml,
hsk2015,sheet:新HSK5000词;row:1094,1093,4,4,,牙膏,,牙膏,,,,xlsx-xml,
hsk2015,sheet:新HSK5000词;row:1095,1094,4,4,,亚洲,,亚洲,,,,xlsx-xml,
hsk2015,sheet:新HSK5000词;row:1096,1095,4,4,,严格,,严格,,,,xlsx-xml,
hsk2015,sheet:新HSK5000词;row:1097,1096,4,4,,严重,,严重,,,,xlsx-xml,
hsk2015,sheet:新HSK5000词;row:1098,1097,4,4,,研究,,研究,,,,xlsx-xml,
hsk2015,sheet:新HSK5000词;row:1099,1098,4,4,,盐,,盐,,,,xlsx-xml,
hsk2015,sheet:新HSK5000词;row:1100,1099,4,4,,眼镜,,眼镜,,,,xlsx-xml,
hsk2015,sheet:新HSK5000词;row:1101,1100,4,4,,演出,,演出,,,,xlsx-xml,
hsk2015,sheet:新HSK5000词;row:1102,1101,4,4,,演员,,演员,,,,xlsx-xml,
hsk2015,sheet:新HSK5000词;row:1103,1102,4,4,,阳光,,阳光,,,,xlsx-xml,
hsk2015,sheet:新HSK5000词;row:1104,1103,4,4,,养成,,养成,,,,xlsx-xml,
hsk2015,sheet:新HSK5000词;row:1105,1104,4,4,,样子,,样子,,,,xlsx-xml,
hsk2015,sheet:新HSK5000词;row:1106,1105,4,4,,邀请,,邀请,,,,xlsx-xml,
hsk2015,sheet:新HSK5000词;row:1107,1106,4,4,,要是,,要是,,,,xlsx-xml,
hsk2015,sheet:新HSK5000词;row:1108,1107,4,4,,钥匙,,钥匙,,,,xlsx-xml,
hsk2015,sheet:新HSK5000词;row:1109,1108,4,4,,也许,,也许,,,,xlsx-xml,
hsk2015,sheet:新HSK5000词;row:1110,1109,4,4,,叶子,,叶子,,,,xlsx-xml,
hsk2015,sheet:新HSK5000词;row:1111,1110,4,4,,页,,页,,,,xlsx-xml,
hsk2015,sheet:新HSK5000词;row:1112,1111,4,4,,一切,,一切,,,,xlsx-xml,
hsk2015,sheet:新HSK5000词;row:1113,1112,4,4,,以,,以,,,,xlsx-xml,
hsk2015,sheet:新HSK5000词;row:1114,1113,4,4,,以为,,以为,,,,xlsx-xml,
hsk2015,sheet:新HSK5000词;row:1115,1114,4,4,,艺术,,艺术,,,,xlsx-xml,
hsk2015,sheet:新HSK5000词;row:1116,1115,4,4,,意见,,意见,,,,xlsx-xml,
hsk2015,sheet:新HSK5000词;row:1117,1116,4,4,,因此,,因此,,,,xlsx-xml,
hsk2015,sheet:新HSK5000词;row:1118,1117,4,4,,引起,,引起,,,,xlsx-xml,
hsk2015,sheet:新HSK5000词;row:1119,1118,4,4,,印象,,印象,,,,xlsx-xml,
hsk2015,sheet:新HSK5000词;row:1120,1119,4,4,,赢,,赢,,,,xlsx-xml,
hsk2015,sheet:新HSK5000词;row:1121,1120,4,4,,应聘,,应聘,,,,xlsx-xml,
hsk2015,sheet:新HSK5000词;row:1122,1121,4,4,,永远,,永远,,,,xlsx-xml,
hsk2015,sheet:新HSK5000词;row:1123,1122,4,4,,勇敢,,勇敢,,,,xlsx-xml,
hsk2015,sheet:新HSK5000词;row:1124,1123,4,4,,优点,,优点,,,,xlsx-xml,
hsk2015,sheet:新HSK5000词;row:1125,1124,4,4,,优秀,,优秀,,,,xlsx-xml,
hsk2015,sheet:新HSK5000词;row:1126,1125,4,4,,幽默,,幽默,,,,xlsx-xml,
hsk2015,sheet:新HSK5000词;row:1127,1126,4,4,,尤其,,尤其,,,,xlsx-xml,
hsk2015,sheet:新HSK5000词;row:1128,1127,4,4,,由,,由,,,,xlsx-xml,
hsk2015,sheet:新HSK5000词;row:1129,1128,4,4,,由于,,由于,,,,xlsx-xml,
hsk2015,sheet:新HSK5000词;row:1130,1129,4,4,,邮局,,邮局,,,,xlsx-xml,
hsk2015,sheet:新HSK5000词;row:1131,1130,4,4,,友好,,友好,,,,xlsx-xml,
hsk2015,sheet:新HSK5000词;row:1132,1131,4,4,,友谊,,友谊,,,,xlsx-xml,
hsk2015,sheet:新HSK5000词;row:1133,1132,4,4,,有趣,,有趣,,,,xlsx-xml,
hsk2015,sheet:新HSK5000词;row:1134,1133,4,4,,于是,,于是,,,,xlsx-xml,
hsk2015,sheet:新HSK5000词;row:1135,1134,4,4,,愉快,,愉快,,,,xlsx-xml,
hsk2015,sheet:新HSK5000词;row:1136,1135,4,4,,与,,与,,,,xlsx-xml,
hsk2015,sheet:新HSK5000词;row:1137,1136,4,4,,羽毛球,,羽毛球,,,,xlsx-xml,
hsk2015,sheet:新HSK5000词;row:1138,1137,4,4,,语法,,语法,,,,xlsx-xml,
hsk2015,sheet:新HSK5000词;row:1139,1138,4,4,,语言,,语言,,,,xlsx-xml,
hsk2015,sheet:新HSK5000词;row:1140,1139,4,4,,预习,,预习,,,,xlsx-xml,
hsk2015,sheet:新HSK5000词;row:1141,1140,4,4,,原来,,原来,,,,xlsx-xml,
hsk2015,sheet:新HSK5000词;row:1142,1141,4,4,,原谅,,原谅,,,,xlsx-xml,
hsk2015,sheet:新HSK5000词;row:1143,1142,4,4,,原因,,原因,,,,xlsx-xml,
hsk2015,sheet:新HSK5000词;row:1144,1143,4,4,,约会,,约会,,,,xlsx-xml,
hsk2015,sheet:新HSK5000词;row:1145,1144,4,4,,阅读,,阅读,,,,xlsx-xml,
hsk2015,sheet:新HSK5000词;row:1146,1145,4,4,,云,,云,,,,xlsx-xml,
hsk2015,sheet:新HSK5000词;row:1147,1146,4,4,,允许,,允许,,,,xlsx-xml,
hsk2015,sheet:新HSK5000词;row:1148,1147,4,4,,杂志,,杂志,,,,xlsx-xml,
hsk2015,sheet:新HSK5000词;row:1149,1148,4,4,,咱们,,咱们,,,,xlsx-xml,
hsk2015,sheet:新HSK5000词;row:1150,1149,4,4,,暂时,,暂时,,,,xlsx-xml,
hsk2015,sheet:新HSK5000词;row:1151,1150,4,4,,脏,,脏,,,,xlsx-xml,
hsk2015,sheet:新HSK5000词;row:1152,1151,4,4,,责任,,责任,,,,xlsx-xml,
hsk2015,sheet:新HSK5000词;row:1153,1152,4,4,,增加,,增加,,,,xlsx-xml,
hsk2015,sheet:新HSK5000词;row:1154,1153,4,4,,占线,,占线,,,,xlsx-xml,
hsk2015,sheet:新HSK5000词;row:1155,1154,4,4,,招聘,,招聘,,,,xlsx-xml,
hsk2015,sheet:新HSK5000词;row:1156,1155,4,4,,照,,照,,,,xlsx-xml,
hsk2015,sheet:新HSK5000词;row:1157,1156,4,4,,真正,,真正,,,,xlsx-xml,
hsk2015,sheet:新HSK5000词;row:1158,1157,4,4,,整理,,整理,,,,xlsx-xml,
hsk2015,sheet:新HSK5000词;row:1159,1158,4,4,,正常,,正常,,,,xlsx-xml,
hsk2015,sheet:新HSK5000词;row:1160,1159,4,4,,正好,,正好,,,,xlsx-xml,
hsk2015,sheet:新HSK5000词;row:1161,1160,4,4,,正确,,正确,,,,xlsx-xml,
hsk2015,sheet:新HSK5000词;row:1162,1161,4,4,,正式,,正式,,,,xlsx-xml,
hsk2015,sheet:新HSK5000词;row:1163,1162,4,4,,证明,,证明,,,,xlsx-xml,
hsk2015,sheet:新HSK5000词;row:1164,1163,4,4,,之,,之,,,,xlsx-xml,
hsk2015,sheet:新HSK5000词;row:1165,1164,4,4,,支持,,支持,,,,xlsx-xml,
hsk2015,sheet:新HSK5000词;row:1166,1165,4,4,,知识,,知识,,,,xlsx-xml,
hsk2015,sheet:新HSK5000词;row:1167,1166,4,4,,直接,,直接,,,,xlsx-xml,
hsk2015,sheet:新HSK5000词;row:1168,1167,4,4,,值得,,值得,,,,xlsx-xml,
hsk2015,sheet:新HSK5000词;row:1169,1168,4,4,,职业,,职业,,,,xlsx-xml,
hsk2015,sheet:新HSK5000词;row:1170,1169,4,4,,植物,,植物,,,,xlsx-xml,
hsk2015,sheet:新HSK5000词;row:1171,1170,4,4,,只好,,只好,,,,xlsx-xml,
hsk2015,sheet:新HSK5000词;row:1172,1171,4,4,,只要,,只要,,,,xlsx-xml,
hsk2015,sheet:新HSK5000词;row:1173,1172,4,4,,指,,指,,,,xlsx-xml,
hsk2015,sheet:新HSK5000词;row:1174,1173,4,4,,至少,,至少,,,,xlsx-xml,
hsk2015,sheet:新HSK5000词;row:1175,1174,4,4,,质量,,质量,,,,xlsx-xml,
hsk2015,sheet:新HSK5000词;row:1176,1175,4,4,,重,,重,,,,xlsx-xml,
hsk2015,sheet:新HSK5000词;row:1177,1176,4,4,,重点,,重点,,,,xlsx-xml,
hsk2015,sheet:新HSK5000词;row:1178,1177,4,4,,重视,,重视,,,,xlsx-xml,
hsk2015,sheet:新HSK5000词;row:1179,1178,4,4,,周围,,周围,,,,xlsx-xml,
hsk2015,sheet:新HSK5000词;row:1180,1179,4,4,,主意,,主意,,,,xlsx-xml,
hsk2015,sheet:新HSK5000词;row:1181,1180,4,4,,祝贺,,祝贺,,,,xlsx-xml,
hsk2015,sheet:新HSK5000词;row:1182,1181,4,4,,著名,,著名,,,,xlsx-xml,
hsk2015,sheet:新HSK5000词;row:1183,1182,4,4,,专门,,专门,,,,xlsx-xml,
hsk2015,sheet:新HSK5000词;row:1184,1183,4,4,,专业,,专业,,,,xlsx-xml,
hsk2015,sheet:新HSK5000词;row:1185,1184,4,4,,转,,转,,,,xlsx-xml,
hsk2015,sheet:新HSK5000词;row:1186,1185,4,4,,赚,,赚,,,,xlsx-xml,
hsk2015,sheet:新HSK5000词;row:1187,1186,4,4,,准确,,准确,,,,xlsx-xml,
hsk2015,sheet:新HSK5000词;row:1188,1187,4,4,,准时,,准时,,,,xlsx-xml,
hsk2015,sheet:新HSK5000词;row:1189,1188,4,4,,仔细,,仔细,,,,xlsx-xml,
hsk2015,sheet:新HSK5000词;row:1190,1189,4,4,,自然,,自然,,,,xlsx-xml,
hsk2015,sheet:新HSK5000词;row:1191,1190,4,4,,自信,,自信,,,,xlsx-xml,
hsk2015,sheet:新HSK5000词;row:1192,1191,4,4,,总结,,总结,,,,xlsx-xml,
hsk2015,sheet:新HSK5000词;row:1193,1192,4,4,,租,,租,,,,xlsx-xml,
hsk2015,sheet:新HSK5000词;row:1194,1193,4,4,,最好,,最好,,,,xlsx-xml,
hsk2015,sheet:新HSK5000词;row:1195,1194,4,4,,尊重,,尊重,,,,xlsx-xml,
hsk2015,sheet:新HSK5000词;row:1196,1195,4,4,,左右,,左右,,,,xlsx-xml,
hsk2015,sheet:新HSK5000词;row:1197,1196,4,4,,作家,,作家,,,,xlsx-xml,
hsk2015,sheet:新HSK5000词;row:1198,1197,4,4,,作用,,作用,,,,xlsx-xml,
hsk2015,sheet:新HSK5000词;row:1199,1198,4,4,,作者,,作者,,,,xlsx-xml,
hsk2015,sheet:新HSK5000词;row:1200,1199,4,4,,座,,座,,,,xlsx-xml,
hsk2015,sheet:新HSK5000词;row:1201,1200,4,4,,座位,,座位,,,,xlsx-xml,
hsk2015,sheet:新HSK5000词;row:1202,1201,5,5,,哎,,哎,,,,xlsx-xml,
hsk2015,sheet:新HSK5000词;row:1203,1202,5,5,,唉,,唉,,,,xlsx-xml,
hsk2015,sheet:新HSK5000词;row:1204,1203,5,5,,爱护,,爱护,,,,xlsx-xml,
hsk2015,sheet:新HSK5000词;row:1205,1204,5,5,,爱惜,,爱惜,,,,xlsx-xml,
hsk2015,sheet:新HSK5000词;row:1206,1205,5,5,,爱心,,爱心,,,,xlsx-xml,
hsk2015,sheet:新HSK5000词;row:1207,1206,5,5,,安慰,,安慰,,,,xlsx-xml,
hsk2015,sheet:新HSK5000词;row:1208,1207,5,5,,安装,,安装,,,,xlsx-xml,
hsk2015,sheet:新HSK5000词;row:1209,1208,5,5,,岸,,岸,,,,xlsx-xml,
hsk2015,sheet:新HSK5000词;row:1210,1209,5,5,,暗,,暗,,,,xlsx-xml,
hsk2015,sheet:新HSK5000词;row:1211,1210,5,5,,熬夜,,熬夜,,,,xlsx-xml,
hsk2015,sheet:新HSK5000词;row:1212,1211,5,5,,把握,,把握,,,,xlsx-xml,
hsk2015,sheet:新HSK5000词;row:1213,1212,5,5,,摆,,摆,,,,xlsx-xml,
hsk2015,sheet:新HSK5000词;row:1214,1213,5,5,,办理,,办理,,,,xlsx-xml,
hsk2015,sheet:新HSK5000词;row:1215,1214,5,5,,傍晚,,傍晚,,,,xlsx-xml,
hsk2015,sheet:新HSK5000词;row:1216,1215,5,5,,包裹,,包裹,,,,xlsx-xml,
hsk2015,sheet:新HSK5000词;row:1217,1216,5,5,,包含,,包含,,,,xlsx-xml,
hsk2015,sheet:新HSK5000词;row:1218,1217,5,5,,包括,,包括,,,,xlsx-xml,
hsk2015,sheet:新HSK5000词;row:1219,1218,5,5,,薄,,薄,,,,xlsx-xml,
hsk2015,sheet:新HSK5000词;row:1220,1219,5,5,,宝贝,,宝贝,,,,xlsx-xml,
hsk2015,sheet:新HSK5000词;row:1221,1220,5,5,,宝贵,,宝贵,,,,xlsx-xml,
hsk2015,sheet:新HSK5000词;row:1222,1221,5,5,,保持,,保持,,,,xlsx-xml,
hsk2015,sheet:新HSK5000词;row:1223,1222,5,5,,保存,,保存,,,,xlsx-xml,
hsk2015,sheet:新HSK5000词;row:1224,1223,5,5,,保留,,保留,,,,xlsx-xml,
hsk2015,sheet:新HSK5000词;row:1225,1224,5,5,,保险,,保险,,,,xlsx-xml,
hsk2015,sheet:新HSK5000词;row:1226,1225,5,5,,报到,,报到,,,,xlsx-xml,
hsk2015,sheet:新HSK5000词;row:1227,1226,5,5,,报道,,报道,,,,xlsx-xml,
hsk2015,sheet:新HSK5000词;row:1228,1227,5,5,,报告,,报告,,,,xlsx-xml,
hsk2015,sheet:新HSK5000词;row:1229,1228,5,5,,报社,,报社,,,,xlsx-xml,
hsk2015,sheet:新HSK5000词;row:1230,1229,5,5,,抱怨,,抱怨,,,,xlsx-xml,
hsk2015,sheet:新HSK5000词;row:1231,1230,5,5,,背,,背,,,,xlsx-xml,
hsk2015,sheet:新HSK5000词;row:1232,1231,5,5,,悲观,,悲观,,,,xlsx-xml,
hsk2015,sheet:新HSK5000词;row:1233,1232,5,5,,背景,,背景,,,,xlsx-xml,
hsk2015,sheet:新HSK5000词;row:1234,1233,5,5,,被子,,被子,,,,xlsx-xml,
hsk2015,sheet:新HSK5000词;row:1235,1234,5,5,,本科,,本科,,,,xlsx-xml,
hsk2015,sheet:新HSK5000词;row:1236,1235,5,5,,本领,,本领,,,,xlsx-xml,
hsk2015,sheet:新HSK5000词;row:1237,1236,5,5,,本质,,本质,,,,xlsx-xml,
hsk2015,sheet:新HSK5000词;row:1238,1237,5,5,,比例,,比例,,,,xlsx-xml,
hsk2015,sheet:新HSK5000词;row:1239,1238,5,5,,彼此,,彼此,,,,xlsx-xml,
hsk2015,sheet:新HSK5000词;row:1240,1239,5,5,,必然,,必然,,,,xlsx-xml,
hsk2015,sheet:新HSK5000词;row:1241,1240,5,5,,必要,,必要,,,,xlsx-xml,
hsk2015,sheet:新HSK5000词;row:1242,1241,5,5,,毕竟,,毕竟,,,,xlsx-xml,
hsk2015,sheet:新HSK5000词;row:1243,1242,5,5,,避免,,避免,,,,xlsx-xml,
hsk2015,sheet:新HSK5000词;row:1244,1243,5,5,,编辑,,编辑,,,,xlsx-xml,
hsk2015,sheet:新HSK5000词;row:1245,1244,5,5,,鞭炮,,鞭炮,,,,xlsx-xml,
hsk2015,sheet:新HSK5000词;row:1246,1245,5,5,,便,,便,,,,xlsx-xml,
hsk2015,sheet:新HSK5000词;row:1247,1246,5,5,,辩论,,辩论,,,,xlsx-xml,
hsk2015,sheet:新HSK5000词;row:1248,1247,5,5,,标点,,标点,,,,xlsx-xml,
hsk2015,sheet:新HSK5000词;row:1249,1248,5,5,,标志,,标志,,,,xlsx-xml,
hsk2015,sheet:新HSK5000词;row:1250,1249,5,5,,表达,,表达,,,,xlsx-xml,
hsk2015,sheet:新HSK5000词;row:1251,1250,5,5,,表面,,表面,,,,xlsx-xml,
hsk2015,sheet:新HSK5000词;row:1252,1251,5,5,,表明,,表明,,,,xlsx-xml,
hsk2015,sheet:新HSK5000词;row:1253,1252,5,5,,表情,,表情,,,,xlsx-xml,
hsk2015,sheet:新HSK5000词;row:1254,1253,5,5,,表现,,表现,,,,xlsx-xml,
hsk2015,sheet:新HSK5000词;row:1255,1254,5,5,,冰激凌,,冰激凌,,,,xlsx-xml,
hsk2015,sheet:新HSK5000词;row:1256,1255,5,5,,病毒,,病毒,,,,xlsx-xml,
hsk2015,sheet:新HSK5000词;row:1257,1256,5,5,,玻璃,,玻璃,,,,xlsx-xml,
hsk2015,sheet:新HSK5000词;row:1258,1257,5,5,,播放,,播放,,,,xlsx-xml,
hsk2015,sheet:新HSK5000词;row:1259,1258,5,5,,脖子,,脖子,,,,xlsx-xml,
hsk2015,sheet:新HSK5000词;row:1260,1259,5,5,,博物馆,,博物馆,,,,xlsx-xml,
hsk2015,sheet:新HSK5000词;row:1261,1260,5,5,,补充,,补充,,,,xlsx-xml,
hsk2015,sheet:新HSK5000词;row:1262,1261,5,5,,不安,,不安,,,,xlsx-xml,
hsk2015,sheet:新HSK5000词;row:1263,1262,5,5,,不得了,,不得了,,,,xlsx-xml,
hsk2015,sheet:新HSK5000词;row:1264,1263,5,5,,不断,,不断,,,,xlsx-xml,
hsk2015,sheet:新HSK5000词;row:1265,1264,5,5,,不见得,,不见得,,,,xlsx-xml,
hsk2015,sheet:新HSK5000词;row:1266,1265,5,5,,不耐烦,,不耐烦,,,,xlsx-xml,
hsk2015,sheet:新HSK5000词;row:1267,1266,5,5,,不然,,不然,,,,xlsx-xml,
hsk2015,sheet:新HSK5000词;row:1268,1267,5,5,,不如,,不如,,,,xlsx-xml,
hsk2015,sheet:新HSK5000词;row:1269,1268,5,5,,不要紧,,不要紧,,,,xlsx-xml,
hsk2015,sheet:新HSK5000词;row:1270,1269,5,5,,不足,,不足,,,,xlsx-xml,
hsk2015,sheet:新HSK5000词;row:1271,1270,5,5,,布,,布,,,,xlsx-xml,
hsk2015,sheet:新HSK5000词;row:1272,1271,5,5,,步骤,,步骤,,,,xlsx-xml,
hsk2015,sheet:新HSK5000词;row:1273,1272,5,5,,部门,,部门,,,,xlsx-xml,
hsk2015,sheet:新HSK5000词;row:1274,1273,5,5,,财产,,财产,,,,xlsx-xml,
hsk2015,sheet:新HSK5000词;row:1275,1274,5,5,,采访,,采访,,,,xlsx-xml,
hsk2015,sheet:新HSK5000词;row:1276,1275,5,5,,采取,,采取,,,,xlsx-xml,
hsk2015,sheet:新HSK5000词;row:1277,1276,5,5,,彩虹,,彩虹,,,,xlsx-xml,
hsk2015,sheet:新HSK5000词;row:1278,1277,5,5,,踩,,踩,,,,xlsx-xml,
hsk2015,sheet:新HSK5000词;row:1279,1278,5,5,,参考,,参考,,,,xlsx-xml,
hsk2015,sheet:新HSK5000词;row:1280,1279,5,5,,参与,,参与,,,,xlsx-xml,
hsk2015,sheet:新HSK5000词;row:1281,1280,5,5,,惭愧,,惭愧,,,,xlsx-xml,
hsk2015,sheet:新HSK5000词;row:1282,1281,5,5,,操场,,操场,,,,xlsx-xml,
hsk2015,sheet:新HSK5000词;row:1283,1282,5,5,,操心,,操心,,,,xlsx-xml,
hsk2015,sheet:新HSK5000词;row:1284,1283,5,5,,册,,册,,,,xlsx-xml,
hsk2015,sheet:新HSK5000词;row:1285,1284,5,5,,测验,,测验,,,,xlsx-xml,
hsk2015,sheet:新HSK5000词;row:1286,1285,5,5,,曾经,,曾经,,,,xlsx-xml,
hsk2015,sheet:新HSK5000词;row:1287,1286,5,5,,叉子,,叉子,,,,xlsx-xml,
hsk2015,sheet:新HSK5000词;row:1288,1287,5,5,,差别,,差别,,,,xlsx-xml,
hsk2015,sheet:新HSK5000词;row:1289,1288,5,5,,差距,,差距,,,,xlsx-xml,
hsk2015,sheet:新HSK5000词;row:1290,1289,5,5,,插,,插,,,,xlsx-xml,
hsk2015,sheet:新HSK5000词;row:1291,1290,5,5,,拆,,拆,,,,xlsx-xml,
hsk2015,sheet:新HSK5000词;row:1292,1291,5,5,,产品,,产品,,,,xlsx-xml,
hsk2015,sheet:新HSK5000词;row:1293,1292,5,5,,产生,,产生,,,,xlsx-xml,
hsk2015,sheet:新HSK5000词;row:1294,1293,5,5,,长途,,长途,,,,xlsx-xml,
hsk2015,sheet:新HSK5000词;row:1295,1294,5,5,,常识,,常识,,,,xlsx-xml,
hsk2015,sheet:新HSK5000词;row:1296,1295,5,5,,抄,,抄,,,,xlsx-xml,
hsk2015,sheet:新HSK5000词;row:1297,1296,5,5,,超级,,超级,,,,xlsx-xml,
hsk2015,sheet:新HSK5000词;row:1298,1297,5,5,,朝,,朝,,,,xlsx-xml,
hsk2015,sheet:新HSK5000词;row:1299,1298,5,5,,潮湿,,潮湿,,,,xlsx-xml,
hsk2015,sheet:新HSK5000词;row:1300,1299,5,5,,吵,,吵,,,,xlsx-xml,
hsk2015,sheet:新HSK5000词;row:1301,1300,5,5,,吵架,,吵架,,,,xlsx-xml,
hsk2015,sheet:新HSK5000词;row:1302,1301,5,5,,炒,,炒,,,,xlsx-xml,
hsk2015,sheet:新HSK5000词;row:1303,1302,5,5,,车库,,车库,,,,xlsx-xml,
hsk2015,sheet:新HSK5000词;row:1304,1303,5,5,,车厢,,车厢,,,,xlsx-xml,
hsk2015,sheet:新HSK5000词;row:1305,1304,5,5,,彻底,,彻底,,,,xlsx-xml,
hsk2015,sheet:新HSK5000词;row:1306,1305,5,5,,沉默,,沉默,,,,xlsx-xml,
hsk2015,sheet:新HSK5000词;row:1307,1306,5,5,,趁,,趁,,,,xlsx-xml,
hsk2015,sheet:新HSK5000词;row:1308,1307,5,5,,称,,称,,,,xlsx-xml,
hsk2015,sheet:新HSK5000词;row:1309,1308,5,5,,称呼,,称呼,,,,xlsx-xml,
hsk2015,sheet:新HSK5000词;row:1310,1309,5,5,,称赞,,称赞,,,,xlsx-xml,
hsk2015,sheet:新HSK5000词;row:1311,1310,5,5,,成分,,成分,,,,xlsx-xml,
hsk2015,sheet:新HSK5000词;row:1312,1311,5,5,,成果,,成果,,,,xlsx-xml,
hsk2015,sheet:新HSK5000词;row:1313,1312,5,5,,成就,,成就,,,,xlsx-xml,
hsk2015,sheet:新HSK5000词;row:1314,1313,5,5,,成立,,成立,,,,xlsx-xml,
hsk2015,sheet:新HSK5000词;row:1315,1314,5,5,,成人,,成人,,,,xlsx-xml,
hsk2015,sheet:新HSK5000词;row:1316,1315,5,5,,成熟,,成熟,,,,xlsx-xml,
hsk2015,sheet:新HSK5000词;row:1317,1316,5,5,,成语,,成语,,,,xlsx-xml,
hsk2015,sheet:新HSK5000词;row:1318,1317,5,5,,成长,,成长,,,,xlsx-xml,
hsk2015,sheet:新HSK5000词;row:1319,1318,5,5,,诚恳,,诚恳,,,,xlsx-xml,
hsk2015,sheet:新HSK5000词;row:1320,1319,5,5,,承担,,承担,,,,xlsx-xml,
hsk2015,sheet:新HSK5000词;row:1321,1320,5,5,,承认,,承认,,,,xlsx-xml,
hsk2015,sheet:新HSK5000词;row:1322,1321,5,5,,承受,,承受,,,,xlsx-xml,
hsk2015,sheet:新HSK5000词;row:1323,1322,5,5,,程度,,程度,,,,xlsx-xml,
hsk2015,sheet:新HSK5000词;row:1324,1323,5,5,,程序,,程序,,,,xlsx-xml,
hsk2015,sheet:新HSK5000词;row:1325,1324,5,5,,吃亏,,吃亏,,,,xlsx-xml,
hsk2015,sheet:新HSK5000词;row:1326,1325,5,5,,池塘,,池塘,,,,xlsx-xml,
hsk2015,sheet:新HSK5000词;row:1327,1326,5,5,,迟早,,迟早,,,,xlsx-xml,
hsk2015,sheet:新HSK5000词;row:1328,1327,5,5,,持续,,持续,,,,xlsx-xml,
hsk2015,sheet:新HSK5000词;row:1329,1328,5,5,,尺子,,尺子,,,,xlsx-xml,
hsk2015,sheet:新HSK5000词;row:1330,1329,5,5,,翅膀,,翅膀,,,,xlsx-xml,
hsk2015,sheet:新HSK5000词;row:1331,1330,5,5,,冲,,冲,,,,xlsx-xml,
hsk2015,sheet:新HSK5000词;row:1332,1331,5,5,,充电器,,充电器,,,,xlsx-xml,
hsk2015,sheet:新HSK5000词;row:1333,1332,5,5,,充分,,充分,,,,xlsx-xml,
hsk2015,sheet:新HSK5000词;row:1334,1333,5,5,,充满,,充满,,,,xlsx-xml,
hsk2015,sheet:新HSK5000词;row:1335,1334,5,5,,重复,,重复,,,,xlsx-xml,
hsk2015,sheet:新HSK5000词;row:1336,1335,5,5,,宠物,,宠物,,,,xlsx-xml,
hsk2015,sheet:新HSK5000词;row:1337,1336,5,5,,抽屉,,抽屉,,,,xlsx-xml,
hsk2015,sheet:新HSK5000词;row:1338,1337,5,5,,抽象,,抽象,,,,xlsx-xml,
hsk2015,sheet:新HSK5000词;row:1339,1338,5,5,,丑,,丑,,,,xlsx-xml,
hsk2015,sheet:新HSK5000词;row:1340,1339,5,5,,臭,,臭,,,,xlsx-xml,
hsk2015,sheet:新HSK5000词;row:1341,1340,5,5,,出版,,出版,,,,xlsx-xml,
hsk2015,sheet:新HSK5000词;row:1342,1341,5,5,,出口,,出口,,,,xlsx-xml,
hsk2015,sheet:新HSK5000词;row:1343,1342,5,5,,出色,,出色,,,,xlsx-xml,
hsk2015,sheet:新HSK5000词;row:1344,1343,5,5,,出示,,出示,,,,xlsx-xml,
hsk2015,sheet:新HSK5000词;row:1345,1344,5,5,,出席,,出席,,,,xlsx-xml,
hsk2015,sheet:新HSK5000词;row:1346,1345,5,5,,初级,,初级,,,,xlsx-xml,
hsk2015,sheet:新HSK5000词;row:1347,1346,5,5,,除非,,除非,,,,xlsx-xml,
hsk2015,sheet:新HSK5000词;row:1348,1347,5,5,,除夕,,除夕,,,,xlsx-xml,
hsk2015,sheet:新HSK5000词;row:1349,1348,5,5,,处理,,处理,,,,xlsx-xml,
hsk2015,sheet:新HSK5000词;row:1350,1349,5,5,,传播,,传播,,,,xlsx-xml,
hsk2015,sheet:新HSK5000词;row:1351,1350,5,5,,传染,,传染,,,,xlsx-xml,
hsk2015,sheet:新HSK5000词;row:1352,1351,5,5,,传说,,传说,,,,xlsx-xml,
hsk2015,sheet:新HSK5000词;row:1353,1352,5,5,,传统,,传统,,,,xlsx-xml,
hsk2015,sheet:新HSK5000词;row:1354,1353,5,5,,窗帘,,窗帘,,,,xlsx-xml,
hsk2015,sheet:新HSK5000词;row:1355,1354,5,5,,闯,,闯,,,,xlsx-xml,
hsk2015,sheet:新HSK5000词;row:1356,1355,5,5,,创造,,创造,,,,xlsx-xml,
hsk2015,sheet:新HSK5000词;row:1357,1356,5,5,,吹,,吹,,,,xlsx-xml,
hsk2015,sheet:新HSK5000词;row:1358,1357,5,5,,词汇,,词汇,,,,xlsx-xml,
hsk2015,sheet:新HSK5000词;row:1359,1358,5,5,,辞职,,辞职,,,,xlsx-xml,
hsk2015,sheet:新HSK5000词;row:1360,1359,5,5,,此外,,此外,,,,xlsx-xml,
hsk2015,sheet:新HSK5000词;row:1361,1360,5,5,,次要,,次要,,,,xlsx-xml,
hsk2015,sheet:新HSK5000词;row:1362,1361,5,5,,刺激,,刺激,,,,xlsx-xml,
hsk2015,sheet:新HSK5000词;row:1363,1362,5,5,,匆忙,,匆忙,,,,xlsx-xml,
hsk2015,sheet:新HSK5000词;row:1364,1363,5,5,,从此,,从此,,,,xlsx-xml,
hsk2015,sheet:新HSK5000词;row:1365,1364,5,5,,从而,,从而,,,,xlsx-xml,
hsk2015,sheet:新HSK5000词;row:1366,1365,5,5,,从前,,从前,,,,xlsx-xml,
hsk2015,sheet:新HSK5000词;row:1367,1366,5,5,,从事,,从事,,,,xlsx-xml,
hsk2015,sheet:新HSK5000词;row:1368,1367,5,5,,粗糙,,粗糙,,,,xlsx-xml,
hsk2015,sheet:新HSK5000词;row:1369,1368,5,5,,促进,,促进,,,,xlsx-xml,
hsk2015,sheet:新HSK5000词;row:1370,1369,5,5,,促使,,促使,,,,xlsx-xml,
hsk2015,sheet:新HSK5000词;row:1371,1370,5,5,,醋,,醋,,,,xlsx-xml,
hsk2015,sheet:新HSK5000词;row:1372,1371,5,5,,催,,催,,,,xlsx-xml,
hsk2015,sheet:新HSK5000词;row:1373,1372,5,5,,存在,,存在,,,,xlsx-xml,
hsk2015,sheet:新HSK5000词;row:1374,1373,5,5,,措施,,措施,,,,xlsx-xml,
hsk2015,sheet:新HSK5000词;row:1375,1374,5,5,,答应,,答应,,,,xlsx-xml,
hsk2015,sheet:新HSK5000词;row:1376,1375,5,5,,达到,,达到,,,,xlsx-xml,
hsk2015,sheet:新HSK5000词;row:1377,1376,5,5,,打工,,打工,,,,xlsx-xml,
hsk2015,sheet:新HSK5000词;row:1378,1377,5,5,,打交道,,打交道,,,,xlsx-xml,
hsk2015,sheet:新HSK5000词;row:1379,1378,5,5,,打喷嚏,,打喷嚏,,,,xlsx-xml,
hsk2015,sheet:新HSK5000词;row:1380,1379,5,5,,打听,,打听,,,,xlsx-xml,
hsk2015,sheet:新HSK5000词;row:1381,1380,5,5,,大方,,大方,,,,xlsx-xml,
hsk2015,sheet:新HSK5000词;row:1382,1381,5,5,,大厦,,大厦,,,,xlsx-xml,
hsk2015,sheet:新HSK5000词;row:1383,1382,5,5,,大象,,大象,,,,xlsx-xml,
hsk2015,sheet:新HSK5000词;row:1384,1383,5,5,,大型,,大型,,,,xlsx-xml,
hsk2015,sheet:新HSK5000词;row:1385,1384,5,5,,呆,,呆,,,,xlsx-xml,
hsk2015,sheet:新HSK5000词;row:1386,1385,5,5,,代表,,代表,,,,xlsx-xml,
hsk2015,sheet:新HSK5000词;row:1387,1386,5,5,,代替,,代替,,,,xlsx-xml,
hsk2015,sheet:新HSK5000词;row:1388,1387,5,5,,贷款,,贷款,,,,xlsx-xml,
hsk2015,sheet:新HSK5000词;row:1389,1388,5,5,,待遇,,待遇,,,,xlsx-xml,
hsk2015,sheet:新HSK5000词;row:1390,1389,5,5,,担任,,担任,,,,xlsx-xml,
hsk2015,sheet:新HSK5000词;row:1391,1390,5,5,,单纯,,单纯,,,,xlsx-xml,
hsk2015,sheet:新HSK5000词;row:1392,1391,5,5,,单调,,单调,,,,xlsx-xml,
hsk2015,sheet:新HSK5000词;row:1393,1392,5,5,,单独,,单独,,,,xlsx-xml,
hsk2015,sheet:新HSK5000词;row:1394,1393,5,5,,单位,,单位,,,,xlsx-xml,
hsk2015,sheet:新HSK5000词;row:1395,1394,5,5,,单元,,单元,,,,xlsx-xml,
hsk2015,sheet:新HSK5000词;row:1396,1395,5,5,,耽误,,耽误,,,,xlsx-xml,
hsk2015,sheet:新HSK5000词;row:1397,1396,5,5,,胆小鬼,,胆小鬼,,,,xlsx-xml,
hsk2015,sheet:新HSK5000词;row:1398,1397,5,5,,淡,,淡,,,,xlsx-xml,
hsk2015,sheet:新HSK5000词;row:1399,1398,5,5,,当地,,当地,,,,xlsx-xml,
hsk2015,sheet:新HSK5000词;row:1400,1399,5,5,,当心,,当心,,,,xlsx-xml,
hsk2015,sheet:新HSK5000词;row:1401,1400,5,5,,挡,,挡,,,,xlsx-xml,
hsk2015,sheet:新HSK5000词;row:1402,1401,5,5,,导演,,导演,,,,xlsx-xml,
hsk2015,sheet:新HSK5000词;row:1403,1402,5,5,,导致,,导致,,,,xlsx-xml,
hsk2015,sheet:新HSK5000词;row:1404,1403,5,5,,岛屿,,岛屿,,,,xlsx-xml,
hsk2015,sheet:新HSK5000词;row:1405,1404,5,5,,倒霉,,倒霉,,,,xlsx-xml,
hsk2015,sheet:新HSK5000词;row:1406,1405,5,5,,到达,,到达,,,,xlsx-xml,
hsk2015,sheet:新HSK5000词;row:1407,1406,5,5,,道德,,道德,,,,xlsx-xml,
hsk2015,sheet:新HSK5000词;row:1408,1407,5,5,,道理,,道理,,,,xlsx-xml,
hsk2015,sheet:新HSK5000词;row:1409,1408,5,5,,登记,,登记,,,,xlsx-xml,
hsk2015,sheet:新HSK5000词;row:1410,1409,5,5,,等待,,等待,,,,xlsx-xml,
hsk2015,sheet:新HSK5000词;row:1411,1410,5,5,,等于,,等于,,,,xlsx-xml,
hsk2015,sheet:新HSK5000词;row:1412,1411,5,5,,滴,,滴,,,,xlsx-xml,
hsk2015,sheet:新HSK5000词;row:1413,1412,5,5,,的确,,的确,,,,xlsx-xml,
hsk2015,sheet:新HSK5000词;row:1414,1413,5,5,,敌人,,敌人,,,,xlsx-xml,
hsk2015,sheet:新HSK5000词;row:1415,1414,5,5,,地道,,地道,,,,xlsx-xml,
hsk2015,sheet:新HSK5000词;row:1416,1415,5,5,,地理,,地理,,,,xlsx-xml,
hsk2015,sheet:新HSK5000词;row:1417,1416,5,5,,地区,,地区,,,,xlsx-xml,
hsk2015,sheet:新HSK5000词;row:1418,1417,5,5,,地毯,,地毯,,,,xlsx-xml,
hsk2015,sheet:新HSK5000词;row:1419,1418,5,5,,地位,,地位,,,,xlsx-xml,
hsk2015,sheet:新HSK5000词;row:1420,1419,5,5,,地震,,地震,,,,xlsx-xml,
hsk2015,sheet:新HSK5000词;row:1421,1420,5,5,,递,,递,,,,xlsx-xml,
hsk2015,sheet:新HSK5000词;row:1422,1421,5,5,,点心,,点心,,,,xlsx-xml,
hsk2015,sheet:新HSK5000词;row:1423,1422,5,5,,电池,,电池,,,,xlsx-xml,
hsk2015,sheet:新HSK5000词;row:1424,1423,5,5,,电台,,电台,,,,xlsx-xml,
hsk2015,sheet:新HSK5000词;row:1425,1424,5,5,,钓,,钓,,,,xlsx-xml,
hsk2015,sheet:新HSK5000词;row:1426,1425,5,5,,顶,,顶,,,,xlsx-xml,
hsk2015,sheet:新HSK5000词;row:1427,1426,5,5,,动画片,,动画片,,,,xlsx-xml,
hsk2015,sheet:新HSK5000词;row:1428,1427,5,5,,冻,,冻,,,,xlsx-xml,
hsk2015,sheet:新HSK5000词;row:1429,1428,5,5,,洞,,洞,,,,xlsx-xml,
hsk2015,sheet:新HSK5000词;row:1430,1429,5,5,,豆腐,,豆腐,,,,xlsx-xml,
hsk2015,sheet:新HSK5000词;row:1431,1430,5,5,,逗,,逗,,,,xlsx-xml,
hsk2015,sheet:新HSK5000词;row:1432,1431,5,5,,独立,,独立,,,,xlsx-xml,
hsk2015,sheet:新HSK5000词;row:1433,1432,5,5,,独特,,独特,,,,xlsx-xml,
hsk2015,sheet:新HSK5000词;row:1434,1433,5,5,,度过,,度过,,,,xlsx-xml,
hsk2015,sheet:新HSK5000词;row:1435,1434,5,5,,断,,断,,,,xlsx-xml,
hsk2015,sheet:新HSK5000词;row:1436,1435,5,5,,堆,,堆,,,,xlsx-xml,
hsk2015,sheet:新HSK5000词;row:1437,1436,5,5,,对比,,对比,,,,xlsx-xml,
hsk2015,sheet:新HSK5000词;row:1438,1437,5,5,,对待,,对待,,,,xlsx-xml,
hsk2015,sheet:新HSK5000词;row:1439,1438,5,5,,对方,,对方,,,,xlsx-xml,
hsk2015,sheet:新HSK5000词;row:1440,1439,5,5,,对手,,对手,,,,xlsx-xml,
hsk2015,sheet:新HSK5000词;row:1441,1440,5,5,,对象,,对象,,,,xlsx-xml,
hsk2015,sheet:新HSK5000词;row:1442,1441,5,5,,兑换,,兑换,,,,xlsx-xml,
hsk2015,sheet:新HSK5000词;row:1443,1442,5,5,,吨,,吨,,,,xlsx-xml,
hsk2015,sheet:新HSK5000词;row:1444,1443,5,5,,蹲,,蹲,,,,xlsx-xml,
hsk2015,sheet:新HSK5000词;row:1445,1444,5,5,,顿,,顿,,,,xlsx-xml,
hsk2015,sheet:新HSK5000词;row:1446,1445,5,5,,多亏,,多亏,,,,xlsx-xml,
hsk2015,sheet:新HSK5000词;row:1447,1446,5,5,,多余,,多余,,,,xlsx-xml,
hsk2015,sheet:新HSK5000词;row:1448,1447,5,5,,朵,,朵,,,,xlsx-xml,
hsk2015,sheet:新HSK5000词;row:1449,1448,5,5,,躲藏,,躲藏,,,,xlsx-xml,
hsk2015,sheet:新HSK5000词;row:1450,1449,5,5,,恶劣,,恶劣,,,,xlsx-xml,
hsk2015,sheet:新HSK5000词;row:1451,1450,5,5,,耳环,,耳环,,,,xlsx-xml,
hsk2015,sheet:新HSK5000词;row:1452,1451,5,5,,发表,,发表,,,,xlsx-xml,
hsk2015,sheet:新HSK5000词;row:1453,1452,5,5,,发愁,,发愁,,,,xlsx-xml,
hsk2015,sheet:新HSK5000词;row:1454,1453,5,5,,发达,,发达,,,,xlsx-xml,
hsk2015,sheet:新HSK5000词;row:1455,1454,5,5,,发抖,,发抖,,,,xlsx-xml,
hsk2015,sheet:新HSK5000词;row:1456,1455,5,5,,发挥,,发挥,,,,xlsx-xml,
hsk2015,sheet:新HSK5000词;row:1457,1456,5,5,,发明,,发明,,,,xlsx-xml,
hsk2015,sheet:新HSK5000词;row:1458,1457,5,5,,发票,,发票,,,,xlsx-xml,
hsk2015,sheet:新HSK5000词;row:1459,1458,5,5,,发言,,发言,,,,xlsx-xml,
hsk2015,sheet:新HSK5000词;row:1460,1459,5,5,,罚款,,罚款,,,,xlsx-xml,
hsk2015,sheet:新HSK5000词;row:1461,1460,5,5,,法院,,法院,,,,xlsx-xml,
hsk2015,sheet:新HSK5000词;row:1462,1461,5,5,,翻,,翻,,,,xlsx-xml,
hsk2015,sheet:新HSK5000词;row:1463,1462,5,5,,繁荣,,繁荣,,,,xlsx-xml,
hsk2015,sheet:新HSK5000词;row:1464,1463,5,5,,反而,,反而,,,,xlsx-xml,
hsk2015,sheet:新HSK5000词;row:1465,1464,5,5,,反复,,反复,,,,xlsx-xml,
hsk2015,sheet:新HSK5000词;row:1466,1465,5,5,,反应,,反应,,,,xlsx-xml,
hsk2015,sheet:新HSK5000词;row:1467,1466,5,5,,反映,,反映,,,,xlsx-xml,
hsk2015,sheet:新HSK5000词;row:1468,1467,5,5,,反正,,反正,,,,xlsx-xml,
hsk2015,sheet:新HSK5000词;row:1469,1468,5,5,,范围,,范围,,,,xlsx-xml,
hsk2015,sheet:新HSK5000词;row:1470,1469,5,5,,方,,方,,,,xlsx-xml,
hsk2015,sheet:新HSK5000词;row:1471,1470,5,5,,方案,,方案,,,,xlsx-xml,
hsk2015,sheet:新HSK5000词;row:1472,1471,5,5,,妨碍,,妨碍,,,,xlsx-xml,
hsk2015,sheet:新HSK5000词;row:1473,1472,5,5,,仿佛,,仿佛,,,,xlsx-xml,
hsk2015,sheet:新HSK5000词;row:1474,1473,5,5,,非,,非,,,,xlsx-xml,
hsk2015,sheet:新HSK5000词;row:1475,1474,5,5,,肥皂,,肥皂,,,,xlsx-xml,
hsk2015,sheet:新HSK5000词;row:1476,1475,5,5,,废话,,废话,,,,xlsx-xml,
hsk2015,sheet:新HSK5000词;row:1477,1476,5,5,,分别,,分别,,,,xlsx-xml,
hsk2015,sheet:新HSK5000词;row:1478,1477,5,5,,分布,,分布,,,,xlsx-xml,
hsk2015,sheet:新HSK5000词;row:1479,1478,5,5,,分配,,分配,,,,xlsx-xml,
hsk2015,sheet:新HSK5000词;row:1480,1479,5,5,,分手,,分手,,,,xlsx-xml,
hsk2015,sheet:新HSK5000词;row:1481,1480,5,5,,分析,,分析,,,,xlsx-xml,
hsk2015,sheet:新HSK5000词;row:1482,1481,5,5,,纷纷,,纷纷,,,,xlsx-xml,
hsk2015,sheet:新HSK5000词;row:1483,1482,5,5,,奋斗,,奋斗,,,,xlsx-xml,
hsk2015,sheet:新HSK5000词;row:1484,1483,5,5,,风格,,风格,,,,xlsx-xml,
hsk2015,sheet:新HSK5000词;row:1485,1484,5,5,,风景,,风景,,,,xlsx-xml,
hsk2015,sheet:新HSK5000词;row:1486,1485,5,5,,风俗,,风俗,,,,xlsx-xml,
hsk2015,sheet:新HSK5000词;row:1487,1486,5,5,,风险,,风险,,,,xlsx-xml,
hsk2015,sheet:新HSK5000词;row:1488,1487,5,5,,疯狂,,疯狂,,,,xlsx-xml,
hsk2015,sheet:新HSK5000词;row:1489,1488,5,5,,讽刺,,讽刺,,,,xlsx-xml,
hsk2015,sheet:新HSK5000词;row:1490,1489,5,5,,否定,,否定,,,,xlsx-xml,
hsk2015,sheet:新HSK5000词;row:1491,1490,5,5,,否认,,否认,,,,xlsx-xml,
hsk2015,sheet:新HSK5000词;row:1492,1491,5,5,,扶,,扶,,,,xlsx-xml,
hsk2015,sheet:新HSK5000词;row:1493,1492,5,5,,服装,,服装,,,,xlsx-xml,
hsk2015,sheet:新HSK5000词;row:1494,1493,5,5,,幅,,幅,,,,xlsx-xml,
hsk2015,sheet:新HSK5000词;row:1495,1494,5,5,,辅导,,辅导,,,,xlsx-xml,
hsk2015,sheet:新HSK5000词;row:1496,1495,5,5,,妇女,,妇女,,,,xlsx-xml,
hsk2015,sheet:新HSK5000词;row:1497,1496,5,5,,复制,,复制,,,,xlsx-xml,
hsk2015,sheet:新HSK5000词;row:1498,1497,5,5,,改革,,改革,,,,xlsx-xml,
hsk2015,sheet:新HSK5000词;row:1499,1498,5,5,,改进,,改进,,,,xlsx-xml,
hsk2015,sheet:新HSK5000词;row:1500,1499,5,5,,改善,,改善,,,,xlsx-xml,
hsk2015,sheet:新HSK5000词;row:1501,1500,5,5,,改正,,改正,,,,xlsx-xml,
hsk2015,sheet:新HSK5000词;row:1502,1501,5,5,,盖,,盖,,,,xlsx-xml,
hsk2015,sheet:新HSK5000词;row:1503,1502,5,5,,概括,,概括,,,,xlsx-xml,
hsk2015,sheet:新HSK5000词;row:1504,1503,5,5,,概念,,概念,,,,xlsx-xml,
hsk2015,sheet:新HSK5000词;row:1505,1504,5,5,,干脆,,干脆,,,,xlsx-xml,
hsk2015,sheet:新HSK5000词;row:1506,1505,5,5,,干燥,,干燥,,,,xlsx-xml,
hsk2015,sheet:新HSK5000词;row:1507,1506,5,5,,赶紧,,赶紧,,,,xlsx-xml,
hsk2015,sheet:新HSK5000词;row:1508,1507,5,5,,赶快,,赶快,,,,xlsx-xml,
hsk2015,sheet:新HSK5000词;row:1509,1508,5,5,,感激,,感激,,,,xlsx-xml,
hsk2015,sheet:新HSK5000词;row:1510,1509,5,5,,感受,,感受,,,,xlsx-xml,
hsk2015,sheet:新HSK5000词;row:1511,1510,5,5,,感想,,感想,,,,xlsx-xml,
hsk2015,sheet:新HSK5000词;row:1512,1511,5,5,,干活儿,,干活儿,,,,xlsx-xml,
hsk2015,sheet:新HSK5000词;row:1513,1512,5,5,,钢铁,,钢铁,,,,xlsx-xml,
hsk2015,sheet:新HSK5000词;row:1514,1513,5,5,,高档,,高档,,,,xlsx-xml,
hsk2015,sheet:新HSK5000词;row:1515,1514,5,5,,高级,,高级,,,,xlsx-xml,
hsk2015,sheet:新HSK5000词;row:1516,1515,5,5,,搞,,搞,,,,xlsx-xml,
hsk2015,sheet:新HSK5000词;row:1517,1516,5,5,,告别,,告别,,,,xlsx-xml,
hsk2015,sheet:新HSK5000词;row:1518,1517,5,5,,格外,,格外,,,,xlsx-xml,
hsk2015,sheet:新HSK5000词;row:1519,1518,5,5,,隔壁,,隔壁,,,,xlsx-xml,
hsk2015,sheet:新HSK5000词;row:1520,1519,5,5,,个别,,个别,,,,xlsx-xml,
hsk2015,sheet:新HSK5000词;row:1521,1520,5,5,,个人,,个人,,,,xlsx-xml,
hsk2015,sheet:新HSK5000词;row:1522,1521,5,5,,个性,,个性,,,,xlsx-xml,
hsk2015,sheet:新HSK5000词;row:1523,1522,5,5,,各自,,各自,,,,xlsx-xml,
hsk2015,sheet:新HSK5000词;row:1524,1523,5,5,,根,,根,,,,xlsx-xml,
hsk2015,sheet:新HSK5000词;row:1525,1524,5,5,,根本,,根本,,,,xlsx-xml,
hsk2015,sheet:新HSK5000词;row:1526,1525,5,5,,工厂,,工厂,,,,xlsx-xml,
hsk2015,sheet:新HSK5000词;row:1527,1526,5,5,,工程师,,工程师,,,,xlsx-xml,
hsk2015,sheet:新HSK5000词;row:1528,1527,5,5,,工具,,工具,,,,xlsx-xml,
hsk2015,sheet:新HSK5000词;row:1529,1528,5,5,,工人,,工人,,,,xlsx-xml,
hsk2015,sheet:新HSK5000词;row:1530,1529,5,5,,工业,,工业,,,,xlsx-xml,
hsk2015,sheet:新HSK5000词;row:1531,1530,5,5,,公布,,公布,,,,xlsx-xml,
hsk2015,sheet:新HSK5000词;row:1532,1531,5,5,,公开,,公开,,,,xlsx-xml,
hsk2015,sheet:新HSK5000词;row:1533,1532,5,5,,公平,,公平,,,,xlsx-xml,
hsk2015,sheet:新HSK5000词;row:1534,1533,5,5,,公寓,,公寓,,,,xlsx-xml,
hsk2015,sheet:新HSK5000词;row:1535,1534,5,5,,公元,,公元,,,,xlsx-xml,
hsk2015,sheet:新HSK5000词;row:1536,1535,5,5,,公主,,公主,,,,xlsx-xml,
hsk2015,sheet:新HSK5000词;row:1537,1536,5,5,,功能,,功能,,,,xlsx-xml,
hsk2015,sheet:新HSK5000词;row:1538,1537,5,5,,恭喜,,恭喜,,,,xlsx-xml,
hsk2015,sheet:新HSK5000词;row:1539,1538,5,5,,贡献,,贡献,,,,xlsx-xml,
hsk2015,sheet:新HSK5000词;row:1540,1539,5,5,,沟通,,沟通,,,,xlsx-xml,
hsk2015,sheet:新HSK5000词;row:1541,1540,5,5,,构成,,构成,,,,xlsx-xml,
hsk2015,sheet:新HSK5000词;row:1542,1541,5,5,,姑姑,,姑姑,,,,xlsx-xml,
hsk2015,sheet:新HSK5000词;row:1543,1542,5,5,,姑娘,,姑娘,,,,xlsx-xml,
hsk2015,sheet:新HSK5000词;row:1544,1543,5,5,,古代,,古代,,,,xlsx-xml,
hsk2015,sheet:新HSK5000词;row:1545,1544,5,5,,古典,,古典,,,,xlsx-xml,
hsk2015,sheet:新HSK5000词;row:1546,1545,5,5,,股票,,股票,,,,xlsx-xml,
hsk2015,sheet:新HSK5000词;row:1547,1546,5,5,,骨头,,骨头,,,,xlsx-xml,
hsk2015,sheet:新HSK5000词;row:1548,1547,5,5,,鼓舞,,鼓舞,,,,xlsx-xml,
hsk2015,sheet:新HSK5000词;row:1549,1548,5,5,,鼓掌,,鼓掌,,,,xlsx-xml,
hsk2015,sheet:新HSK5000词;row:1550,1549,5,5,,固定,,固定,,,,xlsx-xml,
hsk2015,sheet:新HSK5000词;row:1551,1550,5,5,,挂号,,挂号,,,,xlsx-xml,
hsk2015,sheet:新HSK5000词;row:1552,1551,5,5,,乖,,乖,,,,xlsx-xml,
hsk2015,sheet:新HSK5000词;row:1553,1552,5,5,,拐弯,,拐弯,,,,xlsx-xml,
hsk2015,sheet:新HSK5000词;row:1554,1553,5,5,,怪不得,,怪不得,,,,xlsx-xml,
hsk2015,sheet:新HSK5000词;row:1555,1554,5,5,,关闭,,关闭,,,,xlsx-xml,
hsk2015,sheet:新HSK5000词;row:1556,1555,5,5,,观察,,观察,,,,xlsx-xml,
hsk2015,sheet:新HSK5000词;row:1557,1556,5,5,,观点,,观点,,,,xlsx-xml,
hsk2015,sheet:新HSK5000词;row:1558,1557,5,5,,观念,,观念,,,,xlsx-xml,
hsk2015,sheet:新HSK5000词;row:1559,1558,5,5,,官,,官,,,,xlsx-xml,
hsk2015,sheet:新HSK5000词;row:1560,1559,5,5,,管子,,管子,,,,xlsx-xml,
hsk2015,sheet:新HSK5000词;row:1561,1560,5,5,,冠军,,冠军,,,,xlsx-xml,
hsk2015,sheet:新HSK5000词;row:1562,1561,5,5,,光滑,,光滑,,,,xlsx-xml,
hsk2015,sheet:新HSK5000词;row:1563,1562,5,5,,光临,,光临,,,,xlsx-xml,
hsk2015,sheet:新HSK5000词;row:1564,1563,5,5,,光明,,光明,,,,xlsx-xml,
hsk2015,sheet:新HSK5000词;row:1565,1564,5,5,,光盘,,光盘,,,,xlsx-xml,
hsk2015,sheet:新HSK5000词;row:1566,1565,5,5,,广场,,广场,,,,xlsx-xml,
hsk2015,sheet:新HSK5000词;row:1567,1566,5,5,,广大,,广大,,,,xlsx-xml,
hsk2015,sheet:新HSK5000词;row:1568,1567,5,5,,广泛,,广泛,,,,xlsx-xml,
hsk2015,sheet:新HSK5000词;row:1569,1568,5,5,,归纳,,归纳,,,,xlsx-xml,
hsk2015,sheet:新HSK5000词;row:1570,1569,5,5,,规矩,,规矩,,,,xlsx-xml,
hsk2015,sheet:新HSK5000词;row:1571,1570,5,5,,规律,,规律,,,,xlsx-xml,
hsk2015,sheet:新HSK5000词;row:1572,1571,5,5,,规模,,规模,,,,xlsx-xml,
hsk2015,sheet:新HSK5000词;row:1573,1572,5,5,,规则,,规则,,,,xlsx-xml,
hsk2015,sheet:新HSK5000词;row:1574,1573,5,5,,柜台,,柜台,,,,xlsx-xml,
hsk2015,sheet:新HSK5000词;row:1575,1574,5,5,,滚,,滚,,,,xlsx-xml,
hsk2015,sheet:新HSK5000词;row:1576,1575,5,5,,锅,,锅,,,,xlsx-xml,
hsk2015,sheet:新HSK5000词;row:1577,1576,5,5,,国庆节,,国庆节,,,,xlsx-xml,
hsk2015,sheet:新HSK5000词;row:1578,1577,5,5,,国王,,国王,,,,xlsx-xml,
hsk2015,sheet:新HSK5000词;row:1579,1578,5,5,,果然,,果然,,,,xlsx-xml,
hsk2015,sheet:新HSK5000词;row:1580,1579,5,5,,果实,,果实,,,,xlsx-xml,
hsk2015,sheet:新HSK5000词;row:1581,1580,5,5,,过分,,过分,,,,xlsx-xml,
hsk2015,sheet:新HSK5000词;row:1582,1581,5,5,,过敏,,过敏,,,,xlsx-xml,
hsk2015,sheet:新HSK5000词;row:1583,1582,5,5,,过期,,过期,,,,xlsx-xml,
hsk2015,sheet:新HSK5000词;row:1584,1583,5,5,,哈,,哈,,,,xlsx-xml,
hsk2015,sheet:新HSK5000词;row:1585,1584,5,5,,海关,,海关,,,,xlsx-xml,
hsk2015,sheet:新HSK5000词;row:1586,1585,5,5,,海鲜,,海鲜,,,,xlsx-xml,
hsk2015,sheet:新HSK5000词;row:1587,1586,5,5,,喊,,喊,,,,xlsx-xml,
hsk2015,sheet:新HSK5000词;row:1588,1587,5,5,,行业,,行业,,,,xlsx-xml,
hsk2015,sheet:新HSK5000词;row:1589,1588,5,5,,豪华,,豪华,,,,xlsx-xml,
hsk2015,sheet:新HSK5000词;row:1590,1589,5,5,,好客,,好客,,,,xlsx-xml,
hsk2015,sheet:新HSK5000词;row:1591,1590,5,5,,好奇,,好奇,,,,xlsx-xml,
hsk2015,sheet:新HSK5000词;row:1592,1591,5,5,,合法,,合法,,,,xlsx-xml,
hsk2015,sheet:新HSK5000词;row:1593,1592,5,5,,合理,,合理,,,,xlsx-xml,
hsk2015,sheet:新HSK5000词;row:1594,1593,5,5,,合同,,合同,,,,xlsx-xml,
hsk2015,sheet:新HSK5000词;row:1595,1594,5,5,,合影,,合影,,,,xlsx-xml,
hsk2015,sheet:新HSK5000词;row:1596,1595,5,5,,合作,,合作,,,,xlsx-xml,
hsk2015,sheet:新HSK5000词;row:1597,1596,5,5,,何必,,何必,,,,xlsx-xml,
hsk2015,sheet:新HSK5000词;row:1598,1597,5,5,,何况,,何况,,,,xlsx-xml,
hsk2015,sheet:新HSK5000词;row:1599,1598,5,5,,和平,,和平,,,,xlsx-xml,
hsk2015,sheet:新HSK5000词;row:1600,1599,5,5,,核心,,核心,,,,xlsx-xml,
hsk2015,sheet:新HSK5000词;row:1601,1600,5,5,,恨,,恨,,,,xlsx-xml,
hsk2015,sheet:新HSK5000词;row:1602,1601,5,5,,猴子,,猴子,,,,xlsx-xml,
hsk2015,sheet:新HSK5000词;row:1603,1602,5,5,,后背,,后背,,,,xlsx-xml,
hsk2015,sheet:新HSK5000词;row:1604,1603,5,5,,后果,,后果,,,,xlsx-xml,
hsk2015,sheet:新HSK5000词;row:1605,1604,5,5,,呼吸,,呼吸,,,,xlsx-xml,
hsk2015,sheet:新HSK5000词;row:1606,1605,5,5,,忽然,,忽然,,,,xlsx-xml,
hsk2015,sheet:新HSK5000词;row:1607,1606,5,5,,忽视,,忽视,,,,xlsx-xml,
hsk2015,sheet:新HSK5000词;row:1608,1607,5,5,,胡说,,胡说,,,,xlsx-xml,
hsk2015,sheet:新HSK5000词;row:1609,1608,5,5,,胡同,,胡同,,,,xlsx-xml,
hsk2015,sheet:新HSK5000词;row:1610,1609,5,5,,壶,,壶,,,,xlsx-xml,
hsk2015,sheet:新HSK5000词;row:1611,1610,5,5,,蝴蝶,,蝴蝶,,,,xlsx-xml,
hsk2015,sheet:新HSK5000词;row:1612,1611,5,5,,糊涂,,糊涂,,,,xlsx-xml,
hsk2015,sheet:新HSK5000词;row:1613,1612,5,5,,花生,,花生,,,,xlsx-xml,
hsk2015,sheet:新HSK5000词;row:1614,1613,5,5,,划,,划,,,,xlsx-xml,
hsk2015,sheet:新HSK5000词;row:1615,1614,5,5,,华裔,,华裔,,,,xlsx-xml,
hsk2015,sheet:新HSK5000词;row:1616,1615,5,5,,滑,,滑,,,,xlsx-xml,
hsk2015,sheet:新HSK5000词;row:1617,1616,5,5,,化学,,化学,,,,xlsx-xml,
hsk2015,sheet:新HSK5000词;row:1618,1617,5,5,,话题,,话题,,,,xlsx-xml,
hsk2015,sheet:新HSK5000词;row:1619,1618,5,5,,怀念,,怀念,,,,xlsx-xml,
hsk2015,sheet:新HSK5000词;row:1620,1619,5,5,,怀孕,,怀孕,,,,xlsx-xml,
hsk2015,sheet:新HSK5000词;row:1621,1620,5,5,,缓解,,缓解,,,,xlsx-xml,
hsk2015,sheet:新HSK5000词;row:1622,1621,5,5,,幻想,,幻想,,,,xlsx-xml,
hsk2015,sheet:新HSK5000词;row:1623,1622,5,5,,慌张,,慌张,,,,xlsx-xml,
hsk2015,sheet:新HSK5000词;row:1624,1623,5,5,,黄金,,黄金,,,,xlsx-xml,
hsk2015,sheet:新HSK5000词;row:1625,1624,5,5,,灰,,灰,,,,xlsx-xml,
hsk2015,sheet:新HSK5000词;row:1626,1625,5,5,,灰尘,,灰尘,,,,xlsx-xml,
hsk2015,sheet:新HSK5000词;row:1627,1626,5,5,,灰心,,灰心,,,,xlsx-xml,
hsk2015,sheet:新HSK5000词;row:1628,1627,5,5,,挥,,挥,,,,xlsx-xml,
hsk2015,sheet:新HSK5000词;row:1629,1628,5,5,,恢复,,恢复,,,,xlsx-xml,
hsk2015,sheet:新HSK5000词;row:1630,1629,5,5,,汇率,,汇率,,,,xlsx-xml,
hsk2015,sheet:新HSK5000词;row:1631,1630,5,5,,婚礼,,婚礼,,,,xlsx-xml,
hsk2015,sheet:新HSK5000词;row:1632,1631,5,5,,婚姻,,婚姻,,,,xlsx-xml,
hsk2015,sheet:新HSK5000词;row:1633,1632,5,5,,活跃,,活跃,,,,xlsx-xml,
hsk2015,sheet:新HSK5000词;row:1634,1633,5,5,,火柴,,火柴,,,,xlsx-xml,
hsk2015,sheet:新HSK5000词;row:1635,1634,5,5,,伙伴,,伙伴,,,,xlsx-xml,
hsk2015,sheet:新HSK5000词;row:1636,1635,5,5,,或许,,或许,,,,xlsx-xml,
hsk2015,sheet:新HSK5000词;row:1637,1636,5,5,,机器,,机器,,,,xlsx-xml,
hsk2015,sheet:新HSK5000词;row:1638,1637,5,5,,肌肉,,肌肉,,,,xlsx-xml,
hsk2015,sheet:新HSK5000词;row:1639,1638,5,5,,基本,,基本,,,,xlsx-xml,
hsk2015,sheet:新HSK5000词;row:1640,1639,5,5,,激烈,,激烈,,,,xlsx-xml,
hsk2015,sheet:新HSK5000词;row:1641,1640,5,5,,及格,,及格,,,,xlsx-xml,
hsk2015,sheet:新HSK5000词;row:1642,1641,5,5,,极其,,极其,,,,xlsx-xml,
hsk2015,sheet:新HSK5000词;row:1643,1642,5,5,,急忙,,急忙,,,,xlsx-xml,
hsk2015,sheet:新HSK5000词;row:1644,1643,5,5,,急诊,,急诊,,,,xlsx-xml,
hsk2015,sheet:新HSK5000词;row:1645,1644,5,5,,集合,,集合,,,,xlsx-xml,
hsk2015,sheet:新HSK5000词;row:1646,1645,5,5,,集体,,集体,,,,xlsx-xml,
hsk2015,sheet:新HSK5000词;row:1647,1646,5,5,,集中,,集中,,,,xlsx-xml,
hsk2015,sheet:新HSK5000词;row:1648,1647,5,5,,计算,,计算,,,,xlsx-xml,
hsk2015,sheet:新HSK5000词;row:1649,1648,5,5,,记录,,记录,,,,xlsx-xml,
hsk2015,sheet:新HSK5000词;row:1650,1649,5,5,,记忆,,记忆,,,,xlsx-xml,
hsk2015,sheet:新HSK5000词;row:1651,1650,5,5,,纪录,,纪录,,,,xlsx-xml,
hsk2015,sheet:新HSK5000词;row:1652,1651,5,5,,纪律,,纪律,,,,xlsx-xml,
hsk2015,sheet:新HSK5000词;row:1653,1652,5,5,,纪念,,纪念,,,,xlsx-xml,
hsk2015,sheet:新HSK5000词;row:1654,1653,5,5,,系领带,,系领带,,,,xlsx-xml,
hsk2015,sheet:新HSK5000词;row:1655,1654,5,5,,寂寞,,寂寞,,,,xlsx-xml,
hsk2015,sheet:新HSK5000词;row:1656,1655,5,5,,夹子,,夹子,,,,xlsx-xml,
hsk2015,sheet:新HSK5000词;row:1657,1656,5,5,,家庭,,家庭,,,,xlsx-xml,
hsk2015,sheet:新HSK5000词;row:1658,1657,5,5,,家务,,家务,,,,xlsx-xml,
hsk2015,sheet:新HSK5000词;row:1659,1658,5,5,,家乡,,家乡,,,,xlsx-xml,
hsk2015,sheet:新HSK5000词;row:1660,1659,5,5,,嘉宾,,嘉宾,,,,xlsx-xml,
hsk2015,sheet:新HSK5000词;row:1661,1660,5,5,,甲,,甲,,,,xlsx-xml,
hsk2015,sheet:新HSK5000词;row:1662,1661,5,5,,假如,,假如,,,,xlsx-xml,
hsk2015,sheet:新HSK5000词;row:1663,1662,5,5,,假设,,假设,,,,xlsx-xml,
hsk2015,sheet:新HSK5000词;row:1664,1663,5,5,,假装,,假装,,,,xlsx-xml,
hsk2015,sheet:新HSK5000词;row:1665,1664,5,5,,价值,,价值,,,,xlsx-xml,
hsk2015,sheet:新HSK5000词;row:1666,1665,5,5,,驾驶,,驾驶,,,,xlsx-xml,
hsk2015,sheet:新HSK5000词;row:1667,1666,5,5,,嫁,,嫁,,,,xlsx-xml,
hsk2015,sheet:新HSK5000词;row:1668,1667,5,5,,坚决,,坚决,,,,xlsx-xml,
hsk2015,sheet:新HSK5000词;row:1669,1668,5,5,,坚强,,坚强,,,,xlsx-xml,
hsk2015,sheet:新HSK5000词;row:1670,1669,5,5,,肩膀,,肩膀,,,,xlsx-xml,
hsk2015,sheet:新HSK5000词;row:1671,1670,5,5,,艰巨,,艰巨,,,,xlsx-xml,
hsk2015,sheet:新HSK5000词;row:1672,1671,5,5,,艰苦,,艰苦,,,,xlsx-xml,
hsk2015,sheet:新HSK5000词;row:1673,1672,5,5,,兼职,,兼职,,,,xlsx-xml,
hsk2015,sheet:新HSK5000词;row:1674,1673,5,5,,捡,,捡,,,,xlsx-xml,
hsk2015,sheet:新HSK5000词;row:1675,1674,5,5,,剪刀,,剪刀,,,,xlsx-xml,
hsk2015,sheet:新HSK5000词;row:1676,1675,5,5,,简历,,简历,,,,xlsx-xml,
hsk2015,sheet:新HSK5000词;row:1677,1676,5,5,,简直,,简直,,,,xlsx-xml,
hsk2015,sheet:新HSK5000词;row:1678,1677,5,5,,建立,,建立,,,,xlsx-xml,
hsk2015,sheet:新HSK5000词;row:1679,1678,5,5,,建设,,建设,,,,xlsx-xml,
hsk2015,sheet:新HSK5000词;row:1680,1679,5,5,,建筑,,建筑,,,,xlsx-xml,
hsk2015,sheet:新HSK5000词;row:1681,1680,5,5,,健身,,健身,,,,xlsx-xml,
hsk2015,sheet:新HSK5000词;row:1682,1681,5,5,,键盘,,键盘,,,,xlsx-xml,
hsk2015,sheet:新HSK5000词;row:1683,1682,5,5,,讲究,,讲究,,,,xlsx-xml,
hsk2015,sheet:新HSK5000词;row:1684,1683,5,5,,讲座,,讲座,,,,xlsx-xml,
hsk2015,sheet:新HSK5000词;row:1685,1684,5,5,,酱油,,酱油,,,,xlsx-xml,
hsk2015,sheet:新HSK5000词;row:1686,1685,5,5,,交换,,交换,,,,xlsx-xml,
hsk2015,sheet:新HSK5000词;row:1687,1686,5,5,,交际,,交际,,,,xlsx-xml,
hsk2015,sheet:新HSK5000词;row:1688,1687,5,5,,交往,,交往,,,,xlsx-xml,
hsk2015,sheet:新HSK5000词;row:1689,1688,5,5,,浇,,浇,,,,xlsx-xml,
hsk2015,sheet:新HSK5000词;row:1690,1689,5,5,,胶水,,胶水,,,,xlsx-xml,
hsk2015,sheet:新HSK5000词;row:1691,1690,5,5,,角度,,角度,,,,xlsx-xml,
hsk2015,sheet:新HSK5000词;row:1692,1691,5,5,,狡猾,,狡猾,,,,xlsx-xml,
hsk2015,sheet:新HSK5000词;row:1693,1692,5,5,,教材,,教材,,,,xlsx-xml,
hsk2015,sheet:新HSK5000词;row:1694,1693,5,5,,教练,,教练,,,,xlsx-xml,
hsk2015,sheet:新HSK5000词;row:1695,1694,5,5,,教训,,教训,,,,xlsx-xml,
hsk2015,sheet:新HSK5000词;row:1696,1695,5,5,,阶段,,阶段,,,,xlsx-xml,
hsk2015,sheet:新HSK5000词;row:1697,1696,5,5,,结实,,结实,,,,xlsx-xml,
hsk2015,sheet:新HSK5000词;row:1698,1697,5,5,,接触,,接触,,,,xlsx-xml,
hsk2015,sheet:新HSK5000词;row:1699,1698,5,5,,接待,,接待,,,,xlsx-xml,
hsk2015,sheet:新HSK5000词;row:1700,1699,5,5,,接近,,接近,,,,xlsx-xml,
hsk2015,sheet:新HSK5000词;row:1701,1700,5,5,,节省,,节省,,,,xlsx-xml,
hsk2015,sheet:新HSK5000词;row:1702,1701,5,5,,结构,,结构,,,,xlsx-xml,
hsk2015,sheet:新HSK5000词;row:1703,1702,5,5,,结合,,结合,,,,xlsx-xml,
hsk2015,sheet:新HSK5000词;row:1704,1703,5,5,,结论,,结论,,,,xlsx-xml,
hsk2015,sheet:新HSK5000词;row:1705,1704,5,5,,结账,,结账,,,,xlsx-xml,
hsk2015,sheet:新HSK5000词;row:1706,1705,5,5,,戒,,戒,,,,xlsx-xml,
hsk2015,sheet:新HSK5000词;row:1707,1706,5,5,,戒指,,戒指,,,,xlsx-xml,
hsk2015,sheet:新HSK5000词;row:1708,1707,5,5,,届,,届,,,,xlsx-xml,
hsk2015,sheet:新HSK5000词;row:1709,1708,5,5,,借口,,借口,,,,xlsx-xml,
hsk2015,sheet:新HSK5000词;row:1710,1709,5,5,,金属,,金属,,,,xlsx-xml,
hsk2015,sheet:新HSK5000词;row:1711,1710,5,5,,尽快,,尽快,,,,xlsx-xml,
hsk2015,sheet:新HSK5000词;row:1712,1711,5,5,,尽量,,尽量,,,,xlsx-xml,
hsk2015,sheet:新HSK5000词;row:1713,1712,5,5,,紧急,,紧急,,,,xlsx-xml,
hsk2015,sheet:新HSK5000词;row:1714,1713,5,5,,谨慎,,谨慎,,,,xlsx-xml,
hsk2015,sheet:新HSK5000词;row:1715,1714,5,5,,尽力,,尽力,,,,xlsx-xml,
hsk2015,sheet:新HSK5000词;row:1716,1715,5,5,,进步,,进步,,,,xlsx-xml,
hsk2015,sheet:新HSK5000词;row:1717,1716,5,5,,进口,,进口,,,,xlsx-xml,
hsk2015,sheet:新HSK5000词;row:1718,1717,5,5,,近代,,近代,,,,xlsx-xml,
hsk2015,sheet:新HSK5000词;row:1719,1718,5,5,,经典,,经典,,,,xlsx-xml,
hsk2015,sheet:新HSK5000词;row:1720,1719,5,5,,经商,,经商,,,,xlsx-xml,
hsk2015,sheet:新HSK5000词;row:1721,1720,5,5,,经营,,经营,,,,xlsx-xml,
hsk2015,sheet:新HSK5000词;row:1722,1721,5,5,,精力,,精力,,,,xlsx-xml,
hsk2015,sheet:新HSK5000词;row:1723,1722,5,5,,精神,,精神,,,,xlsx-xml,
hsk2015,sheet:新HSK5000词;row:1724,1723,5,5,,酒吧,,酒吧,,,,xlsx-xml,
hsk2015,sheet:新HSK5000词;row:1725,1724,5,5,,救,,救,,,,xlsx-xml,
hsk2015,sheet:新HSK5000词;row:1726,1725,5,5,,救护车,,救护车,,,,xlsx-xml,
hsk2015,sheet:新HSK5000词;row:1727,1726,5,5,,舅舅,,舅舅,,,,xlsx-xml,
hsk2015,sheet:新HSK5000词;row:1728,1727,5,5,,居然,,居然,,,,xlsx-xml,
hsk2015,sheet:新HSK5000词;row:1729,1728,5,5,,桔子,,桔子,,,,xlsx-xml,
hsk2015,sheet:新HSK5000词;row:1730,1729,5,5,,巨大,,巨大,,,,xlsx-xml,
hsk2015,sheet:新HSK5000词;row:1731,1730,5,5,,具备,,具备,,,,xlsx-xml,
hsk2015,sheet:新HSK5000词;row:1732,1731,5,5,,具体,,具体,,,,xlsx-xml,
hsk2015,sheet:新HSK5000词;row:1733,1732,5,5,,俱乐部,,俱乐部,,,,xlsx-xml,
hsk2015,sheet:新HSK5000词;row:1734,1733,5,5,,据说,,据说,,,,xlsx-xml,
hsk2015,sheet:新HSK5000词;row:1735,1734,5,5,,捐,,捐,,,,xlsx-xml,
hsk2015,sheet:新HSK5000词;row:1736,1735,5,5,,决赛,,决赛,,,,xlsx-xml,
hsk2015,sheet:新HSK5000词;row:1737,1736,5,5,,决心,,决心,,,,xlsx-xml,
hsk2015,sheet:新HSK5000词;row:1738,1737,5,5,,角色,,角色,,,,xlsx-xml,
hsk2015,sheet:新HSK5000词;row:1739,1738,5,5,,绝对,,绝对,,,,xlsx-xml,
hsk2015,sheet:新HSK5000词;row:1740,1739,5,5,,军事,,军事,,,,xlsx-xml,
hsk2015,sheet:新HSK5000词;row:1741,1740,5,5,,均匀,,均匀,,,,xlsx-xml,
hsk2015,sheet:新HSK5000词;row:1742,1741,5,5,,卡车,,卡车,,,,xlsx-xml,
hsk2015,sheet:新HSK5000词;row:1743,1742,5,5,,开发,,开发,,,,xlsx-xml,
hsk2015,sheet:新HSK5000词;row:1744,1743,5,5,,开放,,开放,,,,xlsx-xml,
hsk2015,sheet:新HSK5000词;row:1745,1744,5,5,,开幕式,,开幕式,,,,xlsx-xml,
hsk2015,sheet:新HSK5000词;row:1746,1745,5,5,,开水,,开水,,,,xlsx-xml,
hsk2015,sheet:新HSK5000词;row:1747,1746,5,5,,砍,,砍,,,,xlsx-xml,
hsk2015,sheet:新HSK5000词;row:1748,1747,5,5,,看不起,,看不起,,,,xlsx-xml,
hsk2015,sheet:新HSK5000词;row:1749,1748,5,5,,看望,,看望,,,,xlsx-xml,
hsk2015,sheet:新HSK5000词;row:1750,1749,5,5,,靠,,靠,,,,xlsx-xml,
hsk2015,sheet:新HSK5000词;row:1751,1750,5,5,,颗,,颗,,,,xlsx-xml,
hsk2015,sheet:新HSK5000词;row:1752,1751,5,5,,可见,,可见,,,,xlsx-xml,
hsk2015,sheet:新HSK5000词;row:1753,1752,5,5,,可靠,,可靠,,,,xlsx-xml,
hsk2015,sheet:新HSK5000词;row:1754,1753,5,5,,可怕,,可怕,,,,xlsx-xml,
hsk2015,sheet:新HSK5000词;row:1755,1754,5,5,,克,,克,,,,xlsx-xml,
hsk2015,sheet:新HSK5000词;row:1756,1755,5,5,,克服,,克服,,,,xlsx-xml,
hsk2015,sheet:新HSK5000词;row:1757,1756,5,5,,刻苦,,刻苦,,,,xlsx-xml,
hsk2015,sheet:新HSK5000词;row:1758,1757,5,5,,客观,,客观,,,,xlsx-xml,
hsk2015,sheet:新HSK5000词;row:1759,1758,5,5,,课程,,课程,,,,xlsx-xml,
hsk2015,sheet:新HSK5000词;row:1760,1759,5,5,,空间,,空间,,,,xlsx-xml,
hsk2015,sheet:新HSK5000词;row:1761,1760,5,5,,空闲,,空闲,,,,xlsx-xml,
hsk2015,sheet:新HSK5000词;row:1762,1761,5,5,,控制,,控制,,,,xlsx-xml,
hsk2015,sheet:新HSK5000词;row:1763,1762,5,5,,口味,,口味,,,,xlsx-xml,
hsk2015,sheet:新HSK5000词;row:1764,1763,5,5,,夸,,夸,,,,xlsx-xml,
hsk2015,sheet:新HSK5000词;row:1765,1764,5,5,,夸张,,夸张,,,,xlsx-xml,
hsk2015,sheet:新HSK5000词;row:1766,1765,5,5,,会计,,会计,,,,xlsx-xml,
hsk2015,sheet:新HSK5000词;row:1767,1766,5,5,,宽,,宽,,,,xlsx-xml,
hsk2015,sheet:新HSK5000词;row:1768,1767,5,5,,昆虫,,昆虫,,,,xlsx-xml,
hsk2015,sheet:新HSK5000词;row:1769,1768,5,5,,扩大,,扩大,,,,xlsx-xml,
hsk2015,sheet:新HSK5000词;row:1770,1769,5,5,,辣椒,,辣椒,,,,xlsx-xml,
hsk2015,sheet:新HSK5000词;row:1771,1770,5,5,,拦,,拦,,,,xlsx-xml,
hsk2015,sheet:新HSK5000词;row:1772,1771,5,5,,烂,,烂,,,,xlsx-xml,
hsk2015,sheet:新HSK5000词;row:1773,1772,5,5,,朗读,,朗读,,,,xlsx-xml,
hsk2015,sheet:新HSK5000词;row:1774,1773,5,5,,劳动,,劳动,,,,xlsx-xml,
hsk2015,sheet:新HSK5000词;row:1775,1774,5,5,,劳驾,,劳驾,,,,xlsx-xml,
hsk2015,sheet:新HSK5000词;row:1776,1775,5,5,,老百姓,,老百姓,,,,xlsx-xml,
hsk2015,sheet:新HSK5000词;row:1777,1776,5,5,,老板,,老板,,,,xlsx-xml,
hsk2015,sheet:新HSK5000词;row:1778,1777,5,5,,老婆,,老婆,,,,xlsx-xml,
hsk2015,sheet:新HSK5000词;row:1779,1778,5,5,,老实,,老实,,,,xlsx-xml,
hsk2015,sheet:新HSK5000词;row:1780,1779,5,5,,老鼠,,老鼠,,,,xlsx-xml,
hsk2015,sheet:新HSK5000词;row:1781,1780,5,5,,姥姥,,姥姥,,,,xlsx-xml,
hsk2015,sheet:新HSK5000词;row:1782,1781,5,5,,乐观,,乐观,,,,xlsx-xml,
hsk2015,sheet:新HSK5000词;row:1783,1782,5,5,,雷,,雷,,,,xlsx-xml,
hsk2015,sheet:新HSK5000词;row:1784,1783,5,5,,类型,,类型,,,,xlsx-xml,
hsk2015,sheet:新HSK5000词;row:1785,1784,5,5,,冷淡,,冷淡,,,,xlsx-xml,
hsk2015,sheet:新HSK5000词;row:1786,1785,5,5,,厘米,,厘米,,,,xlsx-xml,
hsk2015,sheet:新HSK5000词;row:1787,1786,5,5,,离婚,,离婚,,,,xlsx-xml,
hsk2015,sheet:新HSK5000词;row:1788,1787,5,5,,梨,,梨,,,,xlsx-xml,
hsk2015,sheet:新HSK5000词;row:1789,1788,5,5,,理论,,理论,,,,xlsx-xml,
hsk2015,sheet:新HSK5000词;row:1790,1789,5,5,,理由,,理由,,,,xlsx-xml,
hsk2015,sheet:新HSK5000词;row:1791,1790,5,5,,力量,,力量,,,,xlsx-xml,
hsk2015,sheet:新HSK5000词;row:1792,1791,5,5,,立即,,立即,,,,xlsx-xml,
hsk2015,sheet:新HSK5000词;row:1793,1792,5,5,,立刻,,立刻,,,,xlsx-xml,
hsk2015,sheet:新HSK5000词;row:1794,1793,5,5,,利润,,利润,,,,xlsx-xml,
hsk2015,sheet:新HSK5000词;row:1795,1794,5,5,,利息,,利息,,,,xlsx-xml,
hsk2015,sheet:新HSK5000词;row:1796,1795,5,5,,利益,,利益,,,,xlsx-xml,
hsk2015,sheet:新HSK5000词;row:1797,1796,5,5,,利用,,利用,,,,xlsx-xml,
hsk2015,sheet:新HSK5000词;row:1798,1797,5,5,,连忙,,连忙,,,,xlsx-xml,
hsk2015,sheet:新HSK5000词;row:1799,1798,5,5,,连续,,连续,,,,xlsx-xml,
hsk2015,sheet:新HSK5000词;row:1800,1799,5,5,,联合,,联合,,,,xlsx-xml,
hsk2015,sheet:新HSK5000词;row:1801,1800,5,5,,恋爱,,恋爱,,,,xlsx-xml,
hsk2015,sheet:新HSK5000词;row:1802,1801,5,5,,良好,,良好,,,,xlsx-xml,
hsk2015,sheet:新HSK5000词;row:1803,1802,5,5,,粮食,,粮食,,,,xlsx-xml,
hsk2015,sheet:新HSK5000词;row:1804,1803,5,5,,亮,,亮,,,,xlsx-xml,
hsk2015,sheet:新HSK5000词;row:1805,1804,5,5,,了不起,,了不起,,,,xlsx-xml,
hsk2015,sheet:新HSK5000词;row:1806,1805,5,5,,列车,,列车,,,,xlsx-xml,
hsk2015,sheet:新HSK5000词;row:1807,1806,5,5,,临时,,临时,,,,xlsx-xml,
hsk2015,sheet:新HSK5000词;row:1808,1807,5,5,,灵活,,灵活,,,,xlsx-xml,
hsk2015,sheet:新HSK5000词;row:1809,1808,5,5,,铃,,铃,,,,xlsx-xml,
hsk2015,sheet:新HSK5000词;row:1810,1809,5,5,,零件,,零件,,,,xlsx-xml,
hsk2015,sheet:新HSK5000词;row:1811,1810,5,5,,零食,,零食,,,,xlsx-xml,
hsk2015,sheet:新HSK5000词;row:1812,1811,5,5,,领导,,领导,,,,xlsx-xml,
hsk2015,sheet:新HSK5000词;row:1813,1812,5,5,,领域,,领域,,,,xlsx-xml,
hsk2015,sheet:新HSK5000词;row:1814,1813,5,5,,浏览,,浏览,,,,xlsx-xml,
hsk2015,sheet:新HSK5000词;row:1815,1814,5,5,,流传,,流传,,,,xlsx-xml,
hsk2015,sheet:新HSK5000词;row:1816,1815,5,5,,流泪,,流泪,,,,xlsx-xml,
hsk2015,sheet:新HSK5000词;row:1817,1816,5,5,,龙,,龙,,,,xlsx-xml,
hsk2015,sheet:新HSK5000词;row:1818,1817,5,5,,漏,,漏,,,,xlsx-xml,
hsk2015,sheet:新HSK5000词;row:1819,1818,5,5,,陆地,,陆地,,,,xlsx-xml,
hsk2015,sheet:新HSK5000词;row:1820,1819,5,5,,陆续,,陆续,,,,xlsx-xml,
hsk2015,sheet:新HSK5000词;row:1821,1820,5,5,,录取,,录取,,,,xlsx-xml,
hsk2015,sheet:新HSK5000词;row:1822,1821,5,5,,录音,,录音,,,,xlsx-xml,
hsk2015,sheet:新HSK5000词;row:1823,1822,5,5,,轮流,,轮流,,,,xlsx-xml,
hsk2015,sheet:新HSK5000词;row:1824,1823,5,5,,论文,,论文,,,,xlsx-xml,
hsk2015,sheet:新HSK5000词;row:1825,1824,5,5,,逻辑,,逻辑,,,,xlsx-xml,
hsk2015,sheet:新HSK5000词;row:1826,1825,5,5,,落后,,落后,,,,xlsx-xml,
hsk2015,sheet:新HSK5000词;row:1827,1826,5,5,,骂,,骂,,,,xlsx-xml,
hsk2015,sheet:新HSK5000词;row:1828,1827,5,5,,麦克风,,麦克风,,,,xlsx-xml,
hsk2015,sheet:新HSK5000词;row:1829,1828,5,5,,馒头,,馒头,,,,xlsx-xml,
hsk2015,sheet:新HSK5000词;row:1830,1829,5,5,,满足,,满足,,,,xlsx-xml,
hsk2015,sheet:新HSK5000词;row:1831,1830,5,5,,毛病,,毛病,,,,xlsx-xml,
hsk2015,sheet:新HSK5000词;row:1832,1831,5,5,,矛盾,,矛盾,,,,xlsx-xml,
hsk2015,sheet:新HSK5000词;row:1833,1832,5,5,,冒险,,冒险,,,,xlsx-xml,
hsk2015,sheet:新HSK5000词;row:1834,1833,5,5,,贸易,,贸易,,,,xlsx-xml,
hsk2015,sheet:新HSK5000词;row:1835,1834,5,5,,眉毛,,眉毛,,,,xlsx-xml,
hsk2015,sheet:新HSK5000词;row:1836,1835,5,5,,媒体,,媒体,,,,xlsx-xml,
hsk2015,sheet:新HSK5000词;row:1837,1836,5,5,,煤炭,,煤炭,,,,xlsx-xml,
hsk2015,sheet:新HSK5000词;row:1838,1837,5,5,,美术,,美术,,,,xlsx-xml,
hsk2015,sheet:新HSK5000词;row:1839,1838,5,5,,魅力,,魅力,,,,xlsx-xml,
hsk2015,sheet:新HSK5000词;row:1840,1839,5,5,,梦想,,梦想,,,,xlsx-xml,
hsk2015,sheet:新HSK5000词;row:1841,1840,5,5,,秘密,,秘密,,,,xlsx-xml,
hsk2015,sheet:新HSK5000词;row:1842,1841,5,5,,秘书,,秘书,,,,xlsx-xml,
hsk2015,sheet:新HSK5000词;row:1843,1842,5,5,,密切,,密切,,,,xlsx-xml,
hsk2015,sheet:新HSK5000词;row:1844,1843,5,5,,蜜蜂,,蜜蜂,,,,xlsx-xml,
hsk2015,sheet:新HSK5000词;row:1845,1844,5,5,,面对,,面对,,,,xlsx-xml,
hsk2015,sheet:新HSK5000词;row:1846,1845,5,5,,面积,,面积,,,,xlsx-xml,
hsk2015,sheet:新HSK5000词;row:1847,1846,5,5,,面临,,面临,,,,xlsx-xml,
hsk2015,sheet:新HSK5000词;row:1848,1847,5,5,,苗条,,苗条,,,,xlsx-xml,
hsk2015,sheet:新HSK5000词;row:1849,1848,5,5,,描写,,描写,,,,xlsx-xml,
hsk2015,sheet:新HSK5000词;row:1850,1849,5,5,,敏感,,敏感,,,,xlsx-xml,
hsk2015,sheet:新HSK5000词;row:1851,1850,5,5,,名牌,,名牌,,,,xlsx-xml,
hsk2015,sheet:新HSK5000词;row:1852,1851,5,5,,名片,,名片,,,,xlsx-xml,
hsk2015,sheet:新HSK5000词;row:1853,1852,5,5,,名胜古迹,,名胜古迹,,,,xlsx-xml,
hsk2015,sheet:新HSK5000词;row:1854,1853,5,5,,明确,,明确,,,,xlsx-xml,
hsk2015,sheet:新HSK5000词;row:1855,1854,5,5,,明显,,明显,,,,xlsx-xml,
hsk2015,sheet:新HSK5000词;row:1856,1855,5,5,,明星,,明星,,,,xlsx-xml,
hsk2015,sheet:新HSK5000词;row:1857,1856,5,5,,命令,,命令,,,,xlsx-xml,
hsk2015,sheet:新HSK5000词;row:1858,1857,5,5,,命运,,命运,,,,xlsx-xml,
hsk2015,sheet:新HSK5000词;row:1859,1858,5,5,,摸,,摸,,,,xlsx-xml,
hsk2015,sheet:新HSK5000词;row:1860,1859,5,5,,模仿,,模仿,,,,xlsx-xml,
hsk2015,sheet:新HSK5000词;row:1861,1860,5,5,,模糊,,模糊,,,,xlsx-xml,
hsk2015,sheet:新HSK5000词;row:1862,1861,5,5,,模特,,模特,,,,xlsx-xml,
hsk2015,sheet:新HSK5000词;row:1863,1862,5,5,,摩托车,,摩托车,,,,xlsx-xml,
hsk2015,sheet:新HSK5000词;row:1864,1863,5,5,,陌生,,陌生,,,,xlsx-xml,
hsk2015,sheet:新HSK5000词;row:1865,1864,5,5,,某,,某,,,,xlsx-xml,
hsk2015,sheet:新HSK5000词;row:1866,1865,5,5,,木头,,木头,,,,xlsx-xml,
hsk2015,sheet:新HSK5000词;row:1867,1866,5,5,,目标,,目标,,,,xlsx-xml,
hsk2015,sheet:新HSK5000词;row:1868,1867,5,5,,目录,,目录,,,,xlsx-xml,
hsk2015,sheet:新HSK5000词;row:1869,1868,5,5,,目前,,目前,,,,xlsx-xml,
hsk2015,sheet:新HSK5000词;row:1870,1869,5,5,,哪怕,,哪怕,,,,xlsx-xml,
hsk2015,sheet:新HSK5000词;row:1871,1870,5,5,,难怪,,难怪,,,,xlsx-xml,
hsk2015,sheet:新HSK5000词;row:1872,1871,5,5,,难免,,难免,,,,xlsx-xml,
hsk2015,sheet:新HSK5000词;row:1873,1872,5,5,,脑袋,,脑袋,,,,xlsx-xml,
hsk2015,sheet:新HSK5000词;row:1874,1873,5,5,,内部,,内部,,,,xlsx-xml,
hsk2015,sheet:新HSK5000词;row:1875,1874,5,5,,内科,,内科,,,,xlsx-xml,
hsk2015,sheet:新HSK5000词;row:1876,1875,5,5,,嫩,,嫩,,,,xlsx-xml,
hsk2015,sheet:新HSK5000词;row:1877,1876,5,5,,能干,,能干,,,,xlsx-xml,
hsk2015,sheet:新HSK5000词;row:1878,1877,5,5,,能源,,能源,,,,xlsx-xml,
hsk2015,sheet:新HSK5000词;row:1879,1878,5,5,,嗯,,嗯,,,,xlsx-xml,
hsk2015,sheet:新HSK5000词;row:1880,1879,5,5,,年代,,年代,,,,xlsx-xml,
hsk2015,sheet:新HSK5000词;row:1881,1880,5,5,,年纪,,年纪,,,,xlsx-xml,
hsk2015,sheet:新HSK5000词;row:1882,1881,5,5,,念,,念,,,,xlsx-xml,
hsk2015,sheet:新HSK5000词;row:1883,1882,5,5,,宁可,,宁可,,,,xlsx-xml,
hsk2015,sheet:新HSK5000词;row:1884,1883,5,5,,牛仔裤,,牛仔裤,,,,xlsx-xml,
hsk2015,sheet:新HSK5000词;row:1885,1884,5,5,,农村,,农村,,,,xlsx-xml,
hsk2015,sheet:新HSK5000词;row:1886,1885,5,5,,农民,,农民,,,,xlsx-xml,
hsk2015,sheet:新HSK5000词;row:1887,1886,5,5,,农业,,农业,,,,xlsx-xml,
hsk2015,sheet:新HSK5000词;row:1888,1887,5,5,,浓,,浓,,,,xlsx-xml,
hsk2015,sheet:新HSK5000词;row:1889,1888,5,5,,女士,,女士,,,,xlsx-xml,
hsk2015,sheet:新HSK5000词;row:1890,1889,5,5,,欧洲,,欧洲,,,,xlsx-xml,
hsk2015,sheet:新HSK5000词;row:1891,1890,5,5,,偶然,,偶然,,,,xlsx-xml,
hsk2015,sheet:新HSK5000词;row:1892,1891,5,5,,拍,,拍,,,,xlsx-xml,
hsk2015,sheet:新HSK5000词;row:1893,1892,5,5,,派,,派,,,,xlsx-xml,
hsk2015,sheet:新HSK5000词;row:1894,1893,5,5,,盼望,,盼望,,,,xlsx-xml,
hsk2015,sheet:新HSK5000词;row:1895,1894,5,5,,培训,,培训,,,,xlsx-xml,
hsk2015,sheet:新HSK5000词;row:1896,1895,5,5,,培养,,培养,,,,xlsx-xml,
hsk2015,sheet:新HSK5000词;row:1897,1896,5,5,,赔偿,,赔偿,,,,xlsx-xml,
hsk2015,sheet:新HSK5000词;row:1898,1897,5,5,,佩服,,佩服,,,,xlsx-xml,
hsk2015,sheet:新HSK5000词;row:1899,1898,5,5,,配合,,配合,,,,xlsx-xml,
hsk2015,sheet:新HSK5000词;row:1900,1899,5,5,,盆,,盆,,,,xlsx-xml,
hsk2015,sheet:新HSK5000词;row:1901,1900,5,5,,碰,,碰,,,,xlsx-xml,
hsk2015,sheet:新HSK5000词;row:1902,1901,5,5,,批,,批,,,,xlsx-xml,
hsk2015,sheet:新HSK5000词;row:1903,1902,5,5,,批准,,批准,,,,xlsx-xml,
hsk2015,sheet:新HSK5000词;row:1904,1903,5,5,,披,,披,,,,xlsx-xml,
hsk2015,sheet:新HSK5000词;row:1905,1904,5,5,,疲劳,,疲劳,,,,xlsx-xml,
hsk2015,sheet:新HSK5000词;row:1906,1905,5,5,,匹,,匹,,,,xlsx-xml,
hsk2015,sheet:新HSK5000词;row:1907,1906,5,5,,片,,片,,,,xlsx-xml,
hsk2015,sheet:新HSK5000词;row:1908,1907,5,5,,片面,,片面,,,,xlsx-xml,
hsk2015,sheet:新HSK5000词;row:1909,1908,5,5,,飘,,飘,,,,xlsx-xml,
hsk2015,sheet:新HSK5000词;row:1910,1909,5,5,,拼音,,拼音,,,,xlsx-xml,
hsk2015,sheet:新HSK5000词;row:1911,1910,5,5,,频道,,频道,,,,xlsx-xml,
hsk2015,sheet:新HSK5000词;row:1912,1911,5,5,,平,,平,,,,xlsx-xml,
hsk2015,sheet:新HSK5000词;row:1913,1912,5,5,,平安,,平安,,,,xlsx-xml,
hsk2015,sheet:新HSK5000词;row:1914,1913,5,5,,平常,,平常,,,,xlsx-xml,
hsk2015,sheet:新HSK5000词;row:1915,1914,5,5,,平等,,平等,,,,xlsx-xml,
hsk2015,sheet:新HSK5000词;row:1916,1915,5,5,,平方,,平方,,,,xlsx-xml,
hsk2015,sheet:新HSK5000词;row:1917,1916,5,5,,平衡,,平衡,,,,xlsx-xml,
hsk2015,sheet:新HSK5000词;row:1918,1917,5,5,,平静,,平静,,,,xlsx-xml,
hsk2015,sheet:新HSK5000词;row:1919,1918,5,5,,平均,,平均,,,,xlsx-xml,
hsk2015,sheet:新HSK5000词;row:1920,1919,5,5,,评价,,评价,,,,xlsx-xml,
hsk2015,sheet:新HSK5000词;row:1921,1920,5,5,,凭,,凭,,,,xlsx-xml,
hsk2015,sheet:新HSK5000词;row:1922,1921,5,5,,迫切,,迫切,,,,xlsx-xml,
hsk2015,sheet:新HSK5000词;row:1923,1922,5,5,,破产,,破产,,,,xlsx-xml,
hsk2015,sheet:新HSK5000词;row:1924,1923,5,5,,破坏,,破坏,,,,xlsx-xml,
hsk2015,sheet:新HSK5000词;row:1925,1924,5,5,,期待,,期待,,,,xlsx-xml,
hsk2015,sheet:新HSK5000词;row:1926,1925,5,5,,期间,,期间,,,,xlsx-xml,
hsk2015,sheet:新HSK5000词;row:1927,1926,5,5,,其余,,其余,,,,xlsx-xml,
hsk2015,sheet:新HSK5000词;row:1928,1927,5,5,,奇迹,,奇迹,,,,xlsx-xml,
hsk2015,sheet:新HSK5000词;row:1929,1928,5,5,,企业,,企业,,,,xlsx-xml,
hsk2015,sheet:新HSK5000词;row:1930,1929,5,5,,启发,,启发,,,,xlsx-xml,
hsk2015,sheet:新HSK5000词;row:1931,1930,5,5,,气氛,,气氛,,,,xlsx-xml,
hsk2015,sheet:新HSK5000词;row:1932,1931,5,5,,汽油,,汽油,,,,xlsx-xml,
hsk2015,sheet:新HSK5000词;row:1933,1932,5,5,,谦虚,,谦虚,,,,xlsx-xml,
hsk2015,sheet:新HSK5000词;row:1934,1933,5,5,,签,,签,,,,xlsx-xml,
hsk2015,sheet:新HSK5000词;row:1935,1934,5,5,,前途,,前途,,,,xlsx-xml,
hsk2015,sheet:新HSK5000词;row:1936,1935,5,5,,浅,,浅,,,,xlsx-xml,
hsk2015,sheet:新HSK5000词;row:1937,1936,5,5,,欠,,欠,,,,xlsx-xml,
hsk2015,sheet:新HSK5000词;row:1938,1937,5,5,,枪,,枪,,,,xlsx-xml,
hsk2015,sheet:新HSK5000词;row:1939,1938,5,5,,强调,,强调,,,,xlsx-xml,
hsk2015,sheet:新HSK5000词;row:1940,1939,5,5,,强烈,,强烈,,,,xlsx-xml,
hsk2015,sheet:新HSK5000词;row:1941,1940,5,5,,墙,,墙,,,,xlsx-xml,
hsk2015,sheet:新HSK5000词;row:1942,1941,5,5,,抢,,抢,,,,xlsx-xml,
hsk2015,sheet:新HSK5000词;row:1943,1942,5,5,,悄悄,,悄悄,,,,xlsx-xml,
hsk2015,sheet:新HSK5000词;row:1944,1943,5,5,,瞧,,瞧,,,,xlsx-xml,
hsk2015,sheet:新HSK5000词;row:1945,1944,5,5,,巧妙,,巧妙,,,,xlsx-xml,
hsk2015,sheet:新HSK5000词;row:1946,1945,5,5,,切,,切,,,,xlsx-xml,
hsk2015,sheet:新HSK5000词;row:1947,1946,5,5,,亲爱,,亲爱,,,,xlsx-xml,
hsk2015,sheet:新HSK5000词;row:1948,1947,5,5,,亲切,,亲切,,,,xlsx-xml,
hsk2015,sheet:新HSK5000词;row:1949,1948,5,5,,亲自,,亲自,,,,xlsx-xml,
hsk2015,sheet:新HSK5000词;row:1950,1949,5,5,,勤奋,,勤奋,,,,xlsx-xml,
hsk2015,sheet:新HSK5000词;row:1951,1950,5,5,,青,,青,,,,xlsx-xml,
hsk2015,sheet:新HSK5000词;row:1952,1951,5,5,,青春,,青春,,,,xlsx-xml,
hsk2015,sheet:新HSK5000词;row:1953,1952,5,5,,青少年,,青少年,,,,xlsx-xml,
hsk2015,sheet:新HSK5000词;row:1954,1953,5,5,,轻视,,轻视,,,,xlsx-xml,
hsk2015,sheet:新HSK5000词;row:1955,1954,5,5,,轻易,,轻易,,,,xlsx-xml,
hsk2015,sheet:新HSK5000词;row:1956,1955,5,5,,清淡,,清淡,,,,xlsx-xml,
hsk2015,sheet:新HSK5000词;row:1957,1956,5,5,,情景,,情景,,,,xlsx-xml,
hsk2015,sheet:新HSK5000词;row:1958,1957,5,5,,情绪,,情绪,,,,xlsx-xml,
hsk2015,sheet:新HSK5000词;row:1959,1958,5,5,,请求,,请求,,,,xlsx-xml,
hsk2015,sheet:新HSK5000词;row:1960,1959,5,5,,庆祝,,庆祝,,,,xlsx-xml,
hsk2015,sheet:新HSK5000词;row:1961,1960,5,5,,球迷,,球迷,,,,xlsx-xml,
hsk2015,sheet:新HSK5000词;row:1962,1961,5,5,,趋势,,趋势,,,,xlsx-xml,
hsk2015,sheet:新HSK5000词;row:1963,1962,5,5,,取消,,取消,,,,xlsx-xml,
hsk2015,sheet:新HSK5000词;row:1964,1963,5,5,,娶,,娶,,,,xlsx-xml,
hsk2015,sheet:新HSK5000词;row:1965,1964,5,5,,去世,,去世,,,,xlsx-xml,
hsk2015,sheet:新HSK5000词;row:1966,1965,5,5,,圈,,圈,,,,xlsx-xml,
hsk2015,sheet:新HSK5000词;row:1967,1966,5,5,,权力,,权力,,,,xlsx-xml,
hsk2015,sheet:新HSK5000词;row:1968,1967,5,5,,权利,,权利,,,,xlsx-xml,
hsk2015,sheet:新HSK5000词;row:1969,1968,5,5,,全面,,全面,,,,xlsx-xml,
hsk2015,sheet:新HSK5000词;row:1970,1969,5,5,,劝,,劝,,,,xlsx-xml,
hsk2015,sheet:新HSK5000词;row:1971,1970,5,5,,缺乏,,缺乏,,,,xlsx-xml,
hsk2015,sheet:新HSK5000词;row:1972,1971,5,5,,确定,,确定,,,,xlsx-xml,
hsk2015,sheet:新HSK5000词;row:1973,1972,5,5,,确认,,确认,,,,xlsx-xml,
hsk2015,sheet:新HSK5000词;row:1974,1973,5,5,,群,,群,,,,xlsx-xml,
hsk2015,sheet:新HSK5000词;row:1975,1974,5,5,,燃烧,,燃烧,,,,xlsx-xml,
hsk2015,sheet:新HSK5000词;row:1976,1975,5,5,,绕,,绕,,,,xlsx-xml,
hsk2015,sheet:新HSK5000词;row:1977,1976,5,5,,热爱,,热爱,,,,xlsx-xml,
hsk2015,sheet:新HSK5000词;row:1978,1977,5,5,,热烈,,热烈,,,,xlsx-xml,
hsk2015,sheet:新HSK5000词;row:1979,1978,5,5,,热心,,热心,,,,xlsx-xml,
hsk2015,sheet:新HSK5000词;row:1980,1979,5,5,,人才,,人才,,,,xlsx-xml,
hsk2015,sheet:新HSK5000词;row:1981,1980,5,5,,人口,,人口,,,,xlsx-xml,
hsk2015,sheet:新HSK5000词;row:1982,1981,5,5,,人类,,人类,,,,xlsx-xml,
hsk2015,sheet:新HSK5000词;row:1983,1982,5,5,,人民币,,人民币,,,,xlsx-xml,
hsk2015,sheet:新HSK5000词;row:1984,1983,5,5,,人生,,人生,,,,xlsx-xml,
hsk2015,sheet:新HSK5000词;row:1985,1984,5,5,,人事,,人事,,,,xlsx-xml,
hsk2015,sheet:新HSK5000词;row:1986,1985,5,5,,人物,,人物,,,,xlsx-xml,
hsk2015,sheet:新HSK5000词;row:1987,1986,5,5,,人员,,人员,,,,xlsx-xml,
hsk2015,sheet:新HSK5000词;row:1988,1987,5,5,,忍不住,,忍不住,,,,xlsx-xml,
hsk2015,sheet:新HSK5000词;row:1989,1988,5,5,,日常,,日常,,,,xlsx-xml,
hsk2015,sheet:新HSK5000词;row:1990,1989,5,5,,日程,,日程,,,,xlsx-xml,
hsk2015,sheet:新HSK5000词;row:1991,1990,5,5,,日历,,日历,,,,xlsx-xml,
hsk2015,sheet:新HSK5000词;row:1992,1991,5,5,,日期,,日期,,,,xlsx-xml,
hsk2015,sheet:新HSK5000词;row:1993,1992,5,5,,日用品,,日用品,,,,xlsx-xml,
hsk2015,sheet:新HSK5000词;row:1994,1993,5,5,,日子,,日子,,,,xlsx-xml,
hsk2015,sheet:新HSK5000词;row:1995,1994,5,5,,如何,,如何,,,,xlsx-xml,
hsk2015,sheet:新HSK5000词;row:1996,1995,5,5,,如今,,如今,,,,xlsx-xml,
hsk2015,sheet:新HSK5000词;row:1997,1996,5,5,,软,,软,,,,xlsx-xml,
hsk2015,sheet:新HSK5000词;row:1998,1997,5,5,,软件,,软件,,,,xlsx-xml,
hsk2015,sheet:新HSK5000词;row:1999,1998,5,5,,弱,,弱,,,,xlsx-xml,
hsk2015,sheet:新HSK5000词;row:2000,1999,5,5,,洒,,洒,,,,xlsx-xml,
hsk2015,sheet:新HSK5000词;row:2001,2000,5,5,,嗓子,,嗓子,,,,xlsx-xml,
hsk2015,sheet:新HSK5000词;row:2002,2001,5,5,,色彩,,色彩,,,,xlsx-xml,
hsk2015,sheet:新HSK5000词;row:2003,2002,5,5,,杀,,杀,,,,xlsx-xml,
hsk2015,sheet:新HSK5000词;row:2004,2003,5,5,,沙漠,,沙漠,,,,xlsx-xml,
hsk2015,sheet:新HSK5000词;row:2005,2004,5,5,,沙滩,,沙滩,,,,xlsx-xml,
hsk2015,sheet:新HSK5000词;row:2006,2005,5,5,,傻,,傻,,,,xlsx-xml,
hsk2015,sheet:新HSK5000词;row:2007,2006,5,5,,晒,,晒,,,,xlsx-xml,
hsk2015,sheet:新HSK5000词;row:2008,2007,5,5,,删除,,删除,,,,xlsx-xml,
hsk2015,sheet:新HSK5000词;row:2009,2008,5,5,,闪电,,闪电,,,,xlsx-xml,
hsk2015,sheet:新HSK5000词;row:2010,2009,5,5,,扇子,,扇子,,,,xlsx-xml,
hsk2015,sheet:新HSK5000词;row:2011,2010,5,5,,善良,,善良,,,,xlsx-xml,
hsk2015,sheet:新HSK5000词;row:2012,2011,5,5,,善于,,善于,,,,xlsx-xml,
hsk2015,sheet:新HSK5000词;row:2013,2012,5,5,,伤害,,伤害,,,,xlsx-xml,
hsk2015,sheet:新HSK5000词;row:2014,2013,5,5,,商品,,商品,,,,xlsx-xml,
hsk2015,sheet:新HSK5000词;row:2015,2014,5,5,,商务,,商务,,,,xlsx-xml,
hsk2015,sheet:新HSK5000词;row:2016,2015,5,5,,商业,,商业,,,,xlsx-xml,
hsk2015,sheet:新HSK5000词;row:2017,2016,5,5,,上当,,上当,,,,xlsx-xml,
hsk2015,sheet:新HSK5000词;row:2018,2017,5,5,,蛇,,蛇,,,,xlsx-xml,
hsk2015,sheet:新HSK5000词;row:2019,2018,5,5,,舍不得,,舍不得,,,,xlsx-xml,
hsk2015,sheet:新HSK5000词;row:2020,2019,5,5,,设备,,设备,,,,xlsx-xml,
hsk2015,sheet:新HSK5000词;row:2021,2020,5,5,,设计,,设计,,,,xlsx-xml,
hsk2015,sheet:新HSK5000词;row:2022,2021,5,5,,设施,,设施,,,,xlsx-xml,
hsk2015,sheet:新HSK5000词;row:2023,2022,5,5,,射击,,射击,,,,xlsx-xml,
hsk2015,sheet:新HSK5000词;row:2024,2023,5,5,,摄影,,摄影,,,,xlsx-xml,
hsk2015,sheet:新HSK5000词;row:2025,2024,5,5,,伸,,伸,,,,xlsx-xml,
hsk2015,sheet:新HSK5000词;row:2026,2025,5,5,,身材,,身材,,,,xlsx-xml,
hsk2015,sheet:新HSK5000词;row:2027,2026,5,5,,身份,,身份,,,,xlsx-xml,
hsk2015,sheet:新HSK5000词;row:2028,2027,5,5,,深刻,,深刻,,,,xlsx-xml,
hsk2015,sheet:新HSK5000词;row:2029,2028,5,5,,神话,,神话,,,,xlsx-xml,
hsk2015,sheet:新HSK5000词;row:2030,2029,5,5,,神秘,,神秘,,,,xlsx-xml,
hsk2015,sheet:新HSK5000词;row:2031,2030,5,5,,升,,升,,,,xlsx-xml,
hsk2015,sheet:新HSK5000词;row:2032,2031,5,5,,生产,,生产,,,,xlsx-xml,
hsk2015,sheet:新HSK5000词;row:2033,2032,5,5,,生动,,生动,,,,xlsx-xml,
hsk2015,sheet:新HSK5000词;row:2034,2033,5,5,,生长,,生长,,,,xlsx-xml,
hsk2015,sheet:新HSK5000词;row:2035,2034,5,5,,声调,,声调,,,,xlsx-xml,
hsk2015,sheet:新HSK5000词;row:2036,2035,5,5,,绳子,,绳子,,,,xlsx-xml,
hsk2015,sheet:新HSK5000词;row:2037,2036,5,5,,省略,,省略,,,,xlsx-xml,
hsk2015,sheet:新HSK5000词;row:2038,2037,5,5,,胜利,,胜利,,,,xlsx-xml,
hsk2015,sheet:新HSK5000词;row:2039,2038,5,5,,失眠,,失眠,,,,xlsx-xml,
hsk2015,sheet:新HSK5000词;row:2040,2039,5,5,,失去,,失去,,,,xlsx-xml,
hsk2015,sheet:新HSK5000词;row:2041,2040,5,5,,失业,,失业,,,,xlsx-xml,
hsk2015,sheet:新HSK5000词;row:2042,2041,5,5,,诗,,诗,,,,xlsx-xml,
hsk2015,sheet:新HSK5000词;row:2043,2042,5,5,,狮子,,狮子,,,,xlsx-xml,
hsk2015,sheet:新HSK5000词;row:2044,2043,5,5,,湿润,,湿润,,,,xlsx-xml,
hsk2015,sheet:新HSK5000词;row:2045,2044,5,5,,石头,,石头,,,,xlsx-xml,
hsk2015,sheet:新HSK5000词;row:2046,2045,5,5,,时差,,时差,,,,xlsx-xml,
hsk2015,sheet:新HSK5000词;row:2047,2046,5,5,,时代,,时代,,,,xlsx-xml,
hsk2015,sheet:新HSK5000词;row:2048,2047,5,5,,时刻,,时刻,,,,xlsx-xml,
hsk2015,sheet:新HSK5000词;row:2049,2048,5,5,,时髦,,时髦,,,,xlsx-xml,
hsk2015,sheet:新HSK5000词;row:2050,2049,5,5,,时期,,时期,,,,xlsx-xml,
hsk2015,sheet:新HSK5000词;row:2051,2050,5,5,,时尚,,时尚,,,,xlsx-xml,
hsk2015,sheet:新HSK5000词;row:2052,2051,5,5,,实话,,实话,,,,xlsx-xml,
hsk2015,sheet:新HSK5000词;row:2053,2052,5,5,,实践,,实践,,,,xlsx-xml,
hsk2015,sheet:新HSK5000词;row:2054,2053,5,5,,实习,,实习,,,,xlsx-xml,
hsk2015,sheet:新HSK5000词;row:2055,2054,5,5,,实现,,实现,,,,xlsx-xml,
hsk2015,sheet:新HSK5000词;row:2056,2055,5,5,,实验,,实验,,,,xlsx-xml,
hsk2015,sheet:新HSK5000词;row:2057,2056,5,5,,实用,,实用,,,,xlsx-xml,
hsk2015,sheet:新HSK5000词;row:2058,2057,5,5,,食物,,食物,,,,xlsx-xml,
hsk2015,sheet:新HSK5000词;row:2059,2058,5,5,,使劲儿,,使劲儿,,,,xlsx-xml,
hsk2015,sheet:新HSK5000词;row:2060,2059,5,5,,始终,,始终,,,,xlsx-xml,
hsk2015,sheet:新HSK5000词;row:2061,2060,5,5,,士兵,,士兵,,,,xlsx-xml,
hsk2015,sheet:新HSK5000词;row:2062,2061,5,5,,市场,,市场,,,,xlsx-xml,
hsk2015,sheet:新HSK5000词;row:2063,2062,5,5,,似的,,似的,,,,xlsx-xml,
hsk2015,sheet:新HSK5000词;row:2064,2063,5,5,,事实,,事实,,,,xlsx-xml,
hsk2015,sheet:新HSK5000词;row:2065,2064,5,5,,事物,,事物,,,,xlsx-xml,
hsk2015,sheet:新HSK5000词;row:2066,2065,5,5,,事先,,事先,,,,xlsx-xml,
hsk2015,sheet:新HSK5000词;row:2067,2066,5,5,,试卷,,试卷,,,,xlsx-xml,
hsk2015,sheet:新HSK5000词;row:2068,2067,5,5,,收获,,收获,,,,xlsx-xml,
hsk2015,sheet:新HSK5000词;row:2069,2068,5,5,,收据,,收据,,,,xlsx-xml,
hsk2015,sheet:新HSK5000词;row:2070,2069,5,5,,手工,,手工,,,,xlsx-xml,
hsk2015,sheet:新HSK5000词;row:2071,2070,5,5,,手术,,手术,,,,xlsx-xml,
hsk2015,sheet:新HSK5000词;row:2072,2071,5,5,,手套,,手套,,,,xlsx-xml,
hsk2015,sheet:新HSK5000词;row:2073,2072,5,5,,手续,,手续,,,,xlsx-xml,
hsk2015,sheet:新HSK5000词;row:2074,2073,5,5,,手指,,手指,,,,xlsx-xml,
hsk2015,sheet:新HSK5000词;row:2075,2074,5,5,,首,,首,,,,xlsx-xml,
hsk2015,sheet:新HSK5000词;row:2076,2075,5,5,,寿命,,寿命,,,,xlsx-xml,
hsk2015,sheet:新HSK5000词;row:2077,2076,5,5,,受伤,,受伤,,,,xlsx-xml,
hsk2015,sheet:新HSK5000词;row:2078,2077,5,5,,书架,,书架,,,,xlsx-xml,
hsk2015,sheet:新HSK5000词;row:2079,2078,5,5,,梳子,,梳子,,,,xlsx-xml,
hsk2015,sheet:新HSK5000词;row:2080,2079,5,5,,舒适,,舒适,,,,xlsx-xml,
hsk2015,sheet:新HSK5000词;row:2081,2080,5,5,,输入,,输入,,,,xlsx-xml,
hsk2015,sheet:新HSK5000词;row:2082,2081,5,5,,蔬菜,,蔬菜,,,,xlsx-xml,
hsk2015,sheet:新HSK5000词;row:2083,2082,5,5,,熟练,,熟练,,,,xlsx-xml,
hsk2015,sheet:新HSK5000词;row:2084,2083,5,5,,属于,,属于,,,,xlsx-xml,
hsk2015,sheet:新HSK5000词;row:2085,2084,5,5,,鼠标,,鼠标,,,,xlsx-xml,
hsk2015,sheet:新HSK5000词;row:2086,2085,5,5,,数,,数,,,,xlsx-xml,
hsk2015,sheet:新HSK5000词;row:2087,2086,5,5,,数据,,数据,,,,xlsx-xml,
hsk2015,sheet:新HSK5000词;row:2088,2087,5,5,,数码,,数码,,,,xlsx-xml,
hsk2015,sheet:新HSK5000词;row:2089,2088,5,5,,摔倒,,摔倒,,,,xlsx-xml,
hsk2015,sheet:新HSK5000词;row:2090,2089,5,5,,甩,,甩,,,,xlsx-xml,
hsk2015,sheet:新HSK5000词;row:2091,2090,5,5,,双方,,双方,,,,xlsx-xml,
hsk2015,sheet:新HSK5000词;row:2092,2091,5,5,,税,,税,,,,xlsx-xml,
hsk2015,sheet:新HSK5000词;row:2093,2092,5,5,,说不定,,说不定,,,,xlsx-xml,
hsk2015,sheet:新HSK5000词;row:2094,2093,5,5,,说服,,说服,,,,xlsx-xml,
hsk2015,sheet:新HSK5000词;row:2095,2094,5,5,,丝绸,,丝绸,,,,xlsx-xml,
hsk2015,sheet:新HSK5000词;row:2096,2095,5,5,,丝毫,,丝毫,,,,xlsx-xml,
hsk2015,sheet:新HSK5000词;row:2097,2096,5,5,,私人,,私人,,,,xlsx-xml,
hsk2015,sheet:新HSK5000词;row:2098,2097,5,5,,思考,,思考,,,,xlsx-xml,
hsk2015,sheet:新HSK5000词;row:2099,2098,5,5,,思想,,思想,,,,xlsx-xml,
hsk2015,sheet:新HSK5000词;row:2100,2099,5,5,,撕,,撕,,,,xlsx-xml,
hsk2015,sheet:新HSK5000词;row:2101,2100,5,5,,似乎,,似乎,,,,xlsx-xml,
hsk2015,sheet:新HSK5000词;row:2102,2101,5,5,,搜索,,搜索,,,,xlsx-xml,
hsk2015,sheet:新HSK5000词;row:2103,2102,5,5,,宿舍,,宿舍,,,,xlsx-xml,
hsk2015,sheet:新HSK5000词;row:2104,2103,5,5,,随身,,随身,,,,xlsx-xml,
hsk2015,sheet:新HSK5000词;row:2105,2104,5,5,,随时,,随时,,,,xlsx-xml,
hsk2015,sheet:新HSK5000词;row:2106,2105,5,5,,随手,,随手,,,,xlsx-xml,
hsk2015,sheet:新HSK5000词;row:2107,2106,5,5,,碎,,碎,,,,xlsx-xml,
hsk2015,sheet:新HSK5000词;row:2108,2107,5,5,,损失,,损失,,,,xlsx-xml,
hsk2015,sheet:新HSK5000词;row:2109,2108,5,5,,缩短,,缩短,,,,xlsx-xml,
hsk2015,sheet:新HSK5000词;row:2110,2109,5,5,,所,,所,,,,xlsx-xml,
hsk2015,sheet:新HSK5000词;row:2111,2110,5,5,,锁,,锁,,,,xlsx-xml,
hsk2015,sheet:新HSK5000词;row:2112,2111,5,5,,台阶,,台阶,,,,xlsx-xml,
hsk2015,sheet:新HSK5000词;row:2113,2112,5,5,,太极拳,,太极拳,,,,xlsx-xml,
hsk2015,sheet:新HSK5000词;row:2114,2113,5,5,,太太,,太太,,,,xlsx-xml,
hsk2015,sheet:新HSK5000词;row:2115,2114,5,5,,谈判,,谈判,,,,xlsx-xml,
hsk2015,sheet:新HSK5000词;row:2116,2115,5,5,,坦率,,坦率,,,,xlsx-xml,
hsk2015,sheet:新HSK5000词;row:2117,2116,5,5,,烫,,烫,,,,xlsx-xml,
hsk2015,sheet:新HSK5000词;row:2118,2117,5,5,,逃,,逃,,,,xlsx-xml,
hsk2015,sheet:新HSK5000词;row:2119,2118,5,5,,逃避,,逃避,,,,xlsx-xml,
hsk2015,sheet:新HSK5000词;row:2120,2119,5,5,,桃,,桃,,,,xlsx-xml,
hsk2015,sheet:新HSK5000词;row:2121,2120,5,5,,淘气,,淘气,,,,xlsx-xml,
hsk2015,sheet:新HSK5000词;row:2122,2121,5,5,,讨价还价,,讨价还价,,,,xlsx-xml,
hsk2015,sheet:新HSK5000词;row:2123,2122,5,5,,套,,套,,,,xlsx-xml,
hsk2015,sheet:新HSK5000词;row:2124,2123,5,5,,特色,,特色,,,,xlsx-xml,
hsk2015,sheet:新HSK5000词;row:2125,2124,5,5,,特殊,,特殊,,,,xlsx-xml,
hsk2015,sheet:新HSK5000词;row:2126,2125,5,5,,特征,,特征,,,,xlsx-xml,
hsk2015,sheet:新HSK5000词;row:2127,2126,5,5,,疼爱,,疼爱,,,,xlsx-xml,
hsk2015,sheet:新HSK5000词;row:2128,2127,5,5,,提倡,,提倡,,,,xlsx-xml,
hsk2015,sheet:新HSK5000词;row:2129,2128,5,5,,提纲,,提纲,,,,xlsx-xml,
hsk2015,sheet:新HSK5000词;row:2130,2129,5,5,,提问,,提问,,,,xlsx-xml,
hsk2015,sheet:新HSK5000词;row:2131,2130,5,5,,题目,,题目,,,,xlsx-xml,
hsk2015,sheet:新HSK5000词;row:2132,2131,5,5,,体会,,体会,,,,xlsx-xml,
hsk2015,sheet:新HSK5000词;row:2133,2132,5,5,,体贴,,体贴,,,,xlsx-xml,
hsk2015,sheet:新HSK5000词;row:2134,2133,5,5,,体现,,体现,,,,xlsx-xml,
hsk2015,sheet:新HSK5000词;row:2135,2134,5,5,,体验,,体验,,,,xlsx-xml,
hsk2015,sheet:新HSK5000词;row:2136,2135,5,5,,天空,,天空,,,,xlsx-xml,
hsk2015,sheet:新HSK5000词;row:2137,2136,5,5,,天真,,天真,,,,xlsx-xml,
hsk2015,sheet:新HSK5000词;row:2138,2137,5,5,,调皮,,调皮,,,,xlsx-xml,
hsk2015,sheet:新HSK5000词;row:2139,2138,5,5,,调整,,调整,,,,xlsx-xml,
hsk2015,sheet:新HSK5000词;row:2140,2139,5,5,,挑战,,挑战,,,,xlsx-xml,
hsk2015,sheet:新HSK5000词;row:2141,2140,5,5,,通常,,通常,,,,xlsx-xml,
hsk2015,sheet:新HSK5000词;row:2142,2141,5,5,,统一,,统一,,,,xlsx-xml,
hsk2015,sheet:新HSK5000词;row:2143,2142,5,5,,痛苦,,痛苦,,,,xlsx-xml,
hsk2015,sheet:新HSK5000词;row:2144,2143,5,5,,痛快,,痛快,,,,xlsx-xml,
hsk2015,sheet:新HSK5000词;row:2145,2144,5,5,,偷,,偷,,,,xlsx-xml,
hsk2015,sheet:新HSK5000词;row:2146,2145,5,5,,投入,,投入,,,,xlsx-xml,
hsk2015,sheet:新HSK5000词;row:2147,2146,5,5,,投资,,投资,,,,xlsx-xml,
hsk2015,sheet:新HSK5000词;row:2148,2147,5,5,,透明,,透明,,,,xlsx-xml,
hsk2015,sheet:新HSK5000词;row:2149,2148,5,5,,突出,,突出,,,,xlsx-xml,
hsk2015,sheet:新HSK5000词;row:2150,2149,5,5,,土地,,土地,,,,xlsx-xml,
hsk2015,sheet:新HSK5000词;row:2151,2150,5,5,,土豆,,土豆,,,,xlsx-xml,
hsk2015,sheet:新HSK5000词;row:2152,2151,5,5,,吐,,吐,,,,xlsx-xml,
hsk2015,sheet:新HSK5000词;row:2153,2152,5,5,,兔子,,兔子,,,,xlsx-xml,
hsk2015,sheet:新HSK5000词;row:2154,2153,5,5,,团,,团,,,,xlsx-xml,
hsk2015,sheet:新HSK5000词;row:2155,2154,5,5,,推辞,,推辞,,,,xlsx-xml,
hsk2015,sheet:新HSK5000词;row:2156,2155,5,5,,推广,,推广,,,,xlsx-xml,
hsk2015,sheet:新HSK5000词;row:2157,2156,5,5,,推荐,,推荐,,,,xlsx-xml,
hsk2015,sheet:新HSK5000词;row:2158,2157,5,5,,退,,退,,,,xlsx-xml,
hsk2015,sheet:新HSK5000词;row:2159,2158,5,5,,退步,,退步,,,,xlsx-xml,
hsk2015,sheet:新HSK5000词;row:2160,2159,5,5,,退休,,退休,,,,xlsx-xml,
hsk2015,sheet:新HSK5000词;row:2161,2160,5,5,,歪,,歪,,,,xlsx-xml,
hsk2015,sheet:新HSK5000词;row:2162,2161,5,5,,外公,,外公,,,,xlsx-xml,
hsk2015,sheet:新HSK5000词;row:2163,2162,5,5,,外交,,外交,,,,xlsx-xml,
hsk2015,sheet:新HSK5000词;row:2164,2163,5,5,,完美,,完美,,,,xlsx-xml,
hsk2015,sheet:新HSK5000词;row:2165,2164,5,5,,完善,,完善,,,,xlsx-xml,
hsk2015,sheet:新HSK5000词;row:2166,2165,5,5,,完整,,完整,,,,xlsx-xml,
hsk2015,sheet:新HSK5000词;row:2167,2166,5,5,,玩具,,玩具,,,,xlsx-xml,
hsk2015,sheet:新HSK5000词;row:2168,2167,5,5,,万一,,万一,,,,xlsx-xml,
hsk2015,sheet:新HSK5000词;row:2169,2168,5,5,,王子,,王子,,,,xlsx-xml,
hsk2015,sheet:新HSK5000词;row:2170,2169,5,5,,网络,,网络,,,,xlsx-xml,
hsk2015,sheet:新HSK5000词;row:2171,2170,5,5,,往返,,往返,,,,xlsx-xml,
hsk2015,sheet:新HSK5000词;row:2172,2171,5,5,,危害,,危害,,,,xlsx-xml,
hsk2015,sheet:新HSK5000词;row:2173,2172,5,5,,威胁,,威胁,,,,xlsx-xml,
hsk2015,sheet:新HSK5000词;row:2174,2173,5,5,,微笑,,微笑,,,,xlsx-xml,
hsk2015,sheet:新HSK5000词;row:2175,2174,5,5,,违反,,违反,,,,xlsx-xml,
hsk2015,sheet:新HSK5000词;row:2176,2175,5,5,,围巾,,围巾,,,,xlsx-xml,
hsk2015,sheet:新HSK5000词;row:2177,2176,5,5,,围绕,,围绕,,,,xlsx-xml,
hsk2015,sheet:新HSK5000词;row:2178,2177,5,5,,唯一,,唯一,,,,xlsx-xml,
hsk2015,sheet:新HSK5000词;row:2179,2178,5,5,,维修,,维修,,,,xlsx-xml,
hsk2015,sheet:新HSK5000词;row:2180,2179,5,5,,伟大,,伟大,,,,xlsx-xml,
hsk2015,sheet:新HSK5000词;row:2181,2180,5,5,,尾巴,,尾巴,,,,xlsx-xml,
hsk2015,sheet:新HSK5000词;row:2182,2181,5,5,,委屈,,委屈,,,,xlsx-xml,
hsk2015,sheet:新HSK5000词;row:2183,2182,5,5,,未必,,未必,,,,xlsx-xml,
hsk2015,sheet:新HSK5000词;row:2184,2183,5,5,,未来,,未来,,,,xlsx-xml,
hsk2015,sheet:新HSK5000词;row:2185,2184,5,5,,位于,,位于,,,,xlsx-xml,
hsk2015,sheet:新HSK5000词;row:2186,2185,5,5,,位置,,位置,,,,xlsx-xml,
hsk2015,sheet:新HSK5000词;row:2187,2186,5,5,,胃,,胃,,,,xlsx-xml,
hsk2015,sheet:新HSK5000词;row:2188,2187,5,5,,胃口,,胃口,,,,xlsx-xml,
hsk2015,sheet:新HSK5000词;row:2189,2188,5,5,,温暖,,温暖,,,,xlsx-xml,
hsk2015,sheet:新HSK5000词;row:2190,2189,5,5,,温柔,,温柔,,,,xlsx-xml,
hsk2015,sheet:新HSK5000词;row:2191,2190,5,5,,文件,,文件,,,,xlsx-xml,
hsk2015,sheet:新HSK5000词;row:2192,2191,5,5,,文具,,文具,,,,xlsx-xml,
hsk2015,sheet:新HSK5000词;row:2193,2192,5,5,,文明,,文明,,,,xlsx-xml,
hsk2015,sheet:新HSK5000词;row:2194,2193,5,5,,文学,,文学,,,,xlsx-xml,
hsk2015,sheet:新HSK5000词;row:2195,2194,5,5,,文字,,文字,,,,xlsx-xml,
hsk2015,sheet:新HSK5000词;row:2196,2195,5,5,,闻,,闻,,,,xlsx-xml,
hsk2015,sheet:新HSK5000词;row:2197,2196,5,5,,吻,,吻,,,,xlsx-xml,
hsk2015,sheet:新HSK5000词;row:2198,2197,5,5,,稳定,,稳定,,,,xlsx-xml,
hsk2015,sheet:新HSK5000词;row:2199,2198,5,5,,问候,,问候,,,,xlsx-xml,
hsk2015,sheet:新HSK5000词;row:2200,2199,5,5,,卧室,,卧室,,,,xlsx-xml,
hsk2015,sheet:新HSK5000词;row:2201,2200,5,5,,握手,,握手,,,,xlsx-xml,
hsk2015,sheet:新HSK5000词;row:2202,2201,5,5,,屋子,,屋子,,,,xlsx-xml,
hsk2015,sheet:新HSK5000词;row:2203,2202,5,5,,无奈,,无奈,,,,xlsx-xml,
hsk2015,sheet:新HSK5000词;row:2204,2203,5,5,,无数,,无数,,,,xlsx-xml,
hsk2015,sheet:新HSK5000词;row:2205,2204,5,5,,无所谓,,无所谓,,,,xlsx-xml,
hsk2015,sheet:新HSK5000词;row:2206,2205,5,5,,武术,,武术,,,,xlsx-xml,
hsk2015,sheet:新HSK5000词;row:2207,2206,5,5,,勿,,勿,,,,xlsx-xml,
hsk2015,sheet:新HSK5000词;row:2208,2207,5,5,,物理,,物理,,,,xlsx-xml,
hsk2015,sheet:新HSK5000词;row:2209,2208,5,5,,物质,,物质,,,,xlsx-xml,
hsk2015,sheet:新HSK5000词;row:2210,2209,5,5,,雾,,雾,,,,xlsx-xml,
hsk2015,sheet:新HSK5000词;row:2211,2210,5,5,,吸取,,吸取,,,,xlsx-xml,
hsk2015,sheet:新HSK5000词;row:2212,2211,5,5,,吸收,,吸收,,,,xlsx-xml,
hsk2015,sheet:新HSK5000词;row:2213,2212,5,5,,戏剧,,戏剧,,,,xlsx-xml,
hsk2015,sheet:新HSK5000词;row:2214,2213,5,5,,系,,系,,,,xlsx-xml,
hsk2015,sheet:新HSK5000词;row:2215,2214,5,5,,系统,,系统,,,,xlsx-xml,
hsk2015,sheet:新HSK5000词;row:2216,2215,5,5,,细节,,细节,,,,xlsx-xml,
hsk2015,sheet:新HSK5000词;row:2217,2216,5,5,,瞎,,瞎,,,,xlsx-xml,
hsk2015,sheet:新HSK5000词;row:2218,2217,5,5,,下载,,下载,,,,xlsx-xml,
hsk2015,sheet:新HSK5000词;row:2219,2218,5,5,,吓,,吓,,,,xlsx-xml,
hsk2015,sheet:新HSK5000词;row:2220,2219,5,5,,夏令营,,夏令营,,,,xlsx-xml,
hsk2015,sheet:新HSK5000词;row:2221,2220,5,5,,鲜艳,,鲜艳,,,,xlsx-xml,
hsk2015,sheet:新HSK5000词;row:2222,2221,5,5,,显得,,显得,,,,xlsx-xml,
hsk2015,sheet:新HSK5000词;row:2223,2222,5,5,,显然,,显然,,,,xlsx-xml,
hsk2015,sheet:新HSK5000词;row:2224,2223,5,5,,显示,,显示,,,,xlsx-xml,
hsk2015,sheet:新HSK5000词;row:2225,2224,5,5,,县,,县,,,,xlsx-xml,
hsk2015,sheet:新HSK5000词;row:2226,2225,5,5,,现代,,现代,,,,xlsx-xml,
hsk2015,sheet:新HSK5000词;row:2227,2226,5,5,,现实,,现实,,,,xlsx-xml,
hsk2015,sheet:新HSK5000词;row:2228,2227,5,5,,现象,,现象,,,,xlsx-xml,
hsk2015,sheet:新HSK5000词;row:2229,2228,5,5,,限制,,限制,,,,xlsx-xml,
hsk2015,sheet:新HSK5000词;row:2230,2229,5,5,,相处,,相处,,,,xlsx-xml,
hsk2015,sheet:新HSK5000词;row:2231,2230,5,5,,相当,,相当,,,,xlsx-xml,
hsk2015,sheet:新HSK5000词;row:2232,2231,5,5,,相对,,相对,,,,xlsx-xml,
hsk2015,sheet:新HSK5000词;row:2233,2232,5,5,,相关,,相关,,,,xlsx-xml,
hsk2015,sheet:新HSK5000词;row:2234,2233,5,5,,相似,,相似,,,,xlsx-xml,
hsk2015,sheet:新HSK5000词;row:2235,2234,5,5,,香肠,,香肠,,,,xlsx-xml,
hsk2015,sheet:新HSK5000词;row:2236,2235,5,5,,享受,,享受,,,,xlsx-xml,
hsk2015,sheet:新HSK5000词;row:2237,2236,5,5,,想念,,想念,,,,xlsx-xml,
hsk2015,sheet:新HSK5000词;row:2238,2237,5,5,,想象,,想象,,,,xlsx-xml,
hsk2015,sheet:新HSK5000词;row:2239,2238,5,5,,项,,项,,,,xlsx-xml,
hsk2015,sheet:新HSK5000词;row:2240,2239,5,5,,项链,,项链,,,,xlsx-xml,
hsk2015,sheet:新HSK5000词;row:2241,2240,5,5,,项目,,项目,,,,xlsx-xml,
hsk2015,sheet:新HSK5000词;row:2242,2241,5,5,,象棋,,象棋,,,,xlsx-xml,
hsk2015,sheet:新HSK5000词;row:2243,2242,5,5,,象征,,象征,,,,xlsx-xml,
hsk2015,sheet:新HSK5000词;row:2244,2243,5,5,,消费,,消费,,,,xlsx-xml,
hsk2015,sheet:新HSK5000词;row:2245,2244,5,5,,消化,,消化,,,,xlsx-xml,
hsk2015,sheet:新HSK5000词;row:2246,2245,5,5,,消极,,消极,,,,xlsx-xml,
hsk2015,sheet:新HSK5000词;row:2247,2246,5,5,,消失,,消失,,,,xlsx-xml,
hsk2015,sheet:新HSK5000词;row:2248,2247,5,5,,销售,,销售,,,,xlsx-xml,
hsk2015,sheet:新HSK5000词;row:2249,2248,5,5,,小麦,,小麦,,,,xlsx-xml,
hsk2015,sheet:新HSK5000词;row:2250,2249,5,5,,小气,,小气,,,,xlsx-xml,
hsk2015,sheet:新HSK5000词;row:2251,2250,5,5,,孝顺,,孝顺,,,,xlsx-xml,
hsk2015,sheet:新HSK5000词;row:2252,2251,5,5,,效率,,效率,,,,xlsx-xml,
hsk2015,sheet:新HSK5000词;row:2253,2252,5,5,,歇,,歇,,,,xlsx-xml,
hsk2015,sheet:新HSK5000词;row:2254,2253,5,5,,斜,,斜,,,,xlsx-xml,
hsk2015,sheet:新HSK5000词;row:2255,2254,5,5,,写作,,写作,,,,xlsx-xml,
hsk2015,sheet:新HSK5000词;row:2256,2255,5,5,,血,,血,,,,xlsx-xml,
hsk2015,sheet:新HSK5000词;row:2257,2256,5,5,,心理,,心理,,,,xlsx-xml,
hsk2015,sheet:新HSK5000词;row:2258,2257,5,5,,心脏,,心脏,,,,xlsx-xml,
hsk2015,sheet:新HSK5000词;row:2259,2258,5,5,,欣赏,,欣赏,,,,xlsx-xml,
hsk2015,sheet:新HSK5000词;row:2260,2259,5,5,,信号,,信号,,,,xlsx-xml,
hsk2015,sheet:新HSK5000词;row:2261,2260,5,5,,信任,,信任,,,,xlsx-xml,
hsk2015,sheet:新HSK5000词;row:2262,2261,5,5,,行动,,行动,,,,xlsx-xml,
hsk2015,sheet:新HSK5000词;row:2263,2262,5,5,,行人,,行人,,,,xlsx-xml,
hsk2015,sheet:新HSK5000词;row:2264,2263,5,5,,行为,,行为,,,,xlsx-xml,
hsk2015,sheet:新HSK5000词;row:2265,2264,5,5,,形成,,形成,,,,xlsx-xml,
hsk2015,sheet:新HSK5000词;row:2266,2265,5,5,,形容,,形容,,,,xlsx-xml,
hsk2015,sheet:新HSK5000词;row:2267,2266,5,5,,形式,,形式,,,,xlsx-xml,
hsk2015,sheet:新HSK5000词;row:2268,2267,5,5,,形势,,形势,,,,xlsx-xml,
hsk2015,sheet:新HSK5000词;row:2269,2268,5,5,,形象,,形象,,,,xlsx-xml,
hsk2015,sheet:新HSK5000词;row:2270,2269,5,5,,形状,,形状,,,,xlsx-xml,
hsk2015,sheet:新HSK5000词;row:2271,2270,5,5,,幸亏,,幸亏,,,,xlsx-xml,
hsk2015,sheet:新HSK5000词;row:2272,2271,5,5,,幸运,,幸运,,,,xlsx-xml,
hsk2015,sheet:新HSK5000词;row:2273,2272,5,5,,性质,,性质,,,,xlsx-xml,
hsk2015,sheet:新HSK5000词;row:2274,2273,5,5,,兄弟,,兄弟,,,,xlsx-xml,
hsk2015,sheet:新HSK5000词;row:2275,2274,5,5,,胸,,胸,,,,xlsx-xml,
hsk2015,sheet:新HSK5000词;row:2276,2275,5,5,,休闲,,休闲,,,,xlsx-xml,
hsk2015,sheet:新HSK5000词;row:2277,2276,5,5,,修改,,修改,,,,xlsx-xml,
hsk2015,sheet:新HSK5000词;row:2278,2277,5,5,,虚心,,虚心,,,,xlsx-xml,
hsk2015,sheet:新HSK5000词;row:2279,2278,5,5,,叙述,,叙述,,,,xlsx-xml,
hsk2015,sheet:新HSK5000词;row:2280,2279,5,5,,宣布,,宣布,,,,xlsx-xml,
hsk2015,sheet:新HSK5000词;row:2281,2280,5,5,,宣传,,宣传,,,,xlsx-xml,
hsk2015,sheet:新HSK5000词;row:2282,2281,5,5,,学历,,学历,,,,xlsx-xml,
hsk2015,sheet:新HSK5000词;row:2283,2282,5,5,,学术,,学术,,,,xlsx-xml,
hsk2015,sheet:新HSK5000词;row:2284,2283,5,5,,学问,,学问,,,,xlsx-xml,
hsk2015,sheet:新HSK5000词;row:2285,2284,5,5,,寻找,,寻找,,,,xlsx-xml,
hsk2015,sheet:新HSK5000词;row:2286,2285,5,5,,询问,,询问,,,,xlsx-xml,
hsk2015,sheet:新HSK5000词;row:2287,2286,5,5,,训练,,训练,,,,xlsx-xml,
hsk2015,sheet:新HSK5000词;row:2288,2287,5,5,,迅速,,迅速,,,,xlsx-xml,
hsk2015,sheet:新HSK5000词;row:2289,2288,5,5,,押金,,押金,,,,xlsx-xml,
hsk2015,sheet:新HSK5000词;row:2290,2289,5,5,,牙齿,,牙齿,,,,xlsx-xml,
hsk2015,sheet:新HSK5000词;row:2291,2290,5,5,,延长,,延长,,,,xlsx-xml,
hsk2015,sheet:新HSK5000词;row:2292,2291,5,5,,严肃,,严肃,,,,xlsx-xml,
hsk2015,sheet:新HSK5000词;row:2293,2292,5,5,,演讲,,演讲,,,,xlsx-xml,
hsk2015,sheet:新HSK5000词;row:2294,2293,5,5,,宴会,,宴会,,,,xlsx-xml,
hsk2015,sheet:新HSK5000词;row:2295,2294,5,5,,阳台,,阳台,,,,xlsx-xml,
hsk2015,sheet:新HSK5000词;row:2296,2295,5,5,,痒,,痒,,,,xlsx-xml,
hsk2015,sheet:新HSK5000词;row:2297,2296,5,5,,样式,,样式,,,,xlsx-xml,
hsk2015,sheet:新HSK5000词;row:2298,2297,5,5,,腰,,腰,,,,xlsx-xml,
hsk2015,sheet:新HSK5000词;row:2299,2298,5,5,,摇,,摇,,,,xlsx-xml,
hsk2015,sheet:新HSK5000词;row:2300,2299,5,5,,咬,,咬,,,,xlsx-xml,
hsk2015,sheet:新HSK5000词;row:2301,2300,5,5,,要不,,要不,,,,xlsx-xml,
hsk2015,sheet:新HSK5000词;row:2302,2301,5,5,,业务,,业务,,,,xlsx-xml,
hsk2015,sheet:新HSK5000词;row:2303,2302,5,5,,业余,,业余,,,,xlsx-xml,
hsk2015,sheet:新HSK5000词;row:2304,2303,5,5,,夜,,夜,,,,xlsx-xml,
hsk2015,sheet:新HSK5000词;row:2305,2304,5,5,,一辈子,,一辈子,,,,xlsx-xml,
hsk2015,sheet:新HSK5000词;row:2306,2305,5,5,,一旦,,一旦,,,,xlsx-xml,
hsk2015,sheet:新HSK5000词;row:2307,2306,5,5,,一律,,一律,,,,xlsx-xml,
hsk2015,sheet:新HSK5000词;row:2308,2307,5,5,,一再,,一再,,,,xlsx-xml,
hsk2015,sheet:新HSK5000词;row:2309,2308,5,5,,一致,,一致,,,,xlsx-xml,
hsk2015,sheet:新HSK5000词;row:2310,2309,5,5,,依然,,依然,,,,xlsx-xml,
hsk2015,sheet:新HSK5000词;row:2311,2310,5,5,,移动,,移动,,,,xlsx-xml,
hsk2015,sheet:新HSK5000词;row:2312,2311,5,5,,移民,,移民,,,,xlsx-xml,
hsk2015,sheet:新HSK5000词;row:2313,2312,5,5,,遗憾,,遗憾,,,,xlsx-xml,
hsk2015,sheet:新HSK5000词;row:2314,2313,5,5,,疑问,,疑问,,,,xlsx-xml,
hsk2015,sheet:新HSK5000词;row:2315,2314,5,5,,乙,,乙,,,,xlsx-xml,
hsk2015,sheet:新HSK5000词;row:2316,2315,5,5,,以及,,以及,,,,xlsx-xml,
hsk2015,sheet:新HSK5000词;row:2317,2316,5,5,,以来,,以来,,,,xlsx-xml,
hsk2015,sheet:新HSK5000词;row:2318,2317,5,5,,亿,,亿,,,,xlsx-xml,
hsk2015,sheet:新HSK5000词;row:2319,2318,5,5,,义务,,义务,,,,xlsx-xml,
hsk2015,sheet:新HSK5000词;row:2320,2319,5,5,,议论,,议论,,,,xlsx-xml,
hsk2015,sheet:新HSK5000词;row:2321,2320,5,5,,意外,,意外,,,,xlsx-xml,
hsk2015,sheet:新HSK5000词;row:2322,2321,5,5,,意义,,意义,,,,xlsx-xml,
hsk2015,sheet:新HSK5000词;row:2323,2322,5,5,,因而,,因而,,,,xlsx-xml,
hsk2015,sheet:新HSK5000词;row:2324,2323,5,5,,因素,,因素,,,,xlsx-xml,
hsk2015,sheet:新HSK5000词;row:2325,2324,5,5,,银,,银,,,,xlsx-xml,
hsk2015,sheet:新HSK5000词;row:2326,2325,5,5,,印刷,,印刷,,,,xlsx-xml,
hsk2015,sheet:新HSK5000词;row:2327,2326,5,5,,英俊,,英俊,,,,xlsx-xml,
hsk2015,sheet:新HSK5000词;row:2328,2327,5,5,,英雄,,英雄,,,,xlsx-xml,
hsk2015,sheet:新HSK5000词;row:2329,2328,5,5,,迎接,,迎接,,,,xlsx-xml,
hsk2015,sheet:新HSK5000词;row:2330,2329,5,5,,营养,,营养,,,,xlsx-xml,
hsk2015,sheet:新HSK5000词;row:2331,2330,5,5,,营业,,营业,,,,xlsx-xml,
hsk2015,sheet:新HSK5000词;row:2332,2331,5,5,,影子,,影子,,,,xlsx-xml,
hsk2015,sheet:新HSK5000词;row:2333,2332,5,5,,应付,,应付,,,,xlsx-xml,
hsk2015,sheet:新HSK5000词;row:2334,2333,5,5,,应用,,应用,,,,xlsx-xml,
hsk2015,sheet:新HSK5000词;row:2335,2334,5,5,,硬,,硬,,,,xlsx-xml,
hsk2015,sheet:新HSK5000词;row:2336,2335,5,5,,硬件,,硬件,,,,xlsx-xml,
hsk2015,sheet:新HSK5000词;row:2337,2336,5,5,,拥抱,,拥抱,,,,xlsx-xml,
hsk2015,sheet:新HSK5000词;row:2338,2337,5,5,,拥挤,,拥挤,,,,xlsx-xml,
hsk2015,sheet:新HSK5000词;row:2339,2338,5,5,,勇气,,勇气,,,,xlsx-xml,
hsk2015,sheet:新HSK5000词;row:2340,2339,5,5,,用功,,用功,,,,xlsx-xml,
hsk2015,sheet:新HSK5000词;row:2341,2340,5,5,,用途,,用途,,,,xlsx-xml,
hsk2015,sheet:新HSK5000词;row:2342,2341,5,5,,优惠,,优惠,,,,xlsx-xml,
hsk2015,sheet:新HSK5000词;row:2343,2342,5,5,,优美,,优美,,,,xlsx-xml,
hsk2015,sheet:新HSK5000词;row:2344,2343,5,5,,优势,,优势,,,,xlsx-xml,
hsk2015,sheet:新HSK5000词;row:2345,2344,5,5,,悠久,,悠久,,,,xlsx-xml,
hsk2015,sheet:新HSK5000词;row:2346,2345,5,5,,犹豫,,犹豫,,,,xlsx-xml,
hsk2015,sheet:新HSK5000词;row:2347,2346,5,5,,油炸,,油炸,,,,xlsx-xml,
hsk2015,sheet:新HSK5000词;row:2348,2347,5,5,,游览,,游览,,,,xlsx-xml,
hsk2015,sheet:新HSK5000词;row:2349,2348,5,5,,有利,,有利,,,,xlsx-xml,
hsk2015,sheet:新HSK5000词;row:2350,2349,5,5,,幼儿园,,幼儿园,,,,xlsx-xml,
hsk2015,sheet:新HSK5000词;row:2351,2350,5,5,,娱乐,,娱乐,,,,xlsx-xml,
hsk2015,sheet:新HSK5000词;row:2352,2351,5,5,,与其,,与其,,,,xlsx-xml,
hsk2015,sheet:新HSK5000词;row:2353,2352,5,5,,语气,,语气,,,,xlsx-xml,
hsk2015,sheet:新HSK5000词;row:2354,2353,5,5,,玉米,,玉米,,,,xlsx-xml,
hsk2015,sheet:新HSK5000词;row:2355,2354,5,5,,预报,,预报,,,,xlsx-xml,
hsk2015,sheet:新HSK5000词;row:2356,2355,5,5,,预订,,预订,,,,xlsx-xml,
hsk2015,sheet:新HSK5000词;row:2357,2356,5,5,,预防,,预防,,,,xlsx-xml,
hsk2015,sheet:新HSK5000词;row:2358,2357,5,5,,元旦,,元旦,,,,xlsx-xml,
hsk2015,sheet:新HSK5000词;row:2359,2358,5,5,,员工,,员工,,,,xlsx-xml,
hsk2015,sheet:新HSK5000词;row:2360,2359,5,5,,原料,,原料,,,,xlsx-xml,
hsk2015,sheet:新HSK5000词;row:2361,2360,5,5,,原则,,原则,,,,xlsx-xml,
hsk2015,sheet:新HSK5000词;row:2362,2361,5,5,,圆,,圆,,,,xlsx-xml,
hsk2015,sheet:新HSK5000词;row:2363,2362,5,5,,愿望,,愿望,,,,xlsx-xml,
hsk2015,sheet:新HSK5000词;row:2364,2363,5,5,,乐器,,乐器,,,,xlsx-xml,
hsk2015,sheet:新HSK5000词;row:2365,2364,5,5,,晕,,晕,,,,xlsx-xml,
hsk2015,sheet:新HSK5000词;row:2366,2365,5,5,,运气,,运气,,,,xlsx-xml,
hsk2015,sheet:新HSK5000词;row:2367,2366,5,5,,运输,,运输,,,,xlsx-xml,
hsk2015,sheet:新HSK5000词;row:2368,2367,5,5,,运用,,运用,,,,xlsx-xml,
hsk2015,sheet:新HSK5000词;row:2369,2368,5,5,,灾害,,灾害,,,,xlsx-xml,
hsk2015,sheet:新HSK5000词;row:2370,2369,5,5,,再三,,再三,,,,xlsx-xml,
hsk2015,sheet:新HSK5000词;row:2371,2370,5,5,,在乎,,在乎,,,,xlsx-xml,
hsk2015,sheet:新HSK5000词;row:2372,2371,5,5,,在于,,在于,,,,xlsx-xml,
hsk2015,sheet:新HSK5000词;row:2373,2372,5,5,,赞成,,赞成,,,,xlsx-xml,
hsk2015,sheet:新HSK5000词;row:2374,2373,5,5,,赞美,,赞美,,,,xlsx-xml,
hsk2015,sheet:新HSK5000词;row:2375,2374,5,5,,糟糕,,糟糕,,,,xlsx-xml,
hsk2015,sheet:新HSK5000词;row:2376,2375,5,5,,造成,,造成,,,,xlsx-xml,
hsk2015,sheet:新HSK5000词;row:2377,2376,5,5,,则,,则,,,,xlsx-xml,
hsk2015,sheet:新HSK5000词;row:2378,2377,5,5,,责备,,责备,,,,xlsx-xml,
hsk2015,sheet:新HSK5000词;row:2379,2378,5,5,,摘,,摘,,,,xlsx-xml,
hsk2015,sheet:新HSK5000词;row:2380,2379,5,5,,窄,,窄,,,,xlsx-xml,
hsk2015,sheet:新HSK5000词;row:2381,2380,5,5,,粘贴,,粘贴,,,,xlsx-xml,
hsk2015,sheet:新HSK5000词;row:2382,2381,5,5,,展开,,展开,,,,xlsx-xml,
hsk2015,sheet:新HSK5000词;row:2383,2382,5,5,,展览,,展览,,,,xlsx-xml,
hsk2015,sheet:新HSK5000词;row:2384,2383,5,5,,占,,占,,,,xlsx-xml,
hsk2015,sheet:新HSK5000词;row:2385,2384,5,5,,战争,,战争,,,,xlsx-xml,
hsk2015,sheet:新HSK5000词;row:2386,2385,5,5,,长辈,,长辈,,,,xlsx-xml,
hsk2015,sheet:新HSK5000词;row:2387,2386,5,5,,涨,,涨,,,,xlsx-xml,
hsk2015,sheet:新HSK5000词;row:2388,2387,5,5,,掌握,,掌握,,,,xlsx-xml,
hsk2015,sheet:新HSK5000词;row:2389,2388,5,5,,账户,,账户,,,,xlsx-xml,
hsk2015,sheet:新HSK5000词;row:2390,2389,5,5,,招待,,招待,,,,xlsx-xml,
hsk2015,sheet:新HSK5000词;row:2391,2390,5,5,,着火,,着火,,,,xlsx-xml,
hsk2015,sheet:新HSK5000词;row:2392,2391,5,5,,着凉,,着凉,,,,xlsx-xml,
hsk2015,sheet:新HSK5000词;row:2393,2392,5,5,,召开,,召开,,,,xlsx-xml,
hsk2015,sheet:新HSK5000词;row:2394,2393,5,5,,照常,,照常,,,,xlsx-xml,
hsk2015,sheet:新HSK5000词;row:2395,2394,5,5,,哲学,,哲学,,,,xlsx-xml,
hsk2015,sheet:新HSK5000词;row:2396,2395,5,5,,针对,,针对,,,,xlsx-xml,
hsk2015,sheet:新HSK5000词;row:2397,2396,5,5,,珍惜,,珍惜,,,,xlsx-xml,
hsk2015,sheet:新HSK5000词;row:2398,2397,5,5,,真实,,真实,,,,xlsx-xml,
hsk2015,sheet:新HSK5000词;row:2399,2398,5,5,,诊断,,诊断,,,,xlsx-xml,
hsk2015,sheet:新HSK5000词;row:2400,2399,5,5,,阵,,阵,,,,xlsx-xml,
hsk2015,sheet:新HSK5000词;row:2401,2400,5,5,,振动,,振动,,,,xlsx-xml,
hsk2015,sheet:新HSK5000词;row:2402,2401,5,5,,争论,,争论,,,,xlsx-xml,
hsk2015,sheet:新HSK5000词;row:2403,2402,5,5,,争取,,争取,,,,xlsx-xml,
hsk2015,sheet:新HSK5000词;row:2404,2403,5,5,,征求,,征求,,,,xlsx-xml,
hsk2015,sheet:新HSK5000词;row:2405,2404,5,5,,睁,,睁,,,,xlsx-xml,
hsk2015,sheet:新HSK5000词;row:2406,2405,5,5,,整个,,整个,,,,xlsx-xml,
hsk2015,sheet:新HSK5000词;row:2407,2406,5,5,,整齐,,整齐,,,,xlsx-xml,
hsk2015,sheet:新HSK5000词;row:2408,2407,5,5,,整体,,整体,,,,xlsx-xml,
hsk2015,sheet:新HSK5000词;row:2409,2408,5,5,,正,,正,,,,xlsx-xml,
hsk2015,sheet:新HSK5000词;row:2410,2409,5,5,,证件,,证件,,,,xlsx-xml,
hsk2015,sheet:新HSK5000词;row:2411,2410,5,5,,证据,,证据,,,,xlsx-xml,
hsk2015,sheet:新HSK5000词;row:2412,2411,5,5,,政府,,政府,,,,xlsx-xml,
hsk2015,sheet:新HSK5000词;row:2413,2412,5,5,,政治,,政治,,,,xlsx-xml,
hsk2015,sheet:新HSK5000词;row:2414,2413,5,5,,挣,,挣,,,,xlsx-xml,
hsk2015,sheet:新HSK5000词;row:2415,2414,5,5,,支,,支,,,,xlsx-xml,
hsk2015,sheet:新HSK5000词;row:2416,2415,5,5,,支票,,支票,,,,xlsx-xml,
hsk2015,sheet:新HSK5000词;row:2417,2416,5,5,,执照,,执照,,,,xlsx-xml,
hsk2015,sheet:新HSK5000词;row:2418,2417,5,5,,直,,直,,,,xlsx-xml,
hsk2015,sheet:新HSK5000词;row:2419,2418,5,5,,指导,,指导,,,,xlsx-xml,
hsk2015,sheet:新HSK5000词;row:2420,2419,5,5,,指挥,,指挥,,,,xlsx-xml,
hsk2015,sheet:新HSK5000词;row:2421,2420,5,5,,至今,,至今,,,,xlsx-xml,
hsk2015,sheet:新HSK5000词;row:2422,2421,5,5,,至于,,至于,,,,xlsx-xml,
hsk2015,sheet:新HSK5000词;row:2423,2422,5,5,,志愿者,,志愿者,,,,xlsx-xml,
hsk2015,sheet:新HSK5000词;row:2424,2423,5,5,,制定,,制定,,,,xlsx-xml,
hsk2015,sheet:新HSK5000词;row:2425,2424,5,5,,制度,,制度,,,,xlsx-xml,
hsk2015,sheet:新HSK5000词;row:2426,2425,5,5,,制造,,制造,,,,xlsx-xml,
hsk2015,sheet:新HSK5000词;row:2427,2426,5,5,,制作,,制作,,,,xlsx-xml,
hsk2015,sheet:新HSK5000词;row:2428,2427,5,5,,治疗,,治疗,,,,xlsx-xml,
hsk2015,sheet:新HSK5000词;row:2429,2428,5,5,,秩序,,秩序,,,,xlsx-xml,
hsk2015,sheet:新HSK5000词;row:2430,2429,5,5,,智慧,,智慧,,,,xlsx-xml,
hsk2015,sheet:新HSK5000词;row:2431,2430,5,5,,中介,,中介,,,,xlsx-xml,
hsk2015,sheet:新HSK5000词;row:2432,2431,5,5,,中心,,中心,,,,xlsx-xml,
hsk2015,sheet:新HSK5000词;row:2433,2432,5,5,,中旬,,中旬,,,,xlsx-xml,
hsk2015,sheet:新HSK5000词;row:2434,2433,5,5,,种类,,种类,,,,xlsx-xml,
hsk2015,sheet:新HSK5000词;row:2435,2434,5,5,,重大,,重大,,,,xlsx-xml,
hsk2015,sheet:新HSK5000词;row:2436,2435,5,5,,重量,,重量,,,,xlsx-xml,
hsk2015,sheet:新HSK5000词;row:2437,2436,5,5,,周到,,周到,,,,xlsx-xml,
hsk2015,sheet:新HSK5000词;row:2438,2437,5,5,,猪,,猪,,,,xlsx-xml,
hsk2015,sheet:新HSK5000词;row:2439,2438,5,5,,竹子,,竹子,,,,xlsx-xml,
hsk2015,sheet:新HSK5000词;row:2440,2439,5,5,,逐步,,逐步,,,,xlsx-xml,
hsk2015,sheet:新HSK5000词;row:2441,2440,5,5,,逐渐,,逐渐,,,,xlsx-xml,
hsk2015,sheet:新HSK5000词;row:2442,2441,5,5,,主持,,主持,,,,xlsx-xml,
hsk2015,sheet:新HSK5000词;row:2443,2442,5,5,,主动,,主动,,,,xlsx-xml,
hsk2015,sheet:新HSK5000词;row:2444,2443,5,5,,主观,,主观,,,,xlsx-xml,
hsk2015,sheet:新HSK5000词;row:2445,2444,5,5,,主人,,主人,,,,xlsx-xml,
hsk2015,sheet:新HSK5000词;row:2446,2445,5,5,,主任,,主任,,,,xlsx-xml,
hsk2015,sheet:新HSK5000词;row:2447,2446,5,5,,主题,,主题,,,,xlsx-xml,
hsk2015,sheet:新HSK5000词;row:2448,2447,5,5,,主席,,主席,,,,xlsx-xml,
hsk2015,sheet:新HSK5000词;row:2449,2448,5,5,,主张,,主张,,,,xlsx-xml,
hsk2015,sheet:新HSK5000词;row:2450,2449,5,5,,煮,,煮,,,,xlsx-xml,
hsk2015,sheet:新HSK5000词;row:2451,2450,5,5,,注册,,注册,,,,xlsx-xml,
hsk2015,sheet:新HSK5000词;row:2452,2451,5,5,,祝福,,祝福,,,,xlsx-xml,
hsk2015,sheet:新HSK5000词;row:2453,2452,5,5,,抓,,抓,,,,xlsx-xml,
hsk2015,sheet:新HSK5000词;row:2454,2453,5,5,,抓紧,,抓紧,,,,xlsx-xml,
hsk2015,sheet:新HSK5000词;row:2455,2454,5,5,,专家,,专家,,,,xlsx-xml,
hsk2015,sheet:新HSK5000词;row:2456,2455,5,5,,专心,,专心,,,,xlsx-xml,
hsk2015,sheet:新HSK5000词;row:2457,2456,5,5,,转变,,转变,,,,xlsx-xml,
hsk2015,sheet:新HSK5000词;row:2458,2457,5,5,,转告,,转告,,,,xlsx-xml,
hsk2015,sheet:新HSK5000词;row:2459,2458,5,5,,装,,装,,,,xlsx-xml,
hsk2015,sheet:新HSK5000词;row:2460,2459,5,5,,装饰,,装饰,,,,xlsx-xml,
hsk2015,sheet:新HSK5000词;row:2461,2460,5,5,,装修,,装修,,,,xlsx-xml,
hsk2015,sheet:新HSK5000词;row:2462,2461,5,5,,状况,,状况,,,,xlsx-xml,
hsk2015,sheet:新HSK5000词;row:2463,2462,5,5,,状态,,状态,,,,xlsx-xml,
hsk2015,sheet:新HSK5000词;row:2464,2463,5,5,,撞,,撞,,,,xlsx-xml,
hsk2015,sheet:新HSK5000词;row:2465,2464,5,5,,追,,追,,,,xlsx-xml,
hsk2015,sheet:新HSK5000词;row:2466,2465,5,5,,追求,,追求,,,,xlsx-xml,
hsk2015,sheet:新HSK5000词;row:2467,2466,5,5,,咨询,,咨询,,,,xlsx-xml,
hsk2015,sheet:新HSK5000词;row:2468,2467,5,5,,姿势,,姿势,,,,xlsx-xml,
hsk2015,sheet:新HSK5000词;row:2469,2468,5,5,,资格,,资格,,,,xlsx-xml,
hsk2015,sheet:新HSK5000词;row:2470,2469,5,5,,资金,,资金,,,,xlsx-xml,
hsk2015,sheet:新HSK5000词;row:2471,2470,5,5,,资料,,资料,,,,xlsx-xml,
hsk2015,sheet:新HSK5000词;row:2472,2471,5,5,,资源,,资源,,,,xlsx-xml,
hsk2015,sheet:新HSK5000词;row:2473,2472,5,5,,紫,,紫,,,,xlsx-xml,
hsk2015,sheet:新HSK5000词;row:2474,2473,5,5,,自从,,自从,,,,xlsx-xml,
hsk2015,sheet:新HSK5000词;row:2475,2474,5,5,,自动,,自动,,,,xlsx-xml,
hsk2015,sheet:新HSK5000词;row:2476,2475,5,5,,自豪,,自豪,,,,xlsx-xml,
hsk2015,sheet:新HSK5000词;row:2477,2476,5,5,,自觉,,自觉,,,,xlsx-xml,
hsk2015,sheet:新HSK5000词;row:2478,2477,5,5,,自私,,自私,,,,xlsx-xml,
hsk2015,sheet:新HSK5000词;row:2479,2478,5,5,,自由,,自由,,,,xlsx-xml,
hsk2015,sheet:新HSK5000词;row:2480,2479,5,5,,自愿,,自愿,,,,xlsx-xml,
hsk2015,sheet:新HSK5000词;row:2481,2480,5,5,,字母,,字母,,,,xlsx-xml,
hsk2015,sheet:新HSK5000词;row:2482,2481,5,5,,字幕,,字幕,,,,xlsx-xml,
hsk2015,sheet:新HSK5000词;row:2483,2482,5,5,,综合,,综合,,,,xlsx-xml,
hsk2015,sheet:新HSK5000词;row:2484,2483,5,5,,总裁,,总裁,,,,xlsx-xml,
hsk2015,sheet:新HSK5000词;row:2485,2484,5,5,,总共,,总共,,,,xlsx-xml,
hsk2015,sheet:新HSK5000词;row:2486,2485,5,5,,总理,,总理,,,,xlsx-xml,
hsk2015,sheet:新HSK5000词;row:2487,2486,5,5,,总算,,总算,,,,xlsx-xml,
hsk2015,sheet:新HSK5000词;row:2488,2487,5,5,,总统,,总统,,,,xlsx-xml,
hsk2015,sheet:新HSK5000词;row:2489,2488,5,5,,总之,,总之,,,,xlsx-xml,
hsk2015,sheet:新HSK5000词;row:2490,2489,5,5,,阻止,,阻止,,,,xlsx-xml,
hsk2015,sheet:新HSK5000词;row:2491,2490,5,5,,组,,组,,,,xlsx-xml,
hsk2015,sheet:新HSK5000词;row:2492,2491,5,5,,组成,,组成,,,,xlsx-xml,
hsk2015,sheet:新HSK5000词;row:2493,2492,5,5,,组合,,组合,,,,xlsx-xml,
hsk2015,sheet:新HSK5000词;row:2494,2493,5,5,,组织,,组织,,,,xlsx-xml,
hsk2015,sheet:新HSK5000词;row:2495,2494,5,5,,最初,,最初,,,,xlsx-xml,
hsk2015,sheet:新HSK5000词;row:2496,2495,5,5,,醉,,醉,,,,xlsx-xml,
hsk2015,sheet:新HSK5000词;row:2497,2496,5,5,,尊敬,,尊敬,,,,xlsx-xml,
hsk2015,sheet:新HSK5000词;row:2498,2497,5,5,,遵守,,遵守,,,,xlsx-xml,
hsk2015,sheet:新HSK5000词;row:2499,2498,5,5,,作品,,作品,,,,xlsx-xml,
hsk2015,sheet:新HSK5000词;row:2500,2499,5,5,,作为,,作为,,,,xlsx-xml,
hsk2015,sheet:新HSK5000词;row:2501,2500,5,5,,作文,,作文,,,,xlsx-xml,
hsk2015,sheet:新HSK5000词;row:2502,2501,6,6,,挨,,挨,,,,xlsx-xml,
hsk2015,sheet:新HSK5000词;row:2503,2502,6,6,,癌症,,癌症,,,,xlsx-xml,
hsk2015,sheet:新HSK5000词;row:2504,2503,6,6,,爱不释手,,爱不释手,,,,xlsx-xml,
hsk2015,sheet:新HSK5000词;row:2505,2504,6,6,,爱戴,,爱戴,,,,xlsx-xml,
hsk2015,sheet:新HSK5000词;row:2506,2505,6,6,,暧昧,,暧昧,,,,xlsx-xml,
hsk2015,sheet:新HSK5000词;row:2507,2506,6,6,,安宁,,安宁,,,,xlsx-xml,
hsk2015,sheet:新HSK5000词;row:2508,2507,6,6,,安详,,安详,,,,xlsx-xml,
hsk2015,sheet:新HSK5000词;row:2509,2508,6,6,,安置,,安置,,,,xlsx-xml,
hsk2015,sheet:新HSK5000词;row:2510,2509,6,6,,按摩,,按摩,,,,xlsx-xml,
hsk2015,sheet:新HSK5000词;row:2511,2510,6,6,,案件,,案件,,,,xlsx-xml,
hsk2015,sheet:新HSK5000词;row:2512,2511,6,6,,案例,,案例,,,,xlsx-xml,
hsk2015,sheet:新HSK5000词;row:2513,2512,6,6,,暗示,,暗示,,,,xlsx-xml,
hsk2015,sheet:新HSK5000词;row:2514,2513,6,6,,昂贵,,昂贵,,,,xlsx-xml,
hsk2015,sheet:新HSK5000词;row:2515,2514,6,6,,凹凸,,凹凸,,,,xlsx-xml,
hsk2015,sheet:新HSK5000词;row:2516,2515,6,6,,熬,,熬,,,,xlsx-xml,
hsk2015,sheet:新HSK5000词;row:2517,2516,6,6,,奥秘,,奥秘,,,,xlsx-xml,
hsk2015,sheet:新HSK5000词;row:2518,2517,6,6,,巴不得,,巴不得,,,,xlsx-xml,
hsk2015,sheet:新HSK5000词;row:2519,2518,6,6,,巴结,,巴结,,,,xlsx-xml,
hsk2015,sheet:新HSK5000词;row:2520,2519,6,6,,扒,,扒,,,,xlsx-xml,
hsk2015,sheet:新HSK5000词;row:2521,2520,6,6,,疤,,疤,,,,xlsx-xml,
hsk2015,sheet:新HSK5000词;row:2522,2521,6,6,,拔苗助长,,拔苗助长,,,,xlsx-xml,
hsk2015,sheet:新HSK5000词;row:2523,2522,6,6,,把关,,把关,,,,xlsx-xml,
hsk2015,sheet:新HSK5000词;row:2524,2523,6,6,,把手,,把手,,,,xlsx-xml,
hsk2015,sheet:新HSK5000词;row:2525,2524,6,6,,罢工,,罢工,,,,xlsx-xml,
hsk2015,sheet:新HSK5000词;row:2526,2525,6,6,,霸道,,霸道,,,,xlsx-xml,
hsk2015,sheet:新HSK5000词;row:2527,2526,6,6,,掰,,掰,,,,xlsx-xml,
hsk2015,sheet:新HSK5000词;row:2528,2527,6,6,,摆脱,,摆脱,,,,xlsx-xml,
hsk2015,sheet:新HSK5000词;row:2529,2528,6,6,,败坏,,败坏,,,,xlsx-xml,
hsk2015,sheet:新HSK5000词;row:2530,2529,6,6,,拜访,,拜访,,,,xlsx-xml,
hsk2015,sheet:新HSK5000词;row:2531,2530,6,6,,拜年,,拜年,,,,xlsx-xml,
hsk2015,sheet:新HSK5000词;row:2532,2531,6,6,,拜托,,拜托,,,,xlsx-xml,
hsk2015,sheet:新HSK5000词;row:2533,2532,6,6,,颁布,,颁布,,,,xlsx-xml,
hsk2015,sheet:新HSK5000词;row:2534,2533,6,6,,颁发,,颁发,,,,xlsx-xml,
hsk2015,sheet:新HSK5000词;row:2535,2534,6,6,,斑,,斑,,,,xlsx-xml,
hsk2015,sheet:新HSK5000词;row:2536,2535,6,6,,版本,,版本,,,,xlsx-xml,
hsk2015,sheet:新HSK5000词;row:2537,2536,6,6,,半途而废,,半途而废,,,,xlsx-xml,
hsk2015,sheet:新HSK5000词;row:2538,2537,6,6,,扮演,,扮演,,,,xlsx-xml,
hsk2015,sheet:新HSK5000词;row:2539,2538,6,6,,伴侣,,伴侣,,,,xlsx-xml,
hsk2015,sheet:新HSK5000词;row:2540,2539,6,6,,伴随,,伴随,,,,xlsx-xml,
hsk2015,sheet:新HSK5000词;row:2541,2540,6,6,,绑架,,绑架,,,,xlsx-xml,
hsk2015,sheet:新HSK5000词;row:2542,2541,6,6,,榜样,,榜样,,,,xlsx-xml,
hsk2015,sheet:新HSK5000词;row:2543,2542,6,6,,磅,,磅,,,,xlsx-xml,
hsk2015,sheet:新HSK5000词;row:2544,2543,6,6,,包庇,,包庇,,,,xlsx-xml,
hsk2015,sheet:新HSK5000词;row:2545,2544,6,6,,包袱,,包袱,,,,xlsx-xml,
hsk2015,sheet:新HSK5000词;row:2546,2545,6,6,,包围,,包围,,,,xlsx-xml,
hsk2015,sheet:新HSK5000词;row:2547,2546,6,6,,包装,,包装,,,,xlsx-xml,
hsk2015,sheet:新HSK5000词;row:2548,2547,6,6,,饱和,,饱和,,,,xlsx-xml,
hsk2015,sheet:新HSK5000词;row:2549,2548,6,6,,饱经沧桑,,饱经沧桑,,,,xlsx-xml,
hsk2015,sheet:新HSK5000词;row:2550,2549,6,6,,保管,,保管,,,,xlsx-xml,
hsk2015,sheet:新HSK5000词;row:2551,2550,6,6,,保密,,保密,,,,xlsx-xml,
hsk2015,sheet:新HSK5000词;row:2552,2551,6,6,,保姆,,保姆,,,,xlsx-xml,
hsk2015,sheet:新HSK5000词;row:2553,2552,6,6,,保守,,保守,,,,xlsx-xml,
hsk2015,sheet:新HSK5000词;row:2554,2553,6,6,,保卫,,保卫,,,,xlsx-xml,
hsk2015,sheet:新HSK5000词;row:2555,2554,6,6,,保养,,保养,,,,xlsx-xml,
hsk2015,sheet:新HSK5000词;row:2556,2555,6,6,,保障,,保障,,,,xlsx-xml,
hsk2015,sheet:新HSK5000词;row:2557,2556,6,6,,保重,,保重,,,,xlsx-xml,
hsk2015,sheet:新HSK5000词;row:2558,2557,6,6,,报仇,,报仇,,,,xlsx-xml,
hsk2015,sheet:新HSK5000词;row:2559,2558,6,6,,报酬,,报酬,,,,xlsx-xml,
hsk2015,sheet:新HSK5000词;row:2560,2559,6,6,,报答,,报答,,,,xlsx-xml,
hsk2015,sheet:新HSK5000词;row:2561,2560,6,6,,报复,,报复,,,,xlsx-xml,
hsk2015,sheet:新HSK5000词;row:2562,2561,6,6,,报警,,报警,,,,xlsx-xml,
hsk2015,sheet:新HSK5000词;row:2563,2562,6,6,,报销,,报销,,,,xlsx-xml,
hsk2015,sheet:新HSK5000词;row:2564,2563,6,6,,抱负,,抱负,,,,xlsx-xml,
hsk2015,sheet:新HSK5000词;row:2565,2564,6,6,,暴力,,暴力,,,,xlsx-xml,
hsk2015,sheet:新HSK5000词;row:2566,2565,6,6,,暴露,,暴露,,,,xlsx-xml,
hsk2015,sheet:新HSK5000词;row:2567,2566,6,6,,曝光,,曝光,,,,xlsx-xml,
hsk2015,sheet:新HSK5000词;row:2568,2567,6,6,,爆发,,爆发,,,,xlsx-xml,
hsk2015,sheet:新HSK5000词;row:2569,2568,6,6,,爆炸,,爆炸,,,,xlsx-xml,
hsk2015,sheet:新HSK5000词;row:2570,2569,6,6,,卑鄙,,卑鄙,,,,xlsx-xml,
hsk2015,sheet:新HSK5000词;row:2571,2570,6,6,,悲哀,,悲哀,,,,xlsx-xml,
hsk2015,sheet:新HSK5000词;row:2572,2571,6,6,,悲惨,,悲惨,,,,xlsx-xml,
hsk2015,sheet:新HSK5000词;row:2573,2572,6,6,,北极,,北极,,,,xlsx-xml,
hsk2015,sheet:新HSK5000词;row:2574,2573,6,6,,贝壳,,贝壳,,,,xlsx-xml,
hsk2015,sheet:新HSK5000词;row:2575,2574,6,6,,备份,,备份,,,,xlsx-xml,
hsk2015,sheet:新HSK5000词;row:2576,2575,6,6,,备忘录,,备忘录,,,,xlsx-xml,
hsk2015,sheet:新HSK5000词;row:2577,2576,6,6,,背叛,,背叛,,,,xlsx-xml,
hsk2015,sheet:新HSK5000词;row:2578,2577,6,6,,背诵,,背诵,,,,xlsx-xml,
hsk2015,sheet:新HSK5000词;row:2579,2578,6,6,,被动,,被动,,,,xlsx-xml,
hsk2015,sheet:新HSK5000词;row:2580,2579,6,6,,被告,,被告,,,,xlsx-xml,
hsk2015,sheet:新HSK5000词;row:2581,2580,6,6,,奔波,,奔波,,,,xlsx-xml,
hsk2015,sheet:新HSK5000词;row:2582,2581,6,6,,奔驰,,奔驰,,,,xlsx-xml,
hsk2015,sheet:新HSK5000词;row:2583,2582,6,6,,本能,,本能,,,,xlsx-xml,
hsk2015,sheet:新HSK5000词;row:2584,2583,6,6,,本钱,,本钱,,,,xlsx-xml,
hsk2015,sheet:新HSK5000词;row:2585,2584,6,6,,本人,,本人,,,,xlsx-xml,
hsk2015,sheet:新HSK5000词;row:2586,2585,6,6,,本身,,本身,,,,xlsx-xml,
hsk2015,sheet:新HSK5000词;row:2587,2586,6,6,,本事,,本事,,,,xlsx-xml,
hsk2015,sheet:新HSK5000词;row:2588,2587,6,6,,笨拙,,笨拙,,,,xlsx-xml,
hsk2015,sheet:新HSK5000词;row:2589,2588,6,6,,崩溃,,崩溃,,,,xlsx-xml,
hsk2015,sheet:新HSK5000词;row:2590,2589,6,6,,甭,,甭,,,,xlsx-xml,
hsk2015,sheet:新HSK5000词;row:2591,2590,6,6,,迸发,,迸发,,,,xlsx-xml,
hsk2015,sheet:新HSK5000词;row:2592,2591,6,6,,蹦,,蹦,,,,xlsx-xml,
hsk2015,sheet:新HSK5000词;row:2593,2592,6,6,,逼迫,,逼迫,,,,xlsx-xml,
hsk2015,sheet:新HSK5000词;row:2594,2593,6,6,,鼻涕,,鼻涕,,,,xlsx-xml,
hsk2015,sheet:新HSK5000词;row:2595,2594,6,6,,比方,,比方,,,,xlsx-xml,
hsk2015,sheet:新HSK5000词;row:2596,2595,6,6,,比喻,,比喻,,,,xlsx-xml,
hsk2015,sheet:新HSK5000词;row:2597,2596,6,6,,比重,,比重,,,,xlsx-xml,
hsk2015,sheet:新HSK5000词;row:2598,2597,6,6,,鄙视,,鄙视,,,,xlsx-xml,
hsk2015,sheet:新HSK5000词;row:2599,2598,6,6,,闭塞,,闭塞,,,,xlsx-xml,
hsk2015,sheet:新HSK5000词;row:2600,2599,6,6,,弊病,,弊病,,,,xlsx-xml,
hsk2015,sheet:新HSK5000词;row:2601,2600,6,6,,弊端,,弊端,,,,xlsx-xml,
hsk2015,sheet:新HSK5000词;row:2602,2601,6,6,,臂,,臂,,,,xlsx-xml,
hsk2015,sheet:新HSK5000词;row:2603,2602,6,6,,边疆,,边疆,,,,xlsx-xml,
hsk2015,sheet:新HSK5000词;row:2604,2603,6,6,,边界,,边界,,,,xlsx-xml,
hsk2015,sheet:新HSK5000词;row:2605,2604,6,6,,边境,,边境,,,,xlsx-xml,
hsk2015,sheet:新HSK5000词;row:2606,2605,6,6,,边缘,,边缘,,,,xlsx-xml,
hsk2015,sheet:新HSK5000词;row:2607,2606,6,6,,编织,,编织,,,,xlsx-xml,
hsk2015,sheet:新HSK5000词;row:2608,2607,6,6,,鞭策,,鞭策,,,,xlsx-xml,
hsk2015,sheet:新HSK5000词;row:2609,2608,6,6,,贬低,,贬低,,,,xlsx-xml,
hsk2015,sheet:新HSK5000词;row:2610,2609,6,6,,贬义,,贬义,,,,xlsx-xml,
hsk2015,sheet:新HSK5000词;row:2611,2610,6,6,,扁,,扁,,,,xlsx-xml,
hsk2015,sheet:新HSK5000词;row:2612,2611,6,6,,变故,,变故,,,,xlsx-xml,
hsk2015,sheet:新HSK5000词;row:2613,2612,6,6,,变迁,,变迁,,,,xlsx-xml,
hsk2015,sheet:新HSK5000词;row:2614,2613,6,6,,变质,,变质,,,,xlsx-xml,
hsk2015,sheet:新HSK5000词;row:2615,2614,6,6,,便利,,便利,,,,xlsx-xml,
hsk2015,sheet:新HSK5000词;row:2616,2615,6,6,,便条,,便条,,,,xlsx-xml,
hsk2015,sheet:新HSK5000词;row:2617,2616,6,6,,便于,,便于,,,,xlsx-xml,
hsk2015,sheet:新HSK5000词;row:2618,2617,6,6,,遍布,,遍布,,,,xlsx-xml,
hsk2015,sheet:新HSK5000词;row:2619,2618,6,6,,辨认,,辨认,,,,xlsx-xml,
hsk2015,sheet:新HSK5000词;row:2620,2619,6,6,,辩护,,辩护,,,,xlsx-xml,
hsk2015,sheet:新HSK5000词;row:2621,2620,6,6,,辩解,,辩解,,,,xlsx-xml,
hsk2015,sheet:新HSK5000词;row:2622,2621,6,6,,辩证,,辩证,,,,xlsx-xml,
hsk2015,sheet:新HSK5000词;row:2623,2622,6,6,,辫子,,辫子,,,,xlsx-xml,
hsk2015,sheet:新HSK5000词;row:2624,2623,6,6,,标本,,标本,,,,xlsx-xml,
hsk2015,sheet:新HSK5000词;row:2625,2624,6,6,,标记,,标记,,,,xlsx-xml,
hsk2015,sheet:新HSK5000词;row:2626,2625,6,6,,标题,,标题,,,,xlsx-xml,
hsk2015,sheet:新HSK5000词;row:2627,2626,6,6,,表决,,表决,,,,xlsx-xml,
hsk2015,sheet:新HSK5000词;row:2628,2627,6,6,,表态,,表态,,,,xlsx-xml,
hsk2015,sheet:新HSK5000词;row:2629,2628,6,6,,表彰,,表彰,,,,xlsx-xml,
hsk2015,sheet:新HSK5000词;row:2630,2629,6,6,,憋,,憋,,,,xlsx-xml,
hsk2015,sheet:新HSK5000词;row:2631,2630,6,6,,别墅,,别墅,,,,xlsx-xml,
hsk2015,sheet:新HSK5000词;row:2632,2631,6,6,,别致,,别致,,,,xlsx-xml,
hsk2015,sheet:新HSK5000词;row:2633,2632,6,6,,别扭,,别扭,,,,xlsx-xml,
hsk2015,sheet:新HSK5000词;row:2634,2633,6,6,,濒临,,濒临,,,,xlsx-xml,
hsk2015,sheet:新HSK5000词;row:2635,2634,6,6,,冰雹,,冰雹,,,,xlsx-xml,
hsk2015,sheet:新HSK5000词;row:2636,2635,6,6,,丙,,丙,,,,xlsx-xml,
hsk2015,sheet:新HSK5000词;row:2637,2636,6,6,,并非,,并非,,,,xlsx-xml,
hsk2015,sheet:新HSK5000词;row:2638,2637,6,6,,并列,,并列,,,,xlsx-xml,
hsk2015,sheet:新HSK5000词;row:2639,2638,6,6,,拨,,拨,,,,xlsx-xml,
hsk2015,sheet:新HSK5000词;row:2640,2639,6,6,,波浪,,波浪,,,,xlsx-xml,
hsk2015,sheet:新HSK5000词;row:2641,2640,6,6,,波涛,,波涛,,,,xlsx-xml,
hsk2015,sheet:新HSK5000词;row:2642,2641,6,6,,剥削,,剥削,,,,xlsx-xml,
hsk2015,sheet:新HSK5000词;row:2643,2642,6,6,,播种,,播种,,,,xlsx-xml,
hsk2015,sheet:新HSK5000词;row:2644,2643,6,6,,伯母,,伯母,,,,xlsx-xml,
hsk2015,sheet:新HSK5000词;row:2645,2644,6,6,,博大精深,,博大精深,,,,xlsx-xml,
hsk2015,sheet:新HSK5000词;row:2646,2645,6,6,,博览会,,博览会,,,,xlsx-xml,
hsk2015,sheet:新HSK5000词;row:2647,2646,6,6,,搏斗,,搏斗,,,,xlsx-xml,
hsk2015,sheet:新HSK5000词;row:2648,2647,6,6,,薄弱,,薄弱,,,,xlsx-xml,
hsk2015,sheet:新HSK5000词;row:2649,2648,6,6,,补偿,,补偿,,,,xlsx-xml,
hsk2015,sheet:新HSK5000词;row:2650,2649,6,6,,补救,,补救,,,,xlsx-xml,
hsk2015,sheet:新HSK5000词;row:2651,2650,6,6,,补贴,,补贴,,,,xlsx-xml,
hsk2015,sheet:新HSK5000词;row:2652,2651,6,6,,捕捉,,捕捉,,,,xlsx-xml,
hsk2015,sheet:新HSK5000词;row:2653,2652,6,6,,哺乳,,哺乳,,,,xlsx-xml,
hsk2015,sheet:新HSK5000词;row:2654,2653,6,6,,不得已,,不得已,,,,xlsx-xml,
hsk2015,sheet:新HSK5000词;row:2655,2654,6,6,,不妨,,不妨,,,,xlsx-xml,
hsk2015,sheet:新HSK5000词;row:2656,2655,6,6,,不敢当,,不敢当,,,,xlsx-xml,
hsk2015,sheet:新HSK5000词;row:2657,2656,6,6,,不顾,,不顾,,,,xlsx-xml,
hsk2015,sheet:新HSK5000词;row:2658,2657,6,6,,不禁,,不禁,,,,xlsx-xml,
hsk2015,sheet:新HSK5000词;row:2659,2658,6,6,,不堪,,不堪,,,,xlsx-xml,
hsk2015,sheet:新HSK5000词;row:2660,2659,6,6,,不可思议,,不可思议,,,,xlsx-xml,
hsk2015,sheet:新HSK5000词;row:2661,2660,6,6,,不愧,,不愧,,,,xlsx-xml,
hsk2015,sheet:新HSK5000词;row:2662,2661,6,6,,不料,,不料,,,,xlsx-xml,
hsk2015,sheet:新HSK5000词;row:2663,2662,6,6,,不免,,不免,,,,xlsx-xml,
hsk2015,sheet:新HSK5000词;row:2664,2663,6,6,,不时,,不时,,,,xlsx-xml,
hsk2015,sheet:新HSK5000词;row:2665,2664,6,6,,不惜,,不惜,,,,xlsx-xml,
hsk2015,sheet:新HSK5000词;row:2666,2665,6,6,,不相上下,,不相上下,,,,xlsx-xml,
hsk2015,sheet:新HSK5000词;row:2667,2666,6,6,,不像话,,不像话,,,,xlsx-xml,
hsk2015,sheet:新HSK5000词;row:2668,2667,6,6,,不屑一顾,,不屑一顾,,,,xlsx-xml,
hsk2015,sheet:新HSK5000词;row:2669,2668,6,6,,不言而喻,,不言而喻,,,,xlsx-xml,
hsk2015,sheet:新HSK5000词;row:2670,2669,6,6,,不由得,,不由得,,,,xlsx-xml,
hsk2015,sheet:新HSK5000词;row:2671,2670,6,6,,不择手段,,不择手段,,,,xlsx-xml,
hsk2015,sheet:新HSK5000词;row:2672,2671,6,6,,不止,,不止,,,,xlsx-xml,
hsk2015,sheet:新HSK5000词;row:2673,2672,6,6,,布告,,布告,,,,xlsx-xml,
hsk2015,sheet:新HSK5000词;row:2674,2673,6,6,,布局,,布局,,,,xlsx-xml,
hsk2015,sheet:新HSK5000词;row:2675,2674,6,6,,布置,,布置,,,,xlsx-xml,
hsk2015,sheet:新HSK5000词;row:2676,2675,6,6,,步伐,,步伐,,,,xlsx-xml,
hsk2015,sheet:新HSK5000词;row:2677,2676,6,6,,部署,,部署,,,,xlsx-xml,
hsk2015,sheet:新HSK5000词;row:2678,2677,6,6,,部位,,部位,,,,xlsx-xml,
hsk2015,sheet:新HSK5000词;row:2679,2678,6,6,,才干,,才干,,,,xlsx-xml,
hsk2015,sheet:新HSK5000词;row:2680,2679,6,6,,财富,,财富,,,,xlsx-xml,
hsk2015,sheet:新HSK5000词;row:2681,2680,6,6,,财务,,财务,,,,xlsx-xml,
hsk2015,sheet:新HSK5000词;row:2682,2681,6,6,,财政,,财政,,,,xlsx-xml,
hsk2015,sheet:新HSK5000词;row:2683,2682,6,6,,裁缝,,裁缝,,,,xlsx-xml,
hsk2015,sheet:新HSK5000词;row:2684,2683,6,6,,裁判,,裁判,,,,xlsx-xml,
hsk2015,sheet:新HSK5000词;row:2685,2684,6,6,,裁员,,裁员,,,,xlsx-xml,
hsk2015,sheet:新HSK5000词;row:2686,2685,6,6,,采购,,采购,,,,xlsx-xml,
hsk2015,sheet:新HSK5000词;row:2687,2686,6,6,,采集,,采集,,,,xlsx-xml,
hsk2015,sheet:新HSK5000词;row:2688,2687,6,6,,采纳,,采纳,,,,xlsx-xml,
hsk2015,sheet:新HSK5000词;row:2689,2688,6,6,,彩票,,彩票,,,,xlsx-xml,
hsk2015,sheet:新HSK5000词;row:2690,2689,6,6,,参谋,,参谋,,,,xlsx-xml,
hsk2015,sheet:新HSK5000词;row:2691,2690,6,6,,参照,,参照,,,,xlsx-xml,
hsk2015,sheet:新HSK5000词;row:2692,2691,6,6,,残疾,,残疾,,,,xlsx-xml,
hsk2015,sheet:新HSK5000词;row:2693,2692,6,6,,残酷,,残酷,,,,xlsx-xml,
hsk2015,sheet:新HSK5000词;row:2694,2693,6,6,,残留,,残留,,,,xlsx-xml,
hsk2015,sheet:新HSK5000词;row:2695,2694,6,6,,残忍,,残忍,,,,xlsx-xml,
hsk2015,sheet:新HSK5000词;row:2696,2695,6,6,,灿烂,,灿烂,,,,xlsx-xml,
hsk2015,sheet:新HSK5000词;row:2697,2696,6,6,,仓促,,仓促,,,,xlsx-xml,
hsk2015,sheet:新HSK5000词;row:2698,2697,6,6,,仓库,,仓库,,,,xlsx-xml,
hsk2015,sheet:新HSK5000词;row:2699,2698,6,6,,苍白,,苍白,,,,xlsx-xml,
hsk2015,sheet:新HSK5000词;row:2700,2699,6,6,,舱,,舱,,,,xlsx-xml,
hsk2015,sheet:新HSK5000词;row:2701,2700,6,6,,操劳,,操劳,,,,xlsx-xml,
hsk2015,sheet:新HSK5000词;row:2702,2701,6,6,,操练,,操练,,,,xlsx-xml,
hsk2015,sheet:新HSK5000词;row:2703,2702,6,6,,操纵,,操纵,,,,xlsx-xml,
hsk2015,sheet:新HSK5000词;row:2704,2703,6,6,,操作,,操作,,,,xlsx-xml,
hsk2015,sheet:新HSK5000词;row:2705,2704,6,6,,嘈杂,,嘈杂,,,,xlsx-xml,
hsk2015,sheet:新HSK5000词;row:2706,2705,6,6,,草案,,草案,,,,xlsx-xml,
hsk2015,sheet:新HSK5000词;row:2707,2706,6,6,,草率,,草率,,,,xlsx-xml,
hsk2015,sheet:新HSK5000词;row:2708,2707,6,6,,侧面,,侧面,,,,xlsx-xml,
hsk2015,sheet:新HSK5000词;row:2709,2708,6,6,,测量,,测量,,,,xlsx-xml,
hsk2015,sheet:新HSK5000词;row:2710,2709,6,6,,策划,,策划,,,,xlsx-xml,
hsk2015,sheet:新HSK5000词;row:2711,2710,6,6,,策略,,策略,,,,xlsx-xml,
hsk2015,sheet:新HSK5000词;row:2712,2711,6,6,,层出不穷,,层出不穷,,,,xlsx-xml,
hsk2015,sheet:新HSK5000词;row:2713,2712,6,6,,层次,,层次,,,,xlsx-xml,
hsk2015,sheet:新HSK5000词;row:2714,2713,6,6,,插座,,插座,,,,xlsx-xml,
hsk2015,sheet:新HSK5000词;row:2715,2714,6,6,,查获,,查获,,,,xlsx-xml,
hsk2015,sheet:新HSK5000词;row:2716,2715,6,6,,岔,,岔,,,,xlsx-xml,
hsk2015,sheet:新HSK5000词;row:2717,2716,6,6,,刹那,,刹那,,,,xlsx-xml,
hsk2015,sheet:新HSK5000词;row:2718,2717,6,6,,诧异,,诧异,,,,xlsx-xml,
hsk2015,sheet:新HSK5000词;row:2719,2718,6,6,,柴油,,柴油,,,,xlsx-xml,
hsk2015,sheet:新HSK5000词;row:2720,2719,6,6,,搀,,搀,,,,xlsx-xml,
hsk2015,sheet:新HSK5000词;row:2721,2720,6,6,,馋,,馋,,,,xlsx-xml,
hsk2015,sheet:新HSK5000词;row:2722,2721,6,6,,缠绕,,缠绕,,,,xlsx-xml,
hsk2015,sheet:新HSK5000词;row:2723,2722,6,6,,产业,,产业,,,,xlsx-xml,
hsk2015,sheet:新HSK5000词;row:2724,2723,6,6,,阐述,,阐述,,,,xlsx-xml,
hsk2015,sheet:新HSK5000词;row:2725,2724,6,6,,颤抖,,颤抖,,,,xlsx-xml,
hsk2015,sheet:新HSK5000词;row:2726,2725,6,6,,昌盛,,昌盛,,,,xlsx-xml,
hsk2015,sheet:新HSK5000词;row:2727,2726,6,6,,尝试,,尝试,,,,xlsx-xml,
hsk2015,sheet:新HSK5000词;row:2728,2727,6,6,,偿还,,偿还,,,,xlsx-xml,
hsk2015,sheet:新HSK5000词;row:2729,2728,6,6,,场合,,场合,,,,xlsx-xml,
hsk2015,sheet:新HSK5000词;row:2730,2729,6,6,,场面,,场面,,,,xlsx-xml,
hsk2015,sheet:新HSK5000词;row:2731,2730,6,6,,场所,,场所,,,,xlsx-xml,
hsk2015,sheet:新HSK5000词;row:2732,2731,6,6,,敞开,,敞开,,,,xlsx-xml,
hsk2015,sheet:新HSK5000词;row:2733,2732,6,6,,畅通,,畅通,,,,xlsx-xml,
hsk2015,sheet:新HSK5000词;row:2734,2733,6,6,,畅销,,畅销,,,,xlsx-xml,
hsk2015,sheet:新HSK5000词;row:2735,2734,6,6,,倡导,,倡导,,,,xlsx-xml,
hsk2015,sheet:新HSK5000词;row:2736,2735,6,6,,倡议,,倡议,,,,xlsx-xml,
hsk2015,sheet:新HSK5000词;row:2737,2736,6,6,,钞票,,钞票,,,,xlsx-xml,
hsk2015,sheet:新HSK5000词;row:2738,2737,6,6,,超越,,超越,,,,xlsx-xml,
hsk2015,sheet:新HSK5000词;row:2739,2738,6,6,,巢穴,,巢穴,,,,xlsx-xml,
hsk2015,sheet:新HSK5000词;row:2740,2739,6,6,,朝代,,朝代,,,,xlsx-xml,
hsk2015,sheet:新HSK5000词;row:2741,2740,6,6,,嘲笑,,嘲笑,,,,xlsx-xml,
hsk2015,sheet:新HSK5000词;row:2742,2741,6,6,,潮流,,潮流,,,,xlsx-xml,
hsk2015,sheet:新HSK5000词;row:2743,2742,6,6,,撤退,,撤退,,,,xlsx-xml,
hsk2015,sheet:新HSK5000词;row:2744,2743,6,6,,撤销,,撤销,,,,xlsx-xml,
hsk2015,sheet:新HSK5000词;row:2745,2744,6,6,,沉淀,,沉淀,,,,xlsx-xml,
hsk2015,sheet:新HSK5000词;row:2746,2745,6,6,,沉闷,,沉闷,,,,xlsx-xml,
hsk2015,sheet:新HSK5000词;row:2747,2746,6,6,,沉思,,沉思,,,,xlsx-xml,
hsk2015,sheet:新HSK5000词;row:2748,2747,6,6,,沉重,,沉重,,,,xlsx-xml,
hsk2015,sheet:新HSK5000词;row:2749,2748,6,6,,沉着,,沉着,,,,xlsx-xml,
hsk2015,sheet:新HSK5000词;row:2750,2749,6,6,,陈旧,,陈旧,,,,xlsx-xml,
hsk2015,sheet:新HSK5000词;row:2751,2750,6,6,,陈列,,陈列,,,,xlsx-xml,
hsk2015,sheet:新HSK5000词;row:2752,2751,6,6,,陈述,,陈述,,,,xlsx-xml,
hsk2015,sheet:新HSK5000词;row:2753,2752,6,6,,衬托,,衬托,,,,xlsx-xml,
hsk2015,sheet:新HSK5000词;row:2754,2753,6,6,,称心如意,,称心如意,,,,xlsx-xml,
hsk2015,sheet:新HSK5000词;row:2755,2754,6,6,,称号,,称号,,,,xlsx-xml,
hsk2015,sheet:新HSK5000词;row:2756,2755,6,6,,成本,,成本,,,,xlsx-xml,
hsk2015,sheet:新HSK5000词;row:2757,2756,6,6,,成交,,成交,,,,xlsx-xml,
hsk2015,sheet:新HSK5000词;row:2758,2757,6,6,,成天,,成天,,,,xlsx-xml,
hsk2015,sheet:新HSK5000词;row:2759,2758,6,6,,成效,,成效,,,,xlsx-xml,
hsk2015,sheet:新HSK5000词;row:2760,2759,6,6,,成心,,成心,,,,xlsx-xml,
hsk2015,sheet:新HSK5000词;row:2761,2760,6,6,,成员,,成员,,,,xlsx-xml,
hsk2015,sheet:新HSK5000词;row:2762,2761,6,6,,呈现,,呈现,,,,xlsx-xml,
hsk2015,sheet:新HSK5000词;row:2763,2762,6,6,,诚挚,,诚挚,,,,xlsx-xml,
hsk2015,sheet:新HSK5000词;row:2764,2763,6,6,,承办,,承办,,,,xlsx-xml,
hsk2015,sheet:新HSK5000词;row:2765,2764,6,6,,承包,,承包,,,,xlsx-xml,
hsk2015,sheet:新HSK5000词;row:2766,2765,6,6,,承诺,,承诺,,,,xlsx-xml,
hsk2015,sheet:新HSK5000词;row:2767,2766,6,6,,城堡,,城堡,,,,xlsx-xml,
hsk2015,sheet:新HSK5000词;row:2768,2767,6,6,,乘,,乘,,,,xlsx-xml,
hsk2015,sheet:新HSK5000词;row:2769,2768,6,6,,盛,,盛,,,,xlsx-xml,
hsk2015,sheet:新HSK5000词;row:2770,2769,6,6,,惩罚,,惩罚,,,,xlsx-xml,
hsk2015,sheet:新HSK5000词;row:2771,2770,6,6,,澄清,,澄清,,,,xlsx-xml,
hsk2015,sheet:新HSK5000词;row:2772,2771,6,6,,橙,,橙,,,,xlsx-xml,
hsk2015,sheet:新HSK5000词;row:2773,2772,6,6,,秤,,秤,,,,xlsx-xml,
hsk2015,sheet:新HSK5000词;row:2774,2773,6,6,,吃苦,,吃苦,,,,xlsx-xml,
hsk2015,sheet:新HSK5000词;row:2775,2774,6,6,,吃力,,吃力,,,,xlsx-xml,
hsk2015,sheet:新HSK5000词;row:2776,2775,6,6,,迟钝,,迟钝,,,,xlsx-xml,
hsk2015,sheet:新HSK5000词;row:2777,2776,6,6,,迟缓,,迟缓,,,,xlsx-xml,
hsk2015,sheet:新HSK5000词;row:2778,2777,6,6,,迟疑,,迟疑,,,,xlsx-xml,
hsk2015,sheet:新HSK5000词;row:2779,2778,6,6,,持久,,持久,,,,xlsx-xml,
hsk2015,sheet:新HSK5000词;row:2780,2779,6,6,,赤道,,赤道,,,,xlsx-xml,
hsk2015,sheet:新HSK5000词;row:2781,2780,6,6,,赤字,,赤字,,,,xlsx-xml,
hsk2015,sheet:新HSK5000词;row:2782,2781,6,6,,冲动,,冲动,,,,xlsx-xml,
hsk2015,sheet:新HSK5000词;row:2783,2782,6,6,,冲击,,冲击,,,,xlsx-xml,
hsk2015,sheet:新HSK5000词;row:2784,2783,6,6,,冲突,,冲突,,,,xlsx-xml,
hsk2015,sheet:新HSK5000词;row:2785,2784,6,6,,充当,,充当,,,,xlsx-xml,
hsk2015,sheet:新HSK5000词;row:2786,2785,6,6,,充沛,,充沛,,,,xlsx-xml,
hsk2015,sheet:新HSK5000词;row:2787,2786,6,6,,充实,,充实,,,,xlsx-xml,
hsk2015,sheet:新HSK5000词;row:2788,2787,6,6,,充足,,充足,,,,xlsx-xml,
hsk2015,sheet:新HSK5000词;row:2789,2788,6,6,,重叠,,重叠,,,,xlsx-xml,
hsk2015,sheet:新HSK5000词;row:2790,2789,6,6,,崇拜,,崇拜,,,,xlsx-xml,
hsk2015,sheet:新HSK5000词;row:2791,2790,6,6,,崇高,,崇高,,,,xlsx-xml,
hsk2015,sheet:新HSK5000词;row:2792,2791,6,6,,崇敬,,崇敬,,,,xlsx-xml,
hsk2015,sheet:新HSK5000词;row:2793,2792,6,6,,稠密,,稠密,,,,xlsx-xml,
hsk2015,sheet:新HSK5000词;row:2794,2793,6,6,,筹备,,筹备,,,,xlsx-xml,
hsk2015,sheet:新HSK5000词;row:2795,2794,6,6,,丑恶,,丑恶,,,,xlsx-xml,
hsk2015,sheet:新HSK5000词;row:2796,2795,6,6,,出路,,出路,,,,xlsx-xml,
hsk2015,sheet:新HSK5000词;row:2797,2796,6,6,,出卖,,出卖,,,,xlsx-xml,
hsk2015,sheet:新HSK5000词;row:2798,2797,6,6,,出身,,出身,,,,xlsx-xml,
hsk2015,sheet:新HSK5000词;row:2799,2798,6,6,,出神,,出神,,,,xlsx-xml,
hsk2015,sheet:新HSK5000词;row:2800,2799,6,6,,出息,,出息,,,,xlsx-xml,
hsk2015,sheet:新HSK5000词;row:2801,2800,6,6,,初步,,初步,,,,xlsx-xml,
hsk2015,sheet:新HSK5000词;row:2802,2801,6,6,,除,,除,,,,xlsx-xml,
hsk2015,sheet:新HSK5000词;row:2803,2802,6,6,,处分,,处分,,,,xlsx-xml,
hsk2015,sheet:新HSK5000词;row:2804,2803,6,6,,处境,,处境,,,,xlsx-xml,
hsk2015,sheet:新HSK5000词;row:2805,2804,6,6,,处置,,处置,,,,xlsx-xml,
hsk2015,sheet:新HSK5000词;row:2806,2805,6,6,,储备,,储备,,,,xlsx-xml,
hsk2015,sheet:新HSK5000词;row:2807,2806,6,6,,储存,,储存,,,,xlsx-xml,
hsk2015,sheet:新HSK5000词;row:2808,2807,6,6,,储蓄,,储蓄,,,,xlsx-xml,
hsk2015,sheet:新HSK5000词;row:2809,2808,6,6,,触犯,,触犯,,,,xlsx-xml,
hsk2015,sheet:新HSK5000词;row:2810,2809,6,6,,川流不息,,川流不息,,,,xlsx-xml,
hsk2015,sheet:新HSK5000词;row:2811,2810,6,6,,穿越,,穿越,,,,xlsx-xml,
hsk2015,sheet:新HSK5000词;row:2812,2811,6,6,,传达,,传达,,,,xlsx-xml,
hsk2015,sheet:新HSK5000词;row:2813,2812,6,6,,传单,,传单,,,,xlsx-xml,
hsk2015,sheet:新HSK5000词;row:2814,2813,6,6,,传授,,传授,,,,xlsx-xml,
hsk2015,sheet:新HSK5000词;row:2815,2814,6,6,,船舶,,船舶,,,,xlsx-xml,
hsk2015,sheet:新HSK5000词;row:2816,2815,6,6,,喘气,,喘气,,,,xlsx-xml,
hsk2015,sheet:新HSK5000词;row:2817,2816,6,6,,串,,串,,,,xlsx-xml,
hsk2015,sheet:新HSK5000词;row:2818,2817,6,6,,床单,,床单,,,,xlsx-xml,
hsk2015,sheet:新HSK5000词;row:2819,2818,6,6,,创立,,创立,,,,xlsx-xml,
hsk2015,sheet:新HSK5000词;row:2820,2819,6,6,,创新,,创新,,,,xlsx-xml,
hsk2015,sheet:新HSK5000词;row:2821,2820,6,6,,创业,,创业,,,,xlsx-xml,
hsk2015,sheet:新HSK5000词;row:2822,2821,6,6,,创作,,创作,,,,xlsx-xml,
hsk2015,sheet:新HSK5000词;row:2823,2822,6,6,,吹牛,,吹牛,,,,xlsx-xml,
hsk2015,sheet:新HSK5000词;row:2824,2823,6,6,,吹捧,,吹捧,,,,xlsx-xml,
hsk2015,sheet:新HSK5000词;row:2825,2824,6,6,,炊烟,,炊烟,,,,xlsx-xml,
hsk2015,sheet:新HSK5000词;row:2826,2825,6,6,,垂直,,垂直,,,,xlsx-xml,
hsk2015,sheet:新HSK5000词;row:2827,2826,6,6,,锤,,锤,,,,xlsx-xml,
hsk2015,sheet:新HSK5000词;row:2828,2827,6,6,,纯粹,,纯粹,,,,xlsx-xml,
hsk2015,sheet:新HSK5000词;row:2829,2828,6,6,,纯洁,,纯洁,,,,xlsx-xml,
hsk2015,sheet:新HSK5000词;row:2830,2829,6,6,,慈善,,慈善,,,,xlsx-xml,
hsk2015,sheet:新HSK5000词;row:2831,2830,6,6,,慈祥,,慈祥,,,,xlsx-xml,
hsk2015,sheet:新HSK5000词;row:2832,2831,6,6,,磁带,,磁带,,,,xlsx-xml,
hsk2015,sheet:新HSK5000词;row:2833,2832,6,6,,雌雄,,雌雄,,,,xlsx-xml,
hsk2015,sheet:新HSK5000词;row:2834,2833,6,6,,次品,,次品,,,,xlsx-xml,
hsk2015,sheet:新HSK5000词;row:2835,2834,6,6,,次序,,次序,,,,xlsx-xml,
hsk2015,sheet:新HSK5000词;row:2836,2835,6,6,,伺候,,伺候,,,,xlsx-xml,
hsk2015,sheet:新HSK5000词;row:2837,2836,6,6,,刺,,刺,,,,xlsx-xml,
hsk2015,sheet:新HSK5000词;row:2838,2837,6,6,,从容,,从容,,,,xlsx-xml,
hsk2015,sheet:新HSK5000词;row:2839,2838,6,6,,丛,,丛,,,,xlsx-xml,
hsk2015,sheet:新HSK5000词;row:2840,2839,6,6,,凑合,,凑合,,,,xlsx-xml,
hsk2015,sheet:新HSK5000词;row:2841,2840,6,6,,粗鲁,,粗鲁,,,,xlsx-xml,
hsk2015,sheet:新HSK5000词;row:2842,2841,6,6,,窜,,窜,,,,xlsx-xml,
hsk2015,sheet:新HSK5000词;row:2843,2842,6,6,,摧残,,摧残,,,,xlsx-xml,
hsk2015,sheet:新HSK5000词;row:2844,2843,6,6,,脆弱,,脆弱,,,,xlsx-xml,
hsk2015,sheet:新HSK5000词;row:2845,2844,6,6,,搓,,搓,,,,xlsx-xml,
hsk2015,sheet:新HSK5000词;row:2846,2845,6,6,,磋商,,磋商,,,,xlsx-xml,
hsk2015,sheet:新HSK5000词;row:2847,2846,6,6,,挫折,,挫折,,,,xlsx-xml,
hsk2015,sheet:新HSK5000词;row:2848,2847,6,6,,搭,,搭,,,,xlsx-xml,
hsk2015,sheet:新HSK5000词;row:2849,2848,6,6,,搭档,,搭档,,,,xlsx-xml,
hsk2015,sheet:新HSK5000词;row:2850,2849,6,6,,搭配,,搭配,,,,xlsx-xml,
hsk2015,sheet:新HSK5000词;row:2851,2850,6,6,,达成,,达成,,,,xlsx-xml,
hsk2015,sheet:新HSK5000词;row:2852,2851,6,6,,答辩,,答辩,,,,xlsx-xml,
hsk2015,sheet:新HSK5000词;row:2853,2852,6,6,,答复,,答复,,,,xlsx-xml,
hsk2015,sheet:新HSK5000词;row:2854,2853,6,6,,打包,,打包,,,,xlsx-xml,
hsk2015,sheet:新HSK5000词;row:2855,2854,6,6,,打官司,,打官司,,,,xlsx-xml,
hsk2015,sheet:新HSK5000词;row:2856,2855,6,6,,打击,,打击,,,,xlsx-xml,
hsk2015,sheet:新HSK5000词;row:2857,2856,6,6,,打架,,打架,,,,xlsx-xml,
hsk2015,sheet:新HSK5000词;row:2858,2857,6,6,,打量,,打量,,,,xlsx-xml,
hsk2015,sheet:新HSK5000词;row:2859,2858,6,6,,打猎,,打猎,,,,xlsx-xml,
hsk2015,sheet:新HSK5000词;row:2860,2859,6,6,,打仗,,打仗,,,,xlsx-xml,
hsk2015,sheet:新HSK5000词;row:2861,2860,6,6,,大不了,,大不了,,,,xlsx-xml,
hsk2015,sheet:新HSK5000词;row:2862,2861,6,6,,大臣,,大臣,,,,xlsx-xml,
hsk2015,sheet:新HSK5000词;row:2863,2862,6,6,,大伙儿,,大伙儿,,,,xlsx-xml,
hsk2015,sheet:新HSK5000词;row:2864,2863,6,6,,大肆,,大肆,,,,xlsx-xml,
hsk2015,sheet:新HSK5000词;row:2865,2864,6,6,,大体,,大体,,,,xlsx-xml,
hsk2015,sheet:新HSK5000词;row:2866,2865,6,6,,大意,,大意,,,,xlsx-xml,
hsk2015,sheet:新HSK5000词;row:2867,2866,6,6,,大致,,大致,,,,xlsx-xml,
hsk2015,sheet:新HSK5000词;row:2868,2867,6,6,,歹徒,,歹徒,,,,xlsx-xml,
hsk2015,sheet:新HSK5000词;row:2869,2868,6,6,,代价,,代价,,,,xlsx-xml,
hsk2015,sheet:新HSK5000词;row:2870,2869,6,6,,代理,,代理,,,,xlsx-xml,
hsk2015,sheet:新HSK5000词;row:2871,2870,6,6,,带领,,带领,,,,xlsx-xml,
hsk2015,sheet:新HSK5000词;row:2872,2871,6,6,,怠慢,,怠慢,,,,xlsx-xml,
hsk2015,sheet:新HSK5000词;row:2873,2872,6,6,,逮捕,,逮捕,,,,xlsx-xml,
hsk2015,sheet:新HSK5000词;row:2874,2873,6,6,,担保,,担保,,,,xlsx-xml,
hsk2015,sheet:新HSK5000词;row:2875,2874,6,6,,胆怯,,胆怯,,,,xlsx-xml,
hsk2015,sheet:新HSK5000词;row:2876,2875,6,6,,诞辰,,诞辰,,,,xlsx-xml,
hsk2015,sheet:新HSK5000词;row:2877,2876,6,6,,诞生,,诞生,,,,xlsx-xml,
hsk2015,sheet:新HSK5000词;row:2878,2877,6,6,,淡季,,淡季,,,,xlsx-xml,
hsk2015,sheet:新HSK5000词;row:2879,2878,6,6,,淡水,,淡水,,,,xlsx-xml,
hsk2015,sheet:新HSK5000词;row:2880,2879,6,6,,蛋白质,,蛋白质,,,,xlsx-xml,
hsk2015,sheet:新HSK5000词;row:2881,2880,6,6,,当场,,当场,,,,xlsx-xml,
hsk2015,sheet:新HSK5000词;row:2882,2881,6,6,,当初,,当初,,,,xlsx-xml,
hsk2015,sheet:新HSK5000词;row:2883,2882,6,6,,当代,,当代,,,,xlsx-xml,
hsk2015,sheet:新HSK5000词;row:2884,2883,6,6,,当面,,当面,,,,xlsx-xml,
hsk2015,sheet:新HSK5000词;row:2885,2884,6,6,,当前,,当前,,,,xlsx-xml,
hsk2015,sheet:新HSK5000词;row:2886,2885,6,6,,当事人,,当事人,,,,xlsx-xml,
hsk2015,sheet:新HSK5000词;row:2887,2886,6,6,,当务之急,,当务之急,,,,xlsx-xml,
hsk2015,sheet:新HSK5000词;row:2888,2887,6,6,,当选,,当选,,,,xlsx-xml,
hsk2015,sheet:新HSK5000词;row:2889,2888,6,6,,党,,党,,,,xlsx-xml,
hsk2015,sheet:新HSK5000词;row:2890,2889,6,6,,档案,,档案,,,,xlsx-xml,
hsk2015,sheet:新HSK5000词;row:2891,2890,6,6,,档次,,档次,,,,xlsx-xml,
hsk2015,sheet:新HSK5000词;row:2892,2891,6,6,,导弹,,导弹,,,,xlsx-xml,
hsk2015,sheet:新HSK5000词;row:2893,2892,6,6,,导航,,导航,,,,xlsx-xml,
hsk2015,sheet:新HSK5000词;row:2894,2893,6,6,,导向,,导向,,,,xlsx-xml,
hsk2015,sheet:新HSK5000词;row:2895,2894,6,6,,捣乱,,捣乱,,,,xlsx-xml,
hsk2015,sheet:新HSK5000词;row:2896,2895,6,6,,倒闭,,倒闭,,,,xlsx-xml,
hsk2015,sheet:新HSK5000词;row:2897,2896,6,6,,盗窃,,盗窃,,,,xlsx-xml,
hsk2015,sheet:新HSK5000词;row:2898,2897,6,6,,稻谷,,稻谷,,,,xlsx-xml,
hsk2015,sheet:新HSK5000词;row:2899,2898,6,6,,得不偿失,,得不偿失,,,,xlsx-xml,
hsk2015,sheet:新HSK5000词;row:2900,2899,6,6,,得力,,得力,,,,xlsx-xml,
hsk2015,sheet:新HSK5000词;row:2901,2900,6,6,,得天独厚,,得天独厚,,,,xlsx-xml,
hsk2015,sheet:新HSK5000词;row:2902,2901,6,6,,得罪,,得罪,,,,xlsx-xml,
hsk2015,sheet:新HSK5000词;row:2903,2902,6,6,,灯笼,,灯笼,,,,xlsx-xml,
hsk2015,sheet:新HSK5000词;row:2904,2903,6,6,,登陆,,登陆,,,,xlsx-xml,
hsk2015,sheet:新HSK5000词;row:2905,2904,6,6,,登录,,登录,,,,xlsx-xml,
hsk2015,sheet:新HSK5000词;row:2906,2905,6,6,,蹬,,蹬,,,,xlsx-xml,
hsk2015,sheet:新HSK5000词;row:2907,2906,6,6,,等候,,等候,,,,xlsx-xml,
hsk2015,sheet:新HSK5000词;row:2908,2907,6,6,,等级,,等级,,,,xlsx-xml,
hsk2015,sheet:新HSK5000词;row:2909,2908,6,6,,瞪,,瞪,,,,xlsx-xml,
hsk2015,sheet:新HSK5000词;row:2910,2909,6,6,,堤坝,,堤坝,,,,xlsx-xml,
hsk2015,sheet:新HSK5000词;row:2911,2910,6,6,,敌视,,敌视,,,,xlsx-xml,
hsk2015,sheet:新HSK5000词;row:2912,2911,6,6,,抵达,,抵达,,,,xlsx-xml,
hsk2015,sheet:新HSK5000词;row:2913,2912,6,6,,抵抗,,抵抗,,,,xlsx-xml,
hsk2015,sheet:新HSK5000词;row:2914,2913,6,6,,抵制,,抵制,,,,xlsx-xml,
hsk2015,sheet:新HSK5000词;row:2915,2914,6,6,,地步,,地步,,,,xlsx-xml,
hsk2015,sheet:新HSK5000词;row:2916,2915,6,6,,地势,,地势,,,,xlsx-xml,
hsk2015,sheet:新HSK5000词;row:2917,2916,6,6,,地质,,地质,,,,xlsx-xml,
hsk2015,sheet:新HSK5000词;row:2918,2917,6,6,,递增,,递增,,,,xlsx-xml,
hsk2015,sheet:新HSK5000词;row:2919,2918,6,6,,颠簸,,颠簸,,,,xlsx-xml,
hsk2015,sheet:新HSK5000词;row:2920,2919,6,6,,颠倒,,颠倒,,,,xlsx-xml,
hsk2015,sheet:新HSK5000词;row:2921,2920,6,6,,典礼,,典礼,,,,xlsx-xml,
hsk2015,sheet:新HSK5000词;row:2922,2921,6,6,,典型,,典型,,,,xlsx-xml,
hsk2015,sheet:新HSK5000词;row:2923,2922,6,6,,点缀,,点缀,,,,xlsx-xml,
hsk2015,sheet:新HSK5000词;row:2924,2923,6,6,,电源,,电源,,,,xlsx-xml,
hsk2015,sheet:新HSK5000词;row:2925,2924,6,6,,垫,,垫,,,,xlsx-xml,
hsk2015,sheet:新HSK5000词;row:2926,2925,6,6,,惦记,,惦记,,,,xlsx-xml,
hsk2015,sheet:新HSK5000词;row:2927,2926,6,6,,奠定,,奠定,,,,xlsx-xml,
hsk2015,sheet:新HSK5000词;row:2928,2927,6,6,,叼,,叼,,,,xlsx-xml,
hsk2015,sheet:新HSK5000词;row:2929,2928,6,6,,雕刻,,雕刻,,,,xlsx-xml,
hsk2015,sheet:新HSK5000词;row:2930,2929,6,6,,雕塑,,雕塑,,,,xlsx-xml,
hsk2015,sheet:新HSK5000词;row:2931,2930,6,6,,吊,,吊,,,,xlsx-xml,
hsk2015,sheet:新HSK5000词;row:2932,2931,6,6,,调动,,调动,,,,xlsx-xml,
hsk2015,sheet:新HSK5000词;row:2933,2932,6,6,,跌,,跌,,,,xlsx-xml,
hsk2015,sheet:新HSK5000词;row:2934,2933,6,6,,丁,,丁,,,,xlsx-xml,
hsk2015,sheet:新HSK5000词;row:2935,2934,6,6,,叮嘱,,叮嘱,,,,xlsx-xml,
hsk2015,sheet:新HSK5000词;row:2936,2935,6,6,,盯,,盯,,,,xlsx-xml,
hsk2015,sheet:新HSK5000词;row:2937,2936,6,6,,定期,,定期,,,,xlsx-xml,
hsk2015,sheet:新HSK5000词;row:2938,2937,6,6,,定义,,定义,,,,xlsx-xml,
hsk2015,sheet:新HSK5000词;row:2939,2938,6,6,,丢人,,丢人,,,,xlsx-xml,
hsk2015,sheet:新HSK5000词;row:2940,2939,6,6,,丢三落四,,丢三落四,,,,xlsx-xml,
hsk2015,sheet:新HSK5000词;row:2941,2940,6,6,,东道主,,东道主,,,,xlsx-xml,
hsk2015,sheet:新HSK5000词;row:2942,2941,6,6,,东张西望,,东张西望,,,,xlsx-xml,
hsk2015,sheet:新HSK5000词;row:2943,2942,6,6,,董事长,,董事长,,,,xlsx-xml,
hsk2015,sheet:新HSK5000词;row:2944,2943,6,6,,动荡,,动荡,,,,xlsx-xml,
hsk2015,sheet:新HSK5000词;row:2945,2944,6,6,,动机,,动机,,,,xlsx-xml,
hsk2015,sheet:新HSK5000词;row:2946,2945,6,6,,动静,,动静,,,,xlsx-xml,
hsk2015,sheet:新HSK5000词;row:2947,2946,6,6,,动力,,动力,,,,xlsx-xml,
hsk2015,sheet:新HSK5000词;row:2948,2947,6,6,,动脉,,动脉,,,,xlsx-xml,
hsk2015,sheet:新HSK5000词;row:2949,2948,6,6,,动身,,动身,,,,xlsx-xml,
hsk2015,sheet:新HSK5000词;row:2950,2949,6,6,,动手,,动手,,,,xlsx-xml,
hsk2015,sheet:新HSK5000词;row:2951,2950,6,6,,动态,,动态,,,,xlsx-xml,
hsk2015,sheet:新HSK5000词;row:2952,2951,6,6,,动员,,动员,,,,xlsx-xml,
hsk2015,sheet:新HSK5000词;row:2953,2952,6,6,,冻结,,冻结,,,,xlsx-xml,
hsk2015,sheet:新HSK5000词;row:2954,2953,6,6,,栋,,栋,,,,xlsx-xml,
hsk2015,sheet:新HSK5000词;row:2955,2954,6,6,,兜,,兜,,,,xlsx-xml,
hsk2015,sheet:新HSK5000词;row:2956,2955,6,6,,陡峭,,陡峭,,,,xlsx-xml,
hsk2015,sheet:新HSK5000词;row:2957,2956,6,6,,斗争,,斗争,,,,xlsx-xml,
hsk2015,sheet:新HSK5000词;row:2958,2957,6,6,,督促,,督促,,,,xlsx-xml,
hsk2015,sheet:新HSK5000词;row:2959,2958,6,6,,毒品,,毒品,,,,xlsx-xml,
hsk2015,sheet:新HSK5000词;row:2960,2959,6,6,,独裁,,独裁,,,,xlsx-xml,
hsk2015,sheet:新HSK5000词;row:2961,2960,6,6,,堵塞,,堵塞,,,,xlsx-xml,
hsk2015,sheet:新HSK5000词;row:2962,2961,6,6,,赌博,,赌博,,,,xlsx-xml,
hsk2015,sheet:新HSK5000词;row:2963,2962,6,6,,杜绝,,杜绝,,,,xlsx-xml,
hsk2015,sheet:新HSK5000词;row:2964,2963,6,6,,端,,端,,,,xlsx-xml,
hsk2015,sheet:新HSK5000词;row:2965,2964,6,6,,端午节,,端午节,,,,xlsx-xml,
hsk2015,sheet:新HSK5000词;row:2966,2965,6,6,,端正,,端正,,,,xlsx-xml,
hsk2015,sheet:新HSK5000词;row:2967,2966,6,6,,短促,,短促,,,,xlsx-xml,
hsk2015,sheet:新HSK5000词;row:2968,2967,6,6,,断定,,断定,,,,xlsx-xml,
hsk2015,sheet:新HSK5000词;row:2969,2968,6,6,,断绝,,断绝,,,,xlsx-xml,
hsk2015,sheet:新HSK5000词;row:2970,2969,6,6,,堆积,,堆积,,,,xlsx-xml,
hsk2015,sheet:新HSK5000词;row:2971,2970,6,6,,队伍,,队伍,,,,xlsx-xml,
hsk2015,sheet:新HSK5000词;row:2972,2971,6,6,,对策,,对策,,,,xlsx-xml,
hsk2015,sheet:新HSK5000词;row:2973,2972,6,6,,对称,,对称,,,,xlsx-xml,
hsk2015,sheet:新HSK5000词;row:2974,2973,6,6,,对付,,对付,,,,xlsx-xml,
hsk2015,sheet:新HSK5000词;row:2975,2974,6,6,,对抗,,对抗,,,,xlsx-xml,
hsk2015,sheet:新HSK5000词;row:2976,2975,6,6,,对立,,对立,,,,xlsx-xml,
hsk2015,sheet:新HSK5000词;row:2977,2976,6,6,,对联,,对联,,,,xlsx-xml,
hsk2015,sheet:新HSK5000词;row:2978,2977,6,6,,对应,,对应,,,,xlsx-xml,
hsk2015,sheet:新HSK5000词;row:2979,2978,6,6,,对照,,对照,,,,xlsx-xml,
hsk2015,sheet:新HSK5000词;row:2980,2979,6,6,,兑现,,兑现,,,,xlsx-xml,
hsk2015,sheet:新HSK5000词;row:2981,2980,6,6,,顿时,,顿时,,,,xlsx-xml,
hsk2015,sheet:新HSK5000词;row:2982,2981,6,6,,多元化,,多元化,,,,xlsx-xml,
hsk2015,sheet:新HSK5000词;row:2983,2982,6,6,,哆嗦,,哆嗦,,,,xlsx-xml,
hsk2015,sheet:新HSK5000词;row:2984,2983,6,6,,堕落,,堕落,,,,xlsx-xml,
hsk2015,sheet:新HSK5000词;row:2985,2984,6,6,,额外,,额外,,,,xlsx-xml,
hsk2015,sheet:新HSK5000词;row:2986,2985,6,6,,恶心,,恶心,,,,xlsx-xml,
hsk2015,sheet:新HSK5000词;row:2987,2986,6,6,,恶化,,恶化,,,,xlsx-xml,
hsk2015,sheet:新HSK5000词;row:2988,2987,6,6,,遏制,,遏制,,,,xlsx-xml,
hsk2015,sheet:新HSK5000词;row:2989,2988,6,6,,恩怨,,恩怨,,,,xlsx-xml,
hsk2015,sheet:新HSK5000词;row:2990,2989,6,6,,而已,,而已,,,,xlsx-xml,
hsk2015,sheet:新HSK5000词;row:2991,2990,6,6,,二氧化碳,,二氧化碳,,,,xlsx-xml,
hsk2015,sheet:新HSK5000词;row:2992,2991,6,6,,发布,,发布,,,,xlsx-xml,
hsk2015,sheet:新HSK5000词;row:2993,2992,6,6,,发财,,发财,,,,xlsx-xml,
hsk2015,sheet:新HSK5000词;row:2994,2993,6,6,,发呆,,发呆,,,,xlsx-xml,
hsk2015,sheet:新HSK5000词;row:2995,2994,6,6,,发动,,发动,,,,xlsx-xml,
hsk2015,sheet:新HSK5000词;row:2996,2995,6,6,,发觉,,发觉,,,,xlsx-xml,
hsk2015,sheet:新HSK5000词;row:2997,2996,6,6,,发射,,发射,,,,xlsx-xml,
hsk2015,sheet:新HSK5000词;row:2998,2997,6,6,,发誓,,发誓,,,,xlsx-xml,
hsk2015,sheet:新HSK5000词;row:2999,2998,6,6,,发行,,发行,,,,xlsx-xml,
hsk2015,sheet:新HSK5000词;row:3000,2999,6,6,,发炎,,发炎,,,,xlsx-xml,
hsk2015,sheet:新HSK5000词;row:3001,3000,6,6,,发扬,,发扬,,,,xlsx-xml,
hsk2015,sheet:新HSK5000词;row:3002,3001,6,6,,发育,,发育,,,,xlsx-xml,
hsk2015,sheet:新HSK5000词;row:3003,3002,6,6,,法人,,法人,,,,xlsx-xml,
hsk2015,sheet:新HSK5000词;row:3004,3003,6,6,,番,,番,,,,xlsx-xml,
hsk2015,sheet:新HSK5000词;row:3005,3004,6,6,,凡是,,凡是,,,,xlsx-xml,
hsk2015,sheet:新HSK5000词;row:3006,3005,6,6,,繁华,,繁华,,,,xlsx-xml,
hsk2015,sheet:新HSK5000词;row:3007,3006,6,6,,繁忙,,繁忙,,,,xlsx-xml,
hsk2015,sheet:新HSK5000词;row:3008,3007,6,6,,繁体字,,繁体字,,,,xlsx-xml,
hsk2015,sheet:新HSK5000词;row:3009,3008,6,6,,繁殖,,繁殖,,,,xlsx-xml,
hsk2015,sheet:新HSK5000词;row:3010,3009,6,6,,反驳,,反驳,,,,xlsx-xml,
hsk2015,sheet:新HSK5000词;row:3011,3010,6,6,,反常,,反常,,,,xlsx-xml,
hsk2015,sheet:新HSK5000词;row:3012,3011,6,6,,反感,,反感,,,,xlsx-xml,
hsk2015,sheet:新HSK5000词;row:3013,3012,6,6,,反抗,,反抗,,,,xlsx-xml,
hsk2015,sheet:新HSK5000词;row:3014,3013,6,6,,反馈,,反馈,,,,xlsx-xml,
hsk2015,sheet:新HSK5000词;row:3015,3014,6,6,,反面,,反面,,,,xlsx-xml,
hsk2015,sheet:新HSK5000词;row:3016,3015,6,6,,反射,,反射,,,,xlsx-xml,
hsk2015,sheet:新HSK5000词;row:3017,3016,6,6,,反思,,反思,,,,xlsx-xml,
hsk2015,sheet:新HSK5000词;row:3018,3017,6,6,,反问,,反问,,,,xlsx-xml,
hsk2015,sheet:新HSK5000词;row:3019,3018,6,6,,反之,,反之,,,,xlsx-xml,
hsk2015,sheet:新HSK5000词;row:3020,3019,6,6,,泛滥,,泛滥,,,,xlsx-xml,
hsk2015,sheet:新HSK5000词;row:3021,3020,6,6,,范畴,,范畴,,,,xlsx-xml,
hsk2015,sheet:新HSK5000词;row:3022,3021,6,6,,贩卖,,贩卖,,,,xlsx-xml,
hsk2015,sheet:新HSK5000词;row:3023,3022,6,6,,方位,,方位,,,,xlsx-xml,
hsk2015,sheet:新HSK5000词;row:3024,3023,6,6,,方言,,方言,,,,xlsx-xml,
hsk2015,sheet:新HSK5000词;row:3025,3024,6,6,,方圆,,方圆,,,,xlsx-xml,
hsk2015,sheet:新HSK5000词;row:3026,3025,6,6,,方针,,方针,,,,xlsx-xml,
hsk2015,sheet:新HSK5000词;row:3027,3026,6,6,,防守,,防守,,,,xlsx-xml,
hsk2015,sheet:新HSK5000词;row:3028,3027,6,6,,防御,,防御,,,,xlsx-xml,
hsk2015,sheet:新HSK5000词;row:3029,3028,6,6,,防止,,防止,,,,xlsx-xml,
hsk2015,sheet:新HSK5000词;row:3030,3029,6,6,,防治,,防治,,,,xlsx-xml,
hsk2015,sheet:新HSK5000词;row:3031,3030,6,6,,访问,,访问,,,,xlsx-xml,
hsk2015,sheet:新HSK5000词;row:3032,3031,6,6,,纺织,,纺织,,,,xlsx-xml,
hsk2015,sheet:新HSK5000词;row:3033,3032,6,6,,放大,,放大,,,,xlsx-xml,
hsk2015,sheet:新HSK5000词;row:3034,3033,6,6,,放射,,放射,,,,xlsx-xml,
hsk2015,sheet:新HSK5000词;row:3035,3034,6,6,,飞禽走兽,,飞禽走兽,,,,xlsx-xml,
hsk2015,sheet:新HSK5000词;row:3036,3035,6,6,,飞翔,,飞翔,,,,xlsx-xml,
hsk2015,sheet:新HSK5000词;row:3037,3036,6,6,,飞跃,,飞跃,,,,xlsx-xml,
hsk2015,sheet:新HSK5000词;row:3038,3037,6,6,,非法,,非法,,,,xlsx-xml,
hsk2015,sheet:新HSK5000词;row:3039,3038,6,6,,肥沃,,肥沃,,,,xlsx-xml,
hsk2015,sheet:新HSK5000词;row:3040,3039,6,6,,诽谤,,诽谤,,,,xlsx-xml,
hsk2015,sheet:新HSK5000词;row:3041,3040,6,6,,肺,,肺,,,,xlsx-xml,
hsk2015,sheet:新HSK5000词;row:3042,3041,6,6,,废除,,废除,,,,xlsx-xml,
hsk2015,sheet:新HSK5000词;row:3043,3042,6,6,,废寝忘食,,废寝忘食,,,,xlsx-xml,
hsk2015,sheet:新HSK5000词;row:3044,3043,6,6,,废墟,,废墟,,,,xlsx-xml,
hsk2015,sheet:新HSK5000词;row:3045,3044,6,6,,沸腾,,沸腾,,,,xlsx-xml,
hsk2015,sheet:新HSK5000词;row:3046,3045,6,6,,分辨,,分辨,,,,xlsx-xml,
hsk2015,sheet:新HSK5000词;row:3047,3046,6,6,,分寸,,分寸,,,,xlsx-xml,
hsk2015,sheet:新HSK5000词;row:3048,3047,6,6,,分红,,分红,,,,xlsx-xml,
hsk2015,sheet:新HSK5000词;row:3049,3048,6,6,,分解,,分解,,,,xlsx-xml,
hsk2015,sheet:新HSK5000词;row:3050,3049,6,6,,分裂,,分裂,,,,xlsx-xml,
hsk2015,sheet:新HSK5000词;row:3051,3050,6,6,,分泌,,分泌,,,,xlsx-xml,
hsk2015,sheet:新HSK5000词;row:3052,3051,6,6,,分明,,分明,,,,xlsx-xml,
hsk2015,sheet:新HSK5000词;row:3053,3052,6,6,,分歧,,分歧,,,,xlsx-xml,
hsk2015,sheet:新HSK5000词;row:3054,3053,6,6,,分散,,分散,,,,xlsx-xml,
hsk2015,sheet:新HSK5000词;row:3055,3054,6,6,,吩咐,,吩咐,,,,xlsx-xml,
hsk2015,sheet:新HSK5000词;row:3056,3055,6,6,,坟墓,,坟墓,,,,xlsx-xml,
hsk2015,sheet:新HSK5000词;row:3057,3056,6,6,,粉末,,粉末,,,,xlsx-xml,
hsk2015,sheet:新HSK5000词;row:3058,3057,6,6,,粉色,,粉色,,,,xlsx-xml,
hsk2015,sheet:新HSK5000词;row:3059,3058,6,6,,粉碎,,粉碎,,,,xlsx-xml,
hsk2015,sheet:新HSK5000词;row:3060,3059,6,6,,分量,,分量,,,,xlsx-xml,
hsk2015,sheet:新HSK5000词;row:3061,3060,6,6,,愤怒,,愤怒,,,,xlsx-xml,
hsk2015,sheet:新HSK5000词;row:3062,3061,6,6,,丰满,,丰满,,,,xlsx-xml,
hsk2015,sheet:新HSK5000词;row:3063,3062,6,6,,丰盛,,丰盛,,,,xlsx-xml,
hsk2015,sheet:新HSK5000词;row:3064,3063,6,6,,丰收,,丰收,,,,xlsx-xml,
hsk2015,sheet:新HSK5000词;row:3065,3064,6,6,,风暴,,风暴,,,,xlsx-xml,
hsk2015,sheet:新HSK5000词;row:3066,3065,6,6,,风度,,风度,,,,xlsx-xml,
hsk2015,sheet:新HSK5000词;row:3067,3066,6,6,,风光,,风光,,,,xlsx-xml,
hsk2015,sheet:新HSK5000词;row:3068,3067,6,6,,风气,,风气,,,,xlsx-xml,
hsk2015,sheet:新HSK5000词;row:3069,3068,6,6,,风趣,,风趣,,,,xlsx-xml,
hsk2015,sheet:新HSK5000词;row:3070,3069,6,6,,风土人情,,风土人情,,,,xlsx-xml,
hsk2015,sheet:新HSK5000词;row:3071,3070,6,6,,风味,,风味,,,,xlsx-xml,
hsk2015,sheet:新HSK5000词;row:3072,3071,6,6,,封闭,,封闭,,,,xlsx-xml,
hsk2015,sheet:新HSK5000词;row:3073,3072,6,6,,封建,,封建,,,,xlsx-xml,
hsk2015,sheet:新HSK5000词;row:3074,3073,6,6,,封锁,,封锁,,,,xlsx-xml,
hsk2015,sheet:新HSK5000词;row:3075,3074,6,6,,锋利,,锋利,,,,xlsx-xml,
hsk2015,sheet:新HSK5000词;row:3076,3075,6,6,,逢,,逢,,,,xlsx-xml,
hsk2015,sheet:新HSK5000词;row:3077,3076,6,6,,奉献,,奉献,,,,xlsx-xml,
hsk2015,sheet:新HSK5000词;row:3078,3077,6,6,,否决,,否决,,,,xlsx-xml,
hsk2015,sheet:新HSK5000词;row:3079,3078,6,6,,夫妇,,夫妇,,,,xlsx-xml,
hsk2015,sheet:新HSK5000词;row:3080,3079,6,6,,夫人,,夫人,,,,xlsx-xml,
hsk2015,sheet:新HSK5000词;row:3081,3080,6,6,,敷衍,,敷衍,,,,xlsx-xml,
hsk2015,sheet:新HSK5000词;row:3082,3081,6,6,,服从,,服从,,,,xlsx-xml,
hsk2015,sheet:新HSK5000词;row:3083,3082,6,6,,服气,,服气,,,,xlsx-xml,
hsk2015,sheet:新HSK5000词;row:3084,3083,6,6,,俘虏,,俘虏,,,,xlsx-xml,
hsk2015,sheet:新HSK5000词;row:3085,3084,6,6,,符号,,符号,,,,xlsx-xml,
hsk2015,sheet:新HSK5000词;row:3086,3085,6,6,,幅度,,幅度,,,,xlsx-xml,
hsk2015,sheet:新HSK5000词;row:3087,3086,6,6,,辐射,,辐射,,,,xlsx-xml,
hsk2015,sheet:新HSK5000词;row:3088,3087,6,6,,福利,,福利,,,,xlsx-xml,
hsk2015,sheet:新HSK5000词;row:3089,3088,6,6,,福气,,福气,,,,xlsx-xml,
hsk2015,sheet:新HSK5000词;row:3090,3089,6,6,,抚摸,,抚摸,,,,xlsx-xml,
hsk2015,sheet:新HSK5000词;row:3091,3090,6,6,,抚养,,抚养,,,,xlsx-xml,
hsk2015,sheet:新HSK5000词;row:3092,3091,6,6,,俯视,,俯视,,,,xlsx-xml,
hsk2015,sheet:新HSK5000词;row:3093,3092,6,6,,辅助,,辅助,,,,xlsx-xml,
hsk2015,sheet:新HSK5000词;row:3094,3093,6,6,,腐败,,腐败,,,,xlsx-xml,
hsk2015,sheet:新HSK5000词;row:3095,3094,6,6,,腐烂,,腐烂,,,,xlsx-xml,
hsk2015,sheet:新HSK5000词;row:3096,3095,6,6,,腐蚀,,腐蚀,,,,xlsx-xml,
hsk2015,sheet:新HSK5000词;row:3097,3096,6,6,,腐朽,,腐朽,,,,xlsx-xml,
hsk2015,sheet:新HSK5000词;row:3098,3097,6,6,,负担,,负担,,,,xlsx-xml,
hsk2015,sheet:新HSK5000词;row:3099,3098,6,6,,附和,,附和,,,,xlsx-xml,
hsk2015,sheet:新HSK5000词;row:3100,3099,6,6,,附件,,附件,,,,xlsx-xml,
hsk2015,sheet:新HSK5000词;row:3101,3100,6,6,,附属,,附属,,,,xlsx-xml,
hsk2015,sheet:新HSK5000词;row:3102,3101,6,6,,复活,,复活,,,,xlsx-xml,
hsk2015,sheet:新HSK5000词;row:3103,3102,6,6,,复兴,,复兴,,,,xlsx-xml,
hsk2015,sheet:新HSK5000词;row:3104,3103,6,6,,副,,副,,,,xlsx-xml,
hsk2015,sheet:新HSK5000词;row:3105,3104,6,6,,赋予,,赋予,,,,xlsx-xml,
hsk2015,sheet:新HSK5000词;row:3106,3105,6,6,,富裕,,富裕,,,,xlsx-xml,
hsk2015,sheet:新HSK5000词;row:3107,3106,6,6,,腹泻,,腹泻,,,,xlsx-xml,
hsk2015,sheet:新HSK5000词;row:3108,3107,6,6,,覆盖,,覆盖,,,,xlsx-xml,
hsk2015,sheet:新HSK5000词;row:3109,3108,6,6,,改良,,改良,,,,xlsx-xml,
hsk2015,sheet:新HSK5000词;row:3110,3109,6,6,,钙,,钙,,,,xlsx-xml,
hsk2015,sheet:新HSK5000词;row:3111,3110,6,6,,盖章,,盖章,,,,xlsx-xml,
hsk2015,sheet:新HSK5000词;row:3112,3111,6,6,,干旱,,干旱,,,,xlsx-xml,
hsk2015,sheet:新HSK5000词;row:3113,3112,6,6,,干扰,,干扰,,,,xlsx-xml,
hsk2015,sheet:新HSK5000词;row:3114,3113,6,6,,干涉,,干涉,,,,xlsx-xml,
hsk2015,sheet:新HSK5000词;row:3115,3114,6,6,,干预,,干预,,,,xlsx-xml,
hsk2015,sheet:新HSK5000词;row:3116,3115,6,6,,尴尬,,尴尬,,,,xlsx-xml,
hsk2015,sheet:新HSK5000词;row:3117,3116,6,6,,感慨,,感慨,,,,xlsx-xml,
hsk2015,sheet:新HSK5000词;row:3118,3117,6,6,,感染,,感染,,,,xlsx-xml,
hsk2015,sheet:新HSK5000词;row:3119,3118,6,6,,干劲,,干劲,,,,xlsx-xml,
hsk2015,sheet:新HSK5000词;row:3120,3119,6,6,,纲领,,纲领,,,,xlsx-xml,
hsk2015,sheet:新HSK5000词;row:3121,3120,6,6,,岗位,,岗位,,,,xlsx-xml,
hsk2015,sheet:新HSK5000词;row:3122,3121,6,6,,港口,,港口,,,,xlsx-xml,
hsk2015,sheet:新HSK5000词;row:3123,3122,6,6,,港湾,,港湾,,,,xlsx-xml,
hsk2015,sheet:新HSK5000词;row:3124,3123,6,6,,杠杆,,杠杆,,,,xlsx-xml,
hsk2015,sheet:新HSK5000词;row:3125,3124,6,6,,高超,,高超,,,,xlsx-xml,
hsk2015,sheet:新HSK5000词;row:3126,3125,6,6,,高潮,,高潮,,,,xlsx-xml,
hsk2015,sheet:新HSK5000词;row:3127,3126,6,6,,高峰,,高峰,,,,xlsx-xml,
hsk2015,sheet:新HSK5000词;row:3128,3127,6,6,,高明,,高明,,,,xlsx-xml,
hsk2015,sheet:新HSK5000词;row:3129,3128,6,6,,高尚,,高尚,,,,xlsx-xml,
hsk2015,sheet:新HSK5000词;row:3130,3129,6,6,,高涨,,高涨,,,,xlsx-xml,
hsk2015,sheet:新HSK5000词;row:3131,3130,6,6,,稿件,,稿件,,,,xlsx-xml,
hsk2015,sheet:新HSK5000词;row:3132,3131,6,6,,告辞,,告辞,,,,xlsx-xml,
hsk2015,sheet:新HSK5000词;row:3133,3132,6,6,,告诫,,告诫,,,,xlsx-xml,
hsk2015,sheet:新HSK5000词;row:3134,3133,6,6,,疙瘩,,疙瘩,,,,xlsx-xml,
hsk2015,sheet:新HSK5000词;row:3135,3134,6,6,,鸽子,,鸽子,,,,xlsx-xml,
hsk2015,sheet:新HSK5000词;row:3136,3135,6,6,,搁,,搁,,,,xlsx-xml,
hsk2015,sheet:新HSK5000词;row:3137,3136,6,6,,割,,割,,,,xlsx-xml,
hsk2015,sheet:新HSK5000词;row:3138,3137,6,6,,歌颂,,歌颂,,,,xlsx-xml,
hsk2015,sheet:新HSK5000词;row:3139,3138,6,6,,革命,,革命,,,,xlsx-xml,
hsk2015,sheet:新HSK5000词;row:3140,3139,6,6,,格局,,格局,,,,xlsx-xml,
hsk2015,sheet:新HSK5000词;row:3141,3140,6,6,,格式,,格式,,,,xlsx-xml,
hsk2015,sheet:新HSK5000词;row:3142,3141,6,6,,隔阂,,隔阂,,,,xlsx-xml,
hsk2015,sheet:新HSK5000词;row:3143,3142,6,6,,隔离,,隔离,,,,xlsx-xml,
hsk2015,sheet:新HSK5000词;row:3144,3143,6,6,,个体,,个体,,,,xlsx-xml,
hsk2015,sheet:新HSK5000词;row:3145,3144,6,6,,各抒己见,,各抒己见,,,,xlsx-xml,
hsk2015,sheet:新HSK5000词;row:3146,3145,6,6,,根深蒂固,,根深蒂固,,,,xlsx-xml,
hsk2015,sheet:新HSK5000词;row:3147,3146,6,6,,根源,,根源,,,,xlsx-xml,
hsk2015,sheet:新HSK5000词;row:3148,3147,6,6,,跟前,,跟前,,,,xlsx-xml,
hsk2015,sheet:新HSK5000词;row:3149,3148,6,6,,跟随,,跟随,,,,xlsx-xml,
hsk2015,sheet:新HSK5000词;row:3150,3149,6,6,,跟踪,,跟踪,,,,xlsx-xml,
hsk2015,sheet:新HSK5000词;row:3151,3150,6,6,,更新,,更新,,,,xlsx-xml,
hsk2015,sheet:新HSK5000词;row:3152,3151,6,6,,更正,,更正,,,,xlsx-xml,
hsk2015,sheet:新HSK5000词;row:3153,3152,6,6,,耕地,,耕地,,,,xlsx-xml,
hsk2015,sheet:新HSK5000词;row:3154,3153,6,6,,工艺品,,工艺品,,,,xlsx-xml,
hsk2015,sheet:新HSK5000词;row:3155,3154,6,6,,公安局,,公安局,,,,xlsx-xml,
hsk2015,sheet:新HSK5000词;row:3156,3155,6,6,,公道,,公道,,,,xlsx-xml,
hsk2015,sheet:新HSK5000词;row:3157,3156,6,6,,公告,,公告,,,,xlsx-xml,
hsk2015,sheet:新HSK5000词;row:3158,3157,6,6,,公关,,公关,,,,xlsx-xml,
hsk2015,sheet:新HSK5000词;row:3159,3158,6,6,,公民,,公民,,,,xlsx-xml,
hsk2015,sheet:新HSK5000词;row:3160,3159,6,6,,公然,,公然,,,,xlsx-xml,
hsk2015,sheet:新HSK5000词;row:3161,3160,6,6,,公认,,公认,,,,xlsx-xml,
hsk2015,sheet:新HSK5000词;row:3162,3161,6,6,,公式,,公式,,,,xlsx-xml,
hsk2015,sheet:新HSK5000词;row:3163,3162,6,6,,公务,,公务,,,,xlsx-xml,
hsk2015,sheet:新HSK5000词;row:3164,3163,6,6,,公正,,公正,,,,xlsx-xml,
hsk2015,sheet:新HSK5000词;row:3165,3164,6,6,,公证,,公证,,,,xlsx-xml,
hsk2015,sheet:新HSK5000词;row:3166,3165,6,6,,功劳,,功劳,,,,xlsx-xml,
hsk2015,sheet:新HSK5000词;row:3167,3166,6,6,,功效,,功效,,,,xlsx-xml,
hsk2015,sheet:新HSK5000词;row:3168,3167,6,6,,攻击,,攻击,,,,xlsx-xml,
hsk2015,sheet:新HSK5000词;row:3169,3168,6,6,,攻克,,攻克,,,,xlsx-xml,
hsk2015,sheet:新HSK5000词;row:3170,3169,6,6,,供不应求,,供不应求,,,,xlsx-xml,
hsk2015,sheet:新HSK5000词;row:3171,3170,6,6,,供给,,供给,,,,xlsx-xml,
hsk2015,sheet:新HSK5000词;row:3172,3171,6,6,,宫殿,,宫殿,,,,xlsx-xml,
hsk2015,sheet:新HSK5000词;row:3173,3172,6,6,,恭敬,,恭敬,,,,xlsx-xml,
hsk2015,sheet:新HSK5000词;row:3174,3173,6,6,,巩固,,巩固,,,,xlsx-xml,
hsk2015,sheet:新HSK5000词;row:3175,3174,6,6,,共和国,,共和国,,,,xlsx-xml,
hsk2015,sheet:新HSK5000词;row:3176,3175,6,6,,共计,,共计,,,,xlsx-xml,
hsk2015,sheet:新HSK5000词;row:3177,3176,6,6,,共鸣,,共鸣,,,,xlsx-xml,
hsk2015,sheet:新HSK5000词;row:3178,3177,6,6,,勾结,,勾结,,,,xlsx-xml,
hsk2015,sheet:新HSK5000词;row:3179,3178,6,6,,钩子,,钩子,,,,xlsx-xml,
hsk2015,sheet:新HSK5000词;row:3180,3179,6,6,,构思,,构思,,,,xlsx-xml,
hsk2015,sheet:新HSK5000词;row:3181,3180,6,6,,孤独,,孤独,,,,xlsx-xml,
hsk2015,sheet:新HSK5000词;row:3182,3181,6,6,,孤立,,孤立,,,,xlsx-xml,
hsk2015,sheet:新HSK5000词;row:3183,3182,6,6,,姑且,,姑且,,,,xlsx-xml,
hsk2015,sheet:新HSK5000词;row:3184,3183,6,6,,辜负,,辜负,,,,xlsx-xml,
hsk2015,sheet:新HSK5000词;row:3185,3184,6,6,,古董,,古董,,,,xlsx-xml,
hsk2015,sheet:新HSK5000词;row:3186,3185,6,6,,古怪,,古怪,,,,xlsx-xml,
hsk2015,sheet:新HSK5000词;row:3187,3186,6,6,,股东,,股东,,,,xlsx-xml,
hsk2015,sheet:新HSK5000词;row:3188,3187,6,6,,股份,,股份,,,,xlsx-xml,
hsk2015,sheet:新HSK5000词;row:3189,3188,6,6,,骨干,,骨干,,,,xlsx-xml,
hsk2015,sheet:新HSK5000词;row:3190,3189,6,6,,鼓动,,鼓动,,,,xlsx-xml,
hsk2015,sheet:新HSK5000词;row:3191,3190,6,6,,固然,,固然,,,,xlsx-xml,
hsk2015,sheet:新HSK5000词;row:3192,3191,6,6,,固体,,固体,,,,xlsx-xml,
hsk2015,sheet:新HSK5000词;row:3193,3192,6,6,,固有,,固有,,,,xlsx-xml,
hsk2015,sheet:新HSK5000词;row:3194,3193,6,6,,固执,,固执,,,,xlsx-xml,
hsk2015,sheet:新HSK5000词;row:3195,3194,6,6,,故乡,,故乡,,,,xlsx-xml,
hsk2015,sheet:新HSK5000词;row:3196,3195,6,6,,故障,,故障,,,,xlsx-xml,
hsk2015,sheet:新HSK5000词;row:3197,3196,6,6,,顾虑,,顾虑,,,,xlsx-xml,
hsk2015,sheet:新HSK5000词;row:3198,3197,6,6,,顾问,,顾问,,,,xlsx-xml,
hsk2015,sheet:新HSK5000词;row:3199,3198,6,6,,雇佣,,雇佣,,,,xlsx-xml,
hsk2015,sheet:新HSK5000词;row:3200,3199,6,6,,拐杖,,拐杖,,,,xlsx-xml,
hsk2015,sheet:新HSK5000词;row:3201,3200,6,6,,关怀,,关怀,,,,xlsx-xml,
hsk2015,sheet:新HSK5000词;row:3202,3201,6,6,,关照,,关照,,,,xlsx-xml,
hsk2015,sheet:新HSK5000词;row:3203,3202,6,6,,观光,,观光,,,,xlsx-xml,
hsk2015,sheet:新HSK5000词;row:3204,3203,6,6,,官方,,官方,,,,xlsx-xml,
hsk2015,sheet:新HSK5000词;row:3205,3204,6,6,,管辖,,管辖,,,,xlsx-xml,
hsk2015,sheet:新HSK5000词;row:3206,3205,6,6,,贯彻,,贯彻,,,,xlsx-xml,
hsk2015,sheet:新HSK5000词;row:3207,3206,6,6,,惯例,,惯例,,,,xlsx-xml,
hsk2015,sheet:新HSK5000词;row:3208,3207,6,6,,灌溉,,灌溉,,,,xlsx-xml,
hsk2015,sheet:新HSK5000词;row:3209,3208,6,6,,罐,,罐,,,,xlsx-xml,
hsk2015,sheet:新HSK5000词;row:3210,3209,6,6,,光彩,,光彩,,,,xlsx-xml,
hsk2015,sheet:新HSK5000词;row:3211,3210,6,6,,光辉,,光辉,,,,xlsx-xml,
hsk2015,sheet:新HSK5000词;row:3212,3211,6,6,,光芒,,光芒,,,,xlsx-xml,
hsk2015,sheet:新HSK5000词;row:3213,3212,6,6,,光荣,,光荣,,,,xlsx-xml,
hsk2015,sheet:新HSK5000词;row:3214,3213,6,6,,广阔,,广阔,,,,xlsx-xml,
hsk2015,sheet:新HSK5000词;row:3215,3214,6,6,,归根到底,,归根到底,,,,xlsx-xml,
hsk2015,sheet:新HSK5000词;row:3216,3215,6,6,,归还,,归还,,,,xlsx-xml,
hsk2015,sheet:新HSK5000词;row:3217,3216,6,6,,规范,,规范,,,,xlsx-xml,
hsk2015,sheet:新HSK5000词;row:3218,3217,6,6,,规格,,规格,,,,xlsx-xml,
hsk2015,sheet:新HSK5000词;row:3219,3218,6,6,,规划,,规划,,,,xlsx-xml,
hsk2015,sheet:新HSK5000词;row:3220,3219,6,6,,规章,,规章,,,,xlsx-xml,
hsk2015,sheet:新HSK5000词;row:3221,3220,6,6,,轨道,,轨道,,,,xlsx-xml,
hsk2015,sheet:新HSK5000词;row:3222,3221,6,6,,贵族,,贵族,,,,xlsx-xml,
hsk2015,sheet:新HSK5000词;row:3223,3222,6,6,,跪,,跪,,,,xlsx-xml,
hsk2015,sheet:新HSK5000词;row:3224,3223,6,6,,棍棒,,棍棒,,,,xlsx-xml,
hsk2015,sheet:新HSK5000词;row:3225,3224,6,6,,国防,,国防,,,,xlsx-xml,
hsk2015,sheet:新HSK5000词;row:3226,3225,6,6,,国务院,,国务院,,,,xlsx-xml,
hsk2015,sheet:新HSK5000词;row:3227,3226,6,6,,果断,,果断,,,,xlsx-xml,
hsk2015,sheet:新HSK5000词;row:3228,3227,6,6,,过度,,过度,,,,xlsx-xml,
hsk2015,sheet:新HSK5000词;row:3229,3228,6,6,,过渡,,过渡,,,,xlsx-xml,
hsk2015,sheet:新HSK5000词;row:3230,3229,6,6,,过奖,,过奖,,,,xlsx-xml,
hsk2015,sheet:新HSK5000词;row:3231,3230,6,6,,过滤,,过滤,,,,xlsx-xml,
hsk2015,sheet:新HSK5000词;row:3232,3231,6,6,,过失,,过失,,,,xlsx-xml,
hsk2015,sheet:新HSK5000词;row:3233,3232,6,6,,过问,,过问,,,,xlsx-xml,
hsk2015,sheet:新HSK5000词;row:3234,3233,6,6,,过瘾,,过瘾,,,,xlsx-xml,
hsk2015,sheet:新HSK5000词;row:3235,3234,6,6,,过于,,过于,,,,xlsx-xml,
hsk2015,sheet:新HSK5000词;row:3236,3235,6,6,,嗨,,嗨,,,,xlsx-xml,
hsk2015,sheet:新HSK5000词;row:3237,3236,6,6,,海拔,,海拔,,,,xlsx-xml,
hsk2015,sheet:新HSK5000词;row:3238,3237,6,6,,海滨,,海滨,,,,xlsx-xml,
hsk2015,sheet:新HSK5000词;row:3239,3238,6,6,,含糊,,含糊,,,,xlsx-xml,
hsk2015,sheet:新HSK5000词;row:3240,3239,6,6,,含义,,含义,,,,xlsx-xml,
hsk2015,sheet:新HSK5000词;row:3241,3240,6,6,,寒暄,,寒暄,,,,xlsx-xml,
hsk2015,sheet:新HSK5000词;row:3242,3241,6,6,,罕见,,罕见,,,,xlsx-xml,
hsk2015,sheet:新HSK5000词;row:3243,3242,6,6,,捍卫,,捍卫,,,,xlsx-xml,
hsk2015,sheet:新HSK5000词;row:3244,3243,6,6,,行列,,行列,,,,xlsx-xml,
hsk2015,sheet:新HSK5000词;row:3245,3244,6,6,,航空,,航空,,,,xlsx-xml,
hsk2015,sheet:新HSK5000词;row:3246,3245,6,6,,航天,,航天,,,,xlsx-xml,
hsk2015,sheet:新HSK5000词;row:3247,3246,6,6,,航行,,航行,,,,xlsx-xml,
hsk2015,sheet:新HSK5000词;row:3248,3247,6,6,,毫米,,毫米,,,,xlsx-xml,
hsk2015,sheet:新HSK5000词;row:3249,3248,6,6,,毫无,,毫无,,,,xlsx-xml,
hsk2015,sheet:新HSK5000词;row:3250,3249,6,6,,豪迈,,豪迈,,,,xlsx-xml,
hsk2015,sheet:新HSK5000词;row:3251,3250,6,6,,号召,,号召,,,,xlsx-xml,
hsk2015,sheet:新HSK5000词;row:3252,3251,6,6,,耗费,,耗费,,,,xlsx-xml,
hsk2015,sheet:新HSK5000词;row:3253,3252,6,6,,呵,,呵,,,,xlsx-xml,
hsk2015,sheet:新HSK5000词;row:3254,3253,6,6,,合并,,合并,,,,xlsx-xml,
hsk2015,sheet:新HSK5000词;row:3255,3254,6,6,,合成,,合成,,,,xlsx-xml,
hsk2015,sheet:新HSK5000词;row:3256,3255,6,6,,合伙,,合伙,,,,xlsx-xml,
hsk2015,sheet:新HSK5000词;row:3257,3256,6,6,,合算,,合算,,,,xlsx-xml,
hsk2015,sheet:新HSK5000词;row:3258,3257,6,6,,和蔼,,和蔼,,,,xlsx-xml,
hsk2015,sheet:新HSK5000词;row:3259,3258,6,6,,和解,,和解,,,,xlsx-xml,
hsk2015,sheet:新HSK5000词;row:3260,3259,6,6,,和睦,,和睦,,,,xlsx-xml,
hsk2015,sheet:新HSK5000词;row:3261,3260,6,6,,和气,,和气,,,,xlsx-xml,
hsk2015,sheet:新HSK5000词;row:3262,3261,6,6,,和谐,,和谐,,,,xlsx-xml,
hsk2015,sheet:新HSK5000词;row:3263,3262,6,6,,嘿,,嘿,,,,xlsx-xml,
hsk2015,sheet:新HSK5000词;row:3264,3263,6,6,,痕迹,,痕迹,,,,xlsx-xml,
hsk2015,sheet:新HSK5000词;row:3265,3264,6,6,,狠心,,狠心,,,,xlsx-xml,
hsk2015,sheet:新HSK5000词;row:3266,3265,6,6,,恨不得,,恨不得,,,,xlsx-xml,
hsk2015,sheet:新HSK5000词;row:3267,3266,6,6,,横,,横,,,,xlsx-xml,
hsk2015,sheet:新HSK5000词;row:3268,3267,6,6,,哼,,哼,,,,xlsx-xml,
hsk2015,sheet:新HSK5000词;row:3269,3268,6,6,,轰动,,轰动,,,,xlsx-xml,
hsk2015,sheet:新HSK5000词;row:3270,3269,6,6,,烘,,烘,,,,xlsx-xml,
hsk2015,sheet:新HSK5000词;row:3271,3270,6,6,,宏观,,宏观,,,,xlsx-xml,
hsk2015,sheet:新HSK5000词;row:3272,3271,6,6,,宏伟,,宏伟,,,,xlsx-xml,
hsk2015,sheet:新HSK5000词;row:3273,3272,6,6,,洪水,,洪水,,,,xlsx-xml,
hsk2015,sheet:新HSK5000词;row:3274,3273,6,6,,哄,,哄,,,,xlsx-xml,
hsk2015,sheet:新HSK5000词;row:3275,3274,6,6,,喉咙,,喉咙,,,,xlsx-xml,
hsk2015,sheet:新HSK5000词;row:3276,3275,6,6,,吼,,吼,,,,xlsx-xml,
hsk2015,sheet:新HSK5000词;row:3277,3276,6,6,,后代,,后代,,,,xlsx-xml,
hsk2015,sheet:新HSK5000词;row:3278,3277,6,6,,后顾之忧,,后顾之忧,,,,xlsx-xml,
hsk2015,sheet:新HSK5000词;row:3279,3278,6,6,,后勤,,后勤,,,,xlsx-xml,
hsk2015,sheet:新HSK5000词;row:3280,3279,6,6,,候选,,候选,,,,xlsx-xml,
hsk2015,sheet:新HSK5000词;row:3281,3280,6,6,,呼唤,,呼唤,,,,xlsx-xml,
hsk2015,sheet:新HSK5000词;row:3282,3281,6,6,,呼啸,,呼啸,,,,xlsx-xml,
hsk2015,sheet:新HSK5000词;row:3283,3282,6,6,,呼吁,,呼吁,,,,xlsx-xml,
hsk2015,sheet:新HSK5000词;row:3284,3283,6,6,,忽略,,忽略,,,,xlsx-xml,
hsk2015,sheet:新HSK5000词;row:3285,3284,6,6,,胡乱,,胡乱,,,,xlsx-xml,
hsk2015,sheet:新HSK5000词;row:3286,3285,6,6,,胡须,,胡须,,,,xlsx-xml,
hsk2015,sheet:新HSK5000词;row:3287,3286,6,6,,湖泊,,湖泊,,,,xlsx-xml,
hsk2015,sheet:新HSK5000词;row:3288,3287,6,6,,花瓣,,花瓣,,,,xlsx-xml,
hsk2015,sheet:新HSK5000词;row:3289,3288,6,6,,花蕾,,花蕾,,,,xlsx-xml,
hsk2015,sheet:新HSK5000词;row:3290,3289,6,6,,华丽,,华丽,,,,xlsx-xml,
hsk2015,sheet:新HSK5000词;row:3291,3290,6,6,,华侨,,华侨,,,,xlsx-xml,
hsk2015,sheet:新HSK5000词;row:3292,3291,6,6,,化肥,,化肥,,,,xlsx-xml,
hsk2015,sheet:新HSK5000词;row:3293,3292,6,6,,化石,,化石,,,,xlsx-xml,
hsk2015,sheet:新HSK5000词;row:3294,3293,6,6,,化验,,化验,,,,xlsx-xml,
hsk2015,sheet:新HSK5000词;row:3295,3294,6,6,,化妆,,化妆,,,,xlsx-xml,
hsk2015,sheet:新HSK5000词;row:3296,3295,6,6,,划分,,划分,,,,xlsx-xml,
hsk2015,sheet:新HSK5000词;row:3297,3296,6,6,,画蛇添足,,画蛇添足,,,,xlsx-xml,
hsk2015,sheet:新HSK5000词;row:3298,3297,6,6,,话筒,,话筒,,,,xlsx-xml,
hsk2015,sheet:新HSK5000词;row:3299,3298,6,6,,欢乐,,欢乐,,,,xlsx-xml,
hsk2015,sheet:新HSK5000词;row:3300,3299,6,6,,还原,,还原,,,,xlsx-xml,
hsk2015,sheet:新HSK5000词;row:3301,3300,6,6,,环节,,环节,,,,xlsx-xml,
hsk2015,sheet:新HSK5000词;row:3302,3301,6,6,,缓和,,缓和,,,,xlsx-xml,
hsk2015,sheet:新HSK5000词;row:3303,3302,6,6,,患者,,患者,,,,xlsx-xml,
hsk2015,sheet:新HSK5000词;row:3304,3303,6,6,,荒凉,,荒凉,,,,xlsx-xml,
hsk2015,sheet:新HSK5000词;row:3305,3304,6,6,,荒谬,,荒谬,,,,xlsx-xml,
hsk2015,sheet:新HSK5000词;row:3306,3305,6,6,,荒唐,,荒唐,,,,xlsx-xml,
hsk2015,sheet:新HSK5000词;row:3307,3306,6,6,,皇帝,,皇帝,,,,xlsx-xml,
hsk2015,sheet:新HSK5000词;row:3308,3307,6,6,,皇后,,皇后,,,,xlsx-xml,
hsk2015,sheet:新HSK5000词;row:3309,3308,6,6,,黄昏,,黄昏,,,,xlsx-xml,
hsk2015,sheet:新HSK5000词;row:3310,3309,6,6,,恍然大悟,,恍然大悟,,,,xlsx-xml,
hsk2015,sheet:新HSK5000词;row:3311,3310,6,6,,晃,,晃,,,,xlsx-xml,
hsk2015,sheet:新HSK5000词;row:3312,3311,6,6,,挥霍,,挥霍,,,,xlsx-xml,
hsk2015,sheet:新HSK5000词;row:3313,3312,6,6,,辉煌,,辉煌,,,,xlsx-xml,
hsk2015,sheet:新HSK5000词;row:3314,3313,6,6,,回报,,回报,,,,xlsx-xml,
hsk2015,sheet:新HSK5000词;row:3315,3314,6,6,,回避,,回避,,,,xlsx-xml,
hsk2015,sheet:新HSK5000词;row:3316,3315,6,6,,回顾,,回顾,,,,xlsx-xml,
hsk2015,sheet:新HSK5000词;row:3317,3316,6,6,,回收,,回收,,,,xlsx-xml,
hsk2015,sheet:新HSK5000词;row:3318,3317,6,6,,悔恨,,悔恨,,,,xlsx-xml,
hsk2015,sheet:新HSK5000词;row:3319,3318,6,6,,毁灭,,毁灭,,,,xlsx-xml,
hsk2015,sheet:新HSK5000词;row:3320,3319,6,6,,汇报,,汇报,,,,xlsx-xml,
hsk2015,sheet:新HSK5000词;row:3321,3320,6,6,,会晤,,会晤,,,,xlsx-xml,
hsk2015,sheet:新HSK5000词;row:3322,3321,6,6,,贿赂,,贿赂,,,,xlsx-xml,
hsk2015,sheet:新HSK5000词;row:3323,3322,6,6,,昏迷,,昏迷,,,,xlsx-xml,
hsk2015,sheet:新HSK5000词;row:3324,3323,6,6,,荤,,荤,,,,xlsx-xml,
hsk2015,sheet:新HSK5000词;row:3325,3324,6,6,,浑身,,浑身,,,,xlsx-xml,
hsk2015,sheet:新HSK5000词;row:3326,3325,6,6,,混合,,混合,,,,xlsx-xml,
hsk2015,sheet:新HSK5000词;row:3327,3326,6,6,,混乱,,混乱,,,,xlsx-xml,
hsk2015,sheet:新HSK5000词;row:3328,3327,6,6,,混淆,,混淆,,,,xlsx-xml,
hsk2015,sheet:新HSK5000词;row:3329,3328,6,6,,混浊,,混浊,,,,xlsx-xml,
hsk2015,sheet:新HSK5000词;row:3330,3329,6,6,,活该,,活该,,,,xlsx-xml,
hsk2015,sheet:新HSK5000词;row:3331,3330,6,6,,活力,,活力,,,,xlsx-xml,
hsk2015,sheet:新HSK5000词;row:3332,3331,6,6,,火箭,,火箭,,,,xlsx-xml,
hsk2015,sheet:新HSK5000词;row:3333,3332,6,6,,火焰,,火焰,,,,xlsx-xml,
hsk2015,sheet:新HSK5000词;row:3334,3333,6,6,,火药,,火药,,,,xlsx-xml,
hsk2015,sheet:新HSK5000词;row:3335,3334,6,6,,货币,,货币,,,,xlsx-xml,
hsk2015,sheet:新HSK5000词;row:3336,3335,6,6,,讥笑,,讥笑,,,,xlsx-xml,
hsk2015,sheet:新HSK5000词;row:3337,3336,6,6,,饥饿,,饥饿,,,,xlsx-xml,
hsk2015,sheet:新HSK5000词;row:3338,3337,6,6,,机动,,机动,,,,xlsx-xml,
hsk2015,sheet:新HSK5000词;row:3339,3338,6,6,,机构,,机构,,,,xlsx-xml,
hsk2015,sheet:新HSK5000词;row:3340,3339,6,6,,机灵,,机灵,,,,xlsx-xml,
hsk2015,sheet:新HSK5000词;row:3341,3340,6,6,,机密,,机密,,,,xlsx-xml,
hsk2015,sheet:新HSK5000词;row:3342,3341,6,6,,机械,,机械,,,,xlsx-xml,
hsk2015,sheet:新HSK5000词;row:3343,3342,6,6,,机遇,,机遇,,,,xlsx-xml,
hsk2015,sheet:新HSK5000词;row:3344,3343,6,6,,机智,,机智,,,,xlsx-xml,
hsk2015,sheet:新HSK5000词;row:3345,3344,6,6,,基地,,基地,,,,xlsx-xml,
hsk2015,sheet:新HSK5000词;row:3346,3345,6,6,,基金,,基金,,,,xlsx-xml,
hsk2015,sheet:新HSK5000词;row:3347,3346,6,6,,基因,,基因,,,,xlsx-xml,
hsk2015,sheet:新HSK5000词;row:3348,3347,6,6,,激发,,激发,,,,xlsx-xml,
hsk2015,sheet:新HSK5000词;row:3349,3348,6,6,,激励,,激励,,,,xlsx-xml,
hsk2015,sheet:新HSK5000词;row:3350,3349,6,6,,激情,,激情,,,,xlsx-xml,
hsk2015,sheet:新HSK5000词;row:3351,3350,6,6,,及早,,及早,,,,xlsx-xml,
hsk2015,sheet:新HSK5000词;row:3352,3351,6,6,,吉祥,,吉祥,,,,xlsx-xml,
hsk2015,sheet:新HSK5000词;row:3353,3352,6,6,,级别,,级别,,,,xlsx-xml,
hsk2015,sheet:新HSK5000词;row:3354,3353,6,6,,极端,,极端,,,,xlsx-xml,
hsk2015,sheet:新HSK5000词;row:3355,3354,6,6,,极限,,极限,,,,xlsx-xml,
hsk2015,sheet:新HSK5000词;row:3356,3355,6,6,,即便,,即便,,,,xlsx-xml,
hsk2015,sheet:新HSK5000词;row:3357,3356,6,6,,即将,,即将,,,,xlsx-xml,
hsk2015,sheet:新HSK5000词;row:3358,3357,6,6,,急功近利,,急功近利,,,,xlsx-xml,
hsk2015,sheet:新HSK5000词;row:3359,3358,6,6,,急剧,,急剧,,,,xlsx-xml,
hsk2015,sheet:新HSK5000词;row:3360,3359,6,6,,急切,,急切,,,,xlsx-xml,
hsk2015,sheet:新HSK5000词;row:3361,3360,6,6,,急于求成,,急于求成,,,,xlsx-xml,
hsk2015,sheet:新HSK5000词;row:3362,3361,6,6,,急躁,,急躁,,,,xlsx-xml,
hsk2015,sheet:新HSK5000词;row:3363,3362,6,6,,疾病,,疾病,,,,xlsx-xml,
hsk2015,sheet:新HSK5000词;row:3364,3363,6,6,,集团,,集团,,,,xlsx-xml,
hsk2015,sheet:新HSK5000词;row:3365,3364,6,6,,嫉妒,,嫉妒,,,,xlsx-xml,
hsk2015,sheet:新HSK5000词;row:3366,3365,6,6,,籍贯,,籍贯,,,,xlsx-xml,
hsk2015,sheet:新HSK5000词;row:3367,3366,6,6,,给予,,给予,,,,xlsx-xml,
hsk2015,sheet:新HSK5000词;row:3368,3367,6,6,,计较,,计较,,,,xlsx-xml,
hsk2015,sheet:新HSK5000词;row:3369,3368,6,6,,记性,,记性,,,,xlsx-xml,
hsk2015,sheet:新HSK5000词;row:3370,3369,6,6,,记载,,记载,,,,xlsx-xml,
hsk2015,sheet:新HSK5000词;row:3371,3370,6,6,,纪要,,纪要,,,,xlsx-xml,
hsk2015,sheet:新HSK5000词;row:3372,3371,6,6,,技巧,,技巧,,,,xlsx-xml,
hsk2015,sheet:新HSK5000词;row:3373,3372,6,6,,忌讳,,忌讳,,,,xlsx-xml,
hsk2015,sheet:新HSK5000词;row:3374,3373,6,6,,季度,,季度,,,,xlsx-xml,
hsk2015,sheet:新HSK5000词;row:3375,3374,6,6,,季军,,季军,,,,xlsx-xml,
hsk2015,sheet:新HSK5000词;row:3376,3375,6,6,,迹象,,迹象,,,,xlsx-xml,
hsk2015,sheet:新HSK5000词;row:3377,3376,6,6,,继承,,继承,,,,xlsx-xml,
hsk2015,sheet:新HSK5000词;row:3378,3377,6,6,,寄托,,寄托,,,,xlsx-xml,
hsk2015,sheet:新HSK5000词;row:3379,3378,6,6,,寂静,,寂静,,,,xlsx-xml,
hsk2015,sheet:新HSK5000词;row:3380,3379,6,6,,加工,,加工,,,,xlsx-xml,
hsk2015,sheet:新HSK5000词;row:3381,3380,6,6,,加剧,,加剧,,,,xlsx-xml,
hsk2015,sheet:新HSK5000词;row:3382,3381,6,6,,夹杂,,夹杂,,,,xlsx-xml,
hsk2015,sheet:新HSK5000词;row:3383,3382,6,6,,佳肴,,佳肴,,,,xlsx-xml,
hsk2015,sheet:新HSK5000词;row:3384,3383,6,6,,家常,,家常,,,,xlsx-xml,
hsk2015,sheet:新HSK5000词;row:3385,3384,6,6,,家伙,,家伙,,,,xlsx-xml,
hsk2015,sheet:新HSK5000词;row:3386,3385,6,6,,家属,,家属,,,,xlsx-xml,
hsk2015,sheet:新HSK5000词;row:3387,3386,6,6,,家喻户晓,,家喻户晓,,,,xlsx-xml,
hsk2015,sheet:新HSK5000词;row:3388,3387,6,6,,尖端,,尖端,,,,xlsx-xml,
hsk2015,sheet:新HSK5000词;row:3389,3388,6,6,,尖锐,,尖锐,,,,xlsx-xml,
hsk2015,sheet:新HSK5000词;row:3390,3389,6,6,,坚定,,坚定,,,,xlsx-xml,
hsk2015,sheet:新HSK5000词;row:3391,3390,6,6,,坚固,,坚固,,,,xlsx-xml,
hsk2015,sheet:新HSK5000词;row:3392,3391,6,6,,坚韧,,坚韧,,,,xlsx-xml,
hsk2015,sheet:新HSK5000词;row:3393,3392,6,6,,坚实,,坚实,,,,xlsx-xml,
hsk2015,sheet:新HSK5000词;row:3394,3393,6,6,,坚硬,,坚硬,,,,xlsx-xml,
hsk2015,sheet:新HSK5000词;row:3395,3394,6,6,,艰难,,艰难,,,,xlsx-xml,
hsk2015,sheet:新HSK5000词;row:3396,3395,6,6,,监督,,监督,,,,xlsx-xml,
hsk2015,sheet:新HSK5000词;row:3397,3396,6,6,,监视,,监视,,,,xlsx-xml,
hsk2015,sheet:新HSK5000词;row:3398,3397,6,6,,监狱,,监狱,,,,xlsx-xml,
hsk2015,sheet:新HSK5000词;row:3399,3398,6,6,,煎,,煎,,,,xlsx-xml,
hsk2015,sheet:新HSK5000词;row:3400,3399,6,6,,拣,,拣,,,,xlsx-xml,
hsk2015,sheet:新HSK5000词;row:3401,3400,6,6,,检讨,,检讨,,,,xlsx-xml,
hsk2015,sheet:新HSK5000词;row:3402,3401,6,6,,检验,,检验,,,,xlsx-xml,
hsk2015,sheet:新HSK5000词;row:3403,3402,6,6,,剪彩,,剪彩,,,,xlsx-xml,
hsk2015,sheet:新HSK5000词;row:3404,3403,6,6,,简化,,简化,,,,xlsx-xml,
hsk2015,sheet:新HSK5000词;row:3405,3404,6,6,,简陋,,简陋,,,,xlsx-xml,
hsk2015,sheet:新HSK5000词;row:3406,3405,6,6,,简体字,,简体字,,,,xlsx-xml,
hsk2015,sheet:新HSK5000词;row:3407,3406,6,6,,简要,,简要,,,,xlsx-xml,
hsk2015,sheet:新HSK5000词;row:3408,3407,6,6,,见多识广,,见多识广,,,,xlsx-xml,
hsk2015,sheet:新HSK5000词;row:3409,3408,6,6,,见解,,见解,,,,xlsx-xml,
hsk2015,sheet:新HSK5000词;row:3410,3409,6,6,,见闻,,见闻,,,,xlsx-xml,
hsk2015,sheet:新HSK5000词;row:3411,3410,6,6,,见义勇为,,见义勇为,,,,xlsx-xml,
hsk2015,sheet:新HSK5000词;row:3412,3411,6,6,,间谍,,间谍,,,,xlsx-xml,
hsk2015,sheet:新HSK5000词;row:3413,3412,6,6,,间隔,,间隔,,,,xlsx-xml,
hsk2015,sheet:新HSK5000词;row:3414,3413,6,6,,间接,,间接,,,,xlsx-xml,
hsk2015,sheet:新HSK5000词;row:3415,3414,6,6,,剑,,剑,,,,xlsx-xml,
hsk2015,sheet:新HSK5000词;row:3416,3415,6,6,,健全,,健全,,,,xlsx-xml,
hsk2015,sheet:新HSK5000词;row:3417,3416,6,6,,舰艇,,舰艇,,,,xlsx-xml,
hsk2015,sheet:新HSK5000词;row:3418,3417,6,6,,践踏,,践踏,,,,xlsx-xml,
hsk2015,sheet:新HSK5000词;row:3419,3418,6,6,,溅,,溅,,,,xlsx-xml,
hsk2015,sheet:新HSK5000词;row:3420,3419,6,6,,鉴别,,鉴别,,,,xlsx-xml,
hsk2015,sheet:新HSK5000词;row:3421,3420,6,6,,鉴定,,鉴定,,,,xlsx-xml,
hsk2015,sheet:新HSK5000词;row:3422,3421,6,6,,鉴于,,鉴于,,,,xlsx-xml,
hsk2015,sheet:新HSK5000词;row:3423,3422,6,6,,将近,,将近,,,,xlsx-xml,
hsk2015,sheet:新HSK5000词;row:3424,3423,6,6,,将就,,将就,,,,xlsx-xml,
hsk2015,sheet:新HSK5000词;row:3425,3424,6,6,,将军,,将军,,,,xlsx-xml,
hsk2015,sheet:新HSK5000词;row:3426,3425,6,6,,僵硬,,僵硬,,,,xlsx-xml,
hsk2015,sheet:新HSK5000词;row:3427,3426,6,6,,奖励,,奖励,,,,xlsx-xml,
hsk2015,sheet:新HSK5000词;row:3428,3427,6,6,,奖赏,,奖赏,,,,xlsx-xml,
hsk2015,sheet:新HSK5000词;row:3429,3428,6,6,,桨,,桨,,,,xlsx-xml,
hsk2015,sheet:新HSK5000词;row:3430,3429,6,6,,降临,,降临,,,,xlsx-xml,
hsk2015,sheet:新HSK5000词;row:3431,3430,6,6,,交叉,,交叉,,,,xlsx-xml,
hsk2015,sheet:新HSK5000词;row:3432,3431,6,6,,交代,,交代,,,,xlsx-xml,
hsk2015,sheet:新HSK5000词;row:3433,3432,6,6,,交涉,,交涉,,,,xlsx-xml,
hsk2015,sheet:新HSK5000词;row:3434,3433,6,6,,交易,,交易,,,,xlsx-xml,
hsk2015,sheet:新HSK5000词;row:3435,3434,6,6,,娇气,,娇气,,,,xlsx-xml,
hsk2015,sheet:新HSK5000词;row:3436,3435,6,6,,焦点,,焦点,,,,xlsx-xml,
hsk2015,sheet:新HSK5000词;row:3437,3436,6,6,,焦急,,焦急,,,,xlsx-xml,
hsk2015,sheet:新HSK5000词;row:3438,3437,6,6,,角落,,角落,,,,xlsx-xml,
hsk2015,sheet:新HSK5000词;row:3439,3438,6,6,,侥幸,,侥幸,,,,xlsx-xml,
hsk2015,sheet:新HSK5000词;row:3440,3439,6,6,,搅拌,,搅拌,,,,xlsx-xml,
hsk2015,sheet:新HSK5000词;row:3441,3440,6,6,,缴纳,,缴纳,,,,xlsx-xml,
hsk2015,sheet:新HSK5000词;row:3442,3441,6,6,,较量,,较量,,,,xlsx-xml,
hsk2015,sheet:新HSK5000词;row:3443,3442,6,6,,教养,,教养,,,,xlsx-xml,
hsk2015,sheet:新HSK5000词;row:3444,3443,6,6,,阶层,,阶层,,,,xlsx-xml,
hsk2015,sheet:新HSK5000词;row:3445,3444,6,6,,皆,,皆,,,,xlsx-xml,
hsk2015,sheet:新HSK5000词;row:3446,3445,6,6,,接连,,接连,,,,xlsx-xml,
hsk2015,sheet:新HSK5000词;row:3447,3446,6,6,,揭露,,揭露,,,,xlsx-xml,
hsk2015,sheet:新HSK5000词;row:3448,3447,6,6,,节制,,节制,,,,xlsx-xml,
hsk2015,sheet:新HSK5000词;row:3449,3448,6,6,,节奏,,节奏,,,,xlsx-xml,
hsk2015,sheet:新HSK5000词;row:3450,3449,6,6,,杰出,,杰出,,,,xlsx-xml,
hsk2015,sheet:新HSK5000词;row:3451,3450,6,6,,结晶,,结晶,,,,xlsx-xml,
hsk2015,sheet:新HSK5000词;row:3452,3451,6,6,,结局,,结局,,,,xlsx-xml,
hsk2015,sheet:新HSK5000词;row:3453,3452,6,6,,结算,,结算,,,,xlsx-xml,
hsk2015,sheet:新HSK5000词;row:3454,3453,6,6,,截止,,截止,,,,xlsx-xml,
hsk2015,sheet:新HSK5000词;row:3455,3454,6,6,,截至,,截至,,,,xlsx-xml,
hsk2015,sheet:新HSK5000词;row:3456,3455,6,6,,竭尽全力,,竭尽全力,,,,xlsx-xml,
hsk2015,sheet:新HSK5000词;row:3457,3456,6,6,,解除,,解除,,,,xlsx-xml,
hsk2015,sheet:新HSK5000词;row:3458,3457,6,6,,解放,,解放,,,,xlsx-xml,
hsk2015,sheet:新HSK5000词;row:3459,3458,6,6,,解雇,,解雇,,,,xlsx-xml,
hsk2015,sheet:新HSK5000词;row:3460,3459,6,6,,解剖,,解剖,,,,xlsx-xml,
hsk2015,sheet:新HSK5000词;row:3461,3460,6,6,,解散,,解散,,,,xlsx-xml,
hsk2015,sheet:新HSK5000词;row:3462,3461,6,6,,解体,,解体,,,,xlsx-xml,
hsk2015,sheet:新HSK5000词;row:3463,3462,6,6,,戒备,,戒备,,,,xlsx-xml,
hsk2015,sheet:新HSK5000词;row:3464,3463,6,6,,界限,,界限,,,,xlsx-xml,
hsk2015,sheet:新HSK5000词;row:3465,3464,6,6,,借鉴,,借鉴,,,,xlsx-xml,
hsk2015,sheet:新HSK5000词;row:3466,3465,6,6,,借助,,借助,,,,xlsx-xml,
hsk2015,sheet:新HSK5000词;row:3467,3466,6,6,,金融,,金融,,,,xlsx-xml,
hsk2015,sheet:新HSK5000词;row:3468,3467,6,6,,津津有味,,津津有味,,,,xlsx-xml,
hsk2015,sheet:新HSK5000词;row:3469,3468,6,6,,紧迫,,紧迫,,,,xlsx-xml,
hsk2015,sheet:新HSK5000词;row:3470,3469,6,6,,锦上添花,,锦上添花,,,,xlsx-xml,
hsk2015,sheet:新HSK5000词;row:3471,3470,6,6,,进而,,进而,,,,xlsx-xml,
hsk2015,sheet:新HSK5000词;row:3472,3471,6,6,,进攻,,进攻,,,,xlsx-xml,
hsk2015,sheet:新HSK5000词;row:3473,3472,6,6,,进化,,进化,,,,xlsx-xml,
hsk2015,sheet:新HSK5000词;row:3474,3473,6,6,,进展,,进展,,,,xlsx-xml,
hsk2015,sheet:新HSK5000词;row:3475,3474,6,6,,近来,,近来,,,,xlsx-xml,
hsk2015,sheet:新HSK5000词;row:3476,3475,6,6,,晋升,,晋升,,,,xlsx-xml,
hsk2015,sheet:新HSK5000词;row:3477,3476,6,6,,浸泡,,浸泡,,,,xlsx-xml,
hsk2015,sheet:新HSK5000词;row:3478,3477,6,6,,茎,,茎,,,,xlsx-xml,
hsk2015,sheet:新HSK5000词;row:3479,3478,6,6,,经费,,经费,,,,xlsx-xml,
hsk2015,sheet:新HSK5000词;row:3480,3479,6,6,,经纬,,经纬,,,,xlsx-xml,
hsk2015,sheet:新HSK5000词;row:3481,3480,6,6,,惊动,,惊动,,,,xlsx-xml,
hsk2015,sheet:新HSK5000词;row:3482,3481,6,6,,惊奇,,惊奇,,,,xlsx-xml,
hsk2015,sheet:新HSK5000词;row:3483,3482,6,6,,惊讶,,惊讶,,,,xlsx-xml,
hsk2015,sheet:新HSK5000词;row:3484,3483,6,6,,兢兢业业,,兢兢业业,,,,xlsx-xml,
hsk2015,sheet:新HSK5000词;row:3485,3484,6,6,,精打细算,,精打细算,,,,xlsx-xml,
hsk2015,sheet:新HSK5000词;row:3486,3485,6,6,,精华,,精华,,,,xlsx-xml,
hsk2015,sheet:新HSK5000词;row:3487,3486,6,6,,精简,,精简,,,,xlsx-xml,
hsk2015,sheet:新HSK5000词;row:3488,3487,6,6,,精密,,精密,,,,xlsx-xml,
hsk2015,sheet:新HSK5000词;row:3489,3488,6,6,,精确,,精确,,,,xlsx-xml,
hsk2015,sheet:新HSK5000词;row:3490,3489,6,6,,精通,,精通,,,,xlsx-xml,
hsk2015,sheet:新HSK5000词;row:3491,3490,6,6,,精心,,精心,,,,xlsx-xml,
hsk2015,sheet:新HSK5000词;row:3492,3491,6,6,,精益求精,,精益求精,,,,xlsx-xml,
hsk2015,sheet:新HSK5000词;row:3493,3492,6,6,,精致,,精致,,,,xlsx-xml,
hsk2015,sheet:新HSK5000词;row:3494,3493,6,6,,井,,井,,,,xlsx-xml,
hsk2015,sheet:新HSK5000词;row:3495,3494,6,6,,颈椎,,颈椎,,,,xlsx-xml,
hsk2015,sheet:新HSK5000词;row:3496,3495,6,6,,警告,,警告,,,,xlsx-xml,
hsk2015,sheet:新HSK5000词;row:3497,3496,6,6,,警惕,,警惕,,,,xlsx-xml,
hsk2015,sheet:新HSK5000词;row:3498,3497,6,6,,竞赛,,竞赛,,,,xlsx-xml,
hsk2015,sheet:新HSK5000词;row:3499,3498,6,6,,竞选,,竞选,,,,xlsx-xml,
hsk2015,sheet:新HSK5000词;row:3500,3499,6,6,,敬礼,,敬礼,,,,xlsx-xml,
hsk2015,sheet:新HSK5000词;row:3501,3500,6,6,,敬业,,敬业,,,,xlsx-xml,
hsk2015,sheet:新HSK5000词;row:3502,3501,6,6,,境界,,境界,,,,xlsx-xml,
hsk2015,sheet:新HSK5000词;row:3503,3502,6,6,,镜头,,镜头,,,,xlsx-xml,
hsk2015,sheet:新HSK5000词;row:3504,3503,6,6,,纠纷,,纠纷,,,,xlsx-xml,
hsk2015,sheet:新HSK5000词;row:3505,3504,6,6,,纠正,,纠正,,,,xlsx-xml,
hsk2015,sheet:新HSK5000词;row:3506,3505,6,6,,酒精,,酒精,,,,xlsx-xml,
hsk2015,sheet:新HSK5000词;row:3507,3506,6,6,,救济,,救济,,,,xlsx-xml,
hsk2015,sheet:新HSK5000词;row:3508,3507,6,6,,就近,,就近,,,,xlsx-xml,
hsk2015,sheet:新HSK5000词;row:3509,3508,6,6,,就业,,就业,,,,xlsx-xml,
hsk2015,sheet:新HSK5000词;row:3510,3509,6,6,,就职,,就职,,,,xlsx-xml,
hsk2015,sheet:新HSK5000词;row:3511,3510,6,6,,拘留,,拘留,,,,xlsx-xml,
hsk2015,sheet:新HSK5000词;row:3512,3511,6,6,,拘束,,拘束,,,,xlsx-xml,
hsk2015,sheet:新HSK5000词;row:3513,3512,6,6,,居民,,居民,,,,xlsx-xml,
hsk2015,sheet:新HSK5000词;row:3514,3513,6,6,,居住,,居住,,,,xlsx-xml,
hsk2015,sheet:新HSK5000词;row:3515,3514,6,6,,鞠躬,,鞠躬,,,,xlsx-xml,
hsk2015,sheet:新HSK5000词;row:3516,3515,6,6,,局部,,局部,,,,xlsx-xml,
hsk2015,sheet:新HSK5000词;row:3517,3516,6,6,,局面,,局面,,,,xlsx-xml,
hsk2015,sheet:新HSK5000词;row:3518,3517,6,6,,局势,,局势,,,,xlsx-xml,
hsk2015,sheet:新HSK5000词;row:3519,3518,6,6,,局限,,局限,,,,xlsx-xml,
hsk2015,sheet:新HSK5000词;row:3520,3519,6,6,,咀嚼,,咀嚼,,,,xlsx-xml,
hsk2015,sheet:新HSK5000词;row:3521,3520,6,6,,沮丧,,沮丧,,,,xlsx-xml,
hsk2015,sheet:新HSK5000词;row:3522,3521,6,6,,举动,,举动,,,,xlsx-xml,
hsk2015,sheet:新HSK5000词;row:3523,3522,6,6,,举世瞩目,,举世瞩目,,,,xlsx-xml,
hsk2015,sheet:新HSK5000词;row:3524,3523,6,6,,举足轻重,,举足轻重,,,,xlsx-xml,
hsk2015,sheet:新HSK5000词;row:3525,3524,6,6,,剧本,,剧本,,,,xlsx-xml,
hsk2015,sheet:新HSK5000词;row:3526,3525,6,6,,剧烈,,剧烈,,,,xlsx-xml,
hsk2015,sheet:新HSK5000词;row:3527,3526,6,6,,据悉,,据悉,,,,xlsx-xml,
hsk2015,sheet:新HSK5000词;row:3528,3527,6,6,,聚精会神,,聚精会神,,,,xlsx-xml,
hsk2015,sheet:新HSK5000词;row:3529,3528,6,6,,卷,,卷,,,,xlsx-xml,
hsk2015,sheet:新HSK5000词;row:3530,3529,6,6,,决策,,决策,,,,xlsx-xml,
hsk2015,sheet:新HSK5000词;row:3531,3530,6,6,,觉悟,,觉悟,,,,xlsx-xml,
hsk2015,sheet:新HSK5000词;row:3532,3531,6,6,,觉醒,,觉醒,,,,xlsx-xml,
hsk2015,sheet:新HSK5000词;row:3533,3532,6,6,,绝望,,绝望,,,,xlsx-xml,
hsk2015,sheet:新HSK5000词;row:3534,3533,6,6,,倔强,,倔强,,,,xlsx-xml,
hsk2015,sheet:新HSK5000词;row:3535,3534,6,6,,军队,,军队,,,,xlsx-xml,
hsk2015,sheet:新HSK5000词;row:3536,3535,6,6,,君子,,君子,,,,xlsx-xml,
hsk2015,sheet:新HSK5000词;row:3537,3536,6,6,,卡通,,卡通,,,,xlsx-xml,
hsk2015,sheet:新HSK5000词;row:3538,3537,6,6,,开采,,开采,,,,xlsx-xml,
hsk2015,sheet:新HSK5000词;row:3539,3538,6,6,,开除,,开除,,,,xlsx-xml,
hsk2015,sheet:新HSK5000词;row:3540,3539,6,6,,开阔,,开阔,,,,xlsx-xml,
hsk2015,sheet:新HSK5000词;row:3541,3540,6,6,,开朗,,开朗,,,,xlsx-xml,
hsk2015,sheet:新HSK5000词;row:3542,3541,6,6,,开明,,开明,,,,xlsx-xml,
hsk2015,sheet:新HSK5000词;row:3543,3542,6,6,,开辟,,开辟,,,,xlsx-xml,
hsk2015,sheet:新HSK5000词;row:3544,3543,6,6,,开拓,,开拓,,,,xlsx-xml,
hsk2015,sheet:新HSK5000词;row:3545,3544,6,6,,开展,,开展,,,,xlsx-xml,
hsk2015,sheet:新HSK5000词;row:3546,3545,6,6,,开支,,开支,,,,xlsx-xml,
hsk2015,sheet:新HSK5000词;row:3547,3546,6,6,,刊登,,刊登,,,,xlsx-xml,
hsk2015,sheet:新HSK5000词;row:3548,3547,6,6,,刊物,,刊物,,,,xlsx-xml,
hsk2015,sheet:新HSK5000词;row:3549,3548,6,6,,勘探,,勘探,,,,xlsx-xml,
hsk2015,sheet:新HSK5000词;row:3550,3549,6,6,,侃侃而谈,,侃侃而谈,,,,xlsx-xml,
hsk2015,sheet:新HSK5000词;row:3551,3550,6,6,,砍伐,,砍伐,,,,xlsx-xml,
hsk2015,sheet:新HSK5000词;row:3552,3551,6,6,,看待,,看待,,,,xlsx-xml,
hsk2015,sheet:新HSK5000词;row:3553,3552,6,6,,慷慨,,慷慨,,,,xlsx-xml,
hsk2015,sheet:新HSK5000词;row:3554,3553,6,6,,扛,,扛,,,,xlsx-xml,
hsk2015,sheet:新HSK5000词;row:3555,3554,6,6,,抗议,,抗议,,,,xlsx-xml,
hsk2015,sheet:新HSK5000词;row:3556,3555,6,6,,考察,,考察,,,,xlsx-xml,
hsk2015,sheet:新HSK5000词;row:3557,3556,6,6,,考古,,考古,,,,xlsx-xml,
hsk2015,sheet:新HSK5000词;row:3558,3557,6,6,,考核,,考核,,,,xlsx-xml,
hsk2015,sheet:新HSK5000词;row:3559,3558,6,6,,考验,,考验,,,,xlsx-xml,
hsk2015,sheet:新HSK5000词;row:3560,3559,6,6,,靠拢,,靠拢,,,,xlsx-xml,
hsk2015,sheet:新HSK5000词;row:3561,3560,6,6,,科目,,科目,,,,xlsx-xml,
hsk2015,sheet:新HSK5000词;row:3562,3561,6,6,,磕,,磕,,,,xlsx-xml,
hsk2015,sheet:新HSK5000词;row:3563,3562,6,6,,可观,,可观,,,,xlsx-xml,
hsk2015,sheet:新HSK5000词;row:3564,3563,6,6,,可口,,可口,,,,xlsx-xml,
hsk2015,sheet:新HSK5000词;row:3565,3564,6,6,,可恶,,可恶,,,,xlsx-xml,
hsk2015,sheet:新HSK5000词;row:3566,3565,6,6,,可行,,可行,,,,xlsx-xml,
hsk2015,sheet:新HSK5000词;row:3567,3566,6,6,,渴望,,渴望,,,,xlsx-xml,
hsk2015,sheet:新HSK5000词;row:3568,3567,6,6,,克制,,克制,,,,xlsx-xml,
hsk2015,sheet:新HSK5000词;row:3569,3568,6,6,,刻不容缓,,刻不容缓,,,,xlsx-xml,
hsk2015,sheet:新HSK5000词;row:3570,3569,6,6,,客户,,客户,,,,xlsx-xml,
hsk2015,sheet:新HSK5000词;row:3571,3570,6,6,,课题,,课题,,,,xlsx-xml,
hsk2015,sheet:新HSK5000词;row:3572,3571,6,6,,恳切,,恳切,,,,xlsx-xml,
hsk2015,sheet:新HSK5000词;row:3573,3572,6,6,,啃,,啃,,,,xlsx-xml,
hsk2015,sheet:新HSK5000词;row:3574,3573,6,6,,坑,,坑,,,,xlsx-xml,
hsk2015,sheet:新HSK5000词;row:3575,3574,6,6,,空洞,,空洞,,,,xlsx-xml,
hsk2015,sheet:新HSK5000词;row:3576,3575,6,6,,空前绝后,,空前绝后,,,,xlsx-xml,
hsk2015,sheet:新HSK5000词;row:3577,3576,6,6,,空想,,空想,,,,xlsx-xml,
hsk2015,sheet:新HSK5000词;row:3578,3577,6,6,,空虚,,空虚,,,,xlsx-xml,
hsk2015,sheet:新HSK5000词;row:3579,3578,6,6,,孔,,孔,,,,xlsx-xml,
hsk2015,sheet:新HSK5000词;row:3580,3579,6,6,,恐怖,,恐怖,,,,xlsx-xml,
hsk2015,sheet:新HSK5000词;row:3581,3580,6,6,,恐吓,,恐吓,,,,xlsx-xml,
hsk2015,sheet:新HSK5000词;row:3582,3581,6,6,,恐惧,,恐惧,,,,xlsx-xml,
hsk2015,sheet:新HSK5000词;row:3583,3582,6,6,,空白,,空白,,,,xlsx-xml,
hsk2015,sheet:新HSK5000词;row:3584,3583,6,6,,空隙,,空隙,,,,xlsx-xml,
hsk2015,sheet:新HSK5000词;row:3585,3584,6,6,,口气,,口气,,,,xlsx-xml,
hsk2015,sheet:新HSK5000词;row:3586,3585,6,6,,口腔,,口腔,,,,xlsx-xml,
hsk2015,sheet:新HSK5000词;row:3587,3586,6,6,,口头,,口头,,,,xlsx-xml,
hsk2015,sheet:新HSK5000词;row:3588,3587,6,6,,口音,,口音,,,,xlsx-xml,
hsk2015,sheet:新HSK5000词;row:3589,3588,6,6,,扣,,扣,,,,xlsx-xml,
hsk2015,sheet:新HSK5000词;row:3590,3589,6,6,,枯萎,,枯萎,,,,xlsx-xml,
hsk2015,sheet:新HSK5000词;row:3591,3590,6,6,,枯燥,,枯燥,,,,xlsx-xml,
hsk2015,sheet:新HSK5000词;row:3592,3591,6,6,,哭泣,,哭泣,,,,xlsx-xml,
hsk2015,sheet:新HSK5000词;row:3593,3592,6,6,,苦尽甘来,,苦尽甘来,,,,xlsx-xml,
hsk2015,sheet:新HSK5000词;row:3594,3593,6,6,,苦涩,,苦涩,,,,xlsx-xml,
hsk2015,sheet:新HSK5000词;row:3595,3594,6,6,,挎,,挎,,,,xlsx-xml,
hsk2015,sheet:新HSK5000词;row:3596,3595,6,6,,跨,,跨,,,,xlsx-xml,
hsk2015,sheet:新HSK5000词;row:3597,3596,6,6,,快活,,快活,,,,xlsx-xml,
hsk2015,sheet:新HSK5000词;row:3598,3597,6,6,,宽敞,,宽敞,,,,xlsx-xml,
hsk2015,sheet:新HSK5000词;row:3599,3598,6,6,,宽容,,宽容,,,,xlsx-xml,
hsk2015,sheet:新HSK5000词;row:3600,3599,6,6,,款待,,款待,,,,xlsx-xml,
hsk2015,sheet:新HSK5000词;row:3601,3600,6,6,,款式,,款式,,,,xlsx-xml,
hsk2015,sheet:新HSK5000词;row:3602,3601,6,6,,筐,,筐,,,,xlsx-xml,
hsk2015,sheet:新HSK5000词;row:3603,3602,6,6,,旷课,,旷课,,,,xlsx-xml,
hsk2015,sheet:新HSK5000词;row:3604,3603,6,6,,况且,,况且,,,,xlsx-xml,
hsk2015,sheet:新HSK5000词;row:3605,3604,6,6,,矿产,,矿产,,,,xlsx-xml,
hsk2015,sheet:新HSK5000词;row:3606,3605,6,6,,框架,,框架,,,,xlsx-xml,
hsk2015,sheet:新HSK5000词;row:3607,3606,6,6,,亏待,,亏待,,,,xlsx-xml,
hsk2015,sheet:新HSK5000词;row:3608,3607,6,6,,亏损,,亏损,,,,xlsx-xml,
hsk2015,sheet:新HSK5000词;row:3609,3608,6,6,,捆绑,,捆绑,,,,xlsx-xml,
hsk2015,sheet:新HSK5000词;row:3610,3609,6,6,,扩充,,扩充,,,,xlsx-xml,
hsk2015,sheet:新HSK5000词;row:3611,3610,6,6,,扩散,,扩散,,,,xlsx-xml,
hsk2015,sheet:新HSK5000词;row:3612,3611,6,6,,扩张,,扩张,,,,xlsx-xml,
hsk2015,sheet:新HSK5000词;row:3613,3612,6,6,,喇叭,,喇叭,,,,xlsx-xml,
hsk2015,sheet:新HSK5000词;row:3614,3613,6,6,,蜡烛,,蜡烛,,,,xlsx-xml,
hsk2015,sheet:新HSK5000词;row:3615,3614,6,6,,啦,,啦,,,,xlsx-xml,
hsk2015,sheet:新HSK5000词;row:3616,3615,6,6,,来历,,来历,,,,xlsx-xml,
hsk2015,sheet:新HSK5000词;row:3617,3616,6,6,,来源,,来源,,,,xlsx-xml,
hsk2015,sheet:新HSK5000词;row:3618,3617,6,6,,栏目,,栏目,,,,xlsx-xml,
hsk2015,sheet:新HSK5000词;row:3619,3618,6,6,,懒惰,,懒惰,,,,xlsx-xml,
hsk2015,sheet:新HSK5000词;row:3620,3619,6,6,,狼狈,,狼狈,,,,xlsx-xml,
hsk2015,sheet:新HSK5000词;row:3621,3620,6,6,,狼吞虎咽,,狼吞虎咽,,,,xlsx-xml,
hsk2015,sheet:新HSK5000词;row:3622,3621,6,6,,捞,,捞,,,,xlsx-xml,
hsk2015,sheet:新HSK5000词;row:3623,3622,6,6,,牢固,,牢固,,,,xlsx-xml,
hsk2015,sheet:新HSK5000词;row:3624,3623,6,6,,牢骚,,牢骚,,,,xlsx-xml,
hsk2015,sheet:新HSK5000词;row:3625,3624,6,6,,唠叨,,唠叨,,,,xlsx-xml,
hsk2015,sheet:新HSK5000词;row:3626,3625,6,6,,乐趣,,乐趣,,,,xlsx-xml,
hsk2015,sheet:新HSK5000词;row:3627,3626,6,6,,乐意,,乐意,,,,xlsx-xml,
hsk2015,sheet:新HSK5000词;row:3628,3627,6,6,,雷达,,雷达,,,,xlsx-xml,
hsk2015,sheet:新HSK5000词;row:3629,3628,6,6,,类似,,类似,,,,xlsx-xml,
hsk2015,sheet:新HSK5000词;row:3630,3629,6,6,,冷酷,,冷酷,,,,xlsx-xml,
hsk2015,sheet:新HSK5000词;row:3631,3630,6,6,,冷落,,冷落,,,,xlsx-xml,
hsk2015,sheet:新HSK5000词;row:3632,3631,6,6,,冷却,,冷却,,,,xlsx-xml,
hsk2015,sheet:新HSK5000词;row:3633,3632,6,6,,愣,,愣,,,,xlsx-xml,
hsk2015,sheet:新HSK5000词;row:3634,3633,6,6,,黎明,,黎明,,,,xlsx-xml,
hsk2015,sheet:新HSK5000词;row:3635,3634,6,6,,礼节,,礼节,,,,xlsx-xml,
hsk2015,sheet:新HSK5000词;row:3636,3635,6,6,,礼尚往来,,礼尚往来,,,,xlsx-xml,
hsk2015,sheet:新HSK5000词;row:3637,3636,6,6,,里程碑,,里程碑,,,,xlsx-xml,
hsk2015,sheet:新HSK5000词;row:3638,3637,6,6,,理睬,,理睬,,,,xlsx-xml,
hsk2015,sheet:新HSK5000词;row:3639,3638,6,6,,理所当然,,理所当然,,,,xlsx-xml,
hsk2015,sheet:新HSK5000词;row:3640,3639,6,6,,理直气壮,,理直气壮,,,,xlsx-xml,
hsk2015,sheet:新HSK5000词;row:3641,3640,6,6,,理智,,理智,,,,xlsx-xml,
hsk2015,sheet:新HSK5000词;row:3642,3641,6,6,,力求,,力求,,,,xlsx-xml,
hsk2015,sheet:新HSK5000词;row:3643,3642,6,6,,力所能及,,力所能及,,,,xlsx-xml,
hsk2015,sheet:新HSK5000词;row:3644,3643,6,6,,力争,,力争,,,,xlsx-xml,
hsk2015,sheet:新HSK5000词;row:3645,3644,6,6,,历代,,历代,,,,xlsx-xml,
hsk2015,sheet:新HSK5000词;row:3646,3645,6,6,,历来,,历来,,,,xlsx-xml,
hsk2015,sheet:新HSK5000词;row:3647,3646,6,6,,立场,,立场,,,,xlsx-xml,
hsk2015,sheet:新HSK5000词;row:3648,3647,6,6,,立方,,立方,,,,xlsx-xml,
hsk2015,sheet:新HSK5000词;row:3649,3648,6,6,,立交桥,,立交桥,,,,xlsx-xml,
hsk2015,sheet:新HSK5000词;row:3650,3649,6,6,,立体,,立体,,,,xlsx-xml,
hsk2015,sheet:新HSK5000词;row:3651,3650,6,6,,立足,,立足,,,,xlsx-xml,
hsk2015,sheet:新HSK5000词;row:3652,3651,6,6,,利害,,利害,,,,xlsx-xml,
hsk2015,sheet:新HSK5000词;row:3653,3652,6,6,,例外,,例外,,,,xlsx-xml,
hsk2015,sheet:新HSK5000词;row:3654,3653,6,6,,粒,,粒,,,,xlsx-xml,
hsk2015,sheet:新HSK5000词;row:3655,3654,6,6,,连年,,连年,,,,xlsx-xml,
hsk2015,sheet:新HSK5000词;row:3656,3655,6,6,,连锁,,连锁,,,,xlsx-xml,
hsk2015,sheet:新HSK5000词;row:3657,3656,6,6,,连同,,连同,,,,xlsx-xml,
hsk2015,sheet:新HSK5000词;row:3658,3657,6,6,,联欢,,联欢,,,,xlsx-xml,
hsk2015,sheet:新HSK5000词;row:3659,3658,6,6,,联络,,联络,,,,xlsx-xml,
hsk2015,sheet:新HSK5000词;row:3660,3659,6,6,,联盟,,联盟,,,,xlsx-xml,
hsk2015,sheet:新HSK5000词;row:3661,3660,6,6,,联想,,联想,,,,xlsx-xml,
hsk2015,sheet:新HSK5000词;row:3662,3661,6,6,,廉洁,,廉洁,,,,xlsx-xml,
hsk2015,sheet:新HSK5000词;row:3663,3662,6,6,,良心,,良心,,,,xlsx-xml,
hsk2015,sheet:新HSK5000词;row:3664,3663,6,6,,谅解,,谅解,,,,xlsx-xml,
hsk2015,sheet:新HSK5000词;row:3665,3664,6,6,,晾,,晾,,,,xlsx-xml,
hsk2015,sheet:新HSK5000词;row:3666,3665,6,6,,辽阔,,辽阔,,,,xlsx-xml,
hsk2015,sheet:新HSK5000词;row:3667,3666,6,6,,列举,,列举,,,,xlsx-xml,
hsk2015,sheet:新HSK5000词;row:3668,3667,6,6,,临床,,临床,,,,xlsx-xml,
hsk2015,sheet:新HSK5000词;row:3669,3668,6,6,,淋,,淋,,,,xlsx-xml,
hsk2015,sheet:新HSK5000词;row:3670,3669,6,6,,吝啬,,吝啬,,,,xlsx-xml,
hsk2015,sheet:新HSK5000词;row:3671,3670,6,6,,伶俐,,伶俐,,,,xlsx-xml,
hsk2015,sheet:新HSK5000词;row:3672,3671,6,6,,灵感,,灵感,,,,xlsx-xml,
hsk2015,sheet:新HSK5000词;row:3673,3672,6,6,,灵魂,,灵魂,,,,xlsx-xml,
hsk2015,sheet:新HSK5000词;row:3674,3673,6,6,,灵敏,,灵敏,,,,xlsx-xml,
hsk2015,sheet:新HSK5000词;row:3675,3674,6,6,,凌晨,,凌晨,,,,xlsx-xml,
hsk2015,sheet:新HSK5000词;row:3676,3675,6,6,,零星,,零星,,,,xlsx-xml,
hsk2015,sheet:新HSK5000词;row:3677,3676,6,6,,领会,,领会,,,,xlsx-xml,
hsk2015,sheet:新HSK5000词;row:3678,3677,6,6,,领事馆,,领事馆,,,,xlsx-xml,
hsk2015,sheet:新HSK5000词;row:3679,3678,6,6,,领土,,领土,,,,xlsx-xml,
hsk2015,sheet:新HSK5000词;row:3680,3679,6,6,,领悟,,领悟,,,,xlsx-xml,
hsk2015,sheet:新HSK5000词;row:3681,3680,6,6,,领先,,领先,,,,xlsx-xml,
hsk2015,sheet:新HSK5000词;row:3682,3681,6,6,,领袖,,领袖,,,,xlsx-xml,
hsk2015,sheet:新HSK5000词;row:3683,3682,6,6,,溜,,溜,,,,xlsx-xml,
hsk2015,sheet:新HSK5000词;row:3684,3683,6,6,,留恋,,留恋,,,,xlsx-xml,
hsk2015,sheet:新HSK5000词;row:3685,3684,6,6,,留念,,留念,,,,xlsx-xml,
hsk2015,sheet:新HSK5000词;row:3686,3685,6,6,,留神,,留神,,,,xlsx-xml,
hsk2015,sheet:新HSK5000词;row:3687,3686,6,6,,流浪,,流浪,,,,xlsx-xml,
hsk2015,sheet:新HSK5000词;row:3688,3687,6,6,,流露,,流露,,,,xlsx-xml,
hsk2015,sheet:新HSK5000词;row:3689,3688,6,6,,流氓,,流氓,,,,xlsx-xml,
hsk2015,sheet:新HSK5000词;row:3690,3689,6,6,,流通,,流通,,,,xlsx-xml,
hsk2015,sheet:新HSK5000词;row:3691,3690,6,6,,聋哑,,聋哑,,,,xlsx-xml,
hsk2015,sheet:新HSK5000词;row:3692,3691,6,6,,隆重,,隆重,,,,xlsx-xml,
hsk2015,sheet:新HSK5000词;row:3693,3692,6,6,,垄断,,垄断,,,,xlsx-xml,
hsk2015,sheet:新HSK5000词;row:3694,3693,6,6,,笼罩,,笼罩,,,,xlsx-xml,
hsk2015,sheet:新HSK5000词;row:3695,3694,6,6,,搂,,搂,,,,xlsx-xml,
hsk2015,sheet:新HSK5000词;row:3696,3695,6,6,,炉灶,,炉灶,,,,xlsx-xml,
hsk2015,sheet:新HSK5000词;row:3697,3696,6,6,,屡次,,屡次,,,,xlsx-xml,
hsk2015,sheet:新HSK5000词;row:3698,3697,6,6,,履行,,履行,,,,xlsx-xml,
hsk2015,sheet:新HSK5000词;row:3699,3698,6,6,,掠夺,,掠夺,,,,xlsx-xml,
hsk2015,sheet:新HSK5000词;row:3700,3699,6,6,,轮船,,轮船,,,,xlsx-xml,
hsk2015,sheet:新HSK5000词;row:3701,3700,6,6,,轮廓,,轮廓,,,,xlsx-xml,
hsk2015,sheet:新HSK5000词;row:3702,3701,6,6,,轮胎,,轮胎,,,,xlsx-xml,
hsk2015,sheet:新HSK5000词;row:3703,3702,6,6,,论坛,,论坛,,,,xlsx-xml,
hsk2015,sheet:新HSK5000词;row:3704,3703,6,6,,论证,,论证,,,,xlsx-xml,
hsk2015,sheet:新HSK5000词;row:3705,3704,6,6,,啰唆,,啰唆,,,,xlsx-xml,
hsk2015,sheet:新HSK5000词;row:3706,3705,6,6,,络绎不绝,,络绎不绝,,,,xlsx-xml,
hsk2015,sheet:新HSK5000词;row:3707,3706,6,6,,落成,,落成,,,,xlsx-xml,
hsk2015,sheet:新HSK5000词;row:3708,3707,6,6,,落实,,落实,,,,xlsx-xml,
hsk2015,sheet:新HSK5000词;row:3709,3708,6,6,,麻痹,,麻痹,,,,xlsx-xml,
hsk2015,sheet:新HSK5000词;row:3710,3709,6,6,,麻木,,麻木,,,,xlsx-xml,
hsk2015,sheet:新HSK5000词;row:3711,3710,6,6,,麻醉,,麻醉,,,,xlsx-xml,
hsk2015,sheet:新HSK5000词;row:3712,3711,6,6,,码头,,码头,,,,xlsx-xml,
hsk2015,sheet:新HSK5000词;row:3713,3712,6,6,,蚂蚁,,蚂蚁,,,,xlsx-xml,
hsk2015,sheet:新HSK5000词;row:3714,3713,6,6,,嘛,,嘛,,,,xlsx-xml,
hsk2015,sheet:新HSK5000词;row:3715,3714,6,6,,埋伏,,埋伏,,,,xlsx-xml,
hsk2015,sheet:新HSK5000词;row:3716,3715,6,6,,埋没,,埋没,,,,xlsx-xml,
hsk2015,sheet:新HSK5000词;row:3717,3716,6,6,,埋葬,,埋葬,,,,xlsx-xml,
hsk2015,sheet:新HSK5000词;row:3718,3717,6,6,,迈,,迈,,,,xlsx-xml,
hsk2015,sheet:新HSK5000词;row:3719,3718,6,6,,脉搏,,脉搏,,,,xlsx-xml,
hsk2015,sheet:新HSK5000词;row:3720,3719,6,6,,埋怨,,埋怨,,,,xlsx-xml,
hsk2015,sheet:新HSK5000词;row:3721,3720,6,6,,蔓延,,蔓延,,,,xlsx-xml,
hsk2015,sheet:新HSK5000词;row:3722,3721,6,6,,漫长,,漫长,,,,xlsx-xml,
hsk2015,sheet:新HSK5000词;row:3723,3722,6,6,,漫画,,漫画,,,,xlsx-xml,
hsk2015,sheet:新HSK5000词;row:3724,3723,6,6,,慢性,,慢性,,,,xlsx-xml,
hsk2015,sheet:新HSK5000词;row:3725,3724,6,6,,忙碌,,忙碌,,,,xlsx-xml,
hsk2015,sheet:新HSK5000词;row:3726,3725,6,6,,盲目,,盲目,,,,xlsx-xml,
hsk2015,sheet:新HSK5000词;row:3727,3726,6,6,,茫茫,,茫茫,,,,xlsx-xml,
hsk2015,sheet:新HSK5000词;row:3728,3727,6,6,,茫然,,茫然,,,,xlsx-xml,
hsk2015,sheet:新HSK5000词;row:3729,3728,6,6,,茂盛,,茂盛,,,,xlsx-xml,
hsk2015,sheet:新HSK5000词;row:3730,3729,6,6,,冒充,,冒充,,,,xlsx-xml,
hsk2015,sheet:新HSK5000词;row:3731,3730,6,6,,冒犯,,冒犯,,,,xlsx-xml,
hsk2015,sheet:新HSK5000词;row:3732,3731,6,6,,枚,,枚,,,,xlsx-xml,
hsk2015,sheet:新HSK5000词;row:3733,3732,6,6,,媒介,,媒介,,,,xlsx-xml,
hsk2015,sheet:新HSK5000词;row:3734,3733,6,6,,美观,,美观,,,,xlsx-xml,
hsk2015,sheet:新HSK5000词;row:3735,3734,6,6,,美满,,美满,,,,xlsx-xml,
hsk2015,sheet:新HSK5000词;row:3736,3735,6,6,,美妙,,美妙,,,,xlsx-xml,
hsk2015,sheet:新HSK5000词;row:3737,3736,6,6,,萌芽,,萌芽,,,,xlsx-xml,
hsk2015,sheet:新HSK5000词;row:3738,3737,6,6,,猛烈,,猛烈,,,,xlsx-xml,
hsk2015,sheet:新HSK5000词;row:3739,3738,6,6,,眯,,眯,,,,xlsx-xml,
hsk2015,sheet:新HSK5000词;row:3740,3739,6,6,,弥补,,弥补,,,,xlsx-xml,
hsk2015,sheet:新HSK5000词;row:3741,3740,6,6,,弥漫,,弥漫,,,,xlsx-xml,
hsk2015,sheet:新HSK5000词;row:3742,3741,6,6,,迷惑,,迷惑,,,,xlsx-xml,
hsk2015,sheet:新HSK5000词;row:3743,3742,6,6,,迷人,,迷人,,,,xlsx-xml,
hsk2015,sheet:新HSK5000词;row:3744,3743,6,6,,迷信,,迷信,,,,xlsx-xml,
hsk2015,sheet:新HSK5000词;row:3745,3744,6,6,,谜语,,谜语,,,,xlsx-xml,
hsk2015,sheet:新HSK5000词;row:3746,3745,6,6,,密度,,密度,,,,xlsx-xml,
hsk2015,sheet:新HSK5000词;row:3747,3746,6,6,,密封,,密封,,,,xlsx-xml,
hsk2015,sheet:新HSK5000词;row:3748,3747,6,6,,棉花,,棉花,,,,xlsx-xml,
hsk2015,sheet:新HSK5000词;row:3749,3748,6,6,,免得,,免得,,,,xlsx-xml,
hsk2015,sheet:新HSK5000词;row:3750,3749,6,6,,免疫,,免疫,,,,xlsx-xml,
hsk2015,sheet:新HSK5000词;row:3751,3750,6,6,,勉励,,勉励,,,,xlsx-xml,
hsk2015,sheet:新HSK5000词;row:3752,3751,6,6,,勉强,,勉强,,,,xlsx-xml,
hsk2015,sheet:新HSK5000词;row:3753,3752,6,6,,面貌,,面貌,,,,xlsx-xml,
hsk2015,sheet:新HSK5000词;row:3754,3753,6,6,,面子,,面子,,,,xlsx-xml,
hsk2015,sheet:新HSK5000词;row:3755,3754,6,6,,描绘,,描绘,,,,xlsx-xml,
hsk2015,sheet:新HSK5000词;row:3756,3755,6,6,,瞄准,,瞄准,,,,xlsx-xml,
hsk2015,sheet:新HSK5000词;row:3757,3756,6,6,,渺小,,渺小,,,,xlsx-xml,
hsk2015,sheet:新HSK5000词;row:3758,3757,6,6,,藐视,,藐视,,,,xlsx-xml,
hsk2015,sheet:新HSK5000词;row:3759,3758,6,6,,灭亡,,灭亡,,,,xlsx-xml,
hsk2015,sheet:新HSK5000词;row:3760,3759,6,6,,蔑视,,蔑视,,,,xlsx-xml,
hsk2015,sheet:新HSK5000词;row:3761,3760,6,6,,民间,,民间,,,,xlsx-xml,
hsk2015,sheet:新HSK5000词;row:3762,3761,6,6,,民主,,民主,,,,xlsx-xml,
hsk2015,sheet:新HSK5000词;row:3763,3762,6,6,,敏捷,,敏捷,,,,xlsx-xml,
hsk2015,sheet:新HSK5000词;row:3764,3763,6,6,,敏锐,,敏锐,,,,xlsx-xml,
hsk2015,sheet:新HSK5000词;row:3765,3764,6,6,,名次,,名次,,,,xlsx-xml,
hsk2015,sheet:新HSK5000词;row:3766,3765,6,6,,名额,,名额,,,,xlsx-xml,
hsk2015,sheet:新HSK5000词;row:3767,3766,6,6,,名副其实,,名副其实,,,,xlsx-xml,
hsk2015,sheet:新HSK5000词;row:3768,3767,6,6,,名誉,,名誉,,,,xlsx-xml,
hsk2015,sheet:新HSK5000词;row:3769,3768,6,6,,明明,,明明,,,,xlsx-xml,
hsk2015,sheet:新HSK5000词;row:3770,3769,6,6,,明智,,明智,,,,xlsx-xml,
hsk2015,sheet:新HSK5000词;row:3771,3770,6,6,,命名,,命名,,,,xlsx-xml,
hsk2015,sheet:新HSK5000词;row:3772,3771,6,6,,摸索,,摸索,,,,xlsx-xml,
hsk2015,sheet:新HSK5000词;row:3773,3772,6,6,,模范,,模范,,,,xlsx-xml,
hsk2015,sheet:新HSK5000词;row:3774,3773,6,6,,模式,,模式,,,,xlsx-xml,
hsk2015,sheet:新HSK5000词;row:3775,3774,6,6,,模型,,模型,,,,xlsx-xml,
hsk2015,sheet:新HSK5000词;row:3776,3775,6,6,,膜,,膜,,,,xlsx-xml,
hsk2015,sheet:新HSK5000词;row:3777,3776,6,6,,摩擦,,摩擦,,,,xlsx-xml,
hsk2015,sheet:新HSK5000词;row:3778,3777,6,6,,磨合,,磨合,,,,xlsx-xml,
hsk2015,sheet:新HSK5000词;row:3779,3778,6,6,,魔鬼,,魔鬼,,,,xlsx-xml,
hsk2015,sheet:新HSK5000词;row:3780,3779,6,6,,魔术,,魔术,,,,xlsx-xml,
hsk2015,sheet:新HSK5000词;row:3781,3780,6,6,,抹杀,,抹杀,,,,xlsx-xml,
hsk2015,sheet:新HSK5000词;row:3782,3781,6,6,,莫名其妙,,莫名其妙,,,,xlsx-xml,
hsk2015,sheet:新HSK5000词;row:3783,3782,6,6,,墨水儿,,墨水儿,,,,xlsx-xml,
hsk2015,sheet:新HSK5000词;row:3784,3783,6,6,,默默,,默默,,,,xlsx-xml,
hsk2015,sheet:新HSK5000词;row:3785,3784,6,6,,谋求,,谋求,,,,xlsx-xml,
hsk2015,sheet:新HSK5000词;row:3786,3785,6,6,,模样,,模样,,,,xlsx-xml,
hsk2015,sheet:新HSK5000词;row:3787,3786,6,6,,母语,,母语,,,,xlsx-xml,
hsk2015,sheet:新HSK5000词;row:3788,3787,6,6,,目睹,,目睹,,,,xlsx-xml,
hsk2015,sheet:新HSK5000词;row:3789,3788,6,6,,目光,,目光,,,,xlsx-xml,
hsk2015,sheet:新HSK5000词;row:3790,3789,6,6,,沐浴,,沐浴,,,,xlsx-xml,
hsk2015,sheet:新HSK5000词;row:3791,3790,6,6,,拿手,,拿手,,,,xlsx-xml,
hsk2015,sheet:新HSK5000词;row:3792,3791,6,6,,纳闷儿,,纳闷儿,,,,xlsx-xml,
hsk2015,sheet:新HSK5000词;row:3793,3792,6,6,,耐用,,耐用,,,,xlsx-xml,
hsk2015,sheet:新HSK5000词;row:3794,3793,6,6,,南辕北辙,,南辕北辙,,,,xlsx-xml,
hsk2015,sheet:新HSK5000词;row:3795,3794,6,6,,难得,,难得,,,,xlsx-xml,
hsk2015,sheet:新HSK5000词;row:3796,3795,6,6,,难堪,,难堪,,,,xlsx-xml,
hsk2015,sheet:新HSK5000词;row:3797,3796,6,6,,难能可贵,,难能可贵,,,,xlsx-xml,
hsk2015,sheet:新HSK5000词;row:3798,3797,6,6,,恼火,,恼火,,,,xlsx-xml,
hsk2015,sheet:新HSK5000词;row:3799,3798,6,6,,内涵,,内涵,,,,xlsx-xml,
hsk2015,sheet:新HSK5000词;row:3800,3799,6,6,,内幕,,内幕,,,,xlsx-xml,
hsk2015,sheet:新HSK5000词;row:3801,3800,6,6,,内在,,内在,,,,xlsx-xml,
hsk2015,sheet:新HSK5000词;row:3802,3801,6,6,,能量,,能量,,,,xlsx-xml,
hsk2015,sheet:新HSK5000词;row:3803,3802,6,6,,拟定,,拟定,,,,xlsx-xml,
hsk2015,sheet:新HSK5000词;row:3804,3803,6,6,,逆行,,逆行,,,,xlsx-xml,
hsk2015,sheet:新HSK5000词;row:3805,3804,6,6,,年度,,年度,,,,xlsx-xml,
hsk2015,sheet:新HSK5000词;row:3806,3805,6,6,,捏,,捏,,,,xlsx-xml,
hsk2015,sheet:新HSK5000词;row:3807,3806,6,6,,凝固,,凝固,,,,xlsx-xml,
hsk2015,sheet:新HSK5000词;row:3808,3807,6,6,,凝聚,,凝聚,,,,xlsx-xml,
hsk2015,sheet:新HSK5000词;row:3809,3808,6,6,,凝视,,凝视,,,,xlsx-xml,
hsk2015,sheet:新HSK5000词;row:3810,3809,6,6,,拧,,拧,,,,xlsx-xml,
hsk2015,sheet:新HSK5000词;row:3811,3810,6,6,,宁肯,,宁肯,,,,xlsx-xml,
hsk2015,sheet:新HSK5000词;row:3812,3811,6,6,,宁愿,,宁愿,,,,xlsx-xml,
hsk2015,sheet:新HSK5000词;row:3813,3812,6,6,,扭转,,扭转,,,,xlsx-xml,
hsk2015,sheet:新HSK5000词;row:3814,3813,6,6,,纽扣儿,,纽扣儿,,,,xlsx-xml,
hsk2015,sheet:新HSK5000词;row:3815,3814,6,6,,农历,,农历,,,,xlsx-xml,
hsk2015,sheet:新HSK5000词;row:3816,3815,6,6,,浓厚,,浓厚,,,,xlsx-xml,
hsk2015,sheet:新HSK5000词;row:3817,3816,6,6,,奴隶,,奴隶,,,,xlsx-xml,
hsk2015,sheet:新HSK5000词;row:3818,3817,6,6,,虐待,,虐待,,,,xlsx-xml,
hsk2015,sheet:新HSK5000词;row:3819,3818,6,6,,挪,,挪,,,,xlsx-xml,
hsk2015,sheet:新HSK5000词;row:3820,3819,6,6,,哦,,哦,,,,xlsx-xml,
hsk2015,sheet:新HSK5000词;row:3821,3820,6,6,,殴打,,殴打,,,,xlsx-xml,
hsk2015,sheet:新HSK5000词;row:3822,3821,6,6,,呕吐,,呕吐,,,,xlsx-xml,
hsk2015,sheet:新HSK5000词;row:3823,3822,6,6,,偶像,,偶像,,,,xlsx-xml,
hsk2015,sheet:新HSK5000词;row:3824,3823,6,6,,趴,,趴,,,,xlsx-xml,
hsk2015,sheet:新HSK5000词;row:3825,3824,6,6,,排斥,,排斥,,,,xlsx-xml,
hsk2015,sheet:新HSK5000词;row:3826,3825,6,6,,排除,,排除,,,,xlsx-xml,
hsk2015,sheet:新HSK5000词;row:3827,3826,6,6,,排放,,排放,,,,xlsx-xml,
hsk2015,sheet:新HSK5000词;row:3828,3827,6,6,,排练,,排练,,,,xlsx-xml,
hsk2015,sheet:新HSK5000词;row:3829,3828,6,6,,徘徊,,徘徊,,,,xlsx-xml,
hsk2015,sheet:新HSK5000词;row:3830,3829,6,6,,派别,,派别,,,,xlsx-xml,
hsk2015,sheet:新HSK5000词;row:3831,3830,6,6,,派遣,,派遣,,,,xlsx-xml,
hsk2015,sheet:新HSK5000词;row:3832,3831,6,6,,攀登,,攀登,,,,xlsx-xml,
hsk2015,sheet:新HSK5000词;row:3833,3832,6,6,,盘旋,,盘旋,,,,xlsx-xml,
hsk2015,sheet:新HSK5000词;row:3834,3833,6,6,,判决,,判决,,,,xlsx-xml,
hsk2015,sheet:新HSK5000词;row:3835,3834,6,6,,畔,,畔,,,,xlsx-xml,
hsk2015,sheet:新HSK5000词;row:3836,3835,6,6,,庞大,,庞大,,,,xlsx-xml,
hsk2015,sheet:新HSK5000词;row:3837,3836,6,6,,抛弃,,抛弃,,,,xlsx-xml,
hsk2015,sheet:新HSK5000词;row:3838,3837,6,6,,泡沫,,泡沫,,,,xlsx-xml,
hsk2015,sheet:新HSK5000词;row:3839,3838,6,6,,培育,,培育,,,,xlsx-xml,
hsk2015,sheet:新HSK5000词;row:3840,3839,6,6,,配备,,配备,,,,xlsx-xml,
hsk2015,sheet:新HSK5000词;row:3841,3840,6,6,,配偶,,配偶,,,,xlsx-xml,
hsk2015,sheet:新HSK5000词;row:3842,3841,6,6,,配套,,配套,,,,xlsx-xml,
hsk2015,sheet:新HSK5000词;row:3843,3842,6,6,,盆地,,盆地,,,,xlsx-xml,
hsk2015,sheet:新HSK5000词;row:3844,3843,6,6,,烹饪,,烹饪,,,,xlsx-xml,
hsk2015,sheet:新HSK5000词;row:3845,3844,6,6,,捧,,捧,,,,xlsx-xml,
hsk2015,sheet:新HSK5000词;row:3846,3845,6,6,,批发,,批发,,,,xlsx-xml,
hsk2015,sheet:新HSK5000词;row:3847,3846,6,6,,批判,,批判,,,,xlsx-xml,
hsk2015,sheet:新HSK5000词;row:3848,3847,6,6,,劈,,劈,,,,xlsx-xml,
hsk2015,sheet:新HSK5000词;row:3849,3848,6,6,,皮革,,皮革,,,,xlsx-xml,
hsk2015,sheet:新HSK5000词;row:3850,3849,6,6,,疲惫,,疲惫,,,,xlsx-xml,
hsk2015,sheet:新HSK5000词;row:3851,3850,6,6,,疲倦,,疲倦,,,,xlsx-xml,
hsk2015,sheet:新HSK5000词;row:3852,3851,6,6,,屁股,,屁股,,,,xlsx-xml,
hsk2015,sheet:新HSK5000词;row:3853,3852,6,6,,譬如,,譬如,,,,xlsx-xml,
hsk2015,sheet:新HSK5000词;row:3854,3853,6,6,,偏差,,偏差,,,,xlsx-xml,
hsk2015,sheet:新HSK5000词;row:3855,3854,6,6,,偏见,,偏见,,,,xlsx-xml,
hsk2015,sheet:新HSK5000词;row:3856,3855,6,6,,偏僻,,偏僻,,,,xlsx-xml,
hsk2015,sheet:新HSK5000词;row:3857,3856,6,6,,偏偏,,偏偏,,,,xlsx-xml,
hsk2015,sheet:新HSK5000词;row:3858,3857,6,6,,片断,,片断,,,,xlsx-xml,
hsk2015,sheet:新HSK5000词;row:3859,3858,6,6,,片刻,,片刻,,,,xlsx-xml,
hsk2015,sheet:新HSK5000词;row:3860,3859,6,6,,漂浮,,漂浮,,,,xlsx-xml,
hsk2015,sheet:新HSK5000词;row:3861,3860,6,6,,飘扬,,飘扬,,,,xlsx-xml,
hsk2015,sheet:新HSK5000词;row:3862,3861,6,6,,撇,,撇,,,,xlsx-xml,
hsk2015,sheet:新HSK5000词;row:3863,3862,6,6,,拼搏,,拼搏,,,,xlsx-xml,
hsk2015,sheet:新HSK5000词;row:3864,3863,6,6,,拼命,,拼命,,,,xlsx-xml,
hsk2015,sheet:新HSK5000词;row:3865,3864,6,6,,贫乏,,贫乏,,,,xlsx-xml,
hsk2015,sheet:新HSK5000词;row:3866,3865,6,6,,贫困,,贫困,,,,xlsx-xml,
hsk2015,sheet:新HSK5000词;row:3867,3866,6,6,,频繁,,频繁,,,,xlsx-xml,
hsk2015,sheet:新HSK5000词;row:3868,3867,6,6,,频率,,频率,,,,xlsx-xml,
hsk2015,sheet:新HSK5000词;row:3869,3868,6,6,,品尝,,品尝,,,,xlsx-xml,
hsk2015,sheet:新HSK5000词;row:3870,3869,6,6,,品德,,品德,,,,xlsx-xml,
hsk2015,sheet:新HSK5000词;row:3871,3870,6,6,,品质,,品质,,,,xlsx-xml,
hsk2015,sheet:新HSK5000词;row:3872,3871,6,6,,品种,,品种,,,,xlsx-xml,
hsk2015,sheet:新HSK5000词;row:3873,3872,6,6,,平凡,,平凡,,,,xlsx-xml,
hsk2015,sheet:新HSK5000词;row:3874,3873,6,6,,平面,,平面,,,,xlsx-xml,
hsk2015,sheet:新HSK5000词;row:3875,3874,6,6,,平坦,,平坦,,,,xlsx-xml,
hsk2015,sheet:新HSK5000词;row:3876,3875,6,6,,平行,,平行,,,,xlsx-xml,
hsk2015,sheet:新HSK5000词;row:3877,3876,6,6,,平庸,,平庸,,,,xlsx-xml,
hsk2015,sheet:新HSK5000词;row:3878,3877,6,6,,平原,,平原,,,,xlsx-xml,
hsk2015,sheet:新HSK5000词;row:3879,3878,6,6,,评估,,评估,,,,xlsx-xml,
hsk2015,sheet:新HSK5000词;row:3880,3879,6,6,,评论,,评论,,,,xlsx-xml,
hsk2015,sheet:新HSK5000词;row:3881,3880,6,6,,屏幕,,屏幕,,,,xlsx-xml,
hsk2015,sheet:新HSK5000词;row:3882,3881,6,6,,屏障,,屏障,,,,xlsx-xml,
hsk2015,sheet:新HSK5000词;row:3883,3882,6,6,,坡,,坡,,,,xlsx-xml,
hsk2015,sheet:新HSK5000词;row:3884,3883,6,6,,泼,,泼,,,,xlsx-xml,
hsk2015,sheet:新HSK5000词;row:3885,3884,6,6,,颇,,颇,,,,xlsx-xml,
hsk2015,sheet:新HSK5000词;row:3886,3885,6,6,,迫不及待,,迫不及待,,,,xlsx-xml,
hsk2015,sheet:新HSK5000词;row:3887,3886,6,6,,迫害,,迫害,,,,xlsx-xml,
hsk2015,sheet:新HSK5000词;row:3888,3887,6,6,,破例,,破例,,,,xlsx-xml,
hsk2015,sheet:新HSK5000词;row:3889,3888,6,6,,魄力,,魄力,,,,xlsx-xml,
hsk2015,sheet:新HSK5000词;row:3890,3889,6,6,,扑,,扑,,,,xlsx-xml,
hsk2015,sheet:新HSK5000词;row:3891,3890,6,6,,铺,,铺,,,,xlsx-xml,
hsk2015,sheet:新HSK5000词;row:3892,3891,6,6,,朴实,,朴实,,,,xlsx-xml,
hsk2015,sheet:新HSK5000词;row:3893,3892,6,6,,朴素,,朴素,,,,xlsx-xml,
hsk2015,sheet:新HSK5000词;row:3894,3893,6,6,,普及,,普及,,,,xlsx-xml,
hsk2015,sheet:新HSK5000词;row:3895,3894,6,6,,瀑布,,瀑布,,,,xlsx-xml,
hsk2015,sheet:新HSK5000词;row:3896,3895,6,6,,凄凉,,凄凉,,,,xlsx-xml,
hsk2015,sheet:新HSK5000词;row:3897,3896,6,6,,期望,,期望,,,,xlsx-xml,
hsk2015,sheet:新HSK5000词;row:3898,3897,6,6,,期限,,期限,,,,xlsx-xml,
hsk2015,sheet:新HSK5000词;row:3899,3898,6,6,,欺负,,欺负,,,,xlsx-xml,
hsk2015,sheet:新HSK5000词;row:3900,3899,6,6,,欺骗,,欺骗,,,,xlsx-xml,
hsk2015,sheet:新HSK5000词;row:3901,3900,6,6,,齐全,,齐全,,,,xlsx-xml,
hsk2015,sheet:新HSK5000词;row:3902,3901,6,6,,齐心协力,,齐心协力,,,,xlsx-xml,
hsk2015,sheet:新HSK5000词;row:3903,3902,6,6,,奇妙,,奇妙,,,,xlsx-xml,
hsk2015,sheet:新HSK5000词;row:3904,3903,6,6,,歧视,,歧视,,,,xlsx-xml,
hsk2015,sheet:新HSK5000词;row:3905,3904,6,6,,旗袍,,旗袍,,,,xlsx-xml,
hsk2015,sheet:新HSK5000词;row:3906,3905,6,6,,旗帜,,旗帜,,,,xlsx-xml,
hsk2015,sheet:新HSK5000词;row:3907,3906,6,6,,乞丐,,乞丐,,,,xlsx-xml,
hsk2015,sheet:新HSK5000词;row:3908,3907,6,6,,岂有此理,,岂有此理,,,,xlsx-xml,
hsk2015,sheet:新HSK5000词;row:3909,3908,6,6,,企图,,企图,,,,xlsx-xml,
hsk2015,sheet:新HSK5000词;row:3910,3909,6,6,,启程,,启程,,,,xlsx-xml,
hsk2015,sheet:新HSK5000词;row:3911,3910,6,6,,启蒙,,启蒙,,,,xlsx-xml,
hsk2015,sheet:新HSK5000词;row:3912,3911,6,6,,启示,,启示,,,,xlsx-xml,
hsk2015,sheet:新HSK5000词;row:3913,3912,6,6,,启事,,启事,,,,xlsx-xml,
hsk2015,sheet:新HSK5000词;row:3914,3913,6,6,,起草,,起草,,,,xlsx-xml,
hsk2015,sheet:新HSK5000词;row:3915,3914,6,6,,起初,,起初,,,,xlsx-xml,
hsk2015,sheet:新HSK5000词;row:3916,3915,6,6,,起伏,,起伏,,,,xlsx-xml,
hsk2015,sheet:新HSK5000词;row:3917,3916,6,6,,起哄,,起哄,,,,xlsx-xml,
hsk2015,sheet:新HSK5000词;row:3918,3917,6,6,,起码,,起码,,,,xlsx-xml,
hsk2015,sheet:新HSK5000词;row:3919,3918,6,6,,起源,,起源,,,,xlsx-xml,
hsk2015,sheet:新HSK5000词;row:3920,3919,6,6,,气概,,气概,,,,xlsx-xml,
hsk2015,sheet:新HSK5000词;row:3921,3920,6,6,,气功,,气功,,,,xlsx-xml,
hsk2015,sheet:新HSK5000词;row:3922,3921,6,6,,气魄,,气魄,,,,xlsx-xml,
hsk2015,sheet:新HSK5000词;row:3923,3922,6,6,,气色,,气色,,,,xlsx-xml,
hsk2015,sheet:新HSK5000词;row:3924,3923,6,6,,气势,,气势,,,,xlsx-xml,
hsk2015,sheet:新HSK5000词;row:3925,3924,6,6,,气味,,气味,,,,xlsx-xml,
hsk2015,sheet:新HSK5000词;row:3926,3925,6,6,,气象,,气象,,,,xlsx-xml,
hsk2015,sheet:新HSK5000词;row:3927,3926,6,6,,气压,,气压,,,,xlsx-xml,
hsk2015,sheet:新HSK5000词;row:3928,3927,6,6,,气质,,气质,,,,xlsx-xml,
hsk2015,sheet:新HSK5000词;row:3929,3928,6,6,,迄今为止,,迄今为止,,,,xlsx-xml,
hsk2015,sheet:新HSK5000词;row:3930,3929,6,6,,器材,,器材,,,,xlsx-xml,
hsk2015,sheet:新HSK5000词;row:3931,3930,6,6,,器官,,器官,,,,xlsx-xml,
hsk2015,sheet:新HSK5000词;row:3932,3931,6,6,,掐,,掐,,,,xlsx-xml,
hsk2015,sheet:新HSK5000词;row:3933,3932,6,6,,洽谈,,洽谈,,,,xlsx-xml,
hsk2015,sheet:新HSK5000词;row:3934,3933,6,6,,恰当,,恰当,,,,xlsx-xml,
hsk2015,sheet:新HSK5000词;row:3935,3934,6,6,,恰到好处,,恰到好处,,,,xlsx-xml,
hsk2015,sheet:新HSK5000词;row:3936,3935,6,6,,恰巧,,恰巧,,,,xlsx-xml,
hsk2015,sheet:新HSK5000词;row:3937,3936,6,6,,千方百计,,千方百计,,,,xlsx-xml,
hsk2015,sheet:新HSK5000词;row:3938,3937,6,6,,迁就,,迁就,,,,xlsx-xml,
hsk2015,sheet:新HSK5000词;row:3939,3938,6,6,,迁徙,,迁徙,,,,xlsx-xml,
hsk2015,sheet:新HSK5000词;row:3940,3939,6,6,,牵,,牵,,,,xlsx-xml,
hsk2015,sheet:新HSK5000词;row:3941,3940,6,6,,牵扯,,牵扯,,,,xlsx-xml,
hsk2015,sheet:新HSK5000词;row:3942,3941,6,6,,牵制,,牵制,,,,xlsx-xml,
hsk2015,sheet:新HSK5000词;row:3943,3942,6,6,,谦逊,,谦逊,,,,xlsx-xml,
hsk2015,sheet:新HSK5000词;row:3944,3943,6,6,,签署,,签署,,,,xlsx-xml,
hsk2015,sheet:新HSK5000词;row:3945,3944,6,6,,前景,,前景,,,,xlsx-xml,
hsk2015,sheet:新HSK5000词;row:3946,3945,6,6,,前提,,前提,,,,xlsx-xml,
hsk2015,sheet:新HSK5000词;row:3947,3946,6,6,,潜力,,潜力,,,,xlsx-xml,
hsk2015,sheet:新HSK5000词;row:3948,3947,6,6,,潜水,,潜水,,,,xlsx-xml,
hsk2015,sheet:新HSK5000词;row:3949,3948,6,6,,潜移默化,,潜移默化,,,,xlsx-xml,
hsk2015,sheet:新HSK5000词;row:3950,3949,6,6,,谴责,,谴责,,,,xlsx-xml,
hsk2015,sheet:新HSK5000词;row:3951,3950,6,6,,强制,,强制,,,,xlsx-xml,
hsk2015,sheet:新HSK5000词;row:3952,3951,6,6,,抢劫,,抢劫,,,,xlsx-xml,
hsk2015,sheet:新HSK5000词;row:3953,3952,6,6,,抢救,,抢救,,,,xlsx-xml,
hsk2015,sheet:新HSK5000词;row:3954,3953,6,6,,强迫,,强迫,,,,xlsx-xml,
hsk2015,sheet:新HSK5000词;row:3955,3954,6,6,,桥梁,,桥梁,,,,xlsx-xml,
hsk2015,sheet:新HSK5000词;row:3956,3955,6,6,,窍门,,窍门,,,,xlsx-xml,
hsk2015,sheet:新HSK5000词;row:3957,3956,6,6,,翘,,翘,,,,xlsx-xml,
hsk2015,sheet:新HSK5000词;row:3958,3957,6,6,,切实,,切实,,,,xlsx-xml,
hsk2015,sheet:新HSK5000词;row:3959,3958,6,6,,锲而不舍,,锲而不舍,,,,xlsx-xml,
hsk2015,sheet:新HSK5000词;row:3960,3959,6,6,,钦佩,,钦佩,,,,xlsx-xml,
hsk2015,sheet:新HSK5000词;row:3961,3960,6,6,,侵犯,,侵犯,,,,xlsx-xml,
hsk2015,sheet:新HSK5000词;row:3962,3961,6,6,,侵略,,侵略,,,,xlsx-xml,
hsk2015,sheet:新HSK5000词;row:3963,3962,6,6,,亲密,,亲密,,,,xlsx-xml,
hsk2015,sheet:新HSK5000词;row:3964,3963,6,6,,亲热,,亲热,,,,xlsx-xml,
hsk2015,sheet:新HSK5000词;row:3965,3964,6,6,,勤俭,,勤俭,,,,xlsx-xml,
hsk2015,sheet:新HSK5000词;row:3966,3965,6,6,,勤劳,,勤劳,,,,xlsx-xml,
hsk2015,sheet:新HSK5000词;row:3967,3966,6,6,,倾听,,倾听,,,,xlsx-xml,
hsk2015,sheet:新HSK5000词;row:3968,3967,6,6,,倾向,,倾向,,,,xlsx-xml,
hsk2015,sheet:新HSK5000词;row:3969,3968,6,6,,倾斜,,倾斜,,,,xlsx-xml,
hsk2015,sheet:新HSK5000词;row:3970,3969,6,6,,清澈,,清澈,,,,xlsx-xml,
hsk2015,sheet:新HSK5000词;row:3971,3970,6,6,,清晨,,清晨,,,,xlsx-xml,
hsk2015,sheet:新HSK5000词;row:3972,3971,6,6,,清除,,清除,,,,xlsx-xml,
hsk2015,sheet:新HSK5000词;row:3973,3972,6,6,,清洁,,清洁,,,,xlsx-xml,
hsk2015,sheet:新HSK5000词;row:3974,3973,6,6,,清理,,清理,,,,xlsx-xml,
hsk2015,sheet:新HSK5000词;row:3975,3974,6,6,,清晰,,清晰,,,,xlsx-xml,
hsk2015,sheet:新HSK5000词;row:3976,3975,6,6,,清醒,,清醒,,,,xlsx-xml,
hsk2015,sheet:新HSK5000词;row:3977,3976,6,6,,清真,,清真,,,,xlsx-xml,
hsk2015,sheet:新HSK5000词;row:3978,3977,6,6,,情报,,情报,,,,xlsx-xml,
hsk2015,sheet:新HSK5000词;row:3979,3978,6,6,,情节,,情节,,,,xlsx-xml,
hsk2015,sheet:新HSK5000词;row:3980,3979,6,6,,情理,,情理,,,,xlsx-xml,
hsk2015,sheet:新HSK5000词;row:3981,3980,6,6,,情形,,情形,,,,xlsx-xml,
hsk2015,sheet:新HSK5000词;row:3982,3981,6,6,,晴朗,,晴朗,,,,xlsx-xml,
hsk2015,sheet:新HSK5000词;row:3983,3982,6,6,,请柬,,请柬,,,,xlsx-xml,
hsk2015,sheet:新HSK5000词;row:3984,3983,6,6,,请教,,请教,,,,xlsx-xml,
hsk2015,sheet:新HSK5000词;row:3985,3984,6,6,,请示,,请示,,,,xlsx-xml,
hsk2015,sheet:新HSK5000词;row:3986,3985,6,6,,请帖,,请帖,,,,xlsx-xml,
hsk2015,sheet:新HSK5000词;row:3987,3986,6,6,,丘陵,,丘陵,,,,xlsx-xml,
hsk2015,sheet:新HSK5000词;row:3988,3987,6,6,,区分,,区分,,,,xlsx-xml,
hsk2015,sheet:新HSK5000词;row:3989,3988,6,6,,区域,,区域,,,,xlsx-xml,
hsk2015,sheet:新HSK5000词;row:3990,3989,6,6,,曲折,,曲折,,,,xlsx-xml,
hsk2015,sheet:新HSK5000词;row:3991,3990,6,6,,驱逐,,驱逐,,,,xlsx-xml,
hsk2015,sheet:新HSK5000词;row:3992,3991,6,6,,屈服,,屈服,,,,xlsx-xml,
hsk2015,sheet:新HSK5000词;row:3993,3992,6,6,,渠道,,渠道,,,,xlsx-xml,
hsk2015,sheet:新HSK5000词;row:3994,3993,6,6,,曲子,,曲子,,,,xlsx-xml,
hsk2015,sheet:新HSK5000词;row:3995,3994,6,6,,取缔,,取缔,,,,xlsx-xml,
hsk2015,sheet:新HSK5000词;row:3996,3995,6,6,,趣味,,趣味,,,,xlsx-xml,
hsk2015,sheet:新HSK5000词;row:3997,3996,6,6,,圈套,,圈套,,,,xlsx-xml,
hsk2015,sheet:新HSK5000词;row:3998,3997,6,6,,权衡,,权衡,,,,xlsx-xml,
hsk2015,sheet:新HSK5000词;row:3999,3998,6,6,,权威,,权威,,,,xlsx-xml,
hsk2015,sheet:新HSK5000词;row:4000,3999,6,6,,全局,,全局,,,,xlsx-xml,
hsk2015,sheet:新HSK5000词;row:4001,4000,6,6,,全力以赴,,全力以赴,,,,xlsx-xml,
hsk2015,sheet:新HSK5000词;row:4002,4001,6,6,,拳头,,拳头,,,,xlsx-xml,
hsk2015,sheet:新HSK5000词;row:4003,4002,6,6,,犬,,犬,,,,xlsx-xml,
hsk2015,sheet:新HSK5000词;row:4004,4003,6,6,,缺口,,缺口,,,,xlsx-xml,
hsk2015,sheet:新HSK5000词;row:4005,4004,6,6,,缺席,,缺席,,,,xlsx-xml,
hsk2015,sheet:新HSK5000词;row:4006,4005,6,6,,缺陷,,缺陷,,,,xlsx-xml,
hsk2015,sheet:新HSK5000词;row:4007,4006,6,6,,瘸,,瘸,,,,xlsx-xml,
hsk2015,sheet:新HSK5000词;row:4008,4007,6,6,,确保,,确保,,,,xlsx-xml,
hsk2015,sheet:新HSK5000词;row:4009,4008,6,6,,确立,,确立,,,,xlsx-xml,
hsk2015,sheet:新HSK5000词;row:4010,4009,6,6,,确切,,确切,,,,xlsx-xml,
hsk2015,sheet:新HSK5000词;row:4011,4010,6,6,,确信,,确信,,,,xlsx-xml,
hsk2015,sheet:新HSK5000词;row:4012,4011,6,6,,群众,,群众,,,,xlsx-xml,
hsk2015,sheet:新HSK5000词;row:4013,4012,6,6,,染,,染,,,,xlsx-xml,
hsk2015,sheet:新HSK5000词;row:4014,4013,6,6,,嚷,,嚷,,,,xlsx-xml,
hsk2015,sheet:新HSK5000词;row:4015,4014,6,6,,让步,,让步,,,,xlsx-xml,
hsk2015,sheet:新HSK5000词;row:4016,4015,6,6,,饶恕,,饶恕,,,,xlsx-xml,
hsk2015,sheet:新HSK5000词;row:4017,4016,6,6,,扰乱,,扰乱,,,,xlsx-xml,
hsk2015,sheet:新HSK5000词;row:4018,4017,6,6,,惹祸,,惹祸,,,,xlsx-xml,
hsk2015,sheet:新HSK5000词;row:4019,4018,6,6,,热泪盈眶,,热泪盈眶,,,,xlsx-xml,
hsk2015,sheet:新HSK5000词;row:4020,4019,6,6,,热门,,热门,,,,xlsx-xml,
hsk2015,sheet:新HSK5000词;row:4021,4020,6,6,,人道,,人道,,,,xlsx-xml,
hsk2015,sheet:新HSK5000词;row:4022,4021,6,6,,人格,,人格,,,,xlsx-xml,
hsk2015,sheet:新HSK5000词;row:4023,4022,6,6,,人工,,人工,,,,xlsx-xml,
hsk2015,sheet:新HSK5000词;row:4024,4023,6,6,,人家,,人家,,,,xlsx-xml,
hsk2015,sheet:新HSK5000词;row:4025,4024,6,6,,人间,,人间,,,,xlsx-xml,
hsk2015,sheet:新HSK5000词;row:4026,4025,6,6,,人士,,人士,,,,xlsx-xml,
hsk2015,sheet:新HSK5000词;row:4027,4026,6,6,,人为,,人为,,,,xlsx-xml,
hsk2015,sheet:新HSK5000词;row:4028,4027,6,6,,人性,,人性,,,,xlsx-xml,
hsk2015,sheet:新HSK5000词;row:4029,4028,6,6,,人质,,人质,,,,xlsx-xml,
hsk2015,sheet:新HSK5000词;row:4030,4029,6,6,,仁慈,,仁慈,,,,xlsx-xml,
hsk2015,sheet:新HSK5000词;row:4031,4030,6,6,,忍耐,,忍耐,,,,xlsx-xml,
hsk2015,sheet:新HSK5000词;row:4032,4031,6,6,,忍受,,忍受,,,,xlsx-xml,
hsk2015,sheet:新HSK5000词;row:4033,4032,6,6,,认定,,认定,,,,xlsx-xml,
hsk2015,sheet:新HSK5000词;row:4034,4033,6,6,,认可,,认可,,,,xlsx-xml,
hsk2015,sheet:新HSK5000词;row:4035,4034,6,6,,任命,,任命,,,,xlsx-xml,
hsk2015,sheet:新HSK5000词;row:4036,4035,6,6,,任性,,任性,,,,xlsx-xml,
hsk2015,sheet:新HSK5000词;row:4037,4036,6,6,,任意,,任意,,,,xlsx-xml,
hsk2015,sheet:新HSK5000词;row:4038,4037,6,6,,任重道远,,任重道远,,,,xlsx-xml,
hsk2015,sheet:新HSK5000词;row:4039,4038,6,6,,仍旧,,仍旧,,,,xlsx-xml,
hsk2015,sheet:新HSK5000词;row:4040,4039,6,6,,日新月异,,日新月异,,,,xlsx-xml,
hsk2015,sheet:新HSK5000词;row:4041,4040,6,6,,日益,,日益,,,,xlsx-xml,
hsk2015,sheet:新HSK5000词;row:4042,4041,6,6,,荣幸,,荣幸,,,,xlsx-xml,
hsk2015,sheet:新HSK5000词;row:4043,4042,6,6,,荣誉,,荣誉,,,,xlsx-xml,
hsk2015,sheet:新HSK5000词;row:4044,4043,6,6,,容貌,,容貌,,,,xlsx-xml,
hsk2015,sheet:新HSK5000词;row:4045,4044,6,6,,容纳,,容纳,,,,xlsx-xml,
hsk2015,sheet:新HSK5000词;row:4046,4045,6,6,,容器,,容器,,,,xlsx-xml,
hsk2015,sheet:新HSK5000词;row:4047,4046,6,6,,容忍,,容忍,,,,xlsx-xml,
hsk2015,sheet:新HSK5000词;row:4048,4047,6,6,,溶解,,溶解,,,,xlsx-xml,
hsk2015,sheet:新HSK5000词;row:4049,4048,6,6,,融化,,融化,,,,xlsx-xml,
hsk2015,sheet:新HSK5000词;row:4050,4049,6,6,,融洽,,融洽,,,,xlsx-xml,
hsk2015,sheet:新HSK5000词;row:4051,4050,6,6,,柔和,,柔和,,,,xlsx-xml,
hsk2015,sheet:新HSK5000词;row:4052,4051,6,6,,揉,,揉,,,,xlsx-xml,
hsk2015,sheet:新HSK5000词;row:4053,4052,6,6,,儒家,,儒家,,,,xlsx-xml,
hsk2015,sheet:新HSK5000词;row:4054,4053,6,6,,若干,,若干,,,,xlsx-xml,
hsk2015,sheet:新HSK5000词;row:4055,4054,6,6,,弱点,,弱点,,,,xlsx-xml,
hsk2015,sheet:新HSK5000词;row:4056,4055,6,6,,撒谎,,撒谎,,,,xlsx-xml,
hsk2015,sheet:新HSK5000词;row:4057,4056,6,6,,散文,,散文,,,,xlsx-xml,
hsk2015,sheet:新HSK5000词;row:4058,4057,6,6,,散布,,散布,,,,xlsx-xml,
hsk2015,sheet:新HSK5000词;row:4059,4058,6,6,,散发,,散发,,,,xlsx-xml,
hsk2015,sheet:新HSK5000词;row:4060,4059,6,6,,丧失,,丧失,,,,xlsx-xml,
hsk2015,sheet:新HSK5000词;row:4061,4060,6,6,,骚扰,,骚扰,,,,xlsx-xml,
hsk2015,sheet:新HSK5000词;row:4062,4061,6,6,,嫂子,,嫂子,,,,xlsx-xml,
hsk2015,sheet:新HSK5000词;row:4063,4062,6,6,,刹车,,刹车,,,,xlsx-xml,
hsk2015,sheet:新HSK5000词;row:4064,4063,6,6,,啥,,啥,,,,xlsx-xml,
hsk2015,sheet:新HSK5000词;row:4065,4064,6,6,,筛选,,筛选,,,,xlsx-xml,
hsk2015,sheet:新HSK5000词;row:4066,4065,6,6,,山脉,,山脉,,,,xlsx-xml,
hsk2015,sheet:新HSK5000词;row:4067,4066,6,6,,闪烁,,闪烁,,,,xlsx-xml,
hsk2015,sheet:新HSK5000词;row:4068,4067,6,6,,擅长,,擅长,,,,xlsx-xml,
hsk2015,sheet:新HSK5000词;row:4069,4068,6,6,,擅自,,擅自,,,,xlsx-xml,
hsk2015,sheet:新HSK5000词;row:4070,4069,6,6,,伤脑筋,,伤脑筋,,,,xlsx-xml,
hsk2015,sheet:新HSK5000词;row:4071,4070,6,6,,商标,,商标,,,,xlsx-xml,
hsk2015,sheet:新HSK5000词;row:4072,4071,6,6,,上级,,上级,,,,xlsx-xml,
hsk2015,sheet:新HSK5000词;row:4073,4072,6,6,,上进,,上进,,,,xlsx-xml,
hsk2015,sheet:新HSK5000词;row:4074,4073,6,6,,上任,,上任,,,,xlsx-xml,
hsk2015,sheet:新HSK5000词;row:4075,4074,6,6,,上瘾,,上瘾,,,,xlsx-xml,
hsk2015,sheet:新HSK5000词;row:4076,4075,6,6,,上游,,上游,,,,xlsx-xml,
hsk2015,sheet:新HSK5000词;row:4077,4076,6,6,,尚且,,尚且,,,,xlsx-xml,
hsk2015,sheet:新HSK5000词;row:4078,4077,6,6,,捎,,捎,,,,xlsx-xml,
hsk2015,sheet:新HSK5000词;row:4079,4078,6,6,,梢,,梢,,,,xlsx-xml,
hsk2015,sheet:新HSK5000词;row:4080,4079,6,6,,哨,,哨,,,,xlsx-xml,
hsk2015,sheet:新HSK5000词;row:4081,4080,6,6,,奢侈,,奢侈,,,,xlsx-xml,
hsk2015,sheet:新HSK5000词;row:4082,4081,6,6,,舌头,,舌头,,,,xlsx-xml,
hsk2015,sheet:新HSK5000词;row:4083,4082,6,6,,设立,,设立,,,,xlsx-xml,
hsk2015,sheet:新HSK5000词;row:4084,4083,6,6,,设想,,设想,,,,xlsx-xml,
hsk2015,sheet:新HSK5000词;row:4085,4084,6,6,,设置,,设置,,,,xlsx-xml,
hsk2015,sheet:新HSK5000词;row:4086,4085,6,6,,社区,,社区,,,,xlsx-xml,
hsk2015,sheet:新HSK5000词;row:4087,4086,6,6,,涉及,,涉及,,,,xlsx-xml,
hsk2015,sheet:新HSK5000词;row:4088,4087,6,6,,摄氏度,,摄氏度,,,,xlsx-xml,
hsk2015,sheet:新HSK5000词;row:4089,4088,6,6,,申报,,申报,,,,xlsx-xml,
hsk2015,sheet:新HSK5000词;row:4090,4089,6,6,,呻吟,,呻吟,,,,xlsx-xml,
hsk2015,sheet:新HSK5000词;row:4091,4090,6,6,,绅士,,绅士,,,,xlsx-xml,
hsk2015,sheet:新HSK5000词;row:4092,4091,6,6,,深奥,,深奥,,,,xlsx-xml,
hsk2015,sheet:新HSK5000词;row:4093,4092,6,6,,深沉,,深沉,,,,xlsx-xml,
hsk2015,sheet:新HSK5000词;row:4094,4093,6,6,,深情厚谊,,深情厚谊,,,,xlsx-xml,
hsk2015,sheet:新HSK5000词;row:4095,4094,6,6,,神经,,神经,,,,xlsx-xml,
hsk2015,sheet:新HSK5000词;row:4096,4095,6,6,,神奇,,神奇,,,,xlsx-xml,
hsk2015,sheet:新HSK5000词;row:4097,4096,6,6,,神气,,神气,,,,xlsx-xml,
hsk2015,sheet:新HSK5000词;row:4098,4097,6,6,,神圣,,神圣,,,,xlsx-xml,
hsk2015,sheet:新HSK5000词;row:4099,4098,6,6,,神态,,神态,,,,xlsx-xml,
hsk2015,sheet:新HSK5000词;row:4100,4099,6,6,,神仙,,神仙,,,,xlsx-xml,
hsk2015,sheet:新HSK5000词;row:4101,4100,6,6,,审查,,审查,,,,xlsx-xml,
hsk2015,sheet:新HSK5000词;row:4102,4101,6,6,,审理,,审理,,,,xlsx-xml,
hsk2015,sheet:新HSK5000词;row:4103,4102,6,6,,审美,,审美,,,,xlsx-xml,
hsk2015,sheet:新HSK5000词;row:4104,4103,6,6,,审判,,审判,,,,xlsx-xml,
hsk2015,sheet:新HSK5000词;row:4105,4104,6,6,,渗透,,渗透,,,,xlsx-xml,
hsk2015,sheet:新HSK5000词;row:4106,4105,6,6,,慎重,,慎重,,,,xlsx-xml,
hsk2015,sheet:新HSK5000词;row:4107,4106,6,6,,生存,,生存,,,,xlsx-xml,
hsk2015,sheet:新HSK5000词;row:4108,4107,6,6,,生机,,生机,,,,xlsx-xml,
hsk2015,sheet:新HSK5000词;row:4109,4108,6,6,,生理,,生理,,,,xlsx-xml,
hsk2015,sheet:新HSK5000词;row:4110,4109,6,6,,生疏,,生疏,,,,xlsx-xml,
hsk2015,sheet:新HSK5000词;row:4111,4110,6,6,,生态,,生态,,,,xlsx-xml,
hsk2015,sheet:新HSK5000词;row:4112,4111,6,6,,生物,,生物,,,,xlsx-xml,
hsk2015,sheet:新HSK5000词;row:4113,4112,6,6,,生肖,,生肖,,,,xlsx-xml,
hsk2015,sheet:新HSK5000词;row:4114,4113,6,6,,生效,,生效,,,,xlsx-xml,
hsk2015,sheet:新HSK5000词;row:4115,4114,6,6,,生锈,,生锈,,,,xlsx-xml,
hsk2015,sheet:新HSK5000词;row:4116,4115,6,6,,生育,,生育,,,,xlsx-xml,
hsk2015,sheet:新HSK5000词;row:4117,4116,6,6,,声明,,声明,,,,xlsx-xml,
hsk2015,sheet:新HSK5000词;row:4118,4117,6,6,,声势,,声势,,,,xlsx-xml,
hsk2015,sheet:新HSK5000词;row:4119,4118,6,6,,声誉,,声誉,,,,xlsx-xml,
hsk2015,sheet:新HSK5000词;row:4120,4119,6,6,,牲畜,,牲畜,,,,xlsx-xml,
hsk2015,sheet:新HSK5000词;row:4121,4120,6,6,,省会,,省会,,,,xlsx-xml,
hsk2015,sheet:新HSK5000词;row:4122,4121,6,6,,胜负,,胜负,,,,xlsx-xml,
hsk2015,sheet:新HSK5000词;row:4123,4122,6,6,,盛产,,盛产,,,,xlsx-xml,
hsk2015,sheet:新HSK5000词;row:4124,4123,6,6,,盛开,,盛开,,,,xlsx-xml,
hsk2015,sheet:新HSK5000词;row:4125,4124,6,6,,盛情,,盛情,,,,xlsx-xml,
hsk2015,sheet:新HSK5000词;row:4126,4125,6,6,,盛行,,盛行,,,,xlsx-xml,
hsk2015,sheet:新HSK5000词;row:4127,4126,6,6,,尸体,,尸体,,,,xlsx-xml,
hsk2015,sheet:新HSK5000词;row:4128,4127,6,6,,失事,,失事,,,,xlsx-xml,
hsk2015,sheet:新HSK5000词;row:4129,4128,6,6,,失误,,失误,,,,xlsx-xml,
hsk2015,sheet:新HSK5000词;row:4130,4129,6,6,,失踪,,失踪,,,,xlsx-xml,
hsk2015,sheet:新HSK5000词;row:4131,4130,6,6,,师范,,师范,,,,xlsx-xml,
hsk2015,sheet:新HSK5000词;row:4132,4131,6,6,,施加,,施加,,,,xlsx-xml,
hsk2015,sheet:新HSK5000词;row:4133,4132,6,6,,施展,,施展,,,,xlsx-xml,
hsk2015,sheet:新HSK5000词;row:4134,4133,6,6,,十足,,十足,,,,xlsx-xml,
hsk2015,sheet:新HSK5000词;row:4135,4134,6,6,,石油,,石油,,,,xlsx-xml,
hsk2015,sheet:新HSK5000词;row:4136,4135,6,6,,时常,,时常,,,,xlsx-xml,
hsk2015,sheet:新HSK5000词;row:4137,4136,6,6,,时而,,时而,,,,xlsx-xml,
hsk2015,sheet:新HSK5000词;row:4138,4137,6,6,,时光,,时光,,,,xlsx-xml,
hsk2015,sheet:新HSK5000词;row:4139,4138,6,6,,时机,,时机,,,,xlsx-xml,
hsk2015,sheet:新HSK5000词;row:4140,4139,6,6,,时事,,时事,,,,xlsx-xml,
hsk2015,sheet:新HSK5000词;row:4141,4140,6,6,,识别,,识别,,,,xlsx-xml,
hsk2015,sheet:新HSK5000词;row:4142,4141,6,6,,实惠,,实惠,,,,xlsx-xml,
hsk2015,sheet:新HSK5000词;row:4143,4142,6,6,,实力,,实力,,,,xlsx-xml,
hsk2015,sheet:新HSK5000词;row:4144,4143,6,6,,实施,,实施,,,,xlsx-xml,
hsk2015,sheet:新HSK5000词;row:4145,4144,6,6,,实事求是,,实事求是,,,,xlsx-xml,
hsk2015,sheet:新HSK5000词;row:4146,4145,6,6,,实行,,实行,,,,xlsx-xml,
hsk2015,sheet:新HSK5000词;row:4147,4146,6,6,,实质,,实质,,,,xlsx-xml,
hsk2015,sheet:新HSK5000词;row:4148,4147,6,6,,拾,,拾,,,,xlsx-xml,
hsk2015,sheet:新HSK5000词;row:4149,4148,6,6,,使命,,使命,,,,xlsx-xml,
hsk2015,sheet:新HSK5000词;row:4150,4149,6,6,,示范,,示范,,,,xlsx-xml,
hsk2015,sheet:新HSK5000词;row:4151,4150,6,6,,示威,,示威,,,,xlsx-xml,
hsk2015,sheet:新HSK5000词;row:4152,4151,6,6,,示意,,示意,,,,xlsx-xml,
hsk2015,sheet:新HSK5000词;row:4153,4152,6,6,,世代,,世代,,,,xlsx-xml,
hsk2015,sheet:新HSK5000词;row:4154,4153,6,6,,势必,,势必,,,,xlsx-xml,
hsk2015,sheet:新HSK5000词;row:4155,4154,6,6,,势力,,势力,,,,xlsx-xml,
hsk2015,sheet:新HSK5000词;row:4156,4155,6,6,,事故,,事故,,,,xlsx-xml,
hsk2015,sheet:新HSK5000词;row:4157,4156,6,6,,事迹,,事迹,,,,xlsx-xml,
hsk2015,sheet:新HSK5000词;row:4158,4157,6,6,,事件,,事件,,,,xlsx-xml,
hsk2015,sheet:新HSK5000词;row:4159,4158,6,6,,事态,,事态,,,,xlsx-xml,
hsk2015,sheet:新HSK5000词;row:4160,4159,6,6,,事务,,事务,,,,xlsx-xml,
hsk2015,sheet:新HSK5000词;row:4161,4160,6,6,,事项,,事项,,,,xlsx-xml,
hsk2015,sheet:新HSK5000词;row:4162,4161,6,6,,事业,,事业,,,,xlsx-xml,
hsk2015,sheet:新HSK5000词;row:4163,4162,6,6,,试图,,试图,,,,xlsx-xml,
hsk2015,sheet:新HSK5000词;row:4164,4163,6,6,,试验,,试验,,,,xlsx-xml,
hsk2015,sheet:新HSK5000词;row:4165,4164,6,6,,视力,,视力,,,,xlsx-xml,
hsk2015,sheet:新HSK5000词;row:4166,4165,6,6,,视频,,视频,,,,xlsx-xml,
hsk2015,sheet:新HSK5000词;row:4167,4166,6,6,,视线,,视线,,,,xlsx-xml,
hsk2015,sheet:新HSK5000词;row:4168,4167,6,6,,视野,,视野,,,,xlsx-xml,
hsk2015,sheet:新HSK5000词;row:4169,4168,6,6,,是非,,是非,,,,xlsx-xml,
hsk2015,sheet:新HSK5000词;row:4170,4169,6,6,,适宜,,适宜,,,,xlsx-xml,
hsk2015,sheet:新HSK5000词;row:4171,4170,6,6,,逝世,,逝世,,,,xlsx-xml,
hsk2015,sheet:新HSK5000词;row:4172,4171,6,6,,释放,,释放,,,,xlsx-xml,
hsk2015,sheet:新HSK5000词;row:4173,4172,6,6,,收藏,,收藏,,,,xlsx-xml,
hsk2015,sheet:新HSK5000词;row:4174,4173,6,6,,收缩,,收缩,,,,xlsx-xml,
hsk2015,sheet:新HSK5000词;row:4175,4174,6,6,,收益,,收益,,,,xlsx-xml,
hsk2015,sheet:新HSK5000词;row:4176,4175,6,6,,收音机,,收音机,,,,xlsx-xml,
hsk2015,sheet:新HSK5000词;row:4177,4176,6,6,,手法,,手法,,,,xlsx-xml,
hsk2015,sheet:新HSK5000词;row:4178,4177,6,6,,手势,,手势,,,,xlsx-xml,
hsk2015,sheet:新HSK5000词;row:4179,4178,6,6,,手艺,,手艺,,,,xlsx-xml,
hsk2015,sheet:新HSK5000词;row:4180,4179,6,6,,守护,,守护,,,,xlsx-xml,
hsk2015,sheet:新HSK5000词;row:4181,4180,6,6,,首饰,,首饰,,,,xlsx-xml,
hsk2015,sheet:新HSK5000词;row:4182,4181,6,6,,首要,,首要,,,,xlsx-xml,
hsk2015,sheet:新HSK5000词;row:4183,4182,6,6,,受罪,,受罪,,,,xlsx-xml,
hsk2015,sheet:新HSK5000词;row:4184,4183,6,6,,授予,,授予,,,,xlsx-xml,
hsk2015,sheet:新HSK5000词;row:4185,4184,6,6,,书法,,书法,,,,xlsx-xml,
hsk2015,sheet:新HSK5000词;row:4186,4185,6,6,,书籍,,书籍,,,,xlsx-xml,
hsk2015,sheet:新HSK5000词;row:4187,4186,6,6,,书记,,书记,,,,xlsx-xml,
hsk2015,sheet:新HSK5000词;row:4188,4187,6,6,,书面,,书面,,,,xlsx-xml,
hsk2015,sheet:新HSK5000词;row:4189,4188,6,6,,舒畅,,舒畅,,,,xlsx-xml,
hsk2015,sheet:新HSK5000词;row:4190,4189,6,6,,疏忽,,疏忽,,,,xlsx-xml,
hsk2015,sheet:新HSK5000词;row:4191,4190,6,6,,疏远,,疏远,,,,xlsx-xml,
hsk2015,sheet:新HSK5000词;row:4192,4191,6,6,,束,,束,,,,xlsx-xml,
hsk2015,sheet:新HSK5000词;row:4193,4192,6,6,,束缚,,束缚,,,,xlsx-xml,
hsk2015,sheet:新HSK5000词;row:4194,4193,6,6,,树立,,树立,,,,xlsx-xml,
hsk2015,sheet:新HSK5000词;row:4195,4194,6,6,,竖,,竖,,,,xlsx-xml,
hsk2015,sheet:新HSK5000词;row:4196,4195,6,6,,数额,,数额,,,,xlsx-xml,
hsk2015,sheet:新HSK5000词;row:4197,4196,6,6,,耍,,耍,,,,xlsx-xml,
hsk2015,sheet:新HSK5000词;row:4198,4197,6,6,,衰老,,衰老,,,,xlsx-xml,
hsk2015,sheet:新HSK5000词;row:4199,4198,6,6,,衰退,,衰退,,,,xlsx-xml,
hsk2015,sheet:新HSK5000词;row:4200,4199,6,6,,率领,,率领,,,,xlsx-xml,
hsk2015,sheet:新HSK5000词;row:4201,4200,6,6,,涮火锅,,涮火锅,,,,xlsx-xml,
hsk2015,sheet:新HSK5000词;row:4202,4201,6,6,,双胞胎,,双胞胎,,,,xlsx-xml,
hsk2015,sheet:新HSK5000词;row:4203,4202,6,6,,爽快,,爽快,,,,xlsx-xml,
hsk2015,sheet:新HSK5000词;row:4204,4203,6,6,,水利,,水利,,,,xlsx-xml,
hsk2015,sheet:新HSK5000词;row:4205,4204,6,6,,水龙头,,水龙头,,,,xlsx-xml,
hsk2015,sheet:新HSK5000词;row:4206,4205,6,6,,水泥,,水泥,,,,xlsx-xml,
hsk2015,sheet:新HSK5000词;row:4207,4206,6,6,,瞬间,,瞬间,,,,xlsx-xml,
hsk2015,sheet:新HSK5000词;row:4208,4207,6,6,,司法,,司法,,,,xlsx-xml,
hsk2015,sheet:新HSK5000词;row:4209,4208,6,6,,司令,,司令,,,,xlsx-xml,
hsk2015,sheet:新HSK5000词;row:4210,4209,6,6,,私自,,私自,,,,xlsx-xml,
hsk2015,sheet:新HSK5000词;row:4211,4210,6,6,,思念,,思念,,,,xlsx-xml,
hsk2015,sheet:新HSK5000词;row:4212,4211,6,6,,思索,,思索,,,,xlsx-xml,
hsk2015,sheet:新HSK5000词;row:4213,4212,6,6,,思维,,思维,,,,xlsx-xml,
hsk2015,sheet:新HSK5000词;row:4214,4213,6,6,,斯文,,斯文,,,,xlsx-xml,
hsk2015,sheet:新HSK5000词;row:4215,4214,6,6,,死亡,,死亡,,,,xlsx-xml,
hsk2015,sheet:新HSK5000词;row:4216,4215,6,6,,四肢,,四肢,,,,xlsx-xml,
hsk2015,sheet:新HSK5000词;row:4217,4216,6,6,,寺庙,,寺庙,,,,xlsx-xml,
hsk2015,sheet:新HSK5000词;row:4218,4217,6,6,,饲养,,饲养,,,,xlsx-xml,
hsk2015,sheet:新HSK5000词;row:4219,4218,6,6,,肆无忌惮,,肆无忌惮,,,,xlsx-xml,
hsk2015,sheet:新HSK5000词;row:4220,4219,6,6,,耸,,耸,,,,xlsx-xml,
hsk2015,sheet:新HSK5000词;row:4221,4220,6,6,,艘,,艘,,,,xlsx-xml,
hsk2015,sheet:新HSK5000词;row:4222,4221,6,6,,苏醒,,苏醒,,,,xlsx-xml,
hsk2015,sheet:新HSK5000词;row:4223,4222,6,6,,俗话,,俗话,,,,xlsx-xml,
hsk2015,sheet:新HSK5000词;row:4224,4223,6,6,,诉讼,,诉讼,,,,xlsx-xml,
hsk2015,sheet:新HSK5000词;row:4225,4224,6,6,,素食,,素食,,,,xlsx-xml,
hsk2015,sheet:新HSK5000词;row:4226,4225,6,6,,素质,,素质,,,,xlsx-xml,
hsk2015,sheet:新HSK5000词;row:4227,4226,6,6,,塑造,,塑造,,,,xlsx-xml,
hsk2015,sheet:新HSK5000词;row:4228,4227,6,6,,算数,,算数,,,,xlsx-xml,
hsk2015,sheet:新HSK5000词;row:4229,4228,6,6,,随即,,随即,,,,xlsx-xml,
hsk2015,sheet:新HSK5000词;row:4230,4229,6,6,,随意,,随意,,,,xlsx-xml,
hsk2015,sheet:新HSK5000词;row:4231,4230,6,6,,岁月,,岁月,,,,xlsx-xml,
hsk2015,sheet:新HSK5000词;row:4232,4231,6,6,,隧道,,隧道,,,,xlsx-xml,
hsk2015,sheet:新HSK5000词;row:4233,4232,6,6,,损坏,,损坏,,,,xlsx-xml,
hsk2015,sheet:新HSK5000词;row:4234,4233,6,6,,索取,,索取,,,,xlsx-xml,
hsk2015,sheet:新HSK5000词;row:4235,4234,6,6,,索性,,索性,,,,xlsx-xml,
hsk2015,sheet:新HSK5000词;row:4236,4235,6,6,,塌,,塌,,,,xlsx-xml,
hsk2015,sheet:新HSK5000词;row:4237,4236,6,6,,踏实,,踏实,,,,xlsx-xml,
hsk2015,sheet:新HSK5000词;row:4238,4237,6,6,,塔,,塔,,,,xlsx-xml,
hsk2015,sheet:新HSK5000词;row:4239,4238,6,6,,台风,,台风,,,,xlsx-xml,
hsk2015,sheet:新HSK5000词;row:4240,4239,6,6,,太空,,太空,,,,xlsx-xml,
hsk2015,sheet:新HSK5000词;row:4241,4240,6,6,,泰斗,,泰斗,,,,xlsx-xml,
hsk2015,sheet:新HSK5000词;row:4242,4241,6,6,,贪婪,,贪婪,,,,xlsx-xml,
hsk2015,sheet:新HSK5000词;row:4243,4242,6,6,,贪污,,贪污,,,,xlsx-xml,
hsk2015,sheet:新HSK5000词;row:4244,4243,6,6,,摊,,摊,,,,xlsx-xml,
hsk2015,sheet:新HSK5000词;row:4245,4244,6,6,,瘫痪,,瘫痪,,,,xlsx-xml,
hsk2015,sheet:新HSK5000词;row:4246,4245,6,6,,弹性,,弹性,,,,xlsx-xml,
hsk2015,sheet:新HSK5000词;row:4247,4246,6,6,,坦白,,坦白,,,,xlsx-xml,
hsk2015,sheet:新HSK5000词;row:4248,4247,6,6,,叹气,,叹气,,,,xlsx-xml,
hsk2015,sheet:新HSK5000词;row:4249,4248,6,6,,探测,,探测,,,,xlsx-xml,
hsk2015,sheet:新HSK5000词;row:4250,4249,6,6,,探索,,探索,,,,xlsx-xml,
hsk2015,sheet:新HSK5000词;row:4251,4250,6,6,,探讨,,探讨,,,,xlsx-xml,
hsk2015,sheet:新HSK5000词;row:4252,4251,6,6,,探望,,探望,,,,xlsx-xml,
hsk2015,sheet:新HSK5000词;row:4253,4252,6,6,,倘若,,倘若,,,,xlsx-xml,
hsk2015,sheet:新HSK5000词;row:4254,4253,6,6,,掏,,掏,,,,xlsx-xml,
hsk2015,sheet:新HSK5000词;row:4255,4254,6,6,,滔滔不绝,,滔滔不绝,,,,xlsx-xml,
hsk2015,sheet:新HSK5000词;row:4256,4255,6,6,,陶瓷,,陶瓷,,,,xlsx-xml,
hsk2015,sheet:新HSK5000词;row:4257,4256,6,6,,陶醉,,陶醉,,,,xlsx-xml,
hsk2015,sheet:新HSK5000词;row:4258,4257,6,6,,淘汰,,淘汰,,,,xlsx-xml,
hsk2015,sheet:新HSK5000词;row:4259,4258,6,6,,讨好,,讨好,,,,xlsx-xml,
hsk2015,sheet:新HSK5000词;row:4260,4259,6,6,,特长,,特长,,,,xlsx-xml,
hsk2015,sheet:新HSK5000词;row:4261,4260,6,6,,特定,,特定,,,,xlsx-xml,
hsk2015,sheet:新HSK5000词;row:4262,4261,6,6,,特意,,特意,,,,xlsx-xml,
hsk2015,sheet:新HSK5000词;row:4263,4262,6,6,,提拔,,提拔,,,,xlsx-xml,
hsk2015,sheet:新HSK5000词;row:4264,4263,6,6,,提炼,,提炼,,,,xlsx-xml,
hsk2015,sheet:新HSK5000词;row:4265,4264,6,6,,提示,,提示,,,,xlsx-xml,
hsk2015,sheet:新HSK5000词;row:4266,4265,6,6,,提议,,提议,,,,xlsx-xml,
hsk2015,sheet:新HSK5000词;row:4267,4266,6,6,,题材,,题材,,,,xlsx-xml,
hsk2015,sheet:新HSK5000词;row:4268,4267,6,6,,体裁,,体裁,,,,xlsx-xml,
hsk2015,sheet:新HSK5000词;row:4269,4268,6,6,,体积,,体积,,,,xlsx-xml,
hsk2015,sheet:新HSK5000词;row:4270,4269,6,6,,体谅,,体谅,,,,xlsx-xml,
hsk2015,sheet:新HSK5000词;row:4271,4270,6,6,,体面,,体面,,,,xlsx-xml,
hsk2015,sheet:新HSK5000词;row:4272,4271,6,6,,体系,,体系,,,,xlsx-xml,
hsk2015,sheet:新HSK5000词;row:4273,4272,6,6,,天才,,天才,,,,xlsx-xml,
hsk2015,sheet:新HSK5000词;row:4274,4273,6,6,,天赋,,天赋,,,,xlsx-xml,
hsk2015,sheet:新HSK5000词;row:4275,4274,6,6,,天伦之乐,,天伦之乐,,,,xlsx-xml,
hsk2015,sheet:新HSK5000词;row:4276,4275,6,6,,天然气,,天然气,,,,xlsx-xml,
hsk2015,sheet:新HSK5000词;row:4277,4276,6,6,,天生,,天生,,,,xlsx-xml,
hsk2015,sheet:新HSK5000词;row:4278,4277,6,6,,天堂,,天堂,,,,xlsx-xml,
hsk2015,sheet:新HSK5000词;row:4279,4278,6,6,,天文,,天文,,,,xlsx-xml,
hsk2015,sheet:新HSK5000词;row:4280,4279,6,6,,田径,,田径,,,,xlsx-xml,
hsk2015,sheet:新HSK5000词;row:4281,4280,6,6,,田野,,田野,,,,xlsx-xml,
hsk2015,sheet:新HSK5000词;row:4282,4281,6,6,,舔,,舔,,,,xlsx-xml,
hsk2015,sheet:新HSK5000词;row:4283,4282,6,6,,挑剔,,挑剔,,,,xlsx-xml,
hsk2015,sheet:新HSK5000词;row:4284,4283,6,6,,条款,,条款,,,,xlsx-xml,
hsk2015,sheet:新HSK5000词;row:4285,4284,6,6,,条理,,条理,,,,xlsx-xml,
hsk2015,sheet:新HSK5000词;row:4286,4285,6,6,,条约,,条约,,,,xlsx-xml,
hsk2015,sheet:新HSK5000词;row:4287,4286,6,6,,调和,,调和,,,,xlsx-xml,
hsk2015,sheet:新HSK5000词;row:4288,4287,6,6,,调剂,,调剂,,,,xlsx-xml,
hsk2015,sheet:新HSK5000词;row:4289,4288,6,6,,调节,,调节,,,,xlsx-xml,
hsk2015,sheet:新HSK5000词;row:4290,4289,6,6,,调解,,调解,,,,xlsx-xml,
hsk2015,sheet:新HSK5000词;row:4291,4290,6,6,,调料,,调料,,,,xlsx-xml,
hsk2015,sheet:新HSK5000词;row:4292,4291,6,6,,挑拨,,挑拨,,,,xlsx-xml,
hsk2015,sheet:新HSK5000词;row:4293,4292,6,6,,挑衅,,挑衅,,,,xlsx-xml,
hsk2015,sheet:新HSK5000词;row:4294,4293,6,6,,跳跃,,跳跃,,,,xlsx-xml,
hsk2015,sheet:新HSK5000词;row:4295,4294,6,6,,亭子,,亭子,,,,xlsx-xml,
hsk2015,sheet:新HSK5000词;row:4296,4295,6,6,,停泊,,停泊,,,,xlsx-xml,
hsk2015,sheet:新HSK5000词;row:4297,4296,6,6,,停顿,,停顿,,,,xlsx-xml,
hsk2015,sheet:新HSK5000词;row:4298,4297,6,6,,停滞,,停滞,,,,xlsx-xml,
hsk2015,sheet:新HSK5000词;row:4299,4298,6,6,,挺拔,,挺拔,,,,xlsx-xml,
hsk2015,sheet:新HSK5000词;row:4300,4299,6,6,,通货膨胀,,通货膨胀,,,,xlsx-xml,
hsk2015,sheet:新HSK5000词;row:4301,4300,6,6,,通缉,,通缉,,,,xlsx-xml,
hsk2015,sheet:新HSK5000词;row:4302,4301,6,6,,通俗,,通俗,,,,xlsx-xml,
hsk2015,sheet:新HSK5000词;row:4303,4302,6,6,,通讯,,通讯,,,,xlsx-xml,
hsk2015,sheet:新HSK5000词;row:4304,4303,6,6,,通用,,通用,,,,xlsx-xml,
hsk2015,sheet:新HSK5000词;row:4305,4304,6,6,,同胞,,同胞,,,,xlsx-xml,
hsk2015,sheet:新HSK5000词;row:4306,4305,6,6,,同志,,同志,,,,xlsx-xml,
hsk2015,sheet:新HSK5000词;row:4307,4306,6,6,,铜,,铜,,,,xlsx-xml,
hsk2015,sheet:新HSK5000词;row:4308,4307,6,6,,童话,,童话,,,,xlsx-xml,
hsk2015,sheet:新HSK5000词;row:4309,4308,6,6,,统筹兼顾,,统筹兼顾,,,,xlsx-xml,
hsk2015,sheet:新HSK5000词;row:4310,4309,6,6,,统计,,统计,,,,xlsx-xml,
hsk2015,sheet:新HSK5000词;row:4311,4310,6,6,,统统,,统统,,,,xlsx-xml,
hsk2015,sheet:新HSK5000词;row:4312,4311,6,6,,统治,,统治,,,,xlsx-xml,
hsk2015,sheet:新HSK5000词;row:4313,4312,6,6,,投机,,投机,,,,xlsx-xml,
hsk2015,sheet:新HSK5000词;row:4314,4313,6,6,,投票,,投票,,,,xlsx-xml,
hsk2015,sheet:新HSK5000词;row:4315,4314,6,6,,投诉,,投诉,,,,xlsx-xml,
hsk2015,sheet:新HSK5000词;row:4316,4315,6,6,,投降,,投降,,,,xlsx-xml,
hsk2015,sheet:新HSK5000词;row:4317,4316,6,6,,投掷,,投掷,,,,xlsx-xml,
hsk2015,sheet:新HSK5000词;row:4318,4317,6,6,,透露,,透露,,,,xlsx-xml,
hsk2015,sheet:新HSK5000词;row:4319,4318,6,6,,秃,,秃,,,,xlsx-xml,
hsk2015,sheet:新HSK5000词;row:4320,4319,6,6,,突破,,突破,,,,xlsx-xml,
hsk2015,sheet:新HSK5000词;row:4321,4320,6,6,,图案,,图案,,,,xlsx-xml,
hsk2015,sheet:新HSK5000词;row:4322,4321,6,6,,徒弟,,徒弟,,,,xlsx-xml,
hsk2015,sheet:新HSK5000词;row:4323,4322,6,6,,途径,,途径,,,,xlsx-xml,
hsk2015,sheet:新HSK5000词;row:4324,4323,6,6,,涂抹,,涂抹,,,,xlsx-xml,
hsk2015,sheet:新HSK5000词;row:4325,4324,6,6,,土壤,,土壤,,,,xlsx-xml,
hsk2015,sheet:新HSK5000词;row:4326,4325,6,6,,团结,,团结,,,,xlsx-xml,
hsk2015,sheet:新HSK5000词;row:4327,4326,6,6,,团体,,团体,,,,xlsx-xml,
hsk2015,sheet:新HSK5000词;row:4328,4327,6,6,,团圆,,团圆,,,,xlsx-xml,
hsk2015,sheet:新HSK5000词;row:4329,4328,6,6,,推测,,推测,,,,xlsx-xml,
hsk2015,sheet:新HSK5000词;row:4330,4329,6,6,,推翻,,推翻,,,,xlsx-xml,
hsk2015,sheet:新HSK5000词;row:4331,4330,6,6,,推理,,推理,,,,xlsx-xml,
hsk2015,sheet:新HSK5000词;row:4332,4331,6,6,,推论,,推论,,,,xlsx-xml,
hsk2015,sheet:新HSK5000词;row:4333,4332,6,6,,推销,,推销,,,,xlsx-xml,
hsk2015,sheet:新HSK5000词;row:4334,4333,6,6,,吞吞吐吐,,吞吞吐吐,,,,xlsx-xml,
hsk2015,sheet:新HSK5000词;row:4335,4334,6,6,,托运,,托运,,,,xlsx-xml,
hsk2015,sheet:新HSK5000词;row:4336,4335,6,6,,拖延,,拖延,,,,xlsx-xml,
hsk2015,sheet:新HSK5000词;row:4337,4336,6,6,,脱离,,脱离,,,,xlsx-xml,
hsk2015,sheet:新HSK5000词;row:4338,4337,6,6,,妥当,,妥当,,,,xlsx-xml,
hsk2015,sheet:新HSK5000词;row:4339,4338,6,6,,妥善,,妥善,,,,xlsx-xml,
hsk2015,sheet:新HSK5000词;row:4340,4339,6,6,,妥协,,妥协,,,,xlsx-xml,
hsk2015,sheet:新HSK5000词;row:4341,4340,6,6,,椭圆,,椭圆,,,,xlsx-xml,
hsk2015,sheet:新HSK5000词;row:4342,4341,6,6,,唾弃,,唾弃,,,,xlsx-xml,
hsk2015,sheet:新HSK5000词;row:4343,4342,6,6,,挖掘,,挖掘,,,,xlsx-xml,
hsk2015,sheet:新HSK5000词;row:4344,4343,6,6,,哇,,哇,,,,xlsx-xml,
hsk2015,sheet:新HSK5000词;row:4345,4344,6,6,,娃娃,,娃娃,,,,xlsx-xml,
hsk2015,sheet:新HSK5000词;row:4346,4345,6,6,,瓦解,,瓦解,,,,xlsx-xml,
hsk2015,sheet:新HSK5000词;row:4347,4346,6,6,,歪曲,,歪曲,,,,xlsx-xml,
hsk2015,sheet:新HSK5000词;row:4348,4347,6,6,,外表,,外表,,,,xlsx-xml,
hsk2015,sheet:新HSK5000词;row:4349,4348,6,6,,外行,,外行,,,,xlsx-xml,
hsk2015,sheet:新HSK5000词;row:4350,4349,6,6,,外界,,外界,,,,xlsx-xml,
hsk2015,sheet:新HSK5000词;row:4351,4350,6,6,,外向,,外向,,,,xlsx-xml,
hsk2015,sheet:新HSK5000词;row:4352,4351,6,6,,丸,,丸,,,,xlsx-xml,
hsk2015,sheet:新HSK5000词;row:4353,4352,6,6,,完备,,完备,,,,xlsx-xml,
hsk2015,sheet:新HSK5000词;row:4354,4353,6,6,,完毕,,完毕,,,,xlsx-xml,
hsk2015,sheet:新HSK5000词;row:4355,4354,6,6,,玩弄,,玩弄,,,,xlsx-xml,
hsk2015,sheet:新HSK5000词;row:4356,4355,6,6,,玩意儿,,玩意儿,,,,xlsx-xml,
hsk2015,sheet:新HSK5000词;row:4357,4356,6,6,,顽固,,顽固,,,,xlsx-xml,
hsk2015,sheet:新HSK5000词;row:4358,4357,6,6,,顽强,,顽强,,,,xlsx-xml,
hsk2015,sheet:新HSK5000词;row:4359,4358,6,6,,挽回,,挽回,,,,xlsx-xml,
hsk2015,sheet:新HSK5000词;row:4360,4359,6,6,,挽救,,挽救,,,,xlsx-xml,
hsk2015,sheet:新HSK5000词;row:4361,4360,6,6,,惋惜,,惋惜,,,,xlsx-xml,
hsk2015,sheet:新HSK5000词;row:4362,4361,6,6,,万分,,万分,,,,xlsx-xml,
hsk2015,sheet:新HSK5000词;row:4363,4362,6,6,,往常,,往常,,,,xlsx-xml,
hsk2015,sheet:新HSK5000词;row:4364,4363,6,6,,往事,,往事,,,,xlsx-xml,
hsk2015,sheet:新HSK5000词;row:4365,4364,6,6,,妄想,,妄想,,,,xlsx-xml,
hsk2015,sheet:新HSK5000词;row:4366,4365,6,6,,危机,,危机,,,,xlsx-xml,
hsk2015,sheet:新HSK5000词;row:4367,4366,6,6,,威风,,威风,,,,xlsx-xml,
hsk2015,sheet:新HSK5000词;row:4368,4367,6,6,,威力,,威力,,,,xlsx-xml,
hsk2015,sheet:新HSK5000词;row:4369,4368,6,6,,威望,,威望,,,,xlsx-xml,
hsk2015,sheet:新HSK5000词;row:4370,4369,6,6,,威信,,威信,,,,xlsx-xml,
hsk2015,sheet:新HSK5000词;row:4371,4370,6,6,,微不足道,,微不足道,,,,xlsx-xml,
hsk2015,sheet:新HSK5000词;row:4372,4371,6,6,,微观,,微观,,,,xlsx-xml,
hsk2015,sheet:新HSK5000词;row:4373,4372,6,6,,为难,,为难,,,,xlsx-xml,
hsk2015,sheet:新HSK5000词;row:4374,4373,6,6,,为期,,为期,,,,xlsx-xml,
hsk2015,sheet:新HSK5000词;row:4375,4374,6,6,,违背,,违背,,,,xlsx-xml,
hsk2015,sheet:新HSK5000词;row:4376,4375,6,6,,唯独,,唯独,,,,xlsx-xml,
hsk2015,sheet:新HSK5000词;row:4377,4376,6,6,,维持,,维持,,,,xlsx-xml,
hsk2015,sheet:新HSK5000词;row:4378,4377,6,6,,维护,,维护,,,,xlsx-xml,
hsk2015,sheet:新HSK5000词;row:4379,4378,6,6,,维生素,,维生素,,,,xlsx-xml,
hsk2015,sheet:新HSK5000词;row:4380,4379,6,6,,伪造,,伪造,,,,xlsx-xml,
hsk2015,sheet:新HSK5000词;row:4381,4380,6,6,,委托,,委托,,,,xlsx-xml,
hsk2015,sheet:新HSK5000词;row:4382,4381,6,6,,委员,,委员,,,,xlsx-xml,
hsk2015,sheet:新HSK5000词;row:4383,4382,6,6,,卫星,,卫星,,,,xlsx-xml,
hsk2015,sheet:新HSK5000词;row:4384,4383,6,6,,未免,,未免,,,,xlsx-xml,
hsk2015,sheet:新HSK5000词;row:4385,4384,6,6,,畏惧,,畏惧,,,,xlsx-xml,
hsk2015,sheet:新HSK5000词;row:4386,4385,6,6,,喂（动词）,,喂（动词）,,,,xlsx-xml,
hsk2015,sheet:新HSK5000词;row:4387,4386,6,6,,蔚蓝,,蔚蓝,,,,xlsx-xml,
hsk2015,sheet:新HSK5000词;row:4388,4387,6,6,,慰问,,慰问,,,,xlsx-xml,
hsk2015,sheet:新HSK5000词;row:4389,4388,6,6,,温带,,温带,,,,xlsx-xml,
hsk2015,sheet:新HSK5000词;row:4390,4389,6,6,,温和,,温和,,,,xlsx-xml,
hsk2015,sheet:新HSK5000词;row:4391,4390,6,6,,文凭,,文凭,,,,xlsx-xml,
hsk2015,sheet:新HSK5000词;row:4392,4391,6,6,,文物,,文物,,,,xlsx-xml,
hsk2015,sheet:新HSK5000词;row:4393,4392,6,6,,文献,,文献,,,,xlsx-xml,
hsk2015,sheet:新HSK5000词;row:4394,4393,6,6,,文雅,,文雅,,,,xlsx-xml,
hsk2015,sheet:新HSK5000词;row:4395,4394,6,6,,文艺,,文艺,,,,xlsx-xml,
hsk2015,sheet:新HSK5000词;row:4396,4395,6,6,,问世,,问世,,,,xlsx-xml,
hsk2015,sheet:新HSK5000词;row:4397,4396,6,6,,窝,,窝,,,,xlsx-xml,
hsk2015,sheet:新HSK5000词;row:4398,4397,6,6,,乌黑,,乌黑,,,,xlsx-xml,
hsk2015,sheet:新HSK5000词;row:4399,4398,6,6,,污蔑,,污蔑,,,,xlsx-xml,
hsk2015,sheet:新HSK5000词;row:4400,4399,6,6,,诬陷,,诬陷,,,,xlsx-xml,
hsk2015,sheet:新HSK5000词;row:4401,4400,6,6,,无比,,无比,,,,xlsx-xml,
hsk2015,sheet:新HSK5000词;row:4402,4401,6,6,,无偿,,无偿,,,,xlsx-xml,
hsk2015,sheet:新HSK5000词;row:4403,4402,6,6,,无耻,,无耻,,,,xlsx-xml,
hsk2015,sheet:新HSK5000词;row:4404,4403,6,6,,无动于衷,,无动于衷,,,,xlsx-xml,
hsk2015,sheet:新HSK5000词;row:4405,4404,6,6,,无非,,无非,,,,xlsx-xml,
hsk2015,sheet:新HSK5000词;row:4406,4405,6,6,,无辜,,无辜,,,,xlsx-xml,
hsk2015,sheet:新HSK5000词;row:4407,4406,6,6,,无精打采,,无精打采,,,,xlsx-xml,
hsk2015,sheet:新HSK5000词;row:4408,4407,6,6,,无赖,,无赖,,,,xlsx-xml,
hsk2015,sheet:新HSK5000词;row:4409,4408,6,6,,无理取闹,,无理取闹,,,,xlsx-xml,
hsk2015,sheet:新HSK5000词;row:4410,4409,6,6,,无能为力,,无能为力,,,,xlsx-xml,
hsk2015,sheet:新HSK5000词;row:4411,4410,6,6,,无穷无尽,,无穷无尽,,,,xlsx-xml,
hsk2015,sheet:新HSK5000词;row:4412,4411,6,6,,无微不至,,无微不至,,,,xlsx-xml,
hsk2015,sheet:新HSK5000词;row:4413,4412,6,6,,无忧无虑,,无忧无虑,,,,xlsx-xml,
hsk2015,sheet:新HSK5000词;row:4414,4413,6,6,,无知,,无知,,,,xlsx-xml,
hsk2015,sheet:新HSK5000词;row:4415,4414,6,6,,武器,,武器,,,,xlsx-xml,
hsk2015,sheet:新HSK5000词;row:4416,4415,6,6,,武侠,,武侠,,,,xlsx-xml,
hsk2015,sheet:新HSK5000词;row:4417,4416,6,6,,武装,,武装,,,,xlsx-xml,
hsk2015,sheet:新HSK5000词;row:4418,4417,6,6,,侮辱,,侮辱,,,,xlsx-xml,
hsk2015,sheet:新HSK5000词;row:4419,4418,6,6,,舞蹈,,舞蹈,,,,xlsx-xml,
hsk2015,sheet:新HSK5000词;row:4420,4419,6,6,,务必,,务必,,,,xlsx-xml,
hsk2015,sheet:新HSK5000词;row:4421,4420,6,6,,物美价廉,,物美价廉,,,,xlsx-xml,
hsk2015,sheet:新HSK5000词;row:4422,4421,6,6,,物业,,物业,,,,xlsx-xml,
hsk2015,sheet:新HSK5000词;row:4423,4422,6,6,,物资,,物资,,,,xlsx-xml,
hsk2015,sheet:新HSK5000词;row:4424,4423,6,6,,误差,,误差,,,,xlsx-xml,
hsk2015,sheet:新HSK5000词;row:4425,4424,6,6,,误解,,误解,,,,xlsx-xml,
hsk2015,sheet:新HSK5000词;row:4426,4425,6,6,,夕阳,,夕阳,,,,xlsx-xml,
hsk2015,sheet:新HSK5000词;row:4427,4426,6,6,,昔日,,昔日,,,,xlsx-xml,
hsk2015,sheet:新HSK5000词;row:4428,4427,6,6,,牺牲,,牺牲,,,,xlsx-xml,
hsk2015,sheet:新HSK5000词;row:4429,4428,6,6,,溪,,溪,,,,xlsx-xml,
hsk2015,sheet:新HSK5000词;row:4430,4429,6,6,,熄灭,,熄灭,,,,xlsx-xml,
hsk2015,sheet:新HSK5000词;row:4431,4430,6,6,,膝盖,,膝盖,,,,xlsx-xml,
hsk2015,sheet:新HSK5000词;row:4432,4431,6,6,,习俗,,习俗,,,,xlsx-xml,
hsk2015,sheet:新HSK5000词;row:4433,4432,6,6,,袭击,,袭击,,,,xlsx-xml,
hsk2015,sheet:新HSK5000词;row:4434,4433,6,6,,媳妇,,媳妇,,,,xlsx-xml,
hsk2015,sheet:新HSK5000词;row:4435,4434,6,6,,喜闻乐见,,喜闻乐见,,,,xlsx-xml,
hsk2015,sheet:新HSK5000词;row:4436,4435,6,6,,喜悦,,喜悦,,,,xlsx-xml,
hsk2015,sheet:新HSK5000词;row:4437,4436,6,6,,系列,,系列,,,,xlsx-xml,
hsk2015,sheet:新HSK5000词;row:4438,4437,6,6,,细胞,,细胞,,,,xlsx-xml,
hsk2015,sheet:新HSK5000词;row:4439,4438,6,6,,细菌,,细菌,,,,xlsx-xml,
hsk2015,sheet:新HSK5000词;row:4440,4439,6,6,,细致,,细致,,,,xlsx-xml,
hsk2015,sheet:新HSK5000词;row:4441,4440,6,6,,峡谷,,峡谷,,,,xlsx-xml,
hsk2015,sheet:新HSK5000词;row:4442,4441,6,6,,狭隘,,狭隘,,,,xlsx-xml,
hsk2015,sheet:新HSK5000词;row:4443,4442,6,6,,狭窄,,狭窄,,,,xlsx-xml,
hsk2015,sheet:新HSK5000词;row:4444,4443,6,6,,霞,,霞,,,,xlsx-xml,
hsk2015,sheet:新HSK5000词;row:4445,4444,6,6,,下属,,下属,,,,xlsx-xml,
hsk2015,sheet:新HSK5000词;row:4446,4445,6,6,,先进,,先进,,,,xlsx-xml,
hsk2015,sheet:新HSK5000词;row:4447,4446,6,6,,先前,,先前,,,,xlsx-xml,
hsk2015,sheet:新HSK5000词;row:4448,4447,6,6,,纤维,,纤维,,,,xlsx-xml,
hsk2015,sheet:新HSK5000词;row:4449,4448,6,6,,掀起,,掀起,,,,xlsx-xml,
hsk2015,sheet:新HSK5000词;row:4450,4449,6,6,,鲜明,,鲜明,,,,xlsx-xml,
hsk2015,sheet:新HSK5000词;row:4451,4450,6,6,,闲话,,闲话,,,,xlsx-xml,
hsk2015,sheet:新HSK5000词;row:4452,4451,6,6,,贤惠,,贤惠,,,,xlsx-xml,
hsk2015,sheet:新HSK5000词;row:4453,4452,6,6,,弦,,弦,,,,xlsx-xml,
hsk2015,sheet:新HSK5000词;row:4454,4453,6,6,,衔接,,衔接,,,,xlsx-xml,
hsk2015,sheet:新HSK5000词;row:4455,4454,6,6,,嫌,,嫌,,,,xlsx-xml,
hsk2015,sheet:新HSK5000词;row:4456,4455,6,6,,嫌疑,,嫌疑,,,,xlsx-xml,
hsk2015,sheet:新HSK5000词;row:4457,4456,6,6,,显著,,显著,,,,xlsx-xml,
hsk2015,sheet:新HSK5000词;row:4458,4457,6,6,,现场,,现场,,,,xlsx-xml,
hsk2015,sheet:新HSK5000词;row:4459,4458,6,6,,现成,,现成,,,,xlsx-xml,
hsk2015,sheet:新HSK5000词;row:4460,4459,6,6,,现状,,现状,,,,xlsx-xml,
hsk2015,sheet:新HSK5000词;row:4461,4460,6,6,,线索,,线索,,,,xlsx-xml,
hsk2015,sheet:新HSK5000词;row:4462,4461,6,6,,宪法,,宪法,,,,xlsx-xml,
hsk2015,sheet:新HSK5000词;row:4463,4462,6,6,,陷害,,陷害,,,,xlsx-xml,
hsk2015,sheet:新HSK5000词;row:4464,4463,6,6,,陷阱,,陷阱,,,,xlsx-xml,
hsk2015,sheet:新HSK5000词;row:4465,4464,6,6,,陷入,,陷入,,,,xlsx-xml,
hsk2015,sheet:新HSK5000词;row:4466,4465,6,6,,馅儿,,馅儿,,,,xlsx-xml,
hsk2015,sheet:新HSK5000词;row:4467,4466,6,6,,乡镇,,乡镇,,,,xlsx-xml,
hsk2015,sheet:新HSK5000词;row:4468,4467,6,6,,相差,,相差,,,,xlsx-xml,
hsk2015,sheet:新HSK5000词;row:4469,4468,6,6,,相等,,相等,,,,xlsx-xml,
hsk2015,sheet:新HSK5000词;row:4470,4469,6,6,,相辅相成,,相辅相成,,,,xlsx-xml,
hsk2015,sheet:新HSK5000词;row:4471,4470,6,6,,相应,,相应,,,,xlsx-xml,
hsk2015,sheet:新HSK5000词;row:4472,4471,6,6,,镶嵌,,镶嵌,,,,xlsx-xml,
hsk2015,sheet:新HSK5000词;row:4473,4472,6,6,,响亮,,响亮,,,,xlsx-xml,
hsk2015,sheet:新HSK5000词;row:4474,4473,6,6,,响应,,响应,,,,xlsx-xml,
hsk2015,sheet:新HSK5000词;row:4475,4474,6,6,,想方设法,,想方设法,,,,xlsx-xml,
hsk2015,sheet:新HSK5000词;row:4476,4475,6,6,,向导,,向导,,,,xlsx-xml,
hsk2015,sheet:新HSK5000词;row:4477,4476,6,6,,向来,,向来,,,,xlsx-xml,
hsk2015,sheet:新HSK5000词;row:4478,4477,6,6,,向往,,向往,,,,xlsx-xml,
hsk2015,sheet:新HSK5000词;row:4479,4478,6,6,,巷,,巷,,,,xlsx-xml,
hsk2015,sheet:新HSK5000词;row:4480,4479,6,6,,相声,,相声,,,,xlsx-xml,
hsk2015,sheet:新HSK5000词;row:4481,4480,6,6,,削,,削,,,,xlsx-xml,
hsk2015,sheet:新HSK5000词;row:4482,4481,6,6,,消除,,消除,,,,xlsx-xml,
hsk2015,sheet:新HSK5000词;row:4483,4482,6,6,,消毒,,消毒,,,,xlsx-xml,
hsk2015,sheet:新HSK5000词;row:4484,4483,6,6,,消防,,消防,,,,xlsx-xml,
hsk2015,sheet:新HSK5000词;row:4485,4484,6,6,,消耗,,消耗,,,,xlsx-xml,
hsk2015,sheet:新HSK5000词;row:4486,4485,6,6,,消灭,,消灭,,,,xlsx-xml,
hsk2015,sheet:新HSK5000词;row:4487,4486,6,6,,销毁,,销毁,,,,xlsx-xml,
hsk2015,sheet:新HSK5000词;row:4488,4487,6,6,,潇洒,,潇洒,,,,xlsx-xml,
hsk2015,sheet:新HSK5000词;row:4489,4488,6,6,,小心翼翼,,小心翼翼,,,,xlsx-xml,
hsk2015,sheet:新HSK5000词;row:4490,4489,6,6,,肖像,,肖像,,,,xlsx-xml,
hsk2015,sheet:新HSK5000词;row:4491,4490,6,6,,效益,,效益,,,,xlsx-xml,
hsk2015,sheet:新HSK5000词;row:4492,4491,6,6,,效应,,效应,,,,xlsx-xml,
hsk2015,sheet:新HSK5000词;row:4493,4492,6,6,,协会,,协会,,,,xlsx-xml,
hsk2015,sheet:新HSK5000词;row:4494,4493,6,6,,协商,,协商,,,,xlsx-xml,
hsk2015,sheet:新HSK5000词;row:4495,4494,6,6,,协调,,协调,,,,xlsx-xml,
hsk2015,sheet:新HSK5000词;row:4496,4495,6,6,,协议,,协议,,,,xlsx-xml,
hsk2015,sheet:新HSK5000词;row:4497,4496,6,6,,协助,,协助,,,,xlsx-xml,
hsk2015,sheet:新HSK5000词;row:4498,4497,6,6,,携带,,携带,,,,xlsx-xml,
hsk2015,sheet:新HSK5000词;row:4499,4498,6,6,,泄露,,泄露,,,,xlsx-xml,
hsk2015,sheet:新HSK5000词;row:4500,4499,6,6,,泄气,,泄气,,,,xlsx-xml,
hsk2015,sheet:新HSK5000词;row:4501,4500,6,6,,屑,,屑,,,,xlsx-xml,
hsk2015,sheet:新HSK5000词;row:4502,4501,6,6,,谢绝,,谢绝,,,,xlsx-xml,
hsk2015,sheet:新HSK5000词;row:4503,4502,6,6,,心得,,心得,,,,xlsx-xml,
hsk2015,sheet:新HSK5000词;row:4504,4503,6,6,,心甘情愿,,心甘情愿,,,,xlsx-xml,
hsk2015,sheet:新HSK5000词;row:4505,4504,6,6,,心灵,,心灵,,,,xlsx-xml,
hsk2015,sheet:新HSK5000词;row:4506,4505,6,6,,心态,,心态,,,,xlsx-xml,
hsk2015,sheet:新HSK5000词;row:4507,4506,6,6,,心疼,,心疼,,,,xlsx-xml,
hsk2015,sheet:新HSK5000词;row:4508,4507,6,6,,心血,,心血,,,,xlsx-xml,
hsk2015,sheet:新HSK5000词;row:4509,4508,6,6,,心眼儿,,心眼儿,,,,xlsx-xml,
hsk2015,sheet:新HSK5000词;row:4510,4509,6,6,,辛勤,,辛勤,,,,xlsx-xml,
hsk2015,sheet:新HSK5000词;row:4511,4510,6,6,,欣慰,,欣慰,,,,xlsx-xml,
hsk2015,sheet:新HSK5000词;row:4512,4511,6,6,,欣欣向荣,,欣欣向荣,,,,xlsx-xml,
hsk2015,sheet:新HSK5000词;row:4513,4512,6,6,,新陈代谢,,新陈代谢,,,,xlsx-xml,
hsk2015,sheet:新HSK5000词;row:4514,4513,6,6,,新郎,,新郎,,,,xlsx-xml,
hsk2015,sheet:新HSK5000词;row:4515,4514,6,6,,新娘,,新娘,,,,xlsx-xml,
hsk2015,sheet:新HSK5000词;row:4516,4515,6,6,,新颖,,新颖,,,,xlsx-xml,
hsk2015,sheet:新HSK5000词;row:4517,4516,6,6,,薪水,,薪水,,,,xlsx-xml,
hsk2015,sheet:新HSK5000词;row:4518,4517,6,6,,信赖,,信赖,,,,xlsx-xml,
hsk2015,sheet:新HSK5000词;row:4519,4518,6,6,,信念,,信念,,,,xlsx-xml,
hsk2015,sheet:新HSK5000词;row:4520,4519,6,6,,信仰,,信仰,,,,xlsx-xml,
hsk2015,sheet:新HSK5000词;row:4521,4520,6,6,,信誉,,信誉,,,,xlsx-xml,
hsk2015,sheet:新HSK5000词;row:4522,4521,6,6,,兴隆,,兴隆,,,,xlsx-xml,
hsk2015,sheet:新HSK5000词;row:4523,4522,6,6,,兴旺,,兴旺,,,,xlsx-xml,
hsk2015,sheet:新HSK5000词;row:4524,4523,6,6,,腥,,腥,,,,xlsx-xml,
hsk2015,sheet:新HSK5000词;row:4525,4524,6,6,,刑事,,刑事,,,,xlsx-xml,
hsk2015,sheet:新HSK5000词;row:4526,4525,6,6,,行政,,行政,,,,xlsx-xml,
hsk2015,sheet:新HSK5000词;row:4527,4526,6,6,,形态,,形态,,,,xlsx-xml,
hsk2015,sheet:新HSK5000词;row:4528,4527,6,6,,兴高采烈,,兴高采烈,,,,xlsx-xml,
hsk2015,sheet:新HSK5000词;row:4529,4528,6,6,,兴致勃勃,,兴致勃勃,,,,xlsx-xml,
hsk2015,sheet:新HSK5000词;row:4530,4529,6,6,,性感,,性感,,,,xlsx-xml,
hsk2015,sheet:新HSK5000词;row:4531,4530,6,6,,性命,,性命,,,,xlsx-xml,
hsk2015,sheet:新HSK5000词;row:4532,4531,6,6,,性能,,性能,,,,xlsx-xml,
hsk2015,sheet:新HSK5000词;row:4533,4532,6,6,,凶恶,,凶恶,,,,xlsx-xml,
hsk2015,sheet:新HSK5000词;row:4534,4533,6,6,,凶手,,凶手,,,,xlsx-xml,
hsk2015,sheet:新HSK5000词;row:4535,4534,6,6,,汹涌,,汹涌,,,,xlsx-xml,
hsk2015,sheet:新HSK5000词;row:4536,4535,6,6,,胸怀,,胸怀,,,,xlsx-xml,
hsk2015,sheet:新HSK5000词;row:4537,4536,6,6,,胸膛,,胸膛,,,,xlsx-xml,
hsk2015,sheet:新HSK5000词;row:4538,4537,6,6,,雄厚,,雄厚,,,,xlsx-xml,
hsk2015,sheet:新HSK5000词;row:4539,4538,6,6,,雄伟,,雄伟,,,,xlsx-xml,
hsk2015,sheet:新HSK5000词;row:4540,4539,6,6,,修复,,修复,,,,xlsx-xml,
hsk2015,sheet:新HSK5000词;row:4541,4540,6,6,,修建,,修建,,,,xlsx-xml,
hsk2015,sheet:新HSK5000词;row:4542,4541,6,6,,修养,,修养,,,,xlsx-xml,
hsk2015,sheet:新HSK5000词;row:4543,4542,6,6,,羞耻,,羞耻,,,,xlsx-xml,
hsk2015,sheet:新HSK5000词;row:4544,4543,6,6,,绣,,绣,,,,xlsx-xml,
hsk2015,sheet:新HSK5000词;row:4545,4544,6,6,,嗅觉,,嗅觉,,,,xlsx-xml,
hsk2015,sheet:新HSK5000词;row:4546,4545,6,6,,须知,,须知,,,,xlsx-xml,
hsk2015,sheet:新HSK5000词;row:4547,4546,6,6,,虚假,,虚假,,,,xlsx-xml,
hsk2015,sheet:新HSK5000词;row:4548,4547,6,6,,虚荣,,虚荣,,,,xlsx-xml,
hsk2015,sheet:新HSK5000词;row:4549,4548,6,6,,虚伪,,虚伪,,,,xlsx-xml,
hsk2015,sheet:新HSK5000词;row:4550,4549,6,6,,需求,,需求,,,,xlsx-xml,
hsk2015,sheet:新HSK5000词;row:4551,4550,6,6,,许可,,许可,,,,xlsx-xml,
hsk2015,sheet:新HSK5000词;row:4552,4551,6,6,,序言,,序言,,,,xlsx-xml,
hsk2015,sheet:新HSK5000词;row:4553,4552,6,6,,畜牧,,畜牧,,,,xlsx-xml,
hsk2015,sheet:新HSK5000词;row:4554,4553,6,6,,酗酒,,酗酒,,,,xlsx-xml,
hsk2015,sheet:新HSK5000词;row:4555,4554,6,6,,宣誓,,宣誓,,,,xlsx-xml,
hsk2015,sheet:新HSK5000词;row:4556,4555,6,6,,宣扬,,宣扬,,,,xlsx-xml,
hsk2015,sheet:新HSK5000词;row:4557,4556,6,6,,喧哗,,喧哗,,,,xlsx-xml,
hsk2015,sheet:新HSK5000词;row:4558,4557,6,6,,悬挂,,悬挂,,,,xlsx-xml,
hsk2015,sheet:新HSK5000词;row:4559,4558,6,6,,悬念,,悬念,,,,xlsx-xml,
hsk2015,sheet:新HSK5000词;row:4560,4559,6,6,,悬殊,,悬殊,,,,xlsx-xml,
hsk2015,sheet:新HSK5000词;row:4561,4560,6,6,,悬崖峭壁,,悬崖峭壁,,,,xlsx-xml,
hsk2015,sheet:新HSK5000词;row:4562,4561,6,6,,旋律,,旋律,,,,xlsx-xml,
hsk2015,sheet:新HSK5000词;row:4563,4562,6,6,,旋转,,旋转,,,,xlsx-xml,
hsk2015,sheet:新HSK5000词;row:4564,4563,6,6,,选拔,,选拔,,,,xlsx-xml,
hsk2015,sheet:新HSK5000词;row:4565,4564,6,6,,选举,,选举,,,,xlsx-xml,
hsk2015,sheet:新HSK5000词;row:4566,4565,6,6,,选手,,选手,,,,xlsx-xml,
hsk2015,sheet:新HSK5000词;row:4567,4566,6,6,,炫耀,,炫耀,,,,xlsx-xml,
hsk2015,sheet:新HSK5000词;row:4568,4567,6,6,,削弱,,削弱,,,,xlsx-xml,
hsk2015,sheet:新HSK5000词;row:4569,4568,6,6,,学说,,学说,,,,xlsx-xml,
hsk2015,sheet:新HSK5000词;row:4570,4569,6,6,,学位,,学位,,,,xlsx-xml,
hsk2015,sheet:新HSK5000词;row:4571,4570,6,6,,雪上加霜,,雪上加霜,,,,xlsx-xml,
hsk2015,sheet:新HSK5000词;row:4572,4571,6,6,,血压,,血压,,,,xlsx-xml,
hsk2015,sheet:新HSK5000词;row:4573,4572,6,6,,熏陶,,熏陶,,,,xlsx-xml,
hsk2015,sheet:新HSK5000词;row:4574,4573,6,6,,寻觅,,寻觅,,,,xlsx-xml,
hsk2015,sheet:新HSK5000词;row:4575,4574,6,6,,巡逻,,巡逻,,,,xlsx-xml,
hsk2015,sheet:新HSK5000词;row:4576,4575,6,6,,循环,,循环,,,,xlsx-xml,
hsk2015,sheet:新HSK5000词;row:4577,4576,6,6,,循序渐进,,循序渐进,,,,xlsx-xml,
hsk2015,sheet:新HSK5000词;row:4578,4577,6,6,,压迫,,压迫,,,,xlsx-xml,
hsk2015,sheet:新HSK5000词;row:4579,4578,6,6,,压岁钱,,压岁钱,,,,xlsx-xml,
hsk2015,sheet:新HSK5000词;row:4580,4579,6,6,,压缩,,压缩,,,,xlsx-xml,
hsk2015,sheet:新HSK5000词;row:4581,4580,6,6,,压抑,,压抑,,,,xlsx-xml,
hsk2015,sheet:新HSK5000词;row:4582,4581,6,6,,压榨,,压榨,,,,xlsx-xml,
hsk2015,sheet:新HSK5000词;row:4583,4582,6,6,,压制,,压制,,,,xlsx-xml,
hsk2015,sheet:新HSK5000词;row:4584,4583,6,6,,鸦雀无声,,鸦雀无声,,,,xlsx-xml,
hsk2015,sheet:新HSK5000词;row:4585,4584,6,6,,亚军,,亚军,,,,xlsx-xml,
hsk2015,sheet:新HSK5000词;row:4586,4585,6,6,,烟花爆竹,,烟花爆竹,,,,xlsx-xml,
hsk2015,sheet:新HSK5000词;row:4587,4586,6,6,,淹没,,淹没,,,,xlsx-xml,
hsk2015,sheet:新HSK5000词;row:4588,4587,6,6,,延期,,延期,,,,xlsx-xml,
hsk2015,sheet:新HSK5000词;row:4589,4588,6,6,,延伸,,延伸,,,,xlsx-xml,
hsk2015,sheet:新HSK5000词;row:4590,4589,6,6,,延续,,延续,,,,xlsx-xml,
hsk2015,sheet:新HSK5000词;row:4591,4590,6,6,,严寒,,严寒,,,,xlsx-xml,
hsk2015,sheet:新HSK5000词;row:4592,4591,6,6,,严禁,,严禁,,,,xlsx-xml,
hsk2015,sheet:新HSK5000词;row:4593,4592,6,6,,严峻,,严峻,,,,xlsx-xml,
hsk2015,sheet:新HSK5000词;row:4594,4593,6,6,,严厉,,严厉,,,,xlsx-xml,
hsk2015,sheet:新HSK5000词;row:4595,4594,6,6,,严密,,严密,,,,xlsx-xml,
hsk2015,sheet:新HSK5000词;row:4596,4595,6,6,,言论,,言论,,,,xlsx-xml,
hsk2015,sheet:新HSK5000词;row:4597,4596,6,6,,岩石,,岩石,,,,xlsx-xml,
hsk2015,sheet:新HSK5000词;row:4598,4597,6,6,,炎热,,炎热,,,,xlsx-xml,
hsk2015,sheet:新HSK5000词;row:4599,4598,6,6,,沿海,,沿海,,,,xlsx-xml,
hsk2015,sheet:新HSK5000词;row:4600,4599,6,6,,掩盖,,掩盖,,,,xlsx-xml,
hsk2015,sheet:新HSK5000词;row:4601,4600,6,6,,掩护,,掩护,,,,xlsx-xml,
hsk2015,sheet:新HSK5000词;row:4602,4601,6,6,,掩饰,,掩饰,,,,xlsx-xml,
hsk2015,sheet:新HSK5000词;row:4603,4602,6,6,,眼光,,眼光,,,,xlsx-xml,
hsk2015,sheet:新HSK5000词;row:4604,4603,6,6,,眼色,,眼色,,,,xlsx-xml,
hsk2015,sheet:新HSK5000词;row:4605,4604,6,6,,眼神,,眼神,,,,xlsx-xml,
hsk2015,sheet:新HSK5000词;row:4606,4605,6,6,,演变,,演变,,,,xlsx-xml,
hsk2015,sheet:新HSK5000词;row:4607,4606,6,6,,演习,,演习,,,,xlsx-xml,
hsk2015,sheet:新HSK5000词;row:4608,4607,6,6,,演绎,,演绎,,,,xlsx-xml,
hsk2015,sheet:新HSK5000词;row:4609,4608,6,6,,演奏,,演奏,,,,xlsx-xml,
hsk2015,sheet:新HSK5000词;row:4610,4609,6,6,,厌恶,,厌恶,,,,xlsx-xml,
hsk2015,sheet:新HSK5000词;row:4611,4610,6,6,,验收,,验收,,,,xlsx-xml,
hsk2015,sheet:新HSK5000词;row:4612,4611,6,6,,验证,,验证,,,,xlsx-xml,
hsk2015,sheet:新HSK5000词;row:4613,4612,6,6,,氧气,,氧气,,,,xlsx-xml,
hsk2015,sheet:新HSK5000词;row:4614,4613,6,6,,样品,,样品,,,,xlsx-xml,
hsk2015,sheet:新HSK5000词;row:4615,4614,6,6,,谣言,,谣言,,,,xlsx-xml,
hsk2015,sheet:新HSK5000词;row:4616,4615,6,6,,摇摆,,摇摆,,,,xlsx-xml,
hsk2015,sheet:新HSK5000词;row:4617,4616,6,6,,摇滚,,摇滚,,,,xlsx-xml,
hsk2015,sheet:新HSK5000词;row:4618,4617,6,6,,遥控,,遥控,,,,xlsx-xml,
hsk2015,sheet:新HSK5000词;row:4619,4618,6,6,,遥远,,遥远,,,,xlsx-xml,
hsk2015,sheet:新HSK5000词;row:4620,4619,6,6,,要点,,要点,,,,xlsx-xml,
hsk2015,sheet:新HSK5000词;row:4621,4620,6,6,,要命,,要命,,,,xlsx-xml,
hsk2015,sheet:新HSK5000词;row:4622,4621,6,6,,要素,,要素,,,,xlsx-xml,
hsk2015,sheet:新HSK5000词;row:4623,4622,6,6,,耀眼,,耀眼,,,,xlsx-xml,
hsk2015,sheet:新HSK5000词;row:4624,4623,6,6,,野蛮,,野蛮,,,,xlsx-xml,
hsk2015,sheet:新HSK5000词;row:4625,4624,6,6,,野心,,野心,,,,xlsx-xml,
hsk2015,sheet:新HSK5000词;row:4626,4625,6,6,,液体,,液体,,,,xlsx-xml,
hsk2015,sheet:新HSK5000词;row:4627,4626,6,6,,一度,,一度,,,,xlsx-xml,
hsk2015,sheet:新HSK5000词;row:4628,4627,6,6,,一帆风顺,,一帆风顺,,,,xlsx-xml,
hsk2015,sheet:新HSK5000词;row:4629,4628,6,6,,一贯,,一贯,,,,xlsx-xml,
hsk2015,sheet:新HSK5000词;row:4630,4629,6,6,,一举两得,,一举两得,,,,xlsx-xml,
hsk2015,sheet:新HSK5000词;row:4631,4630,6,6,,一流,,一流,,,,xlsx-xml,
hsk2015,sheet:新HSK5000词;row:4632,4631,6,6,,一目了然,,一目了然,,,,xlsx-xml,
hsk2015,sheet:新HSK5000词;row:4633,4632,6,6,,一如既往,,一如既往,,,,xlsx-xml,
hsk2015,sheet:新HSK5000词;row:4634,4633,6,6,,一丝不苟,,一丝不苟,,,,xlsx-xml,
hsk2015,sheet:新HSK5000词;row:4635,4634,6,6,,一向,,一向,,,,xlsx-xml,
hsk2015,sheet:新HSK5000词;row:4636,4635,6,6,,衣裳,,衣裳,,,,xlsx-xml,
hsk2015,sheet:新HSK5000词;row:4637,4636,6,6,,依旧,,依旧,,,,xlsx-xml,
hsk2015,sheet:新HSK5000词;row:4638,4637,6,6,,依据,,依据,,,,xlsx-xml,
hsk2015,sheet:新HSK5000词;row:4639,4638,6,6,,依靠,,依靠,,,,xlsx-xml,
hsk2015,sheet:新HSK5000词;row:4640,4639,6,6,,依赖,,依赖,,,,xlsx-xml,
hsk2015,sheet:新HSK5000词;row:4641,4640,6,6,,依托,,依托,,,,xlsx-xml,
hsk2015,sheet:新HSK5000词;row:4642,4641,6,6,,仪器,,仪器,,,,xlsx-xml,
hsk2015,sheet:新HSK5000词;row:4643,4642,6,6,,仪式,,仪式,,,,xlsx-xml,
hsk2015,sheet:新HSK5000词;row:4644,4643,6,6,,遗产,,遗产,,,,xlsx-xml,
hsk2015,sheet:新HSK5000词;row:4645,4644,6,6,,遗传,,遗传,,,,xlsx-xml,
hsk2015,sheet:新HSK5000词;row:4646,4645,6,6,,遗留,,遗留,,,,xlsx-xml,
hsk2015,sheet:新HSK5000词;row:4647,4646,6,6,,遗失,,遗失,,,,xlsx-xml,
hsk2015,sheet:新HSK5000词;row:4648,4647,6,6,,疑惑,,疑惑,,,,xlsx-xml,
hsk2015,sheet:新HSK5000词;row:4649,4648,6,6,,以便,,以便,,,,xlsx-xml,
hsk2015,sheet:新HSK5000词;row:4650,4649,6,6,,以免,,以免,,,,xlsx-xml,
hsk2015,sheet:新HSK5000词;row:4651,4650,6,6,,以往,,以往,,,,xlsx-xml,
hsk2015,sheet:新HSK5000词;row:4652,4651,6,6,,以至,,以至,,,,xlsx-xml,
hsk2015,sheet:新HSK5000词;row:4653,4652,6,6,,以致,,以致,,,,xlsx-xml,
hsk2015,sheet:新HSK5000词;row:4654,4653,6,6,,亦,,亦,,,,xlsx-xml,
hsk2015,sheet:新HSK5000词;row:4655,4654,6,6,,异常,,异常,,,,xlsx-xml,
hsk2015,sheet:新HSK5000词;row:4656,4655,6,6,,意料,,意料,,,,xlsx-xml,
hsk2015,sheet:新HSK5000词;row:4657,4656,6,6,,意识,,意识,,,,xlsx-xml,
hsk2015,sheet:新HSK5000词;row:4658,4657,6,6,,意图,,意图,,,,xlsx-xml,
hsk2015,sheet:新HSK5000词;row:4659,4658,6,6,,意味着,,意味着,,,,xlsx-xml,
hsk2015,sheet:新HSK5000词;row:4660,4659,6,6,,意向,,意向,,,,xlsx-xml,
hsk2015,sheet:新HSK5000词;row:4661,4660,6,6,,意志,,意志,,,,xlsx-xml,
hsk2015,sheet:新HSK5000词;row:4662,4661,6,6,,毅力,,毅力,,,,xlsx-xml,
hsk2015,sheet:新HSK5000词;row:4663,4662,6,6,,毅然,,毅然,,,,xlsx-xml,
hsk2015,sheet:新HSK5000词;row:4664,4663,6,6,,翼,,翼,,,,xlsx-xml,
hsk2015,sheet:新HSK5000词;row:4665,4664,6,6,,阴谋,,阴谋,,,,xlsx-xml,
hsk2015,sheet:新HSK5000词;row:4666,4665,6,6,,音响,,音响,,,,xlsx-xml,
hsk2015,sheet:新HSK5000词;row:4667,4666,6,6,,引导,,引导,,,,xlsx-xml,
hsk2015,sheet:新HSK5000词;row:4668,4667,6,6,,引擎,,引擎,,,,xlsx-xml,
hsk2015,sheet:新HSK5000词;row:4669,4668,6,6,,引用,,引用,,,,xlsx-xml,
hsk2015,sheet:新HSK5000词;row:4670,4669,6,6,,饮食,,饮食,,,,xlsx-xml,
hsk2015,sheet:新HSK5000词;row:4671,4670,6,6,,隐蔽,,隐蔽,,,,xlsx-xml,
hsk2015,sheet:新HSK5000词;row:4672,4671,6,6,,隐患,,隐患,,,,xlsx-xml,
hsk2015,sheet:新HSK5000词;row:4673,4672,6,6,,隐瞒,,隐瞒,,,,xlsx-xml,
hsk2015,sheet:新HSK5000词;row:4674,4673,6,6,,隐私,,隐私,,,,xlsx-xml,
hsk2015,sheet:新HSK5000词;row:4675,4674,6,6,,隐约,,隐约,,,,xlsx-xml,
hsk2015,sheet:新HSK5000词;row:4676,4675,6,6,,英明,,英明,,,,xlsx-xml,
hsk2015,sheet:新HSK5000词;row:4677,4676,6,6,,英勇,,英勇,,,,xlsx-xml,
hsk2015,sheet:新HSK5000词;row:4678,4677,6,6,,婴儿,,婴儿,,,,xlsx-xml,
hsk2015,sheet:新HSK5000词;row:4679,4678,6,6,,迎面,,迎面,,,,xlsx-xml,
hsk2015,sheet:新HSK5000词;row:4680,4679,6,6,,盈利,,盈利,,,,xlsx-xml,
hsk2015,sheet:新HSK5000词;row:4681,4680,6,6,,应酬,,应酬,,,,xlsx-xml,
hsk2015,sheet:新HSK5000词;row:4682,4681,6,6,,应邀,,应邀,,,,xlsx-xml,
hsk2015,sheet:新HSK5000词;row:4683,4682,6,6,,拥护,,拥护,,,,xlsx-xml,
hsk2015,sheet:新HSK5000词;row:4684,4683,6,6,,拥有,,拥有,,,,xlsx-xml,
hsk2015,sheet:新HSK5000词;row:4685,4684,6,6,,庸俗,,庸俗,,,,xlsx-xml,
hsk2015,sheet:新HSK5000词;row:4686,4685,6,6,,永恒,,永恒,,,,xlsx-xml,
hsk2015,sheet:新HSK5000词;row:4687,4686,6,6,,勇于,,勇于,,,,xlsx-xml,
hsk2015,sheet:新HSK5000词;row:4688,4687,6,6,,涌现,,涌现,,,,xlsx-xml,
hsk2015,sheet:新HSK5000词;row:4689,4688,6,6,,踊跃,,踊跃,,,,xlsx-xml,
hsk2015,sheet:新HSK5000词;row:4690,4689,6,6,,用户,,用户,,,,xlsx-xml,
hsk2015,sheet:新HSK5000词;row:4691,4690,6,6,,优胜劣汰,,优胜劣汰,,,,xlsx-xml,
hsk2015,sheet:新HSK5000词;row:4692,4691,6,6,,优先,,优先,,,,xlsx-xml,
hsk2015,sheet:新HSK5000词;row:4693,4692,6,6,,优异,,优异,,,,xlsx-xml,
hsk2015,sheet:新HSK5000词;row:4694,4693,6,6,,优越,,优越,,,,xlsx-xml,
hsk2015,sheet:新HSK5000词;row:4695,4694,6,6,,忧郁,,忧郁,,,,xlsx-xml,
hsk2015,sheet:新HSK5000词;row:4696,4695,6,6,,犹如,,犹如,,,,xlsx-xml,
hsk2015,sheet:新HSK5000词;row:4697,4696,6,6,,油腻,,油腻,,,,xlsx-xml,
hsk2015,sheet:新HSK5000词;row:4698,4697,6,6,,油漆,,油漆,,,,xlsx-xml,
hsk2015,sheet:新HSK5000词;row:4699,4698,6,6,,有条不紊,,有条不紊,,,,xlsx-xml,
hsk2015,sheet:新HSK5000词;row:4700,4699,6,6,,幼稚,,幼稚,,,,xlsx-xml,
hsk2015,sheet:新HSK5000词;row:4701,4700,6,6,,诱惑,,诱惑,,,,xlsx-xml,
hsk2015,sheet:新HSK5000词;row:4702,4701,6,6,,渔民,,渔民,,,,xlsx-xml,
hsk2015,sheet:新HSK5000词;row:4703,4702,6,6,,愚蠢,,愚蠢,,,,xlsx-xml,
hsk2015,sheet:新HSK5000词;row:4704,4703,6,6,,愚昧,,愚昧,,,,xlsx-xml,
hsk2015,sheet:新HSK5000词;row:4705,4704,6,6,,舆论,,舆论,,,,xlsx-xml,
hsk2015,sheet:新HSK5000词;row:4706,4705,6,6,,与日俱增,,与日俱增,,,,xlsx-xml,
hsk2015,sheet:新HSK5000词;row:4707,4706,6,6,,宇宙,,宇宙,,,,xlsx-xml,
hsk2015,sheet:新HSK5000词;row:4708,4707,6,6,,羽绒服,,羽绒服,,,,xlsx-xml,
hsk2015,sheet:新HSK5000词;row:4709,4708,6,6,,玉,,玉,,,,xlsx-xml,
hsk2015,sheet:新HSK5000词;row:4710,4709,6,6,,预料,,预料,,,,xlsx-xml,
hsk2015,sheet:新HSK5000词;row:4711,4710,6,6,,预期,,预期,,,,xlsx-xml,
hsk2015,sheet:新HSK5000词;row:4712,4711,6,6,,预算,,预算,,,,xlsx-xml,
hsk2015,sheet:新HSK5000词;row:4713,4712,6,6,,预先,,预先,,,,xlsx-xml,
hsk2015,sheet:新HSK5000词;row:4714,4713,6,6,,预言,,预言,,,,xlsx-xml,
hsk2015,sheet:新HSK5000词;row:4715,4714,6,6,,预兆,,预兆,,,,xlsx-xml,
hsk2015,sheet:新HSK5000词;row:4716,4715,6,6,,欲望,,欲望,,,,xlsx-xml,
hsk2015,sheet:新HSK5000词;row:4717,4716,6,6,,寓言,,寓言,,,,xlsx-xml,
hsk2015,sheet:新HSK5000词;row:4718,4717,6,6,,愈,,愈,,,,xlsx-xml,
hsk2015,sheet:新HSK5000词;row:4719,4718,6,6,,冤枉,,冤枉,,,,xlsx-xml,
hsk2015,sheet:新HSK5000词;row:4720,4719,6,6,,元首,,元首,,,,xlsx-xml,
hsk2015,sheet:新HSK5000词;row:4721,4720,6,6,,元素,,元素,,,,xlsx-xml,
hsk2015,sheet:新HSK5000词;row:4722,4721,6,6,,元宵节,,元宵节,,,,xlsx-xml,
hsk2015,sheet:新HSK5000词;row:4723,4722,6,6,,园林,,园林,,,,xlsx-xml,
hsk2015,sheet:新HSK5000词;row:4724,4723,6,6,,原告,,原告,,,,xlsx-xml,
hsk2015,sheet:新HSK5000词;row:4725,4724,6,6,,原理,,原理,,,,xlsx-xml,
hsk2015,sheet:新HSK5000词;row:4726,4725,6,6,,原始,,原始,,,,xlsx-xml,
hsk2015,sheet:新HSK5000词;row:4727,4726,6,6,,原先,,原先,,,,xlsx-xml,
hsk2015,sheet:新HSK5000词;row:4728,4727,6,6,,圆满,,圆满,,,,xlsx-xml,
hsk2015,sheet:新HSK5000词;row:4729,4728,6,6,,缘故,,缘故,,,,xlsx-xml,
hsk2015,sheet:新HSK5000词;row:4730,4729,6,6,,源泉,,源泉,,,,xlsx-xml,
hsk2015,sheet:新HSK5000词;row:4731,4730,6,6,,约束,,约束,,,,xlsx-xml,
hsk2015,sheet:新HSK5000词;row:4732,4731,6,6,,乐谱,,乐谱,,,,xlsx-xml,
hsk2015,sheet:新HSK5000词;row:4733,4732,6,6,,岳母,,岳母,,,,xlsx-xml,
hsk2015,sheet:新HSK5000词;row:4734,4733,6,6,,孕育,,孕育,,,,xlsx-xml,
hsk2015,sheet:新HSK5000词;row:4735,4734,6,6,,运算,,运算,,,,xlsx-xml,
hsk2015,sheet:新HSK5000词;row:4736,4735,6,6,,运行,,运行,,,,xlsx-xml,
hsk2015,sheet:新HSK5000词;row:4737,4736,6,6,,酝酿,,酝酿,,,,xlsx-xml,
hsk2015,sheet:新HSK5000词;row:4738,4737,6,6,,蕴藏,,蕴藏,,,,xlsx-xml,
hsk2015,sheet:新HSK5000词;row:4739,4738,6,6,,熨,,熨,,,,xlsx-xml,
hsk2015,sheet:新HSK5000词;row:4740,4739,6,6,,杂技,,杂技,,,,xlsx-xml,
hsk2015,sheet:新HSK5000词;row:4741,4740,6,6,,杂交,,杂交,,,,xlsx-xml,
hsk2015,sheet:新HSK5000词;row:4742,4741,6,6,,砸,,砸,,,,xlsx-xml,
hsk2015,sheet:新HSK5000词;row:4743,4742,6,6,,咋,,咋,,,,xlsx-xml,
hsk2015,sheet:新HSK5000词;row:4744,4743,6,6,,灾难,,灾难,,,,xlsx-xml,
hsk2015,sheet:新HSK5000词;row:4745,4744,6,6,,栽培,,栽培,,,,xlsx-xml,
hsk2015,sheet:新HSK5000词;row:4746,4745,6,6,,宰,,宰,,,,xlsx-xml,
hsk2015,sheet:新HSK5000词;row:4747,4746,6,6,,再接再厉,,再接再厉,,,,xlsx-xml,
hsk2015,sheet:新HSK5000词;row:4748,4747,6,6,,在意,,在意,,,,xlsx-xml,
hsk2015,sheet:新HSK5000词;row:4749,4748,6,6,,攒,,攒,,,,xlsx-xml,
hsk2015,sheet:新HSK5000词;row:4750,4749,6,6,,暂且,,暂且,,,,xlsx-xml,
hsk2015,sheet:新HSK5000词;row:4751,4750,6,6,,赞叹,,赞叹,,,,xlsx-xml,
hsk2015,sheet:新HSK5000词;row:4752,4751,6,6,,赞助,,赞助,,,,xlsx-xml,
hsk2015,sheet:新HSK5000词;row:4753,4752,6,6,,遭受,,遭受,,,,xlsx-xml,
hsk2015,sheet:新HSK5000词;row:4754,4753,6,6,,遭殃,,遭殃,,,,xlsx-xml,
hsk2015,sheet:新HSK5000词;row:4755,4754,6,6,,遭遇,,遭遇,,,,xlsx-xml,
hsk2015,sheet:新HSK5000词;row:4756,4755,6,6,,糟蹋,,糟蹋,,,,xlsx-xml,
hsk2015,sheet:新HSK5000词;row:4757,4756,6,6,,造型,,造型,,,,xlsx-xml,
hsk2015,sheet:新HSK5000词;row:4758,4757,6,6,,噪音,,噪音,,,,xlsx-xml,
hsk2015,sheet:新HSK5000词;row:4759,4758,6,6,,责怪,,责怪,,,,xlsx-xml,
hsk2015,sheet:新HSK5000词;row:4760,4759,6,6,,贼,,贼,,,,xlsx-xml,
hsk2015,sheet:新HSK5000词;row:4761,4760,6,6,,增添,,增添,,,,xlsx-xml,
hsk2015,sheet:新HSK5000词;row:4762,4761,6,6,,赠送,,赠送,,,,xlsx-xml,
hsk2015,sheet:新HSK5000词;row:4763,4762,6,6,,扎,,扎,,,,xlsx-xml,
hsk2015,sheet:新HSK5000词;row:4764,4763,6,6,,扎实,,扎实,,,,xlsx-xml,
hsk2015,sheet:新HSK5000词;row:4765,4764,6,6,,渣,,渣,,,,xlsx-xml,
hsk2015,sheet:新HSK5000词;row:4766,4765,6,6,,眨,,眨,,,,xlsx-xml,
hsk2015,sheet:新HSK5000词;row:4767,4766,6,6,,诈骗,,诈骗,,,,xlsx-xml,
hsk2015,sheet:新HSK5000词;row:4768,4767,6,6,,摘要,,摘要,,,,xlsx-xml,
hsk2015,sheet:新HSK5000词;row:4769,4768,6,6,,债券,,债券,,,,xlsx-xml,
hsk2015,sheet:新HSK5000词;row:4770,4769,6,6,,沾光,,沾光,,,,xlsx-xml,
hsk2015,sheet:新HSK5000词;row:4771,4770,6,6,,瞻仰,,瞻仰,,,,xlsx-xml,
hsk2015,sheet:新HSK5000词;row:4772,4771,6,6,,斩钉截铁,,斩钉截铁,,,,xlsx-xml,
hsk2015,sheet:新HSK5000词;row:4773,4772,6,6,,展示,,展示,,,,xlsx-xml,
hsk2015,sheet:新HSK5000词;row:4774,4773,6,6,,展望,,展望,,,,xlsx-xml,
hsk2015,sheet:新HSK5000词;row:4775,4774,6,6,,展现,,展现,,,,xlsx-xml,
hsk2015,sheet:新HSK5000词;row:4776,4775,6,6,,崭新,,崭新,,,,xlsx-xml,
hsk2015,sheet:新HSK5000词;row:4777,4776,6,6,,占据,,占据,,,,xlsx-xml,
hsk2015,sheet:新HSK5000词;row:4778,4777,6,6,,占领,,占领,,,,xlsx-xml,
hsk2015,sheet:新HSK5000词;row:4779,4778,6,6,,战斗,,战斗,,,,xlsx-xml,
hsk2015,sheet:新HSK5000词;row:4780,4779,6,6,,战略,,战略,,,,xlsx-xml,
hsk2015,sheet:新HSK5000词;row:4781,4780,6,6,,战术,,战术,,,,xlsx-xml,
hsk2015,sheet:新HSK5000词;row:4782,4781,6,6,,战役,,战役,,,,xlsx-xml,
hsk2015,sheet:新HSK5000词;row:4783,4782,6,6,,章程,,章程,,,,xlsx-xml,
hsk2015,sheet:新HSK5000词;row:4784,4783,6,6,,帐篷,,帐篷,,,,xlsx-xml,
hsk2015,sheet:新HSK5000词;row:4785,4784,6,6,,障碍,,障碍,,,,xlsx-xml,
hsk2015,sheet:新HSK5000词;row:4786,4785,6,6,,招标,,招标,,,,xlsx-xml,
hsk2015,sheet:新HSK5000词;row:4787,4786,6,6,,招收,,招收,,,,xlsx-xml,
hsk2015,sheet:新HSK5000词;row:4788,4787,6,6,,朝气蓬勃,,朝气蓬勃,,,,xlsx-xml,
hsk2015,sheet:新HSK5000词;row:4789,4788,6,6,,着迷,,着迷,,,,xlsx-xml,
hsk2015,sheet:新HSK5000词;row:4790,4789,6,6,,沼泽,,沼泽,,,,xlsx-xml,
hsk2015,sheet:新HSK5000词;row:4791,4790,6,6,,照样,,照样,,,,xlsx-xml,
hsk2015,sheet:新HSK5000词;row:4792,4791,6,6,,照耀,,照耀,,,,xlsx-xml,
hsk2015,sheet:新HSK5000词;row:4793,4792,6,6,,折腾,,折腾,,,,xlsx-xml,
hsk2015,sheet:新HSK5000词;row:4794,4793,6,6,,遮挡,,遮挡,,,,xlsx-xml,
hsk2015,sheet:新HSK5000词;row:4795,4794,6,6,,折,,折,,,,xlsx-xml,
hsk2015,sheet:新HSK5000词;row:4796,4795,6,6,,折磨,,折磨,,,,xlsx-xml,
hsk2015,sheet:新HSK5000词;row:4797,4796,6,6,,侦探,,侦探,,,,xlsx-xml,
hsk2015,sheet:新HSK5000词;row:4798,4797,6,6,,珍贵,,珍贵,,,,xlsx-xml,
hsk2015,sheet:新HSK5000词;row:4799,4798,6,6,,珍稀,,珍稀,,,,xlsx-xml,
hsk2015,sheet:新HSK5000词;row:4800,4799,6,6,,珍珠,,珍珠,,,,xlsx-xml,
hsk2015,sheet:新HSK5000词;row:4801,4800,6,6,,真理,,真理,,,,xlsx-xml,
hsk2015,sheet:新HSK5000词;row:4802,4801,6,6,,真相,,真相,,,,xlsx-xml,
hsk2015,sheet:新HSK5000词;row:4803,4802,6,6,,真挚,,真挚,,,,xlsx-xml,
hsk2015,sheet:新HSK5000词;row:4804,4803,6,6,,斟酌,,斟酌,,,,xlsx-xml,
hsk2015,sheet:新HSK5000词;row:4805,4804,6,6,,枕头,,枕头,,,,xlsx-xml,
hsk2015,sheet:新HSK5000词;row:4806,4805,6,6,,阵地,,阵地,,,,xlsx-xml,
hsk2015,sheet:新HSK5000词;row:4807,4806,6,6,,阵容,,阵容,,,,xlsx-xml,
hsk2015,sheet:新HSK5000词;row:4808,4807,6,6,,振奋,,振奋,,,,xlsx-xml,
hsk2015,sheet:新HSK5000词;row:4809,4808,6,6,,振兴,,振兴,,,,xlsx-xml,
hsk2015,sheet:新HSK5000词;row:4810,4809,6,6,,震撼,,震撼,,,,xlsx-xml,
hsk2015,sheet:新HSK5000词;row:4811,4810,6,6,,震惊,,震惊,,,,xlsx-xml,
hsk2015,sheet:新HSK5000词;row:4812,4811,6,6,,镇定,,镇定,,,,xlsx-xml,
hsk2015,sheet:新HSK5000词;row:4813,4812,6,6,,镇静,,镇静,,,,xlsx-xml,
hsk2015,sheet:新HSK5000词;row:4814,4813,6,6,,正月,,正月,,,,xlsx-xml,
hsk2015,sheet:新HSK5000词;row:4815,4814,6,6,,争端,,争端,,,,xlsx-xml,
hsk2015,sheet:新HSK5000词;row:4816,4815,6,6,,争夺,,争夺,,,,xlsx-xml,
hsk2015,sheet:新HSK5000词;row:4817,4816,6,6,,争气,,争气,,,,xlsx-xml,
hsk2015,sheet:新HSK5000词;row:4818,4817,6,6,,争先恐后,,争先恐后,,,,xlsx-xml,
hsk2015,sheet:新HSK5000词;row:4819,4818,6,6,,争议,,争议,,,,xlsx-xml,
hsk2015,sheet:新HSK5000词;row:4820,4819,6,6,,征服,,征服,,,,xlsx-xml,
hsk2015,sheet:新HSK5000词;row:4821,4820,6,6,,征收,,征收,,,,xlsx-xml,
hsk2015,sheet:新HSK5000词;row:4822,4821,6,6,,挣扎,,挣扎,,,,xlsx-xml,
hsk2015,sheet:新HSK5000词;row:4823,4822,6,6,,蒸发,,蒸发,,,,xlsx-xml,
hsk2015,sheet:新HSK5000词;row:4824,4823,6,6,,整顿,,整顿,,,,xlsx-xml,
hsk2015,sheet:新HSK5000词;row:4825,4824,6,6,,正当,,正当,,,,xlsx-xml,
hsk2015,sheet:新HSK5000词;row:4826,4825,6,6,,正负,,正负,,,,xlsx-xml,
hsk2015,sheet:新HSK5000词;row:4827,4826,6,6,,正规,,正规,,,,xlsx-xml,
hsk2015,sheet:新HSK5000词;row:4828,4827,6,6,,正经,,正经,,,,xlsx-xml,
hsk2015,sheet:新HSK5000词;row:4829,4828,6,6,,正气,,正气,,,,xlsx-xml,
hsk2015,sheet:新HSK5000词;row:4830,4829,6,6,,正义,,正义,,,,xlsx-xml,
hsk2015,sheet:新HSK5000词;row:4831,4830,6,6,,正宗,,正宗,,,,xlsx-xml,
hsk2015,sheet:新HSK5000词;row:4832,4831,6,6,,证实,,证实,,,,xlsx-xml,
hsk2015,sheet:新HSK5000词;row:4833,4832,6,6,,证书,,证书,,,,xlsx-xml,
hsk2015,sheet:新HSK5000词;row:4834,4833,6,6,,郑重,,郑重,,,,xlsx-xml,
hsk2015,sheet:新HSK5000词;row:4835,4834,6,6,,政策,,政策,,,,xlsx-xml,
hsk2015,sheet:新HSK5000词;row:4836,4835,6,6,,政权,,政权,,,,xlsx-xml,
hsk2015,sheet:新HSK5000词;row:4837,4836,6,6,,症状,,症状,,,,xlsx-xml,
hsk2015,sheet:新HSK5000词;row:4838,4837,6,6,,之际,,之际,,,,xlsx-xml,
hsk2015,sheet:新HSK5000词;row:4839,4838,6,6,,支撑,,支撑,,,,xlsx-xml,
hsk2015,sheet:新HSK5000词;row:4840,4839,6,6,,支出,,支出,,,,xlsx-xml,
hsk2015,sheet:新HSK5000词;row:4841,4840,6,6,,支流,,支流,,,,xlsx-xml,
hsk2015,sheet:新HSK5000词;row:4842,4841,6,6,,支配,,支配,,,,xlsx-xml,
hsk2015,sheet:新HSK5000词;row:4843,4842,6,6,,支援,,支援,,,,xlsx-xml,
hsk2015,sheet:新HSK5000词;row:4844,4843,6,6,,支柱,,支柱,,,,xlsx-xml,
hsk2015,sheet:新HSK5000词;row:4845,4844,6,6,,枝,,枝,,,,xlsx-xml,
hsk2015,sheet:新HSK5000词;row:4846,4845,6,6,,知觉,,知觉,,,,xlsx-xml,
hsk2015,sheet:新HSK5000词;row:4847,4846,6,6,,知足常乐,,知足常乐,,,,xlsx-xml,
hsk2015,sheet:新HSK5000词;row:4848,4847,6,6,,脂肪,,脂肪,,,,xlsx-xml,
hsk2015,sheet:新HSK5000词;row:4849,4848,6,6,,执行,,执行,,,,xlsx-xml,
hsk2015,sheet:新HSK5000词;row:4850,4849,6,6,,执着,,执着,,,,xlsx-xml,
hsk2015,sheet:新HSK5000词;row:4851,4850,6,6,,直播,,直播,,,,xlsx-xml,
hsk2015,sheet:新HSK5000词;row:4852,4851,6,6,,直径,,直径,,,,xlsx-xml,
hsk2015,sheet:新HSK5000词;row:4853,4852,6,6,,侄子,,侄子,,,,xlsx-xml,
hsk2015,sheet:新HSK5000词;row:4854,4853,6,6,,值班,,值班,,,,xlsx-xml,
hsk2015,sheet:新HSK5000词;row:4855,4854,6,6,,职能,,职能,,,,xlsx-xml,
hsk2015,sheet:新HSK5000词;row:4856,4855,6,6,,职位,,职位,,,,xlsx-xml,
hsk2015,sheet:新HSK5000词;row:4857,4856,6,6,,职务,,职务,,,,xlsx-xml,
hsk2015,sheet:新HSK5000词;row:4858,4857,6,6,,殖民地,,殖民地,,,,xlsx-xml,
hsk2015,sheet:新HSK5000词;row:4859,4858,6,6,,指标,,指标,,,,xlsx-xml,
hsk2015,sheet:新HSK5000词;row:4860,4859,6,6,,指定,,指定,,,,xlsx-xml,
hsk2015,sheet:新HSK5000词;row:4861,4860,6,6,,指甲,,指甲,,,,xlsx-xml,
hsk2015,sheet:新HSK5000词;row:4862,4861,6,6,,指令,,指令,,,,xlsx-xml,
hsk2015,sheet:新HSK5000词;row:4863,4862,6,6,,指南针,,指南针,,,,xlsx-xml,
hsk2015,sheet:新HSK5000词;row:4864,4863,6,6,,指示,,指示,,,,xlsx-xml,
hsk2015,sheet:新HSK5000词;row:4865,4864,6,6,,指望,,指望,,,,xlsx-xml,
hsk2015,sheet:新HSK5000词;row:4866,4865,6,6,,指责,,指责,,,,xlsx-xml,
hsk2015,sheet:新HSK5000词;row:4867,4866,6,6,,志气,,志气,,,,xlsx-xml,
hsk2015,sheet:新HSK5000词;row:4868,4867,6,6,,制裁,,制裁,,,,xlsx-xml,
hsk2015,sheet:新HSK5000词;row:4869,4868,6,6,,制服,,制服,,,,xlsx-xml,
hsk2015,sheet:新HSK5000词;row:4870,4869,6,6,,制约,,制约,,,,xlsx-xml,
hsk2015,sheet:新HSK5000词;row:4871,4870,6,6,,制止,,制止,,,,xlsx-xml,
hsk2015,sheet:新HSK5000词;row:4872,4871,6,6,,治安,,治安,,,,xlsx-xml,
hsk2015,sheet:新HSK5000词;row:4873,4872,6,6,,治理,,治理,,,,xlsx-xml,
hsk2015,sheet:新HSK5000词;row:4874,4873,6,6,,致辞,,致辞,,,,xlsx-xml,
hsk2015,sheet:新HSK5000词;row:4875,4874,6,6,,致力,,致力,,,,xlsx-xml,
hsk2015,sheet:新HSK5000词;row:4876,4875,6,6,,致使,,致使,,,,xlsx-xml,
hsk2015,sheet:新HSK5000词;row:4877,4876,6,6,,智力,,智力,,,,xlsx-xml,
hsk2015,sheet:新HSK5000词;row:4878,4877,6,6,,智能,,智能,,,,xlsx-xml,
hsk2015,sheet:新HSK5000词;row:4879,4878,6,6,,智商,,智商,,,,xlsx-xml,
hsk2015,sheet:新HSK5000词;row:4880,4879,6,6,,滞留,,滞留,,,,xlsx-xml,
hsk2015,sheet:新HSK5000词;row:4881,4880,6,6,,中断,,中断,,,,xlsx-xml,
hsk2015,sheet:新HSK5000词;row:4882,4881,6,6,,中立,,中立,,,,xlsx-xml,
hsk2015,sheet:新HSK5000词;row:4883,4882,6,6,,中央,,中央,,,,xlsx-xml,
hsk2015,sheet:新HSK5000词;row:4884,4883,6,6,,忠诚,,忠诚,,,,xlsx-xml,
hsk2015,sheet:新HSK5000词;row:4885,4884,6,6,,忠实,,忠实,,,,xlsx-xml,
hsk2015,sheet:新HSK5000词;row:4886,4885,6,6,,终点,,终点,,,,xlsx-xml,
hsk2015,sheet:新HSK5000词;row:4887,4886,6,6,,终究,,终究,,,,xlsx-xml,
hsk2015,sheet:新HSK5000词;row:4888,4887,6,6,,终身,,终身,,,,xlsx-xml,
hsk2015,sheet:新HSK5000词;row:4889,4888,6,6,,终止,,终止,,,,xlsx-xml,
hsk2015,sheet:新HSK5000词;row:4890,4889,6,6,,衷心,,衷心,,,,xlsx-xml,
hsk2015,sheet:新HSK5000词;row:4891,4890,6,6,,肿瘤,,肿瘤,,,,xlsx-xml,
hsk2015,sheet:新HSK5000词;row:4892,4891,6,6,,种子,,种子,,,,xlsx-xml,
hsk2015,sheet:新HSK5000词;row:4893,4892,6,6,,种族,,种族,,,,xlsx-xml,
hsk2015,sheet:新HSK5000词;row:4894,4893,6,6,,众所周知,,众所周知,,,,xlsx-xml,
hsk2015,sheet:新HSK5000词;row:4895,4894,6,6,,种植,,种植,,,,xlsx-xml,
hsk2015,sheet:新HSK5000词;row:4896,4895,6,6,,重心,,重心,,,,xlsx-xml,
hsk2015,sheet:新HSK5000词;row:4897,4896,6,6,,舟,,舟,,,,xlsx-xml,
hsk2015,sheet:新HSK5000词;row:4898,4897,6,6,,州,,州,,,,xlsx-xml,
hsk2015,sheet:新HSK5000词;row:4899,4898,6,6,,周边,,周边,,,,xlsx-xml,
hsk2015,sheet:新HSK5000词;row:4900,4899,6,6,,周密,,周密,,,,xlsx-xml,
hsk2015,sheet:新HSK5000词;row:4901,4900,6,6,,周年,,周年,,,,xlsx-xml,
hsk2015,sheet:新HSK5000词;row:4902,4901,6,6,,周期,,周期,,,,xlsx-xml,
hsk2015,sheet:新HSK5000词;row:4903,4902,6,6,,周折,,周折,,,,xlsx-xml,
hsk2015,sheet:新HSK5000词;row:4904,4903,6,6,,周转,,周转,,,,xlsx-xml,
hsk2015,sheet:新HSK5000词;row:4905,4904,6,6,,粥,,粥,,,,xlsx-xml,
hsk2015,sheet:新HSK5000词;row:4906,4905,6,6,,昼夜,,昼夜,,,,xlsx-xml,
hsk2015,sheet:新HSK5000词;row:4907,4906,6,6,,皱纹,,皱纹,,,,xlsx-xml,
hsk2015,sheet:新HSK5000词;row:4908,4907,6,6,,株,,株,,,,xlsx-xml,
hsk2015,sheet:新HSK5000词;row:4909,4908,6,6,,诸位,,诸位,,,,xlsx-xml,
hsk2015,sheet:新HSK5000词;row:4910,4909,6,6,,逐年,,逐年,,,,xlsx-xml,
hsk2015,sheet:新HSK5000词;row:4911,4910,6,6,,主办,,主办,,,,xlsx-xml,
hsk2015,sheet:新HSK5000词;row:4912,4911,6,6,,主导,,主导,,,,xlsx-xml,
hsk2015,sheet:新HSK5000词;row:4913,4912,6,6,,主管,,主管,,,,xlsx-xml,
hsk2015,sheet:新HSK5000词;row:4914,4913,6,6,,主流,,主流,,,,xlsx-xml,
hsk2015,sheet:新HSK5000词;row:4915,4914,6,6,,主权,,主权,,,,xlsx-xml,
hsk2015,sheet:新HSK5000词;row:4916,4915,6,6,,主义,,主义,,,,xlsx-xml,
hsk2015,sheet:新HSK5000词;row:4917,4916,6,6,,拄,,拄,,,,xlsx-xml,
hsk2015,sheet:新HSK5000词;row:4918,4917,6,6,,嘱咐,,嘱咐,,,,xlsx-xml,
hsk2015,sheet:新HSK5000词;row:4919,4918,6,6,,助理,,助理,,,,xlsx-xml,
hsk2015,sheet:新HSK5000词;row:4920,4919,6,6,,助手,,助手,,,,xlsx-xml,
hsk2015,sheet:新HSK5000词;row:4921,4920,6,6,,住宅,,住宅,,,,xlsx-xml,
hsk2015,sheet:新HSK5000词;row:4922,4921,6,6,,注射,,注射,,,,xlsx-xml,
hsk2015,sheet:新HSK5000词;row:4923,4922,6,6,,注视,,注视,,,,xlsx-xml,
hsk2015,sheet:新HSK5000词;row:4924,4923,6,6,,注释,,注释,,,,xlsx-xml,
hsk2015,sheet:新HSK5000词;row:4925,4924,6,6,,注重,,注重,,,,xlsx-xml,
hsk2015,sheet:新HSK5000词;row:4926,4925,6,6,,驻扎,,驻扎,,,,xlsx-xml,
hsk2015,sheet:新HSK5000词;row:4927,4926,6,6,,著作,,著作,,,,xlsx-xml,
hsk2015,sheet:新HSK5000词;row:4928,4927,6,6,,铸造,,铸造,,,,xlsx-xml,
hsk2015,sheet:新HSK5000词;row:4929,4928,6,6,,拽,,拽,,,,xlsx-xml,
hsk2015,sheet:新HSK5000词;row:4930,4929,6,6,,专长,,专长,,,,xlsx-xml,
hsk2015,sheet:新HSK5000词;row:4931,4930,6,6,,专程,,专程,,,,xlsx-xml,
hsk2015,sheet:新HSK5000词;row:4932,4931,6,6,,专利,,专利,,,,xlsx-xml,
hsk2015,sheet:新HSK5000词;row:4933,4932,6,6,,专题,,专题,,,,xlsx-xml,
hsk2015,sheet:新HSK5000词;row:4934,4933,6,6,,砖,,砖,,,,xlsx-xml,
hsk2015,sheet:新HSK5000词;row:4935,4934,6,6,,转达,,转达,,,,xlsx-xml,
hsk2015,sheet:新HSK5000词;row:4936,4935,6,6,,转让,,转让,,,,xlsx-xml,
hsk2015,sheet:新HSK5000词;row:4937,4936,6,6,,转移,,转移,,,,xlsx-xml,
hsk2015,sheet:新HSK5000词;row:4938,4937,6,6,,转折,,转折,,,,xlsx-xml,
hsk2015,sheet:新HSK5000词;row:4939,4938,6,6,,传记,,传记,,,,xlsx-xml,
hsk2015,sheet:新HSK5000词;row:4940,4939,6,6,,庄稼,,庄稼,,,,xlsx-xml,
hsk2015,sheet:新HSK5000词;row:4941,4940,6,6,,庄严,,庄严,,,,xlsx-xml,
hsk2015,sheet:新HSK5000词;row:4942,4941,6,6,,庄重,,庄重,,,,xlsx-xml,
hsk2015,sheet:新HSK5000词;row:4943,4942,6,6,,装备,,装备,,,,xlsx-xml,
hsk2015,sheet:新HSK5000词;row:4944,4943,6,6,,装卸,,装卸,,,,xlsx-xml,
hsk2015,sheet:新HSK5000词;row:4945,4944,6,6,,壮观,,壮观,,,,xlsx-xml,
hsk2015,sheet:新HSK5000词;row:4946,4945,6,6,,壮丽,,壮丽,,,,xlsx-xml,
hsk2015,sheet:新HSK5000词;row:4947,4946,6,6,,壮烈,,壮烈,,,,xlsx-xml,
hsk2015,sheet:新HSK5000词;row:4948,4947,6,6,,幢,,幢,,,,xlsx-xml,
hsk2015,sheet:新HSK5000词;row:4949,4948,6,6,,追悼,,追悼,,,,xlsx-xml,
hsk2015,sheet:新HSK5000词;row:4950,4949,6,6,,追究,,追究,,,,xlsx-xml,
hsk2015,sheet:新HSK5000词;row:4951,4950,6,6,,坠,,坠,,,,xlsx-xml,
hsk2015,sheet:新HSK5000词;row:4952,4951,6,6,,准则,,准则,,,,xlsx-xml,
hsk2015,sheet:新HSK5000词;row:4953,4952,6,6,,卓越,,卓越,,,,xlsx-xml,
hsk2015,sheet:新HSK5000词;row:4954,4953,6,6,,着手,,着手,,,,xlsx-xml,
hsk2015,sheet:新HSK5000词;row:4955,4954,6,6,,着想,,着想,,,,xlsx-xml,
hsk2015,sheet:新HSK5000词;row:4956,4955,6,6,,着重,,着重,,,,xlsx-xml,
hsk2015,sheet:新HSK5000词;row:4957,4956,6,6,,琢磨,,琢磨,,,,xlsx-xml,
hsk2015,sheet:新HSK5000词;row:4958,4957,6,6,,姿态,,姿态,,,,xlsx-xml,
hsk2015,sheet:新HSK5000词;row:4959,4958,6,6,,资本,,资本,,,,xlsx-xml,
hsk2015,sheet:新HSK5000词;row:4960,4959,6,6,,资产,,资产,,,,xlsx-xml,
hsk2015,sheet:新HSK5000词;row:4961,4960,6,6,,资深,,资深,,,,xlsx-xml,
hsk2015,sheet:新HSK5000词;row:4962,4961,6,6,,资助,,资助,,,,xlsx-xml,
hsk2015,sheet:新HSK5000词;row:4963,4962,6,6,,滋润,,滋润,,,,xlsx-xml,
hsk2015,sheet:新HSK5000词;row:4964,4963,6,6,,滋味,,滋味,,,,xlsx-xml,
hsk2015,sheet:新HSK5000词;row:4965,4964,6,6,,子弹,,子弹,,,,xlsx-xml,
hsk2015,sheet:新HSK5000词;row:4966,4965,6,6,,自卑,,自卑,,,,xlsx-xml,
hsk2015,sheet:新HSK5000词;row:4967,4966,6,6,,自发,,自发,,,,xlsx-xml,
hsk2015,sheet:新HSK5000词;row:4968,4967,6,6,,自力更生,,自力更生,,,,xlsx-xml,
hsk2015,sheet:新HSK5000词;row:4969,4968,6,6,,自满,,自满,,,,xlsx-xml,
hsk2015,sheet:新HSK5000词;row:4970,4969,6,6,,自主,,自主,,,,xlsx-xml,
hsk2015,sheet:新HSK5000词;row:4971,4970,6,6,,宗教,,宗教,,,,xlsx-xml,
hsk2015,sheet:新HSK5000词;row:4972,4971,6,6,,宗旨,,宗旨,,,,xlsx-xml,
hsk2015,sheet:新HSK5000词;row:4973,4972,6,6,,棕色,,棕色,,,,xlsx-xml,
hsk2015,sheet:新HSK5000词;row:4974,4973,6,6,,踪迹,,踪迹,,,,xlsx-xml,
hsk2015,sheet:新HSK5000词;row:4975,4974,6,6,,总而言之,,总而言之,,,,xlsx-xml,
hsk2015,sheet:新HSK5000词;row:4976,4975,6,6,,总和,,总和,,,,xlsx-xml,
hsk2015,sheet:新HSK5000词;row:4977,4976,6,6,,纵横,,纵横,,,,xlsx-xml,
hsk2015,sheet:新HSK5000词;row:4978,4977,6,6,,走廊,,走廊,,,,xlsx-xml,
hsk2015,sheet:新HSK5000词;row:4979,4978,6,6,,走漏,,走漏,,,,xlsx-xml,
hsk2015,sheet:新HSK5000词;row:4980,4979,6,6,,走私,,走私,,,,xlsx-xml,
hsk2015,sheet:新HSK5000词;row:4981,4980,6,6,,揍,,揍,,,,xlsx-xml,
hsk2015,sheet:新HSK5000词;row:4982,4981,6,6,,租赁,,租赁,,,,xlsx-xml,
hsk2015,sheet:新HSK5000词;row:4983,4982,6,6,,足以,,足以,,,,xlsx-xml,
hsk2015,sheet:新HSK5000词;row:4984,4983,6,6,,阻碍,,阻碍,,,,xlsx-xml,
hsk2015,sheet:新HSK5000词;row:4985,4984,6,6,,阻拦,,阻拦,,,,xlsx-xml,
hsk2015,sheet:新HSK5000词;row:4986,4985,6,6,,阻挠,,阻挠,,,,xlsx-xml,
hsk2015,sheet:新HSK5000词;row:4987,4986,6,6,,祖父,,祖父,,,,xlsx-xml,
hsk2015,sheet:新HSK5000词;row:4988,4987,6,6,,祖国,,祖国,,,,xlsx-xml,
hsk2015,sheet:新HSK5000词;row:4989,4988,6,6,,祖先,,祖先,,,,xlsx-xml,
hsk2015,sheet:新HSK5000词;row:4990,4989,6,6,,钻研,,钻研,,,,xlsx-xml,
hsk2015,sheet:新HSK5000词;row:4991,4990,6,6,,钻石,,钻石,,,,xlsx-xml,
hsk2015,sheet:新HSK5000词;row:4992,4991,6,6,,嘴唇,,嘴唇,,,,xlsx-xml,
hsk2015,sheet:新HSK5000词;row:4993,4992,6,6,,罪犯,,罪犯,,,,xlsx-xml,
hsk2015,sheet:新HSK5000词;row:4994,4993,6,6,,尊严,,尊严,,,,xlsx-xml,
hsk2015,sheet:新HSK5000词;row:4995,4994,6,6,,遵循,,遵循,,,,xlsx-xml,
hsk2015,sheet:新HSK5000词;row:4996,4995,6,6,,作弊,,作弊,,,,xlsx-xml,
hsk2015,sheet:新HSK5000词;row:4997,4996,6,6,,作废,,作废,,,,xlsx-xml,
hsk2015,sheet:新HSK5000词;row:4998,4997,6,6,,作风,,作风,,,,xlsx-xml,
hsk2015,sheet:新HSK5000词;row:4999,4998,6,6,,作息,,作息,,,,xlsx-xml,
hsk2015,sheet:新HSK5000词;row:5000,4999,6,6,,座右铭,,座右铭,,,,xlsx-xml,
hsk2015,sheet:新HSK5000词;row:5001,5000,6,6,,做主,,做主,,,,xlsx-xml,
