source_id,source_locator,source_sequence,level,level_raw,additional_levels,simplified,traditional,headword_raw,sense_label,pinyin_raw,part_of_speech_raw,extraction_method,correction_ids
hsk_exam2025,page:80;sequence:1,1,1,1,,爱,,爱,,ài,动,pymupdf-native-table,
hsk_exam2025,page:80;sequence:2,2,1,1,,八,,八,,bā,数,pymupdf-native-table,
hsk_exam2025,page:80;sequence:3,3,1,1,,爸爸,,爸爸,,bàba,名,pymupdf-native-table,
hsk_exam2025,page:80;sequence:4,4,1,1,,吧,,吧,,ba,助,pymupdf-native-table,
hsk_exam2025,page:80;sequence:5,5,1,1,,白天,,白天,,báitiān,名,pymupdf-native-table,
hsk_exam2025,page:80;sequence:6,6,1,1,,百,,百,,bǎi,数,pymupdf-native-table,
hsk_exam2025,page:80;sequence:7,7,1,1（4）,4,半,,半,,bàn,数、（副）,pymupdf-native-table,
hsk_exam2025,page:80;sequence:8,8,1,1,,包子,,包子,,bāozi,名,pymupdf-native-table,
hsk_exam2025,page:80;sequence:9,9,1,1,,杯子,,杯子,,bēizi,名,pymupdf-native-table,
hsk_exam2025,page:80;sequence:10,10,1,1,,本,,本1,1,běn,量,pymupdf-native-table,
hsk_exam2025,page:80;sequence:11,11,1,1,,边,,边,,biān,名、后缀,pymupdf-native-table,
hsk_exam2025,page:80;sequence:12,12,1,1,,病,,病,,bìng,名、动,pymupdf-native-table,
hsk_exam2025,page:80;sequence:13,13,1,1,,不,,不,,bù,副,pymupdf-native-table,
hsk_exam2025,page:80;sequence:14,14,1,1,,不客气,,不客气,,bú kèqi,,pymupdf-native-table,
hsk_exam2025,page:80;sequence:15,15,1,1,,不要,,不要,,búyào,副,pymupdf-native-table,
hsk_exam2025,page:80;sequence:16,16,1,1,,菜,,菜,,cài,名,pymupdf-native-table,
hsk_exam2025,page:80;sequence:17,17,1,1,,茶,,茶,,chá,名,pymupdf-native-table,
hsk_exam2025,page:80;sequence:18,18,1,1,,唱,,唱,,chàng,动,pymupdf-native-table,
hsk_exam2025,page:80;sequence:19,19,1,1,,超市,,超市,,chāoshì,名,pymupdf-native-table,
hsk_exam2025,page:80;sequence:20,20,1,1,,车,,车,,chē,名,pymupdf-native-table,
hsk_exam2025,page:80;sequence:21,21,1,1,,吃,,吃,,chī,动,pymupdf-native-table,
hsk_exam2025,page:80;sequence:22,22,1,1,,出租车,,出租车,,chūzūchē,名,pymupdf-native-table,
hsk_exam2025,page:80;sequence:23,23,1,1,,穿,,穿,,chuān,动,pymupdf-native-table,
hsk_exam2025,page:80;sequence:24,24,1,1,,打电话,,打电话,,dǎ diànhuà,,pymupdf-native-table,
hsk_exam2025,page:80;sequence:25,25,1,1,,大,,大,,dà,形,pymupdf-native-table,
hsk_exam2025,page:80;sequence:26,26,1,1,,大家,,大家,,dàjiā,代,pymupdf-native-table,
hsk_exam2025,page:80;sequence:27,27,1,1,,大学,,大学,,dàxué,名,pymupdf-native-table,
hsk_exam2025,page:80;sequence:28,28,1,1,,大学生,,大学生,,dàxuéshēng,名,pymupdf-native-table,
hsk_exam2025,page:80;sequence:29,29,1,1,,到,,到,,dào,动,pymupdf-native-table,
hsk_exam2025,page:80;sequence:30,30,1,1,,的,,的,,de,助,pymupdf-native-table,
hsk_exam2025,page:80;sequence:31,31,1,1,,第,,第,,dì,前缀,pymupdf-native-table,
hsk_exam2025,page:80;sequence:32,32,1,1,,弟弟,,弟弟,,dìdi,名,pymupdf-native-table,
hsk_exam2025,page:80;sequence:33,33,1,1（3）,3,点,,点1,1,diǎn,量、（名）,pymupdf-native-table,
hsk_exam2025,page:80;sequence:34,34,1,1,,店,,店,,diàn,名,pymupdf-native-table,
hsk_exam2025,page:80;sequence:35,35,1,1,,电话,,电话,,diànhuà,名,pymupdf-native-table,
hsk_exam2025,page:80;sequence:36,36,1,1,,电脑,,电脑,,diànnǎo,名,pymupdf-native-table,
hsk_exam2025,page:80;sequence:37,37,1,1,,电视,,电视,,diànshì,名,pymupdf-native-table,
hsk_exam2025,page:80;sequence:38,38,1,1,,电影,,电影,,diànyǐng,名,pymupdf-native-table,
hsk_exam2025,page:80;sequence:39,39,1,1,,电影院,,电影院,,diànyǐngyuàn,名,pymupdf-native-table,
hsk_exam2025,page:80;sequence:40,40,1,1,,东西,,东西,,dōngxi,名,pymupdf-native-table,
hsk_exam2025,page:81;sequence:41,41,1,1,,都,,都,,dōu,副,pymupdf-native-table,
hsk_exam2025,page:81;sequence:42,42,1,1,,读,,读,,dú,动,pymupdf-native-table,
hsk_exam2025,page:81;sequence:43,43,1,1,,读书,,读书,,dúshū,动,pymupdf-native-table,
hsk_exam2025,page:81;sequence:44,44,1,1（4）,4,对,,对,,duì,形、介、（动、量）,pymupdf-native-table,
hsk_exam2025,page:81;sequence:45,45,1,1,,对不起,,对不起,,duìbuqǐ,动,pymupdf-native-table,
hsk_exam2025,page:81;sequence:46,46,1,1（2）,2,多,,多,,duō,形、动、代、（数、副）,pymupdf-native-table,
hsk_exam2025,page:81;sequence:47,47,1,1,,多少,,多少,,duōshao,代,pymupdf-native-table,
hsk_exam2025,page:81;sequence:48,48,1,1,,儿子,,儿子,,érzi,名,pymupdf-native-table,
hsk_exam2025,page:81;sequence:49,49,1,1,,二,,二,,èr,数,pymupdf-native-table,
hsk_exam2025,page:81;sequence:50,50,1,1,,饭,,饭,,fàn,名,pymupdf-native-table,
hsk_exam2025,page:81;sequence:51,51,1,1,,饭店,,饭店,,fàndiàn,名,pymupdf-native-table,
hsk_exam2025,page:81;sequence:52,52,1,1,,房间,,房间,,fángjiān,名,pymupdf-native-table,
hsk_exam2025,page:81;sequence:53,53,1,1,,非常,,非常,,fēicháng,副,pymupdf-native-table,
hsk_exam2025,page:81;sequence:54,54,1,1,,飞机,,飞机,,fēijī,名,pymupdf-native-table,
hsk_exam2025,page:81;sequence:55,55,1,1（3）,3,分,,分,,fēn,量、（动、名）,pymupdf-native-table,
hsk_exam2025,page:81;sequence:56,56,1,1,,分钟,,分钟,,fēnzhōng,量,pymupdf-native-table,
hsk_exam2025,page:81;sequence:57,57,1,1,,高兴,,高兴,,gāoxìng,形,pymupdf-native-table,
hsk_exam2025,page:81;sequence:58,58,1,1,,歌,,歌,,gē,名,pymupdf-native-table,
hsk_exam2025,page:81;sequence:59,59,1,1,,哥哥,,哥哥,,gēge,名,pymupdf-native-table,
hsk_exam2025,page:81;sequence:60,60,1,1,,个,,个,,gè,量,pymupdf-native-table,
hsk_exam2025,page:81;sequence:61,61,1,1（2）,2,给,,给,,gěi,动、（介）,pymupdf-native-table,
hsk_exam2025,page:81;sequence:62,62,1,1,,公司,,公司,,gōngsī,名,pymupdf-native-table,
hsk_exam2025,page:81;sequence:63,63,1,1,,工作,,工作,,gōngzuò,动、名,pymupdf-native-table,
hsk_exam2025,page:81;sequence:64,64,1,1,,狗,,狗,,gǒu,名,pymupdf-native-table,
hsk_exam2025,page:81;sequence:65,65,1,1,,贵,,贵,,guì,形,pymupdf-native-table,
hsk_exam2025,page:81;sequence:66,66,1,1,,国,,国,,guó,名,pymupdf-native-table,
hsk_exam2025,page:81;sequence:67,67,1,1,,还,,还,,hái,副,pymupdf-native-table,
hsk_exam2025,page:81;sequence:68,68,1,1,,孩子,,孩子,,háizi,名,pymupdf-native-table,
hsk_exam2025,page:81;sequence:69,69,1,1,,汉语,,汉语,,Hànyǔ,名,pymupdf-native-table,
hsk_exam2025,page:81;sequence:70,70,1,1,,汉字,,汉字,,Hànzì,名,pymupdf-native-table,
hsk_exam2025,page:81;sequence:71,71,1,1（2）（4）,2;4,好,,好,,hǎo,形、（副）、（动）,pymupdf-native-table,
hsk_exam2025,page:81;sequence:72,72,1,1,,好吃,,好吃,,hǎochī,形,pymupdf-native-table,
hsk_exam2025,page:81;sequence:73,73,1,1,,好看,,好看,,hǎokàn,形,pymupdf-native-table,
hsk_exam2025,page:81;sequence:74,74,1,1,,好听,,好听,,hǎotīng,形,pymupdf-native-table,
hsk_exam2025,page:81;sequence:75,75,1,1,,好玩儿,,好玩儿,,hǎowánr,形,pymupdf-native-table,
hsk_exam2025,page:81;sequence:76,76,1,1,,号,,号,,hào,名、量,pymupdf-native-table,
hsk_exam2025,page:81;sequence:77,77,1,1,,喝,,喝,,hē,动,pymupdf-native-table,
hsk_exam2025,page:81;sequence:78,78,1,1,,和,,和1,1,hé,介、连,pymupdf-native-table,
hsk_exam2025,page:81;sequence:79,79,1,1,,很,,很,,hěn,副,pymupdf-native-table,
hsk_exam2025,page:81;sequence:80,80,1,1,,后,,后,,hòu,名,pymupdf-native-table,
hsk_exam2025,page:82;sequence:81,81,1,1（3）,3,回,,回,,huí,动、（量）,pymupdf-native-table,
hsk_exam2025,page:82;sequence:82,82,1,1,,会,,会1,1,huì,动,pymupdf-native-table,
hsk_exam2025,page:82;sequence:83,83,1,1,,火车,,火车,,huǒchē,名,pymupdf-native-table,
hsk_exam2025,page:82;sequence:84,84,1,1,,鸡蛋,,鸡蛋,,jīdàn,名,pymupdf-native-table,
hsk_exam2025,page:82;sequence:85,85,1,1,,几,,几,,jǐ,代、数,pymupdf-native-table,
hsk_exam2025,page:82;sequence:86,86,1,1（3）,3,家,,家,,jiā,名、量、（后缀）,pymupdf-native-table,
hsk_exam2025,page:82;sequence:87,87,1,1,,家人,,家人,,jiārén,名,pymupdf-native-table,
hsk_exam2025,page:82;sequence:88,88,1,1,,见,,见,,jiàn,动,pymupdf-native-table,
hsk_exam2025,page:82;sequence:89,89,1,1,,件,,件,,jiàn,量,pymupdf-native-table,
hsk_exam2025,page:82;sequence:90,90,1,1,,饺子,,饺子,,jiǎozi,名,pymupdf-native-table,
hsk_exam2025,page:82;sequence:91,91,1,1（4）,4,叫,,叫,,jiào,动、（介）,pymupdf-native-table,
hsk_exam2025,page:82;sequence:92,92,1,1,,姐姐,,姐姐,,jiějie,名,pymupdf-native-table,
hsk_exam2025,page:82;sequence:93,93,1,1,,今年,,今年,,jīnnián,名,pymupdf-native-table,
hsk_exam2025,page:82;sequence:94,94,1,1,,今天,,今天,,jīntiān,名,pymupdf-native-table,
hsk_exam2025,page:82;sequence:95,95,1,1,,九,,九,,jiǔ,数,pymupdf-native-table,
hsk_exam2025,page:82;sequence:96,96,1,1,,觉得,,觉得,,juéde,动,pymupdf-native-table,
hsk_exam2025,page:82;sequence:97,97,1,1,,开,,开,,kāi,动,pymupdf-native-table,
hsk_exam2025,page:82;sequence:98,98,1,1,,开车,,开车,,kāichē,动,pymupdf-native-table,
hsk_exam2025,page:82;sequence:99,99,1,1,,看,,看,,kàn,动,pymupdf-native-table,
hsk_exam2025,page:82;sequence:100,100,1,1,,看病,,看病,,kànbìng,动,pymupdf-native-table,
hsk_exam2025,page:82;sequence:101,101,1,1,,看见,,看见,,kànjiàn,动,pymupdf-native-table,
hsk_exam2025,page:82;sequence:102,102,1,1,,可以,,可以,,kěyǐ,动、形,pymupdf-native-table,
hsk_exam2025,page:82;sequence:103,103,1,1,,课,,课,,kè,名,pymupdf-native-table,
hsk_exam2025,page:82;sequence:104,104,1,1,,口,,口,,kǒu,名、量,pymupdf-native-table,
hsk_exam2025,page:82;sequence:105,105,1,1,,块,,块,,kuài,量,pymupdf-native-table,
hsk_exam2025,page:82;sequence:106,106,1,1,,来,,来,,lái,动,pymupdf-native-table,
hsk_exam2025,page:82;sequence:107,107,1,1,,老师,,老师,,lǎoshī,名,pymupdf-native-table,
hsk_exam2025,page:82;sequence:108,108,1,1,,了,,了,,le,助,pymupdf-native-table,
hsk_exam2025,page:82;sequence:109,109,1,1,,冷,,冷,,lěng,形,pymupdf-native-table,
hsk_exam2025,page:82;sequence:110,110,1,1,,里,,里,,lǐ,名,pymupdf-native-table,
hsk_exam2025,page:82;sequence:111,111,1,1,,两,,两1,1,liǎng,数,pymupdf-native-table,
hsk_exam2025,page:82;sequence:112,112,1,1,,零,,零,,líng,数,pymupdf-native-table,
hsk_exam2025,page:82;sequence:113,113,1,1,,六,,六,,liù,数,pymupdf-native-table,
hsk_exam2025,page:82;sequence:114,114,1,1,,妈妈,,妈妈,,māma,名,pymupdf-native-table,
hsk_exam2025,page:82;sequence:115,115,1,1,,吗,,吗,,ma,助,pymupdf-native-table,
hsk_exam2025,page:82;sequence:116,116,1,1,,买,,买,,mǎi,动,pymupdf-native-table,
hsk_exam2025,page:82;sequence:117,117,1,1,,卖,,卖,,mài,动,pymupdf-native-table,
hsk_exam2025,page:82;sequence:118,118,1,1,,忙,,忙,,máng,形、动,pymupdf-native-table,
hsk_exam2025,page:82;sequence:119,119,1,1,,猫,,猫,,māo,名,pymupdf-native-table,
hsk_exam2025,page:82;sequence:120,120,1,1,,没关系,,没关系,,méi guānxi,,pymupdf-native-table,
hsk_exam2025,page:83;sequence:121,121,1,1,,没事,,没事,,méishì,动,pymupdf-native-table,
hsk_exam2025,page:83;sequence:122,122,1,1,,没有,,没有,,méiyǒu,动、副,pymupdf-native-table,
hsk_exam2025,page:83;sequence:123,123,1,1,,妹妹,,妹妹,,mèimei,名,pymupdf-native-table,
hsk_exam2025,page:83;sequence:124,124,1,1,,们,,们,,men,后缀,pymupdf-native-table,
hsk_exam2025,page:83;sequence:125,125,1,1,,米饭,,米饭,,mǐfàn,名,pymupdf-native-table,
hsk_exam2025,page:83;sequence:126,126,1,1,,面包,,面包,,miànbāo,名,pymupdf-native-table,
hsk_exam2025,page:83;sequence:127,127,1,1,,面条儿,,面条儿,,miàntiáor,名,pymupdf-native-table,
hsk_exam2025,page:83;sequence:128,128,1,1,,明年,,明年,,míngnián,名,pymupdf-native-table,
hsk_exam2025,page:83;sequence:129,129,1,1,,明天,,明天,,míngtiān,名,pymupdf-native-table,
hsk_exam2025,page:83;sequence:130,130,1,1,,名字,,名字,,míngzi,名,pymupdf-native-table,
hsk_exam2025,page:83;sequence:131,131,1,1,,哪,,哪,,nǎ,代,pymupdf-native-table,
hsk_exam2025,page:83;sequence:132,132,1,1,,哪个,,哪个,,nǎge,代,pymupdf-native-table,
hsk_exam2025,page:83;sequence:133,133,1,1,,哪里,,哪里,,nǎlǐ,代,pymupdf-native-table,
hsk_exam2025,page:83;sequence:134,134,1,1,,哪儿,,哪儿,,nǎr,代,pymupdf-native-table,
hsk_exam2025,page:83;sequence:135,135,1,1,,哪些,,哪些,,nǎxiē,代,pymupdf-native-table,
hsk_exam2025,page:83;sequence:136,136,1,1（2）,2,那,,那,,nà,代、（连）,pymupdf-native-table,
hsk_exam2025,page:83;sequence:137,137,1,1,,那边,,那边,,nàbiān,代,pymupdf-native-table,
hsk_exam2025,page:83;sequence:138,138,1,1,,那个,,那个,,nàge,代,pymupdf-native-table,
hsk_exam2025,page:83;sequence:139,139,1,1,,那里,,那里,,nàlǐ,代,pymupdf-native-table,
hsk_exam2025,page:83;sequence:140,140,1,1,,那儿,,那儿,,nàr,代,pymupdf-native-table,
hsk_exam2025,page:83;sequence:141,141,1,1,,那些,,那些,,nàxiē,代,pymupdf-native-table,
hsk_exam2025,page:83;sequence:142,142,1,1,,男,,男,,nán,形,pymupdf-native-table,
hsk_exam2025,page:83;sequence:143,143,1,1,,男朋友,,男朋友,,nánpéngyou,名,pymupdf-native-table,
hsk_exam2025,page:83;sequence:144,144,1,1,,呢,,呢,,ne,助,pymupdf-native-table,
hsk_exam2025,page:83;sequence:145,145,1,1,,能,,能,,néng,动,pymupdf-native-table,
hsk_exam2025,page:83;sequence:146,146,1,1,,你,,你,,nǐ,代,pymupdf-native-table,
hsk_exam2025,page:83;sequence:147,147,1,1,,你好,,你好,,nǐ hǎo,,pymupdf-native-table,
hsk_exam2025,page:83;sequence:148,148,1,1,,你们,,你们,,nǐmen,代,pymupdf-native-table,
hsk_exam2025,page:83;sequence:149,149,1,1,,年,,年,,nián,名、量,pymupdf-native-table,
hsk_exam2025,page:83;sequence:150,150,1,1,,您,,您,,nín,代,pymupdf-native-table,
hsk_exam2025,page:83;sequence:151,151,1,1,,牛奶,,牛奶,,niúnǎi,名,pymupdf-native-table,
hsk_exam2025,page:83;sequence:152,152,1,1,,女,,女,,nǚ,形,pymupdf-native-table,
hsk_exam2025,page:83;sequence:153,153,1,1,,女儿,,女儿,,nǚ’ér,名,pymupdf-native-table,
hsk_exam2025,page:83;sequence:154,154,1,1,,女朋友,,女朋友,,nǚpéngyou,名,pymupdf-native-table,
hsk_exam2025,page:83;sequence:155,155,1,1,,女士,,女士,,nǚshì,名,pymupdf-native-table,
hsk_exam2025,page:83;sequence:156,156,1,1,,朋友,,朋友,,péngyou,名,pymupdf-native-table,
hsk_exam2025,page:83;sequence:157,157,1,1,,便宜,,便宜,,piányi,形,pymupdf-native-table,
hsk_exam2025,page:83;sequence:158,158,1,1,,漂亮,,漂亮,,piàoliang,形,pymupdf-native-table,
hsk_exam2025,page:83;sequence:159,159,1,1,,苹果,,苹果,,píngguǒ,名,pymupdf-native-table,
hsk_exam2025,page:83;sequence:160,160,1,1,,七,,七,,qī,数,pymupdf-native-table,
hsk_exam2025,page:84;sequence:161,161,1,1,,起床,,起床,,qǐchuáng,动,pymupdf-native-table,
hsk_exam2025,page:84;sequence:162,162,1,1,,千,,千,,qiān,数,pymupdf-native-table,
hsk_exam2025,page:84;sequence:163,163,1,1,,前,,前,,qián,名,pymupdf-native-table,
hsk_exam2025,page:84;sequence:164,164,1,1,,钱,,钱,,qián,名,pymupdf-native-table,
hsk_exam2025,page:84;sequence:165,165,1,1,,请,,请,,qǐng,动,pymupdf-native-table,
hsk_exam2025,page:84;sequence:166,166,1,1,,请问,,请问,,qǐngwèn,动,pymupdf-native-table,
hsk_exam2025,page:84;sequence:167,167,1,1,,去,,去,,qù,动,pymupdf-native-table,
hsk_exam2025,page:84;sequence:168,168,1,1,,去年,,去年,,qùnián,名,pymupdf-native-table,
hsk_exam2025,page:84;sequence:169,169,1,1,,热,,热,,rè,形,pymupdf-native-table,
hsk_exam2025,page:84;sequence:170,170,1,1,,人,,人,,rén,名,pymupdf-native-table,
hsk_exam2025,page:84;sequence:171,171,1,1,,认识,,认识,,rènshi,动,pymupdf-native-table,
hsk_exam2025,page:84;sequence:172,172,1,1（4）,4,日,,日,,rì,量、（名）,pymupdf-native-table,
hsk_exam2025,page:84;sequence:173,173,1,1,,三,,三,,sān,数,pymupdf-native-table,
hsk_exam2025,page:84;sequence:174,174,1,1,,商店,,商店,,shāngdiàn,名,pymupdf-native-table,
hsk_exam2025,page:84;sequence:175,175,1,1,,上,,上,,shàng,名、动,pymupdf-native-table,
hsk_exam2025,page:84;sequence:176,176,1,1,,上班,,上班,,shàngbān,动,pymupdf-native-table,
hsk_exam2025,page:84;sequence:177,177,1,1,,上课,,上课,,shàngkè,动,pymupdf-native-table,
hsk_exam2025,page:84;sequence:178,178,1,1,,上午,,上午,,shàngwǔ,名,pymupdf-native-table,
hsk_exam2025,page:84;sequence:179,179,1,1,,上学,,上学,,shàngxué,动,pymupdf-native-table,
hsk_exam2025,page:84;sequence:180,180,1,1,,少,,少,,shǎo,形、动,pymupdf-native-table,
hsk_exam2025,page:84;sequence:181,181,1,1,,谁,,谁,,shéi/shuí,代,pymupdf-native-table,
hsk_exam2025,page:84;sequence:182,182,1,1,,什么,,什么,,shénme,代,pymupdf-native-table,
hsk_exam2025,page:84;sequence:183,183,1,1,,生病,,生病,,shēngbìng,动,pymupdf-native-table,
hsk_exam2025,page:84;sequence:184,184,1,1,,十,,十,,shí,数,pymupdf-native-table,
hsk_exam2025,page:84;sequence:185,185,1,1,,时候,,时候,,shíhou,名,pymupdf-native-table,
hsk_exam2025,page:84;sequence:186,186,1,1,,时间,,时间,,shíjiān,名,pymupdf-native-table,
hsk_exam2025,page:84;sequence:187,187,1,1,,事,,事,,shì,名,pymupdf-native-table,
hsk_exam2025,page:84;sequence:188,188,1,1,,是,,是,,shì,动,pymupdf-native-table,
hsk_exam2025,page:84;sequence:189,189,1,1,,手机,,手机,,shǒujī,名,pymupdf-native-table,
hsk_exam2025,page:84;sequence:190,190,1,1,,书,,书,,shū,名,pymupdf-native-table,
hsk_exam2025,page:84;sequence:191,191,1,1,,书店,,书店,,shūdiàn,名,pymupdf-native-table,
hsk_exam2025,page:84;sequence:192,192,1,1,,水,,水,,shuǐ,名,pymupdf-native-table,
hsk_exam2025,page:84;sequence:193,193,1,1,,水果,,水果,,shuǐguǒ,名,pymupdf-native-table,
hsk_exam2025,page:84;sequence:194,194,1,1,,睡,,睡,,shuì,动,pymupdf-native-table,
hsk_exam2025,page:84;sequence:195,195,1,1,,睡觉,,睡觉,,shuìjiào,动,pymupdf-native-table,
hsk_exam2025,page:84;sequence:196,196,1,1,,说,,说,,shuō,动,pymupdf-native-table,
hsk_exam2025,page:84;sequence:197,197,1,1,,说话,,说话,,shuōhuà,动,pymupdf-native-table,
hsk_exam2025,page:84;sequence:198,198,1,1,,四,,四,,sì,数,pymupdf-native-table,
hsk_exam2025,page:84;sequence:199,199,1,1,,岁,,岁,,suì,量,pymupdf-native-table,
hsk_exam2025,page:84;sequence:200,200,1,1,,他,,他,,tā,代,pymupdf-native-table,
hsk_exam2025,page:85;sequence:201,201,1,1,,它,,它,,tā,代,pymupdf-native-table,
hsk_exam2025,page:85;sequence:202,202,1,1,,她,,她,,tā,代,pymupdf-native-table,
hsk_exam2025,page:85;sequence:203,203,1,1,,他们,,他们,,tāmen,代,pymupdf-native-table,
hsk_exam2025,page:85;sequence:204,204,1,1,,它们,,它们,,tāmen,代,pymupdf-native-table,
hsk_exam2025,page:85;sequence:205,205,1,1,,她们,,她们,,tāmen,代,pymupdf-native-table,
hsk_exam2025,page:85;sequence:206,206,1,1,,太,,太,,tài,副,pymupdf-native-table,
hsk_exam2025,page:85;sequence:207,207,1,1,,天,,天,,tiān,名、量,pymupdf-native-table,
hsk_exam2025,page:85;sequence:208,208,1,1,,天气,,天气,,tiānqì,名,pymupdf-native-table,
hsk_exam2025,page:85;sequence:209,209,1,1,,听,,听,,tīng,动,pymupdf-native-table,
hsk_exam2025,page:85;sequence:210,210,1,1,,听见,,听见,,tīngjiàn,动,pymupdf-native-table,
hsk_exam2025,page:85;sequence:211,211,1,1,,同学,,同学,,tóngxué,名,pymupdf-native-table,
hsk_exam2025,page:85;sequence:212,212,1,1,,外,,外,,wài,名,pymupdf-native-table,
hsk_exam2025,page:85;sequence:213,213,1,1,,外边,,外边,,wàibian,名,pymupdf-native-table,
hsk_exam2025,page:85;sequence:214,214,1,1,,玩,,玩,,wán,动,pymupdf-native-table,
hsk_exam2025,page:85;sequence:215,215,1,1,,晚,,晚,,wǎn,形,pymupdf-native-table,
hsk_exam2025,page:85;sequence:216,216,1,1,,晚饭,,晚饭,,wǎnfàn,名,pymupdf-native-table,
hsk_exam2025,page:85;sequence:217,217,1,1,,晚上,,晚上,,wǎnshang,名,pymupdf-native-table,
hsk_exam2025,page:85;sequence:218,218,1,1,,喂,,喂1,1,wèi,叹,pymupdf-native-table,
hsk_exam2025,page:85;sequence:219,219,1,1,,问,,问,,wèn,动,pymupdf-native-table,
hsk_exam2025,page:85;sequence:220,220,1,1,,问题,,问题,,wèntí,名,pymupdf-native-table,
hsk_exam2025,page:85;sequence:221,221,1,1,,我,,我,,wǒ,代,pymupdf-native-table,
hsk_exam2025,page:85;sequence:222,222,1,1,,我们,,我们,,wǒmen,代,pymupdf-native-table,
hsk_exam2025,page:85;sequence:223,223,1,1,,五,,五,,wǔ,数,pymupdf-native-table,
hsk_exam2025,page:85;sequence:224,224,1,1,,午饭,,午饭,,wǔfàn,名,pymupdf-native-table,
hsk_exam2025,page:85;sequence:225,225,1,1,,喜欢,,喜欢,,xǐhuan,动,pymupdf-native-table,
hsk_exam2025,page:85;sequence:226,226,1,1,,下,,下,,xià,名、动、量,pymupdf-native-table,
hsk_exam2025,page:85;sequence:227,227,1,1,,下雨,,下雨,,xià yǔ,,pymupdf-native-table,
hsk_exam2025,page:85;sequence:228,228,1,1,,下班,,下班,,xiàbān,动,pymupdf-native-table,
hsk_exam2025,page:85;sequence:229,229,1,1,,下课,,下课,,xiàkè,动,pymupdf-native-table,
hsk_exam2025,page:85;sequence:230,230,1,1,,下午,,下午,,xiàwǔ,名,pymupdf-native-table,
hsk_exam2025,page:85;sequence:231,231,1,1,,先生,,先生,,xiānsheng,名,pymupdf-native-table,
hsk_exam2025,page:85;sequence:232,232,1,1,,现在,,现在,,xiànzài,名,pymupdf-native-table,
hsk_exam2025,page:85;sequence:233,233,1,1,,想,,想,,xiǎng,动,pymupdf-native-table,
hsk_exam2025,page:85;sequence:234,234,1,1,,小,,小,,xiǎo,形、前缀,pymupdf-native-table,
hsk_exam2025,page:85;sequence:235,235,1,1,,小朋友,,小朋友,,xiǎopéngyǒu,名,pymupdf-native-table,
hsk_exam2025,page:85;sequence:236,236,1,1,,小时,,小时,,xiǎoshí,名,pymupdf-native-table,
hsk_exam2025,page:85;sequence:237,237,1,1,,小学,,小学,,xiǎoxué,名,pymupdf-native-table,
hsk_exam2025,page:85;sequence:238,238,1,1,,小学生,,小学生,,xiǎoxuéshēng,名,pymupdf-native-table,
hsk_exam2025,page:85;sequence:239,239,1,1,,些,,些,,xiē,量,pymupdf-native-table,
hsk_exam2025,page:85;sequence:240,240,1,1,,写,,写,,xiě,动,pymupdf-native-table,
hsk_exam2025,page:86;sequence:241,241,1,1,,谢谢,,谢谢,,xièxie,动,pymupdf-native-table,
hsk_exam2025,page:86;sequence:242,242,1,1,,新,,新,,xīn,形,pymupdf-native-table,
hsk_exam2025,page:86;sequence:243,243,1,1,,星期,,星期,,xīngqī,名,pymupdf-native-table,
hsk_exam2025,page:86;sequence:244,244,1,1,,星期日,,星期日,,xīngqīrì,名,pymupdf-native-table,
hsk_exam2025,page:86;sequence:245,245,1,1,,星期天,,星期天,,xīngqītiān,名,pymupdf-native-table,
hsk_exam2025,page:86;sequence:246,246,1,1,,休息,,休息,,xiūxi,动,pymupdf-native-table,
hsk_exam2025,page:86;sequence:247,247,1,1,,学,,学,,xué,动,pymupdf-native-table,
hsk_exam2025,page:86;sequence:248,248,1,1,,学生,,学生,,xuéshēng,名,pymupdf-native-table,
hsk_exam2025,page:86;sequence:249,249,1,1,,学习,,学习,,xuéxí,动,pymupdf-native-table,
hsk_exam2025,page:86;sequence:250,250,1,1,,学校,,学校,,xuéxiào,名,pymupdf-native-table,
hsk_exam2025,page:86;sequence:251,251,1,1,,雪,,雪,,xuě,名,pymupdf-native-table,
hsk_exam2025,page:86;sequence:252,252,1,1,,要,,要,,yào,动,pymupdf-native-table,
hsk_exam2025,page:86;sequence:253,253,1,1,,也,,也,,yě,副,pymupdf-native-table,
hsk_exam2025,page:86;sequence:254,254,1,1,,一,,一,,yī,数,pymupdf-native-table,
hsk_exam2025,page:86;sequence:255,255,1,1,,衣服,,衣服,,yīfu,名,pymupdf-native-table,
hsk_exam2025,page:86;sequence:256,256,1,1,,医生,,医生,,yīshēng,名,pymupdf-native-table,
hsk_exam2025,page:86;sequence:257,257,1,1,,医院,,医院,,yīyuàn,名,pymupdf-native-table,
hsk_exam2025,page:86;sequence:258,258,1,1,,一半,,一半,,yíbàn,数,pymupdf-native-table,
hsk_exam2025,page:86;sequence:259,259,1,1（4）,4,一下,,一下,,yíxià,数量、（副）,pymupdf-native-table,
hsk_exam2025,page:86;sequence:260,260,1,1,,椅子,,椅子,,yǐzi,名,pymupdf-native-table,
hsk_exam2025,page:86;sequence:261,261,1,1,,一点儿,,一点儿,,yìdiǎnr,数量,pymupdf-native-table,
hsk_exam2025,page:86;sequence:262,262,1,1,,一些,,一些,,yìxiē,数量,pymupdf-native-table,
hsk_exam2025,page:86;sequence:263,263,1,1,,有,,有,,yǒu,动,pymupdf-native-table,
hsk_exam2025,page:86;sequence:264,264,1,1,,有的,,有的,,yǒude,代,pymupdf-native-table,
hsk_exam2025,page:86;sequence:265,265,1,1,,有点儿,,有点儿,,yǒudiǎnr,副,pymupdf-native-table,
hsk_exam2025,page:86;sequence:266,266,1,1（3）,3,有些,,有些,,yǒuxiē,代、（副）,pymupdf-native-table,
hsk_exam2025,page:86;sequence:267,267,1,1,,雨,,雨,,yǔ,名,pymupdf-native-table,
hsk_exam2025,page:86;sequence:268,268,1,1,,元,,元,,yuán,量,pymupdf-native-table,
hsk_exam2025,page:86;sequence:269,269,1,1,,月,,月,,yuè,名,pymupdf-native-table,
hsk_exam2025,page:86;sequence:270,270,1,1,,再,,再,,zài,副,pymupdf-native-table,
hsk_exam2025,page:86;sequence:271,271,1,1,,在,,在,,zài,动、介、副,pymupdf-native-table,
hsk_exam2025,page:86;sequence:272,272,1,1,,再见,,再见,,zàijiàn,动,pymupdf-native-table,
hsk_exam2025,page:86;sequence:273,273,1,1,,早,,早,,zǎo,形,pymupdf-native-table,
hsk_exam2025,page:86;sequence:274,274,1,1,,早饭,,早饭,,zǎofàn,名,pymupdf-native-table,
hsk_exam2025,page:86;sequence:275,275,1,1,,早上,,早上,,zǎoshang,名,pymupdf-native-table,
hsk_exam2025,page:86;sequence:276,276,1,1,,怎么,,怎么,,zěnme,代,pymupdf-native-table,
hsk_exam2025,page:86;sequence:277,277,1,1,,怎么样,,怎么样,,zěnmeyàng,代,pymupdf-native-table,
hsk_exam2025,page:86;sequence:278,278,1,1,,找,,找,,zhǎo,动,pymupdf-native-table,
hsk_exam2025,page:86;sequence:279,279,1,1,,这,,这,,zhè,代,pymupdf-native-table,
hsk_exam2025,page:86;sequence:280,280,1,1,,这边,,这边,,zhèbiān,代,pymupdf-native-table,
hsk_exam2025,page:87;sequence:281,281,1,1,,这个,,这个,,zhège,代,pymupdf-native-table,
hsk_exam2025,page:87;sequence:282,282,1,1,,这里,,这里,,zhèlǐ,代,pymupdf-native-table,
hsk_exam2025,page:87;sequence:283,283,1,1,,这儿,,这儿,,zhèr,代,pymupdf-native-table,
hsk_exam2025,page:87;sequence:284,284,1,1,,这些,,这些,,zhèxiē,代,pymupdf-native-table,
hsk_exam2025,page:87;sequence:285,285,1,1（4）,4,真,,真,,zhēn,副、（形）,pymupdf-native-table,
hsk_exam2025,page:87;sequence:286,286,1,1,,正在,,正在,,zhèngzài,副,pymupdf-native-table,
hsk_exam2025,page:87;sequence:287,287,1,1,,只,,只,,zhī,量,pymupdf-native-table,
hsk_exam2025,page:87;sequence:288,288,1,1,,知道,,知道,,zhīdào,动,pymupdf-native-table,
hsk_exam2025,page:87;sequence:289,289,1,1,,中国,,中国,,Zhōngguó,名,pymupdf-native-table,
hsk_exam2025,page:87;sequence:290,290,1,1,,中文,,中文,,Zhōngwén,名,pymupdf-native-table,
hsk_exam2025,page:87;sequence:291,291,1,1,,中午,,中午,,zhōngwǔ,名,pymupdf-native-table,
hsk_exam2025,page:87;sequence:292,292,1,1,,中学,,中学,,zhōngxué,名,pymupdf-native-table,
hsk_exam2025,page:87;sequence:293,293,1,1,,中学生,,中学生,,zhōngxuéshēng,名,pymupdf-native-table,
hsk_exam2025,page:87;sequence:294,294,1,1,,住,,住,,zhù,动,pymupdf-native-table,
hsk_exam2025,page:87;sequence:295,295,1,1,,桌子,,桌子,,zhuōzi,名,pymupdf-native-table,
hsk_exam2025,page:87;sequence:296,296,1,1,,字,,字,,zì,名,pymupdf-native-table,
hsk_exam2025,page:87;sequence:297,297,1,1,,昨天,,昨天,,zuótiān,名,pymupdf-native-table,
hsk_exam2025,page:87;sequence:298,298,1,1,,坐,,坐,,zuò,动,pymupdf-native-table,
hsk_exam2025,page:87;sequence:299,299,1,1,,做,,做,,zuò,动,pymupdf-native-table,
hsk_exam2025,page:87;sequence:300,300,1,1,,做饭,,做饭,,zuò fàn,,pymupdf-native-table,
hsk_exam2025,page:87;sequence:301,301,2,2,,啊,,啊,,a,助,pymupdf-native-table,
hsk_exam2025,page:87;sequence:302,302,2,2,,爱好,,爱好,,àihào,动、名,pymupdf-native-table,
hsk_exam2025,page:87;sequence:303,303,2,2,,白色,,白色,,báisè,名,pymupdf-native-table,
hsk_exam2025,page:87;sequence:304,304,2,2（5）,5,班,,班,,bān,名、（量）,pymupdf-native-table,
hsk_exam2025,page:87;sequence:305,305,2,2,,帮,,帮,,bāng,动,pymupdf-native-table,
hsk_exam2025,page:87;sequence:306,306,2,2,,帮忙,,帮忙,,bāngmáng,动,pymupdf-native-table,
hsk_exam2025,page:87;sequence:307,307,2,2,,包,,包,,bāo,动、名、量,pymupdf-native-table,
hsk_exam2025,page:87;sequence:308,308,2,2,,本子,,本子,,běnzi,名,pymupdf-native-table,
hsk_exam2025,page:87;sequence:309,309,2,2,,比,,比,,bǐ,动、介,pymupdf-native-table,
hsk_exam2025,page:87;sequence:310,310,2,2（5）,5,笔,,笔,,bǐ,名、（量）,pymupdf-native-table,
hsk_exam2025,page:87;sequence:311,311,2,2,,别,,别1,1,bié,副,pymupdf-native-table,
hsk_exam2025,page:87;sequence:312,312,2,2,,不错,,不错,,búcuò,形,pymupdf-native-table,
hsk_exam2025,page:87;sequence:313,313,2,2,,不好意思,,不好意思,,bù hǎoyìsi,,pymupdf-native-table,
hsk_exam2025,page:87;sequence:314,314,2,2,,长,,长,,cháng,形,pymupdf-native-table,
hsk_exam2025,page:87;sequence:315,315,2,2,,车站,,车站,,chēzhàn,名,pymupdf-native-table,
hsk_exam2025,page:87;sequence:316,316,2,2,,出,,出,,chū,动,pymupdf-native-table,
hsk_exam2025,page:87;sequence:317,317,2,2,,出国,,出国,,chūguó,动,pymupdf-native-table,
hsk_exam2025,page:87;sequence:318,318,2,2,,出来,,出来,,chūlái,动,pymupdf-native-table,
hsk_exam2025,page:87;sequence:319,319,2,2,,出门,,出门,,chūmén,动,pymupdf-native-table,
hsk_exam2025,page:87;sequence:320,320,2,2,,出去,,出去,,chūqù,动,pymupdf-native-table,
hsk_exam2025,page:88;sequence:321,321,2,2,,床,,床,,chuáng,名,pymupdf-native-table,
hsk_exam2025,page:88;sequence:322,322,2,2,,词,,词,,cí,名,pymupdf-native-table,
hsk_exam2025,page:88;sequence:323,323,2,2（7-9）,7-9,次,,次,,cì,量、（形）,pymupdf-native-table,
hsk_exam2025,page:88;sequence:324,324,2,2（4）,4,从,,从,,cóng,介、（副）,pymupdf-native-table,
hsk_exam2025,page:88;sequence:325,325,2,2,,从小,,从小,,cóngxiǎo,副,pymupdf-native-table,
hsk_exam2025,page:88;sequence:326,326,2,2,,错,,错,,cuò,形,pymupdf-native-table,
hsk_exam2025,page:88;sequence:327,327,2,2,,打,,打1,1,dǎ,动,pymupdf-native-table,
hsk_exam2025,page:88;sequence:328,328,2,2,,打车,,打车,,dǎchē,动,pymupdf-native-table,
hsk_exam2025,page:88;sequence:329,329,2,2,,打开,,打开,,dǎkāi,动,pymupdf-native-table,
hsk_exam2025,page:88;sequence:330,330,2,2（7-9）,7-9,但,,但,,dàn,连、（副）,pymupdf-native-table,
hsk_exam2025,page:88;sequence:331,331,2,2,,但是,,但是,,dànshì,连,pymupdf-native-table,
hsk_exam2025,page:88;sequence:332,332,2,2,,得,,得,,de,助,pymupdf-native-table,
hsk_exam2025,page:88;sequence:333,333,2,2,,地,,地,,de,助,pymupdf-native-table,
hsk_exam2025,page:88;sequence:334,334,2,2（4）,4,等,,等1,1,děng,动、（介）,pymupdf-native-table,
hsk_exam2025,page:88;sequence:335,335,2,2,,地铁,,地铁,,dìtiě,名,pymupdf-native-table,
hsk_exam2025,page:88;sequence:336,336,2,2（4）,4,点,,点2,2,diǎn,动、（名、量）,pymupdf-native-table,
hsk_exam2025,page:88;sequence:337,337,2,2,,懂,,懂,,dǒng,动,pymupdf-native-table,
hsk_exam2025,page:88;sequence:338,338,2,2,,动,,动,,dòng,动,pymupdf-native-table,
hsk_exam2025,page:88;sequence:339,339,2,2,,饭馆,,饭馆,,fànguǎn,名,pymupdf-native-table,
hsk_exam2025,page:88;sequence:340,340,2,2,,飞,,飞,,fēi,动,pymupdf-native-table,
hsk_exam2025,page:88;sequence:341,341,2,2,,高,,高,,gāo,形、名,pymupdf-native-table,
hsk_exam2025,page:88;sequence:342,342,2,2,,高中,,高中,,gāozhōng,名,pymupdf-native-table,
hsk_exam2025,page:88;sequence:343,343,2,2,,告诉,,告诉,,gàosu,动,pymupdf-native-table,
hsk_exam2025,page:88;sequence:344,344,2,2,,个子,,个子,,gèzi,名,pymupdf-native-table,
hsk_exam2025,page:88;sequence:345,345,2,2（5）,5,跟,,跟,,gēn,介、连、（名、动）,pymupdf-native-table,
hsk_exam2025,page:88;sequence:346,346,2,2,,公交车,,公交车,,gōngjiāochē,名,pymupdf-native-table,
hsk_exam2025,page:88;sequence:347,347,2,2,,过,,过,,guò,动,pymupdf-native-table,
hsk_exam2025,page:88;sequence:348,348,2,2,,过来,,过来,,guòlái,动,pymupdf-native-table,
hsk_exam2025,page:88;sequence:349,349,2,2,,过年,,过年,,guònián,动,pymupdf-native-table,
hsk_exam2025,page:88;sequence:350,350,2,2,,过去,,过去1,1,guòqù,动,pymupdf-native-table,
hsk_exam2025,page:88;sequence:351,351,2,2,,过,,过,,guo,助,pymupdf-native-table,
hsk_exam2025,page:88;sequence:352,352,2,2,,还是,,还是,,háishi,副、连,pymupdf-native-table,
hsk_exam2025,page:88;sequence:353,353,2,2,,黑色,,黑色,,hēisè,名,pymupdf-native-table,
hsk_exam2025,page:88;sequence:354,354,2,2,,红茶,,红茶,,hóngchá,名,pymupdf-native-table,
hsk_exam2025,page:88;sequence:355,355,2,2,,红色,,红色,,hóngsè,名,pymupdf-native-table,
hsk_exam2025,page:88;sequence:356,356,2,2,,后面,,后面,,hòumiàn,名,pymupdf-native-table,
hsk_exam2025,page:88;sequence:357,357,2,2,,花,,花1,1,huā,动,pymupdf-native-table,
hsk_exam2025,page:88;sequence:358,358,2,2（6）,6,花,,花2,2,huā,名、（形）,pymupdf-native-table,
hsk_exam2025,page:88;sequence:359,359,2,2,,画,,画,,huà,动、名,pymupdf-native-table,
hsk_exam2025,page:88;sequence:360,360,2,2,,坏,,坏,,huài,形,pymupdf-native-table,
hsk_exam2025,page:89;sequence:361,361,2,2,,回来,,回来,,huílái,动,pymupdf-native-table,
hsk_exam2025,page:89;sequence:362,362,2,2,,回去,,回去,,huíqù,动,pymupdf-native-table,
hsk_exam2025,page:89;sequence:363,363,2,2,,机场,,机场,,jīchǎng,名,pymupdf-native-table,
hsk_exam2025,page:89;sequence:364,364,2,2,,机票,,机票,,jīpiào,名,pymupdf-native-table,
hsk_exam2025,page:89;sequence:365,365,2,2,,记得,,记得,,jìde,动,pymupdf-native-table,
hsk_exam2025,page:89;sequence:366,366,2,2（4）,4,间,,间,,jiān,量、（名）,pymupdf-native-table,
hsk_exam2025,page:89;sequence:367,367,2,2,,教,,教,,jiāo,动,pymupdf-native-table,
hsk_exam2025,page:89;sequence:368,368,2,2,,教室,,教室,,jiàoshì,名,pymupdf-native-table,
hsk_exam2025,page:89;sequence:369,369,2,2,,介绍,,介绍,,jièshào,动,pymupdf-native-table,
hsk_exam2025,page:89;sequence:370,370,2,2,,进,,进,,jìn,动,pymupdf-native-table,
hsk_exam2025,page:89;sequence:371,371,2,2,,近,,近,,jìn,形,pymupdf-native-table,
hsk_exam2025,page:89;sequence:372,372,2,2,,进来,,进来,,jìnlái,动,pymupdf-native-table,
hsk_exam2025,page:89;sequence:373,373,2,2,,进去,,进去,,jìnqù,动,pymupdf-native-table,
hsk_exam2025,page:89;sequence:374,374,2,2,,经常,,经常,,jīngcháng,副,pymupdf-native-table,
hsk_exam2025,page:89;sequence:375,375,2,2,,酒店,,酒店,,jiǔdiàn,名,pymupdf-native-table,
hsk_exam2025,page:89;sequence:376,376,2,2（7-9）,7-9,就,,就,,jiù,副、（介）,pymupdf-native-table,
hsk_exam2025,page:89;sequence:377,377,2,2,,咖啡,,咖啡,,kāfēi,名,pymupdf-native-table,
hsk_exam2025,page:89;sequence:378,378,2,2,,开始,,开始,,kāishǐ,动、名,pymupdf-native-table,
hsk_exam2025,page:89;sequence:379,379,2,2,,开学,,开学,,kāixué,动,pymupdf-native-table,
hsk_exam2025,page:89;sequence:380,380,2,2,,考,,考,,kǎo,动,pymupdf-native-table,
hsk_exam2025,page:89;sequence:381,381,2,2,,考试,,考试,,kǎoshì,动、名,pymupdf-native-table,
hsk_exam2025,page:89;sequence:382,382,2,2,,可能,,可能,,kěnéng,形、名、动,pymupdf-native-table,
hsk_exam2025,page:89;sequence:383,383,2,2,,裤子,,裤子,,kùzi,名,pymupdf-native-table,
hsk_exam2025,page:89;sequence:384,384,2,2,,快,,快,,kuài,形、副,pymupdf-native-table,
hsk_exam2025,page:89;sequence:385,385,2,2,,快乐,,快乐,,kuàilè,形,pymupdf-native-table,
hsk_exam2025,page:89;sequence:386,386,2,2,,快要,,快要,,kuàiyào,副,pymupdf-native-table,
hsk_exam2025,page:89;sequence:387,387,2,2,,篮球,,篮球,,lánqiú,名,pymupdf-native-table,
hsk_exam2025,page:89;sequence:388,388,2,2,,累,,累,,lèi,形、动,pymupdf-native-table,
hsk_exam2025,page:89;sequence:389,389,2,2,,离,,离,,lí,动,pymupdf-native-table,
hsk_exam2025,page:89;sequence:390,390,2,2,,里面,,里面,,lǐmiàn,名,pymupdf-native-table,
hsk_exam2025,page:89;sequence:391,391,2,2,,楼,,楼,,lóu,名,pymupdf-native-table,
hsk_exam2025,page:89;sequence:392,392,2,2,,路,,路,,lù,名,pymupdf-native-table,
hsk_exam2025,page:89;sequence:393,393,2,2,,路上,,路上,,lùshang,名,pymupdf-native-table,
hsk_exam2025,page:89;sequence:394,394,2,2,,旅游,,旅游,,lǚyóu,动,pymupdf-native-table,
hsk_exam2025,page:89;sequence:395,395,2,2,,绿茶,,绿茶,,lǜchá,名,pymupdf-native-table,
hsk_exam2025,page:89;sequence:396,396,2,2（4）,4,绿色,,绿色,,lǜsè,名、（形）,pymupdf-native-table,
hsk_exam2025,page:89;sequence:397,397,2,2,,慢,,慢,,màn,形,pymupdf-native-table,
hsk_exam2025,page:89;sequence:398,398,2,2,,没意思,,没意思,,méi yìsi,,pymupdf-native-table,
hsk_exam2025,page:89;sequence:399,399,2,2（4）,4,每,,每,,měi,代、（副）,pymupdf-native-table,
hsk_exam2025,page:89;sequence:400,400,2,2,,门,,门,,mén,名,pymupdf-native-table,
hsk_exam2025,page:90;sequence:401,401,2,2,,门口,,门口,,ménkǒu,名,pymupdf-native-table,
hsk_exam2025,page:90;sequence:402,402,2,2,,门票,,门票,,ménpiào,名,pymupdf-native-table,
hsk_exam2025,page:90;sequence:403,403,2,2（5）,5,面,,面1,1,miàn,后缀、（动、名、量）,pymupdf-native-table,
hsk_exam2025,page:90;sequence:404,404,2,2,,名,,名,,míng,名、量,pymupdf-native-table,
hsk_exam2025,page:90;sequence:405,405,2,2,,拿,,拿,,ná,动,pymupdf-native-table,
hsk_exam2025,page:90;sequence:406,406,2,2,,那么,,那么,,nàme,代、连,pymupdf-native-table,
hsk_exam2025,page:90;sequence:407,407,2,2,,那样,,那样,,nàyàng,代,pymupdf-native-table,
hsk_exam2025,page:90;sequence:408,408,2,2,,奶茶,,奶茶,,nǎichá,名,pymupdf-native-table,
hsk_exam2025,page:90;sequence:409,409,2,2,,奶奶,,奶奶,,nǎinai,名,pymupdf-native-table,
hsk_exam2025,page:90;sequence:410,410,2,2,,男孩儿,,男孩儿,,nánháir,名,pymupdf-native-table,
hsk_exam2025,page:90;sequence:411,411,2,2,,鸟,,鸟,,niǎo,名,pymupdf-native-table,
hsk_exam2025,page:90;sequence:412,412,2,2,,女孩儿,,女孩儿,,nǚháir,名,pymupdf-native-table,
hsk_exam2025,page:90;sequence:413,413,2,2,,旁边,,旁边,,pángbiān,名,pymupdf-native-table,
hsk_exam2025,page:90;sequence:414,414,2,2,,跑,,跑,,pǎo,动,pymupdf-native-table,
hsk_exam2025,page:90;sequence:415,415,2,2,,跑步,,跑步,,pǎobù,动,pymupdf-native-table,
hsk_exam2025,page:90;sequence:416,416,2,2,,票,,票,,piào,名,pymupdf-native-table,
hsk_exam2025,page:90;sequence:417,417,2,2,,妻子,,妻子,,qīzi,名,pymupdf-native-table,
hsk_exam2025,page:90;sequence:418,418,2,2,,起来,,起来,,qǐlái,动,pymupdf-native-table,
hsk_exam2025,page:90;sequence:419,419,2,2,,前面,,前面,,qiánmiàn,名,pymupdf-native-table,
hsk_exam2025,page:90;sequence:420,420,2,2,,晴,,晴,,qíng,形,pymupdf-native-table,
hsk_exam2025,page:90;sequence:421,421,2,2,,球,,球,,qiú,名,pymupdf-native-table,
hsk_exam2025,page:90;sequence:422,422,2,2（4）,4,让,,让,,ràng,动、（介）,pymupdf-native-table,
hsk_exam2025,page:90;sequence:423,423,2,2,,肉,,肉,,ròu,名,pymupdf-native-table,
hsk_exam2025,page:90;sequence:424,424,2,2,,商场,,商场,,shāngchǎng,名,pymupdf-native-table,
hsk_exam2025,page:90;sequence:425,425,2,2,,上来,,上来,,shànglái,动,pymupdf-native-table,
hsk_exam2025,page:90;sequence:426,426,2,2,,上面,,上面,,shàngmiàn,名,pymupdf-native-table,
hsk_exam2025,page:90;sequence:427,427,2,2,,上去,,上去,,shàngqù,动,pymupdf-native-table,
hsk_exam2025,page:90;sequence:428,428,2,2,,上网,,上网,,shàngwǎng,动,pymupdf-native-table,
hsk_exam2025,page:90;sequence:429,429,2,2,,身体,,身体,,shēntǐ,名,pymupdf-native-table,
hsk_exam2025,page:90;sequence:430,430,2,2,,生日,,生日,,shēngrì,名,pymupdf-native-table,
hsk_exam2025,page:90;sequence:431,431,2,2（6）,6,时,,时,,shí,名、（量）,pymupdf-native-table,
hsk_exam2025,page:90;sequence:432,432,2,2,,事情,,事情,,shìqing,名,pymupdf-native-table,
hsk_exam2025,page:90;sequence:433,433,2,2,,手,,手,,shǒu,名,pymupdf-native-table,
hsk_exam2025,page:90;sequence:434,434,2,2,,手表,,手表,,shǒubiǎo,名,pymupdf-native-table,
hsk_exam2025,page:90;sequence:435,435,2,2,,书包,,书包,,shūbāo,名,pymupdf-native-table,
hsk_exam2025,page:90;sequence:436,436,2,2,,舒服,,舒服,,shūfu,形,pymupdf-native-table,
hsk_exam2025,page:90;sequence:437,437,2,2,,送,,送,,sòng,动,pymupdf-native-table,
hsk_exam2025,page:90;sequence:438,438,2,2,,虽然,,虽然,,suīrán,连,pymupdf-native-table,
hsk_exam2025,page:90;sequence:439,439,2,2,,所以,,所以,,suǒyǐ,连,pymupdf-native-table,
hsk_exam2025,page:90;sequence:440,440,2,2（6）,6,疼,,疼,,téng,形、（动）,pymupdf-native-table,
hsk_exam2025,page:91;sequence:441,441,2,2,,踢,,踢,,tī,动,pymupdf-native-table,
hsk_exam2025,page:91;sequence:442,442,2,2,,题,,题,,tí,名,pymupdf-native-table,
hsk_exam2025,page:91;sequence:443,443,2,2（5）,5,条,,条,,tiáo,量、（名）,pymupdf-native-table,
hsk_exam2025,page:91;sequence:444,444,2,2,,跳舞,,跳舞,,tiàowǔ,动,pymupdf-native-table,
hsk_exam2025,page:91;sequence:445,445,2,2（3）（5）,3;5,头,,头,,tóu,名、（量）、（形）,pymupdf-native-table,
hsk_exam2025,page:91;sequence:446,446,2,2,,外国,,外国,,wàiguó,名,pymupdf-native-table,
hsk_exam2025,page:91;sequence:447,447,2,2,,外面,,外面,,wàimiàn,名,pymupdf-native-table,
hsk_exam2025,page:91;sequence:448,448,2,2,,完,,完,,wán,动,pymupdf-native-table,
hsk_exam2025,page:91;sequence:449,449,2,2,,万,,万,,wàn,数,pymupdf-native-table,
hsk_exam2025,page:91;sequence:450,450,2,2,,往,,往,,wǎng,动、介,pymupdf-native-table,
hsk_exam2025,page:91;sequence:451,451,2,2,,网上,,网上,,wǎngshang,名,pymupdf-native-table,
hsk_exam2025,page:91;sequence:452,452,2,2,,忘,,忘,,wàng,动,pymupdf-native-table,
hsk_exam2025,page:91;sequence:453,453,2,2,,位,,位,,wèi,量,pymupdf-native-table,
hsk_exam2025,page:91;sequence:454,454,2,2,,为什么,,为什么,,wèi shénme,,pymupdf-native-table,
hsk_exam2025,page:91;sequence:455,455,2,2,,希望,,希望,,xīwàng,动,pymupdf-native-table,
hsk_exam2025,page:91;sequence:456,456,2,2,,洗,,洗,,xǐ,动,pymupdf-native-table,
hsk_exam2025,page:91;sequence:457,457,2,2,,洗手间,,洗手间,,xǐshǒujiān,名,pymupdf-native-table,
hsk_exam2025,page:91;sequence:458,458,2,2,,下来,,下来,,xiàlái,动,pymupdf-native-table,
hsk_exam2025,page:91;sequence:459,459,2,2,,下面,,下面,,xiàmiàn,名,pymupdf-native-table,
hsk_exam2025,page:91;sequence:460,460,2,2,,下去,,下去,,xiàqù,动,pymupdf-native-table,
hsk_exam2025,page:91;sequence:461,461,2,2,,小孩儿,,小孩儿,,xiǎoháir,名,pymupdf-native-table,
hsk_exam2025,page:91;sequence:462,462,2,2,,小时候,,小时候,,xiǎoshíhou,名,pymupdf-native-table,
hsk_exam2025,page:91;sequence:463,463,2,2,,笑,,笑,,xiào,动,pymupdf-native-table,
hsk_exam2025,page:91;sequence:464,464,2,2,,姓,,姓,,xìng,名、动,pymupdf-native-table,
hsk_exam2025,page:91;sequence:465,465,2,2,,姓名,,姓名,,xìngmíng,名,pymupdf-native-table,
hsk_exam2025,page:91;sequence:466,466,2,2,,颜色,,颜色,,yánsè,名,pymupdf-native-table,
hsk_exam2025,page:91;sequence:467,467,2,2,,眼睛,,眼睛,,yǎnjing,名,pymupdf-native-table,
hsk_exam2025,page:91;sequence:468,468,2,2,,药,,药,,yào,名,pymupdf-native-table,
hsk_exam2025,page:91;sequence:469,469,2,2,,药店,,药店,,yàodiàn,名,pymupdf-native-table,
hsk_exam2025,page:91;sequence:470,470,2,2,,爷爷,,爷爷,,yéye,名,pymupdf-native-table,
hsk_exam2025,page:91;sequence:471,471,2,2（3）,3,一会儿,,一会儿,,yíhuìr,数量、（副）,pymupdf-native-table,
hsk_exam2025,page:91;sequence:472,472,2,2,,已经,,已经,,yǐjīng,副,pymupdf-native-table,
hsk_exam2025,page:91;sequence:473,473,2,2,,一起,,一起,,yìqǐ,副,pymupdf-native-table,
hsk_exam2025,page:91;sequence:474,474,2,2,,意思,,意思,,yìsi,名,pymupdf-native-table,
hsk_exam2025,page:91;sequence:475,475,2,2,,阴,,阴,,yīn,形,pymupdf-native-table,
hsk_exam2025,page:91;sequence:476,476,2,2,,因为,,因为,,yīnwèi,介、连,pymupdf-native-table,
hsk_exam2025,page:91;sequence:477,477,2,2,,游,,游,,yóu,动,pymupdf-native-table,
hsk_exam2025,page:91;sequence:478,478,2,2,,游泳,,游泳,,yóuyǒng,动,pymupdf-native-table,
hsk_exam2025,page:91;sequence:479,479,2,2,,有意思,,有意思,,yǒu yìsi,,pymupdf-native-table,
hsk_exam2025,page:91;sequence:480,480,2,2,,有时,,有时,,yǒushí,副,pymupdf-native-table,
hsk_exam2025,page:92;sequence:481,481,2,2,,右,,右,,yòu,名,pymupdf-native-table,
hsk_exam2025,page:92;sequence:482,482,2,2,,右边,,右边,,yòubian,名,pymupdf-native-table,
hsk_exam2025,page:92;sequence:483,483,2,2,,鱼,,鱼,,yú,名,pymupdf-native-table,
hsk_exam2025,page:92;sequence:484,484,2,2,,远,,远,,yuǎn,形,pymupdf-native-table,
hsk_exam2025,page:92;sequence:485,485,2,2,,运动,,运动,,yùndòng,动、名,pymupdf-native-table,
hsk_exam2025,page:92;sequence:486,486,2,2,,站,,站1,1,zhàn,名,pymupdf-native-table,
hsk_exam2025,page:92;sequence:487,487,2,2,,丈夫,,丈夫,,zhàngfu,名,pymupdf-native-table,
hsk_exam2025,page:92;sequence:488,488,2,2,,这么,,这么,,zhème,代,pymupdf-native-table,
hsk_exam2025,page:92;sequence:489,489,2,2,,这样,,这样,,zhèyàng,代,pymupdf-native-table,
hsk_exam2025,page:92;sequence:490,490,2,2,,着,,着,,zhe,助,pymupdf-native-table,
hsk_exam2025,page:92;sequence:491,491,2,2（5）,5,正,,正,,zhèng,副、（形）,pymupdf-native-table,
hsk_exam2025,page:92;sequence:492,492,2,2（6）,6,周,,周,,zhōu,名、（量）,pymupdf-native-table,
hsk_exam2025,page:92;sequence:493,493,2,2,,准备,,准备,,zhǔnbèi,动,pymupdf-native-table,
hsk_exam2025,page:92;sequence:494,494,2,2,,自己,,自己,,zìjǐ,代,pymupdf-native-table,
hsk_exam2025,page:92;sequence:495,495,2,2,,走,,走,,zǒu,动,pymupdf-native-table,
hsk_exam2025,page:92;sequence:496,496,2,2,,走路,,走路,,zǒulù,动,pymupdf-native-table,
hsk_exam2025,page:92;sequence:497,497,2,2,,足球,,足球,,zúqiú,名,pymupdf-native-table,
hsk_exam2025,page:92;sequence:498,498,2,2,,最,,最,,zuì,副,pymupdf-native-table,
hsk_exam2025,page:92;sequence:499,499,2,2,,左,,左,,zuǒ,名,pymupdf-native-table,
hsk_exam2025,page:92;sequence:500,500,2,2,,左边,,左边,,zuǒbian,名,pymupdf-native-table,
hsk_exam2025,page:92;sequence:501,501,3,3,,阿姨,,阿姨,,āyí,名,pymupdf-native-table,
hsk_exam2025,page:92;sequence:502,502,3,3,,矮,,矮,,ǎi,形,pymupdf-native-table,
hsk_exam2025,page:92;sequence:503,503,3,3,,爱人,,爱人,,àiren,名,pymupdf-native-table,
hsk_exam2025,page:92;sequence:504,504,3,3,,安静,,安静,,ānjìng,形,pymupdf-native-table,
hsk_exam2025,page:92;sequence:505,505,3,3,,安全,,安全,,ānquán,形,pymupdf-native-table,
hsk_exam2025,page:92;sequence:506,506,3,3,,把,,把,,bǎ,量、介,pymupdf-native-table,
hsk_exam2025,page:92;sequence:507,507,3,3,,搬,,搬,,bān,动,pymupdf-native-table,
hsk_exam2025,page:92;sequence:508,508,3,3,,班级,,班级,,bānjí,名,pymupdf-native-table,
hsk_exam2025,page:92;sequence:509,509,3,3,,搬家,,搬家,,bānjiā,动,pymupdf-native-table,
hsk_exam2025,page:92;sequence:510,510,3,3,,办,,办,,bàn,动,pymupdf-native-table,
hsk_exam2025,page:92;sequence:511,511,3,3,,办法,,办法,,bànfǎ,名,pymupdf-native-table,
hsk_exam2025,page:92;sequence:512,512,3,3,,办公室,,办公室,,bàngōngshì,名,pymupdf-native-table,
hsk_exam2025,page:92;sequence:513,513,3,3,,半天,,半天,,bàntiān,数量,pymupdf-native-table,
hsk_exam2025,page:92;sequence:514,514,3,3,,帮助,,帮助,,bāngzhù,动,pymupdf-native-table,
hsk_exam2025,page:92;sequence:515,515,3,3,,饱,,饱,,bǎo,形,pymupdf-native-table,
hsk_exam2025,page:92;sequence:516,516,3,3,,报纸,,报纸,,bàozhǐ,名,pymupdf-native-table,
hsk_exam2025,page:92;sequence:517,517,3,3,,北,,北,,běi,名,pymupdf-native-table,
hsk_exam2025,page:92;sequence:518,518,3,3,,北方,,北方,,běifāng,名,pymupdf-native-table,
hsk_exam2025,page:92;sequence:519,519,3,3,,被,,被,,bèi,介,pymupdf-native-table,
hsk_exam2025,page:92;sequence:520,520,3,3,,笔记,,笔记,,bǐjì,名,pymupdf-native-table,
hsk_exam2025,page:93;sequence:521,521,3,3,,比较,,比较,,bǐjiào,动、介、副,pymupdf-native-table,
hsk_exam2025,page:93;sequence:522,522,3,3,,笔记本,,笔记本,,bǐjìběn,名,pymupdf-native-table,
hsk_exam2025,page:93;sequence:523,523,3,3,,比如,,比如,,bǐrú,动,pymupdf-native-table,
hsk_exam2025,page:93;sequence:524,524,3,3,,比赛,,比赛,,bǐsài,动、名,pymupdf-native-table,
hsk_exam2025,page:93;sequence:525,525,3,3,,必须,,必须,,bìxū,副,pymupdf-native-table,
hsk_exam2025,page:93;sequence:526,526,3,3,,变,,变,,biàn,动,pymupdf-native-table,
hsk_exam2025,page:93;sequence:527,527,3,3,,遍,,遍,,biàn,量,pymupdf-native-table,
hsk_exam2025,page:93;sequence:528,528,3,3,,变成,,变成,,biànchéng,动,pymupdf-native-table,
hsk_exam2025,page:93;sequence:529,529,3,3,,变化,,变化,,biànhuà,动、名,pymupdf-native-table,
hsk_exam2025,page:93;sequence:530,530,3,3,,表演,,表演,,biǎoyǎn,动,pymupdf-native-table,
hsk_exam2025,page:93;sequence:531,531,3,3,,别的,,别的,,biéde,代,pymupdf-native-table,
hsk_exam2025,page:93;sequence:532,532,3,3,,别人,,别人,,biérén,代,pymupdf-native-table,
hsk_exam2025,page:93;sequence:533,533,3,3,,宾馆,,宾馆,,bīnguǎn,名,pymupdf-native-table,
hsk_exam2025,page:93;sequence:534,534,3,3（5）,5,冰,,冰,,bīng,名、（动）,pymupdf-native-table,
hsk_exam2025,page:93;sequence:535,535,3,3,,冰激凌,,冰激凌,,bīngjīlíng,名,pymupdf-native-table,
hsk_exam2025,page:93;sequence:536,536,3,3,,冰箱,,冰箱,,bīngxiāng,名,pymupdf-native-table,
hsk_exam2025,page:93;sequence:537,537,3,3,,病人,,病人,,bìngrén,名,pymupdf-native-table,
hsk_exam2025,page:93;sequence:538,538,3,3,,不但,,不但,,búdàn,连,pymupdf-native-table,
hsk_exam2025,page:93;sequence:539,539,3,3,,不见,,不见,,bújiàn,动,pymupdf-native-table,
hsk_exam2025,page:93;sequence:540,540,3,3,,不用,,不用,,búyòng,副,pymupdf-native-table,
hsk_exam2025,page:93;sequence:541,541,3,3,,不同,,不同,,bù tóng,,pymupdf-native-table,
hsk_exam2025,page:93;sequence:542,542,3,3,,不久,,不久,,bùjiǔ,形,pymupdf-native-table,
hsk_exam2025,page:93;sequence:543,543,3,3,,不行,,不行,,bùxíng,动、形,pymupdf-native-table,
hsk_exam2025,page:93;sequence:544,544,3,3,,才,,才1,1,cái,副,pymupdf-native-table,
hsk_exam2025,page:93;sequence:545,545,3,3,,菜单,,菜单,,càidān,名,pymupdf-native-table,
hsk_exam2025,page:93;sequence:546,546,3,3,,参加,,参加,,cānjiā,动,pymupdf-native-table,
hsk_exam2025,page:93;sequence:547,547,3,3,,草,,草,,cǎo,名,pymupdf-native-table,
hsk_exam2025,page:93;sequence:548,548,3,3,,草地,,草地,,cǎodì,名,pymupdf-native-table,
hsk_exam2025,page:93;sequence:549,549,3,3,,层,,层,,céng,量,pymupdf-native-table,
hsk_exam2025,page:93;sequence:550,550,3,3,,查,,查,,chá,动,pymupdf-native-table,
hsk_exam2025,page:93;sequence:551,551,3,3,,差,,差,,chà,形、动,pymupdf-native-table,
hsk_exam2025,page:93;sequence:552,552,3,3,,差不多,,差不多,,chàbuduō,形、副,pymupdf-native-table,
hsk_exam2025,page:93;sequence:553,553,3,3,,尝,,尝,,cháng,动,pymupdf-native-table,
hsk_exam2025,page:93;sequence:554,554,3,3,,常,,常,,cháng,副,pymupdf-native-table,
hsk_exam2025,page:93;sequence:555,555,3,3,,常见,,常见,,cháng jiàn,,pymupdf-native-table,
hsk_exam2025,page:93;sequence:556,556,3,3,,常用,,常用,,cháng yòng,,pymupdf-native-table,
hsk_exam2025,page:93;sequence:557,557,3,3,,常常,,常常,,chángcháng,副,pymupdf-native-table,
hsk_exam2025,page:93;sequence:558,558,3,3,,衬衫,,衬衫,,chènshān,名,pymupdf-native-table,
hsk_exam2025,page:93;sequence:559,559,3,3,,成绩,,成绩,,chéngjì,名,pymupdf-native-table,
hsk_exam2025,page:93;sequence:560,560,3,3,,城市,,城市,,chéngshì,名,pymupdf-native-table,
hsk_exam2025,page:94;sequence:561,561,3,3,,迟到,,迟到,,chídào,动,pymupdf-native-table,
hsk_exam2025,page:94;sequence:562,562,3,3,,出发,,出发,,chūfā,动,pymupdf-native-table,
hsk_exam2025,page:94;sequence:563,563,3,3,,出生,,出生,,chūshēng,动,pymupdf-native-table,
hsk_exam2025,page:94;sequence:564,564,3,3,,出院,,出院,,chūyuàn,动,pymupdf-native-table,
hsk_exam2025,page:94;sequence:565,565,3,3,,初中,,初中,,chūzhōng,名,pymupdf-native-table,
hsk_exam2025,page:94;sequence:566,566,3,3,,除了,,除了,,chúle,介,pymupdf-native-table,
hsk_exam2025,page:94;sequence:567,567,3,3,,船,,船,,chuán,名,pymupdf-native-table,
hsk_exam2025,page:94;sequence:568,568,3,3,,春天,,春天,,chūntiān,名,pymupdf-native-table,
hsk_exam2025,page:94;sequence:569,569,3,3,,词典,,词典,,cídiǎn,名,pymupdf-native-table,
hsk_exam2025,page:94;sequence:570,570,3,3,,聪明,,聪明,,cōngmíng,形,pymupdf-native-table,
hsk_exam2025,page:94;sequence:571,571,3,3,,打扫,,打扫,,dǎsǎo,动,pymupdf-native-table,
hsk_exam2025,page:94;sequence:572,572,3,3,,打算,,打算,,dǎsuàn,动、名,pymupdf-native-table,
hsk_exam2025,page:94;sequence:573,573,3,3（6）,6,大概,,大概,,dàgài,形、副、（名）,pymupdf-native-table,
hsk_exam2025,page:94;sequence:574,574,3,3,,大人,,大人,,dàren,名,pymupdf-native-table,
hsk_exam2025,page:94;sequence:575,575,3,3,,大小,,大小,,dàxiǎo,名,pymupdf-native-table,
hsk_exam2025,page:94;sequence:576,576,3,3,,大熊猫,,大熊猫,,dàxióngmāo,名,pymupdf-native-table,
hsk_exam2025,page:94;sequence:577,577,3,3,,大衣,,大衣,,dàyī,名,pymupdf-native-table,
hsk_exam2025,page:94;sequence:578,578,3,3（5）,5,带,,带,,dài,动、（名）,pymupdf-native-table,
hsk_exam2025,page:94;sequence:579,579,3,3,,担心,,担心,,dānxīn,动,pymupdf-native-table,
hsk_exam2025,page:94;sequence:580,580,3,3,,蛋糕,,蛋糕,,dàngāo,名,pymupdf-native-table,
hsk_exam2025,page:94;sequence:581,581,3,3,,当然,,当然,,dāngrán,副,pymupdf-native-table,
hsk_exam2025,page:94;sequence:582,582,3,3,,到处,,到处,,dàochù,副,pymupdf-native-table,
hsk_exam2025,page:94;sequence:583,583,3,3,,得,,得,,dé,动,pymupdf-native-table,
hsk_exam2025,page:94;sequence:584,584,3,3,,得到,,得到,,dédào,动,pymupdf-native-table,
hsk_exam2025,page:94;sequence:585,585,3,3,,得分,,得分,,défēn,动、名,pymupdf-native-table,
hsk_exam2025,page:94;sequence:586,586,3,3,,的话,,的话,,dehuà,助,pymupdf-native-table,
hsk_exam2025,page:94;sequence:587,587,3,3,,得,,得,,děi,动,pymupdf-native-table,
hsk_exam2025,page:94;sequence:588,588,3,3,,灯,,灯,,dēng,名,pymupdf-native-table,
hsk_exam2025,page:94;sequence:589,589,3,3,,地,,地,,dì,名,pymupdf-native-table,
hsk_exam2025,page:94;sequence:590,590,3,3,,地点,,地点,,dìdiǎn,名,pymupdf-native-table,
hsk_exam2025,page:94;sequence:591,591,3,3,,地方,,地方,,dìfang,名,pymupdf-native-table,
hsk_exam2025,page:94;sequence:592,592,3,3,,地图,,地图,,dìtú,名,pymupdf-native-table,
hsk_exam2025,page:94;sequence:593,593,3,3（5）,5,电,,电,,diàn,名、（动）,pymupdf-native-table,
hsk_exam2025,page:94;sequence:594,594,3,3,,电梯,,电梯,,diàntī,名,pymupdf-native-table,
hsk_exam2025,page:94;sequence:595,595,3,3,,电子书,,电子书,,diànzǐshū,名,pymupdf-native-table,
hsk_exam2025,page:94;sequence:596,596,3,3,,丢,,丢,,diū,动,pymupdf-native-table,
hsk_exam2025,page:94;sequence:597,597,3,3,,东,,东,,dōng,名,pymupdf-native-table,
hsk_exam2025,page:94;sequence:598,598,3,3,,东北,,东北,,dōngběi,名,pymupdf-native-table,
hsk_exam2025,page:94;sequence:599,599,3,3,,东方,,东方,,dōngfāng,名,pymupdf-native-table,
hsk_exam2025,page:94;sequence:600,600,3,3,,东南,,东南,,dōngnán,名,pymupdf-native-table,
hsk_exam2025,page:95;sequence:601,601,3,3,,冬天,,冬天,,dōngtiān,名,pymupdf-native-table,
hsk_exam2025,page:95;sequence:602,602,3,3,,懂得,,懂得,,dǒngde,动,pymupdf-native-table,
hsk_exam2025,page:95;sequence:603,603,3,3,,动物,,动物,,dòngwù,名,pymupdf-native-table,
hsk_exam2025,page:95;sequence:604,604,3,3,,动物园,,动物园,,dòngwùyuán,名,pymupdf-native-table,
hsk_exam2025,page:95;sequence:605,605,3,3,,短,,短,,duǎn,形,pymupdf-native-table,
hsk_exam2025,page:95;sequence:606,606,3,3,,短裤,,短裤,,duǎnkù,名,pymupdf-native-table,
hsk_exam2025,page:95;sequence:607,607,3,3,,段,,段,,duàn,量,pymupdf-native-table,
hsk_exam2025,page:95;sequence:608,608,3,3,,锻炼,,锻炼,,duànliàn,动,pymupdf-native-table,
hsk_exam2025,page:95;sequence:609,609,3,3,,对话,,对话,,duìhuà,动,pymupdf-native-table,
hsk_exam2025,page:95;sequence:610,610,3,3,,饿,,饿,,è,形,pymupdf-native-table,
hsk_exam2025,page:95;sequence:611,611,3,3,,而且,,而且,,érqiě,连,pymupdf-native-table,
hsk_exam2025,page:95;sequence:612,612,3,3,,耳朵,,耳朵,,ěrduo,名,pymupdf-native-table,
hsk_exam2025,page:95;sequence:613,613,3,3,,耳机,,耳机,,ěrjī,名,pymupdf-native-table,
hsk_exam2025,page:95;sequence:614,614,3,3,,发,,发,,fā,动,pymupdf-native-table,
hsk_exam2025,page:95;sequence:615,615,3,3,,发烧,,发烧,,fāshāo,动,pymupdf-native-table,
hsk_exam2025,page:95;sequence:616,616,3,3,,发生,,发生,,fāshēng,动,pymupdf-native-table,
hsk_exam2025,page:95;sequence:617,617,3,3,,发现,,发现,,fāxiàn,动,pymupdf-native-table,
hsk_exam2025,page:95;sequence:618,618,3,3,,发展,,发展,,fāzhǎn,动,pymupdf-native-table,
hsk_exam2025,page:95;sequence:619,619,3,3,,方便,,方便,,fāngbiàn,形,pymupdf-native-table,
hsk_exam2025,page:95;sequence:620,620,3,3,,方便面,,方便面,,fāngbiànmiàn,名,pymupdf-native-table,
hsk_exam2025,page:95;sequence:621,621,3,3,,方法,,方法,,fāngfǎ,名,pymupdf-native-table,
hsk_exam2025,page:95;sequence:622,622,3,3,,方向,,方向,,fāngxiàng,名,pymupdf-native-table,
hsk_exam2025,page:95;sequence:623,623,3,3,,房子,,房子,,fángzi,名,pymupdf-native-table,
hsk_exam2025,page:95;sequence:624,624,3,3,,放,,放,,fàng,动,pymupdf-native-table,
hsk_exam2025,page:95;sequence:625,625,3,3,,放假,,放假,,fàngjià,动,pymupdf-native-table,
hsk_exam2025,page:95;sequence:626,626,3,3,,放心,,放心,,fàngxīn,动,pymupdf-native-table,
hsk_exam2025,page:95;sequence:627,627,3,3,,放学,,放学,,fàngxué,动,pymupdf-native-table,
hsk_exam2025,page:95;sequence:628,628,3,3,,分开,,分开,,fēnkāi,动,pymupdf-native-table,
hsk_exam2025,page:95;sequence:629,629,3,3,,风,,风,,fēng,名,pymupdf-native-table,
hsk_exam2025,page:95;sequence:630,630,3,3（6）,6,封,,封,,fēng,量、（动）,pymupdf-native-table,
hsk_exam2025,page:95;sequence:631,631,3,3,,夫妻,,夫妻,,fūqī,名,pymupdf-native-table,
hsk_exam2025,page:95;sequence:632,632,3,3,,服务,,服务,,fúwù,动,pymupdf-native-table,
hsk_exam2025,page:95;sequence:633,633,3,3,,附近,,附近,,fùjìn,名,pymupdf-native-table,
hsk_exam2025,page:95;sequence:634,634,3,3,,复习,,复习,,fùxí,动,pymupdf-native-table,
hsk_exam2025,page:95;sequence:635,635,3,3,,该,,该1,1,gāi,动,pymupdf-native-table,
hsk_exam2025,page:95;sequence:636,636,3,3,,干净,,干净,,gānjìng,形,pymupdf-native-table,
hsk_exam2025,page:95;sequence:637,637,3,3,,感兴趣,,感兴趣,,gǎn xìngqù,,pymupdf-native-table,
hsk_exam2025,page:95;sequence:638,638,3,3,,感到,,感到,,gǎndào,动,pymupdf-native-table,
hsk_exam2025,page:95;sequence:639,639,3,3,,感冒,,感冒,,gǎnmào,名、动,pymupdf-native-table,
hsk_exam2025,page:95;sequence:640,640,3,3,,干,,干,,gàn,动,pymupdf-native-table,
hsk_exam2025,page:96;sequence:641,641,3,3,,刚,,刚,,gāng,副,pymupdf-native-table,
hsk_exam2025,page:96;sequence:642,642,3,3,,刚才,,刚才,,gāngcái,名,pymupdf-native-table,
hsk_exam2025,page:96;sequence:643,643,3,3,,刚刚,,刚刚,,gānggāng,副,pymupdf-native-table,
hsk_exam2025,page:96;sequence:644,644,3,3,,高铁,,高铁,,gāotiě,名,pymupdf-native-table,
hsk_exam2025,page:96;sequence:645,645,3,3（5）,5,根据,,根据,,gēnjù,动、介、（名）,pymupdf-native-table,
hsk_exam2025,page:96;sequence:646,646,3,3,,更,,更,,gèng,副,pymupdf-native-table,
hsk_exam2025,page:96;sequence:647,647,3,3,,公斤,,公斤,,gōngjīn,量,pymupdf-native-table,
hsk_exam2025,page:96;sequence:648,648,3,3,,公园,,公园,,gōngyuán,名,pymupdf-native-table,
hsk_exam2025,page:96;sequence:649,649,3,3,,工作日,,工作日,,gōngzuòrì,名,pymupdf-native-table,
hsk_exam2025,page:96;sequence:650,650,3,3,,故事,,故事,,gùshi,名,pymupdf-native-table,
hsk_exam2025,page:96;sequence:651,651,3,3,,刮,,刮,,guā,动,pymupdf-native-table,
hsk_exam2025,page:96;sequence:652,652,3,3（5）,5,关,,关,,guān,动、（名）,pymupdf-native-table,
hsk_exam2025,page:96;sequence:653,653,3,3,,关机,,关机,,guānjī,动,pymupdf-native-table,
hsk_exam2025,page:96;sequence:654,654,3,3（4）,4,关系,,关系,,guānxì,名、（动）,pymupdf-native-table,
hsk_exam2025,page:96;sequence:655,655,3,3,,关心,,关心,,guānxīn,动,pymupdf-native-table,
hsk_exam2025,page:96;sequence:656,656,3,3,,关于,,关于,,guānyú,介,pymupdf-native-table,
hsk_exam2025,page:96;sequence:657,657,3,3,,关注,,关注,,guānzhù,动,pymupdf-native-table,
hsk_exam2025,page:96;sequence:658,658,3,3,,国家,,国家,,guójiā,名,pymupdf-native-table,
hsk_exam2025,page:96;sequence:659,659,3,3,,过节,,过节,,guòjié,动,pymupdf-native-table,
hsk_exam2025,page:96;sequence:660,660,3,3,,过去,,过去2,2,guòqù,名,pymupdf-native-table,
hsk_exam2025,page:96;sequence:661,661,3,3,,海,,海,,hǎi,名,pymupdf-native-table,
hsk_exam2025,page:96;sequence:662,662,3,3,,害怕,,害怕,,hàipà,动,pymupdf-native-table,
hsk_exam2025,page:96;sequence:663,663,3,3,,好多,,好多,,hǎoduō,数,pymupdf-native-table,
hsk_exam2025,page:96;sequence:664,664,3,3,,好久,,好久,,hǎojiǔ,形,pymupdf-native-table,
hsk_exam2025,page:96;sequence:665,665,3,3,,好像,,好像,,hǎoxiàng,动、副,pymupdf-native-table,
hsk_exam2025,page:96;sequence:666,666,3,3,,号码,,号码,,hàomǎ,名,pymupdf-native-table,
hsk_exam2025,page:96;sequence:667,667,3,3,,河,,河,,hé,名,pymupdf-native-table,
hsk_exam2025,page:96;sequence:668,668,3,3,,合适,,合适,,héshì,形,pymupdf-native-table,
hsk_exam2025,page:96;sequence:669,669,3,3,,黑板,,黑板,,hēibǎn,名,pymupdf-native-table,
hsk_exam2025,page:96;sequence:670,670,3,3,,红绿灯,,红绿灯,,hóng-lǜdēng,名,pymupdf-native-table,
hsk_exam2025,page:96;sequence:671,671,3,3,,后来,,后来,,hòulái,名,pymupdf-native-table,
hsk_exam2025,page:96;sequence:672,672,3,3,,后年,,后年,,hòunián,名,pymupdf-native-table,
hsk_exam2025,page:96;sequence:673,673,3,3,,后天,,后天,,hòutiān,名,pymupdf-native-table,
hsk_exam2025,page:96;sequence:674,674,3,3,,护照,,护照,,hùzhào,名,pymupdf-native-table,
hsk_exam2025,page:96;sequence:675,675,3,3,,花园,,花园,,huāyuán,名,pymupdf-native-table,
hsk_exam2025,page:96;sequence:676,676,3,3,,画家,,画家,,huàjiā,名,pymupdf-native-table,
hsk_exam2025,page:96;sequence:677,677,3,3,,欢迎,,欢迎,,huānyíng,动,pymupdf-native-table,
hsk_exam2025,page:96;sequence:678,678,3,3,,还,,还,,huán,动,pymupdf-native-table,
hsk_exam2025,page:96;sequence:679,679,3,3,,环境,,环境,,huánjìng,名,pymupdf-native-table,
hsk_exam2025,page:96;sequence:680,680,3,3,,换,,换,,huàn,动,pymupdf-native-table,
hsk_exam2025,page:97;sequence:681,681,3,3,,黄色,,黄色,,huángsè,名,pymupdf-native-table,
hsk_exam2025,page:97;sequence:682,682,3,3,,回答,,回答,,huídá,动,pymupdf-native-table,
hsk_exam2025,page:97;sequence:683,683,3,3,,会,,会2,2,huì,名,pymupdf-native-table,
hsk_exam2025,page:97;sequence:684,684,3,3,,会议,,会议,,huìyì,名,pymupdf-native-table,
hsk_exam2025,page:97;sequence:685,685,3,3（6）,6,或,,或,,huò,连、（副）,pymupdf-native-table,
hsk_exam2025,page:97;sequence:686,686,3,3,,或者,,或者,,huòzhě,连,pymupdf-native-table,
hsk_exam2025,page:97;sequence:687,687,3,3,,鸡,,鸡,,jī,名,pymupdf-native-table,
hsk_exam2025,page:97;sequence:688,688,3,3,,几乎,,几乎,,jīhū,副,pymupdf-native-table,
hsk_exam2025,page:97;sequence:689,689,3,3,,机会,,机会,,jīhuì,名,pymupdf-native-table,
hsk_exam2025,page:97;sequence:690,690,3,3,,极,,极,,jí,副,pymupdf-native-table,
hsk_exam2025,page:97;sequence:691,691,3,3,,急,,急,,jí,形、动,pymupdf-native-table,
hsk_exam2025,page:97;sequence:692,692,3,3,,记,,记,,jì,动,pymupdf-native-table,
hsk_exam2025,page:97;sequence:693,693,3,3,,季,,季,,jì,名,pymupdf-native-table,
hsk_exam2025,page:97;sequence:694,694,3,3,,季节,,季节,,jìjié,名,pymupdf-native-table,
hsk_exam2025,page:97;sequence:695,695,3,3,,加,,加,,jiā,动,pymupdf-native-table,
hsk_exam2025,page:97;sequence:696,696,3,3,,假期,,假期,,jiàqī,名,pymupdf-native-table,
hsk_exam2025,page:97;sequence:697,697,3,3,,坚持,,坚持,,jiānchí,动,pymupdf-native-table,
hsk_exam2025,page:97;sequence:698,698,3,3,,检查,,检查,,jiǎnchá,动,pymupdf-native-table,
hsk_exam2025,page:97;sequence:699,699,3,3,,简单,,简单,,jiǎndān,形,pymupdf-native-table,
hsk_exam2025,page:97;sequence:700,700,3,3,,检票,,检票,,jiǎnpiào,动,pymupdf-native-table,
hsk_exam2025,page:97;sequence:701,701,3,3,,健康,,健康,,jiànkāng,形,pymupdf-native-table,
hsk_exam2025,page:97;sequence:702,702,3,3,,见面,,见面,,jiànmiàn,动,pymupdf-native-table,
hsk_exam2025,page:97;sequence:703,703,3,3,,讲,,讲,,jiǎng,动,pymupdf-native-table,
hsk_exam2025,page:97;sequence:704,704,3,3,,角,,角,,jiǎo,量,pymupdf-native-table,
hsk_exam2025,page:97;sequence:705,705,3,3,,脚,,脚,,jiǎo,名,pymupdf-native-table,
hsk_exam2025,page:97;sequence:706,706,3,3,,接,,接,,jiē,动,pymupdf-native-table,
hsk_exam2025,page:97;sequence:707,707,3,3,,街,,街,,jiē,名,pymupdf-native-table,
hsk_exam2025,page:97;sequence:708,708,3,3（4）,4,节,,节,,jié,量、名、（动）,pymupdf-native-table,
hsk_exam2025,page:97;sequence:709,709,3,3,,结婚,,结婚,,jiéhūn,动,pymupdf-native-table,
hsk_exam2025,page:97;sequence:710,710,3,3,,节目,,节目,,jiémù,名,pymupdf-native-table,
hsk_exam2025,page:97;sequence:711,711,3,3,,节日,,节日,,jiérì,名,pymupdf-native-table,
hsk_exam2025,page:97;sequence:712,712,3,3,,结束,,结束,,jiéshù,动,pymupdf-native-table,
hsk_exam2025,page:97;sequence:713,713,3,3,,解决,,解决,,jiějué,动,pymupdf-native-table,
hsk_exam2025,page:97;sequence:714,714,3,3,,姐妹,,姐妹,,jiěmèi,名,pymupdf-native-table,
hsk_exam2025,page:97;sequence:715,715,3,3,,借,,借,,jiè,动,pymupdf-native-table,
hsk_exam2025,page:97;sequence:716,716,3,3,,斤,,斤,,jīn,量,pymupdf-native-table,
hsk_exam2025,page:97;sequence:717,717,3,3,,经过,,经过,,jīngguò,动、名,pymupdf-native-table,
hsk_exam2025,page:97;sequence:718,718,3,3,,经理,,经理,,jīnglǐ,名,pymupdf-native-table,
hsk_exam2025,page:97;sequence:719,719,3,3,,久,,久,,jiǔ,形,pymupdf-native-table,
hsk_exam2025,page:97;sequence:720,720,3,3,,酒,,酒,,jiǔ,名,pymupdf-native-table,
hsk_exam2025,page:98;sequence:721,721,3,3,,旧,,旧,,jiù,形,pymupdf-native-table,
hsk_exam2025,page:98;sequence:722,722,3,3,,句,,句,,jù,量,pymupdf-native-table,
hsk_exam2025,page:98;sequence:723,723,3,3,,句子,,句子,,jùzi,名,pymupdf-native-table,
hsk_exam2025,page:98;sequence:724,724,3,3,,决定,,决定,,juédìng,动、名,pymupdf-native-table,
hsk_exam2025,page:98;sequence:725,725,3,3,,卡,,卡,,kǎ,名,pymupdf-native-table,
hsk_exam2025,page:98;sequence:726,726,3,3,,开花,,开花,,kāihuā,动,pymupdf-native-table,
hsk_exam2025,page:98;sequence:727,727,3,3,,开会,,开会,,kāihuì,动,pymupdf-native-table,
hsk_exam2025,page:98;sequence:728,728,3,3,,开机,,开机,,kāijī,动,pymupdf-native-table,
hsk_exam2025,page:98;sequence:729,729,3,3,,开心,,开心,,kāixīn,形,pymupdf-native-table,
hsk_exam2025,page:98;sequence:730,730,3,3,,看来,,看来,,kànlái,动,pymupdf-native-table,
hsk_exam2025,page:98;sequence:731,731,3,3（5）,5,可,,可,,kě,连、（副）,pymupdf-native-table,
hsk_exam2025,page:98;sequence:732,732,3,3,,渴,,渴,,kě,形,pymupdf-native-table,
hsk_exam2025,page:98;sequence:733,733,3,3,,可爱,,可爱,,kě’ài,形,pymupdf-native-table,
hsk_exam2025,page:98;sequence:734,734,3,3,,可是,,可是,,kěshì,连,pymupdf-native-table,
hsk_exam2025,page:98;sequence:735,735,3,3（5）,5,刻,,刻,,kè,量、（动）,pymupdf-native-table,
hsk_exam2025,page:98;sequence:736,736,3,3,,课本,,课本,,kèběn,名,pymupdf-native-table,
hsk_exam2025,page:98;sequence:737,737,3,3,,客人,,客人,,kèrén,名,pymupdf-native-table,
hsk_exam2025,page:98;sequence:738,738,3,3,,课文,,课文,,kèwén,名,pymupdf-native-table,
hsk_exam2025,page:98;sequence:739,739,3,3,,空调,,空调,,kōngtiáo,名,pymupdf-native-table,
hsk_exam2025,page:98;sequence:740,740,3,3,,哭,,哭,,kū,动,pymupdf-native-table,
hsk_exam2025,page:98;sequence:741,741,3,3,,筷子,,筷子,,kuàizi,名,pymupdf-native-table,
hsk_exam2025,page:98;sequence:742,742,3,3,,矿泉水,,矿泉水,,kuàngquánshuǐ,名,pymupdf-native-table,
hsk_exam2025,page:98;sequence:743,743,3,3,,来自,,来自,,láizì,动,pymupdf-native-table,
hsk_exam2025,page:98;sequence:744,744,3,3,,蓝,,蓝,,lán,形,pymupdf-native-table,
hsk_exam2025,page:98;sequence:745,745,3,3（4）,4,老,,老,,lǎo,形、前缀、（副）,pymupdf-native-table,
hsk_exam2025,page:98;sequence:746,746,3,3,,老人,,老人,,lǎorén,名,pymupdf-native-table,
hsk_exam2025,page:98;sequence:747,747,3,3,,离开,,离开,,líkāi,动,pymupdf-native-table,
hsk_exam2025,page:98;sequence:748,748,3,3,,礼物,,礼物,,lǐwù,名,pymupdf-native-table,
hsk_exam2025,page:98;sequence:749,749,3,3,,历史,,历史,,lìshǐ,名,pymupdf-native-table,
hsk_exam2025,page:98;sequence:750,750,3,3,,脸,,脸,,liǎn,名,pymupdf-native-table,
hsk_exam2025,page:98;sequence:751,751,3,3,,练,,练,,liàn,动,pymupdf-native-table,
hsk_exam2025,page:98;sequence:752,752,3,3,,练习,,练习,,liànxí,动、名,pymupdf-native-table,
hsk_exam2025,page:98;sequence:753,753,3,3,,凉快,,凉快,,liángkuai,形,pymupdf-native-table,
hsk_exam2025,page:98;sequence:754,754,3,3,,辆,,辆,,liàng,量,pymupdf-native-table,
hsk_exam2025,page:98;sequence:755,755,3,3,,聊,,聊,,liáo,动,pymupdf-native-table,
hsk_exam2025,page:98;sequence:756,756,3,3,,聊天儿,,聊天儿,,liáotiānr,动,pymupdf-native-table,
hsk_exam2025,page:98;sequence:757,757,3,3,,了解,,了解,,liǎojiě,动,pymupdf-native-table,
hsk_exam2025,page:98;sequence:758,758,3,3,,邻居,,邻居,,línjū,名,pymupdf-native-table,
hsk_exam2025,page:98;sequence:759,759,3,3,,留学,,留学,,liúxué,动,pymupdf-native-table,
hsk_exam2025,page:98;sequence:760,760,3,3,,留学生,,留学生,,liúxuéshēng,名,pymupdf-native-table,
hsk_exam2025,page:99;sequence:761,761,3,3,,楼梯,,楼梯,,lóutī,名,pymupdf-native-table,
hsk_exam2025,page:99;sequence:762,762,3,3,,路边,,路边,,lùbiān,名,pymupdf-native-table,
hsk_exam2025,page:99;sequence:763,763,3,3,,路口,,路口,,lùkǒu,名,pymupdf-native-table,
hsk_exam2025,page:99;sequence:764,764,3,3,,马,,马,,mǎ,名,pymupdf-native-table,
hsk_exam2025,page:99;sequence:765,765,3,3,,马路,,马路,,mǎlù,名,pymupdf-native-table,
hsk_exam2025,page:99;sequence:766,766,3,3,,马上,,马上,,mǎshàng,副,pymupdf-native-table,
hsk_exam2025,page:99;sequence:767,767,3,3,,满意,,满意,,mǎnyì,动,pymupdf-native-table,
hsk_exam2025,page:99;sequence:768,768,3,3（5）,5,毛,,毛,,máo,量、（名）,pymupdf-native-table,
hsk_exam2025,page:99;sequence:769,769,3,3,,米,,米,,mǐ,量,pymupdf-native-table,
hsk_exam2025,page:99;sequence:770,770,3,3,,面前,,面前,,miànqián,名,pymupdf-native-table,
hsk_exam2025,page:99;sequence:771,771,3,3,,明白,,明白,,míngbai,形、动,pymupdf-native-table,
hsk_exam2025,page:99;sequence:772,772,3,3,,名单,,名单,,míngdān,名,pymupdf-native-table,
hsk_exam2025,page:99;sequence:773,773,3,3,,名人,,名人,,míngrén,名,pymupdf-native-table,
hsk_exam2025,page:99;sequence:774,774,3,3,,南,,南,,nán,名,pymupdf-native-table,
hsk_exam2025,page:99;sequence:775,775,3,3（6）,6,难,,难,,nán,形、（动）,pymupdf-native-table,
hsk_exam2025,page:99;sequence:776,776,3,3,,南方,,南方,,nánfāng,名,pymupdf-native-table,
hsk_exam2025,page:99;sequence:777,777,3,3,,难过,,难过,,nánguò,形,pymupdf-native-table,
hsk_exam2025,page:99;sequence:778,778,3,3,,难看,,难看,,nánkàn,形,pymupdf-native-table,
hsk_exam2025,page:99;sequence:779,779,3,3,,男人,,男人,,nánrén,名,pymupdf-native-table,
hsk_exam2025,page:99;sequence:780,780,3,3,,男生,,男生,,nánshēng,名,pymupdf-native-table,
hsk_exam2025,page:99;sequence:781,781,3,3,,难题,,难题,,nántí,名,pymupdf-native-table,
hsk_exam2025,page:99;sequence:782,782,3,3,,难听,,难听,,nántīng,形,pymupdf-native-table,
hsk_exam2025,page:99;sequence:783,783,3,3,,年级,,年级,,niánjí,名,pymupdf-native-table,
hsk_exam2025,page:99;sequence:784,784,3,3,,年轻,,年轻,,niánqīng,形,pymupdf-native-table,
hsk_exam2025,page:99;sequence:785,785,3,3（5）,5,牛,,牛,,niú,名、（形）,pymupdf-native-table,
hsk_exam2025,page:99;sequence:786,786,3,3,,努力,,努力,,nǔlì,动、形,pymupdf-native-table,
hsk_exam2025,page:99;sequence:787,787,3,3,,女人,,女人,,nǚrén,名,pymupdf-native-table,
hsk_exam2025,page:99;sequence:788,788,3,3,,女生,,女生,,nǚshēng,名,pymupdf-native-table,
hsk_exam2025,page:99;sequence:789,789,3,3,,爬,,爬,,pá,动,pymupdf-native-table,
hsk_exam2025,page:99;sequence:790,790,3,3（4）,4,怕,,怕,,pà,动、（副）,pymupdf-native-table,
hsk_exam2025,page:99;sequence:791,791,3,3,,拍照,,拍照,,pāizhào,动,pymupdf-native-table,
hsk_exam2025,page:99;sequence:792,792,3,3,,盘子,,盘子,,pánzi,名,pymupdf-native-table,
hsk_exam2025,page:99;sequence:793,793,3,3,,胖,,胖,,pàng,形,pymupdf-native-table,
hsk_exam2025,page:99;sequence:794,794,3,3,,啤酒,,啤酒,,píjiǔ,名,pymupdf-native-table,
hsk_exam2025,page:99;sequence:795,795,3,3,,平时,,平时,,píngshí,名,pymupdf-native-table,
hsk_exam2025,page:99;sequence:796,796,3,3,,瓶子,,瓶子,,píngzi,名,pymupdf-native-table,
hsk_exam2025,page:99;sequence:797,797,3,3,,骑,,骑,,qí,动,pymupdf-native-table,
hsk_exam2025,page:99;sequence:798,798,3,3,,奇怪,,奇怪,,qíguài,形,pymupdf-native-table,
hsk_exam2025,page:99;sequence:799,799,3,3,,其实,,其实,,qíshí,副,pymupdf-native-table,
hsk_exam2025,page:99;sequence:800,800,3,3,,其他,,其他,,qítā,代,pymupdf-native-table,
hsk_exam2025,page:100;sequence:801,801,3,3（5）,5,起,,起,,qǐ,动、（量）,pymupdf-native-table,
hsk_exam2025,page:100;sequence:802,802,3,3,,起飞,,起飞,,qǐfēi,动,pymupdf-native-table,
hsk_exam2025,page:100;sequence:803,803,3,3,,汽车,,汽车,,qìchē,名,pymupdf-native-table,
hsk_exam2025,page:100;sequence:804,804,3,3,,铅笔,,铅笔,,qiānbǐ,名,pymupdf-native-table,
hsk_exam2025,page:100;sequence:805,805,3,3,,前年,,前年,,qiánnián,名,pymupdf-native-table,
hsk_exam2025,page:100;sequence:806,806,3,3,,前天,,前天,,qiántiān,名,pymupdf-native-table,
hsk_exam2025,page:100;sequence:807,807,3,3,,清楚,,清楚,,qīngchu,形、动,pymupdf-native-table,
hsk_exam2025,page:100;sequence:808,808,3,3,,请假,,请假,,qǐngjià,动,pymupdf-native-table,
hsk_exam2025,page:100;sequence:809,809,3,3,,请客,,请客,,qǐngkè,动,pymupdf-native-table,
hsk_exam2025,page:100;sequence:810,810,3,3,,秋天,,秋天,,qiūtiān,名,pymupdf-native-table,
hsk_exam2025,page:100;sequence:811,811,3,3,,球场,,球场,,qiúchǎng,名,pymupdf-native-table,
hsk_exam2025,page:100;sequence:812,812,3,3,,裙子,,裙子,,qúnzi,名,pymupdf-native-table,
hsk_exam2025,page:100;sequence:813,813,3,3,,然后,,然后,,ránhòu,连,pymupdf-native-table,
hsk_exam2025,page:100;sequence:814,814,3,3,,热情,,热情,,rèqíng,形,pymupdf-native-table,
hsk_exam2025,page:100;sequence:815,815,3,3,,认得,,认得,,rènde,动,pymupdf-native-table,
hsk_exam2025,page:100;sequence:816,816,3,3,,认为,,认为,,rènwéi,动,pymupdf-native-table,
hsk_exam2025,page:100;sequence:817,817,3,3,,认真,,认真,,rènzhēn,形,pymupdf-native-table,
hsk_exam2025,page:100;sequence:818,818,3,3,,容易,,容易,,róngyì,形,pymupdf-native-table,
hsk_exam2025,page:100;sequence:819,819,3,3,,如果,,如果,,rúguǒ,连,pymupdf-native-table,
hsk_exam2025,page:100;sequence:820,820,3,3,,伞,,伞,,sǎn,名,pymupdf-native-table,
hsk_exam2025,page:100;sequence:821,821,3,3,,扫,,扫,,sǎo,动,pymupdf-native-table,
hsk_exam2025,page:100;sequence:822,822,3,3,,沙发,,沙发,,shāfā,名,pymupdf-native-table,
hsk_exam2025,page:100;sequence:823,823,3,3,,山,,山,,shān,名,pymupdf-native-table,
hsk_exam2025,page:100;sequence:824,824,3,3,,上衣,,上衣,,shàngyī,名,pymupdf-native-table,
hsk_exam2025,page:100;sequence:825,825,3,3,,勺子,,勺子,,sháozi,名,pymupdf-native-table,
hsk_exam2025,page:100;sequence:826,826,3,3,,身边,,身边,,shēnbiān,名,pymupdf-native-table,
hsk_exam2025,page:100;sequence:827,827,3,3,,身高,,身高,,shēngāo,名,pymupdf-native-table,
hsk_exam2025,page:100;sequence:828,828,3,3,,声,,声,,shēng,名、量,pymupdf-native-table,
hsk_exam2025,page:100;sequence:829,829,3,3,,生活,,生活,,shēnghuó,名、动,pymupdf-native-table,
hsk_exam2025,page:100;sequence:830,830,3,3,,生气,,生气,,shēngqì,动,pymupdf-native-table,
hsk_exam2025,page:100;sequence:831,831,3,3,,声音,,声音,,shēngyīn,名,pymupdf-native-table,
hsk_exam2025,page:100;sequence:832,832,3,3,,市,,市,,shì,名,pymupdf-native-table,
hsk_exam2025,page:100;sequence:833,833,3,3,,试,,试,,shì,动,pymupdf-native-table,
hsk_exam2025,page:100;sequence:834,834,3,3,,室,,室,,shì,名,pymupdf-native-table,
hsk_exam2025,page:100;sequence:835,835,3,3,,世界,,世界,,shìjiè,名,pymupdf-native-table,
hsk_exam2025,page:100;sequence:836,836,3,3,,收,,收,,shōu,动,pymupdf-native-table,
hsk_exam2025,page:100;sequence:837,837,3,3,,收到,,收到,,shōudào,动,pymupdf-native-table,
hsk_exam2025,page:100;sequence:838,838,3,3,,受,,受,,shòu,动,pymupdf-native-table,
hsk_exam2025,page:100;sequence:839,839,3,3,,瘦,,瘦,,shòu,形,pymupdf-native-table,
hsk_exam2025,page:100;sequence:840,840,3,3,,受到,,受到,,shòudào,动,pymupdf-native-table,
hsk_exam2025,page:101;sequence:841,841,3,3,,叔叔,,叔叔,,shūshu,名,pymupdf-native-table,
hsk_exam2025,page:101;sequence:842,842,3,3,,树,,树,,shù,名,pymupdf-native-table,
hsk_exam2025,page:101;sequence:843,843,3,3,,数学,,数学,,shùxué,名,pymupdf-native-table,
hsk_exam2025,page:101;sequence:844,844,3,3,,刷,,刷,,shuā,动,pymupdf-native-table,
hsk_exam2025,page:101;sequence:845,845,3,3,,双,,双,,shuāng,量,pymupdf-native-table,
hsk_exam2025,page:101;sequence:846,846,3,3,,水平,,水平,,shuǐpíng,名,pymupdf-native-table,
hsk_exam2025,page:101;sequence:847,847,3,3,,司机,,司机,,sījī,名,pymupdf-native-table,
hsk_exam2025,page:101;sequence:848,848,3,3,,四季,,四季,,sìjì,名,pymupdf-native-table,
hsk_exam2025,page:101;sequence:849,849,3,3,,太阳,,太阳,,tàiyáng,名,pymupdf-native-table,
hsk_exam2025,page:101;sequence:850,850,3,3,,糖,,糖,,táng,名,pymupdf-native-table,
hsk_exam2025,page:101;sequence:851,851,3,3,,特别,,特别,,tèbié,形、副,pymupdf-native-table,
hsk_exam2025,page:101;sequence:852,852,3,3,,提高,,提高,,tígāo,动,pymupdf-native-table,
hsk_exam2025,page:101;sequence:853,853,3,3,,体育,,体育,,tǐyù,名,pymupdf-native-table,
hsk_exam2025,page:101;sequence:854,854,3,3,,体育馆,,体育馆,,tǐyùguǎn,名,pymupdf-native-table,
hsk_exam2025,page:101;sequence:855,855,3,3,,甜,,甜,,tián,形,pymupdf-native-table,
hsk_exam2025,page:101;sequence:856,856,3,3,,跳,,跳,,tiào,动,pymupdf-native-table,
hsk_exam2025,page:101;sequence:857,857,3,3,,听说,,听说,,tīngshuō,动,pymupdf-native-table,
hsk_exam2025,page:101;sequence:858,858,3,3（7-9）,7-9,挺,,挺,,tǐng,副、（动）,pymupdf-native-table,
hsk_exam2025,page:101;sequence:859,859,3,3,,同事,,同事,,tóngshì,名,pymupdf-native-table,
hsk_exam2025,page:101;sequence:860,860,3,3,,同意,,同意,,tóngyì,动,pymupdf-native-table,
hsk_exam2025,page:101;sequence:861,861,3,3,,头发,,头发,,tóufa,名,pymupdf-native-table,
hsk_exam2025,page:101;sequence:862,862,3,3,,突然,,突然,,tūrán,形,pymupdf-native-table,
hsk_exam2025,page:101;sequence:863,863,3,3,,图书馆,,图书馆,,túshūguǎn,名,pymupdf-native-table,
hsk_exam2025,page:101;sequence:864,864,3,3,,腿,,腿,,tuǐ,名,pymupdf-native-table,
hsk_exam2025,page:101;sequence:865,865,3,3,,外地,,外地,,wàidì,名,pymupdf-native-table,
hsk_exam2025,page:101;sequence:866,866,3,3,,外卖,,外卖,,wàimài,动、名,pymupdf-native-table,
hsk_exam2025,page:101;sequence:867,867,3,3,,外语,,外语,,wàiyǔ,名,pymupdf-native-table,
hsk_exam2025,page:101;sequence:868,868,3,3,,完成,,完成,,wánchéng,动,pymupdf-native-table,
hsk_exam2025,page:101;sequence:869,869,3,3,,碗,,碗,,wǎn,名,pymupdf-native-table,
hsk_exam2025,page:101;sequence:870,870,3,3,,晚点,,晚点,,wǎndiǎn,动,pymupdf-native-table,
hsk_exam2025,page:101;sequence:871,871,3,3,,晚会,,晚会,,wǎnhuì,名,pymupdf-native-table,
hsk_exam2025,page:101;sequence:872,872,3,3,,网球,,网球,,wǎngqiú,名,pymupdf-native-table,
hsk_exam2025,page:101;sequence:873,873,3,3,,网站,,网站,,wǎngzhàn,名,pymupdf-native-table,
hsk_exam2025,page:101;sequence:874,874,3,3,,忘记,,忘记,,wàngjì,动,pymupdf-native-table,
hsk_exam2025,page:101;sequence:875,875,3,3,,为,,为,,wèi,介,pymupdf-native-table,
hsk_exam2025,page:101;sequence:876,876,3,3,,为了,,为了,,wèile,介,pymupdf-native-table,
hsk_exam2025,page:101;sequence:877,877,3,3,,卫生间,,卫生间,,wèishēngjiān,名,pymupdf-native-table,
hsk_exam2025,page:101;sequence:878,878,3,3,,文化,,文化,,wénhuà,名,pymupdf-native-table,
hsk_exam2025,page:101;sequence:879,879,3,3,,屋子,,屋子,,wūzi,名,pymupdf-native-table,
hsk_exam2025,page:101;sequence:880,880,3,3,,西,,西,,xī,名,pymupdf-native-table,
hsk_exam2025,page:102;sequence:881,881,3,3,,西北,,西北,,xīběi,名,pymupdf-native-table,
hsk_exam2025,page:102;sequence:882,882,3,3,,西方,,西方,,xīfāng,名,pymupdf-native-table,
hsk_exam2025,page:102;sequence:883,883,3,3,,西瓜,,西瓜,,xīguā,名,pymupdf-native-table,
hsk_exam2025,page:102;sequence:884,884,3,3,,西南,,西南,,xīnán,名,pymupdf-native-table,
hsk_exam2025,page:102;sequence:885,885,3,3,,习惯,,习惯,,xíguàn,动、名,pymupdf-native-table,
hsk_exam2025,page:102;sequence:886,886,3,3,,喜爱,,喜爱,,xǐ’ài,动,pymupdf-native-table,
hsk_exam2025,page:102;sequence:887,887,3,3,,洗衣机,,洗衣机,,xǐyījī,名,pymupdf-native-table,
hsk_exam2025,page:102;sequence:888,888,3,3,,洗澡,,洗澡,,xǐzǎo,动,pymupdf-native-table,
hsk_exam2025,page:102;sequence:889,889,3,3,,夏天,,夏天,,xiàtiān,名,pymupdf-native-table,
hsk_exam2025,page:102;sequence:890,890,3,3,,先,,先,,xiān,副,pymupdf-native-table,
hsk_exam2025,page:102;sequence:891,891,3,3,,香蕉,,香蕉,,xiāngjiāo,名,pymupdf-native-table,
hsk_exam2025,page:102;sequence:892,892,3,3,,相信,,相信,,xiāngxìn,动,pymupdf-native-table,
hsk_exam2025,page:102;sequence:893,893,3,3,,箱子,,箱子,,xiāngzi,名,pymupdf-native-table,
hsk_exam2025,page:102;sequence:894,894,3,3,,向,,向,,xiàng,动、介,pymupdf-native-table,
hsk_exam2025,page:102;sequence:895,895,3,3（4）（7-9）,4;7-9,像,,像,,xiàng,动、（副）、（名）,pymupdf-native-table,
hsk_exam2025,page:102;sequence:896,896,3,3,,相机,,相机,,xiàngjī,名,pymupdf-native-table,
hsk_exam2025,page:102;sequence:897,897,3,3,,小区,,小区,,xiǎoqū,名,pymupdf-native-table,
hsk_exam2025,page:102;sequence:898,898,3,3,,小心,,小心,,xiǎoxīn,动、形,pymupdf-native-table,
hsk_exam2025,page:102;sequence:899,899,3,3,,校园,,校园,,xiàoyuán,名,pymupdf-native-table,
hsk_exam2025,page:102;sequence:900,900,3,3,,校长,,校长,,xiàozhǎng,名,pymupdf-native-table,
hsk_exam2025,page:102;sequence:901,901,3,3,,鞋,,鞋,,xié,名,pymupdf-native-table,
hsk_exam2025,page:102;sequence:902,902,3,3,,心里,,心里,,xīnlǐ,名,pymupdf-native-table,
hsk_exam2025,page:102;sequence:903,903,3,3,,新年,,新年,,xīnnián,名,pymupdf-native-table,
hsk_exam2025,page:102;sequence:904,904,3,3,,新闻,,新闻,,xīnwén,名,pymupdf-native-table,
hsk_exam2025,page:102;sequence:905,905,3,3,,新鲜,,新鲜,,xīnxiān,形,pymupdf-native-table,
hsk_exam2025,page:102;sequence:906,906,3,3,,信,,信,,xìn,动、名,pymupdf-native-table,
hsk_exam2025,page:102;sequence:907,907,3,3,,信用卡,,信用卡,,xìnyòngkǎ,名,pymupdf-native-table,
hsk_exam2025,page:102;sequence:908,908,3,3,,行,,行,,xíng,动、形,pymupdf-native-table,
hsk_exam2025,page:102;sequence:909,909,3,3,,行李,,行李,,xíngli,名,pymupdf-native-table,
hsk_exam2025,page:102;sequence:910,910,3,3,,兴趣,,兴趣,,xìngqù,名,pymupdf-native-table,
hsk_exam2025,page:102;sequence:911,911,3,3,,休假,,休假,,xiūjià,动,pymupdf-native-table,
hsk_exam2025,page:102;sequence:912,912,3,3,,需要,,需要,,xūyào,动、名,pymupdf-native-table,
hsk_exam2025,page:102;sequence:913,913,3,3,,选,,选,,xuǎn,动,pymupdf-native-table,
hsk_exam2025,page:102;sequence:914,914,3,3,,选择,,选择,,xuǎnzé,动,pymupdf-native-table,
hsk_exam2025,page:102;sequence:915,915,3,3,,学期,,学期,,xuéqī,名,pymupdf-native-table,
hsk_exam2025,page:102;sequence:916,916,3,3,,牙,,牙,,yá,名,pymupdf-native-table,
hsk_exam2025,page:102;sequence:917,917,3,3,,牙刷,,牙刷,,yáshuā,名,pymupdf-native-table,
hsk_exam2025,page:102;sequence:918,918,3,3,,羊,,羊,,yáng,名,pymupdf-native-table,
hsk_exam2025,page:102;sequence:919,919,3,3,,养,,养,,yǎng,动,pymupdf-native-table,
hsk_exam2025,page:102;sequence:920,920,3,3,,要求,,要求,,yāoqiú,动、名,pymupdf-native-table,
hsk_exam2025,page:103;sequence:921,921,3,3,,页,,页,,yè,量,pymupdf-native-table,
hsk_exam2025,page:103;sequence:922,922,3,3,,一定,,一定,,yídìng,形、副,pymupdf-native-table,
hsk_exam2025,page:103;sequence:923,923,3,3,,一共,,一共,,yígòng,副,pymupdf-native-table,
hsk_exam2025,page:103;sequence:924,924,3,3,,一块儿,,一块儿,,yíkuàir,名、副,pymupdf-native-table,
hsk_exam2025,page:103;sequence:925,925,3,3,,一样,,一样,,yíyàng,形,pymupdf-native-table,
hsk_exam2025,page:103;sequence:926,926,3,3,,以后,,以后,,yǐhòu,名,pymupdf-native-table,
hsk_exam2025,page:103;sequence:927,927,3,3,,以前,,以前,,yǐqián,名,pymupdf-native-table,
hsk_exam2025,page:103;sequence:928,928,3,3,,以上,,以上,,yǐshàng,名,pymupdf-native-table,
hsk_exam2025,page:103;sequence:929,929,3,3,,以外,,以外,,yǐwài,名,pymupdf-native-table,
hsk_exam2025,page:103;sequence:930,930,3,3,,以为,,以为,,yǐwéi,动,pymupdf-native-table,
hsk_exam2025,page:103;sequence:931,931,3,3,,以下,,以下,,yǐxià,名,pymupdf-native-table,
hsk_exam2025,page:103;sequence:932,932,3,3,,一般,,一般,,yìbān,形,pymupdf-native-table,
hsk_exam2025,page:103;sequence:933,933,3,3,,一边,,一边,,yìbiān,副,pymupdf-native-table,
hsk_exam2025,page:103;sequence:934,934,3,3,,一直,,一直,,yìzhí,副,pymupdf-native-table,
hsk_exam2025,page:103;sequence:935,935,3,3,,音乐,,音乐,,yīnyuè,名,pymupdf-native-table,
hsk_exam2025,page:103;sequence:936,936,3,3,,银行,,银行,,yínháng,名,pymupdf-native-table,
hsk_exam2025,page:103;sequence:937,937,3,3,,银行卡,,银行卡,,yínhángkǎ,名,pymupdf-native-table,
hsk_exam2025,page:103;sequence:938,938,3,3,,饮料,,饮料,,yǐnliào,名,pymupdf-native-table,
hsk_exam2025,page:103;sequence:939,939,3,3,,应该,,应该,,yīnggāi,动,pymupdf-native-table,
hsk_exam2025,page:103;sequence:940,940,3,3,,影响,,影响,,yǐngxiǎng,动、名,pymupdf-native-table,
hsk_exam2025,page:103;sequence:941,941,3,3,,用,,用,,yòng,动,pymupdf-native-table,
hsk_exam2025,page:103;sequence:942,942,3,3,,邮件,,邮件,,yóujiàn,名,pymupdf-native-table,
hsk_exam2025,page:103;sequence:943,943,3,3,,游客,,游客,,yóukè,名,pymupdf-native-table,
hsk_exam2025,page:103;sequence:944,944,3,3,,游戏,,游戏,,yóuxì,名,pymupdf-native-table,
hsk_exam2025,page:103;sequence:945,945,3,3,,邮箱,,邮箱,,yóuxiāng,名,pymupdf-native-table,
hsk_exam2025,page:103;sequence:946,946,3,3,,有关,,有关,,yǒuguān,动、介,pymupdf-native-table,
hsk_exam2025,page:103;sequence:947,947,3,3,,有名,,有名,,yǒumíng,形,pymupdf-native-table,
hsk_exam2025,page:103;sequence:948,948,3,3,,有用,,有用,,yǒuyòng,形,pymupdf-native-table,
hsk_exam2025,page:103;sequence:949,949,3,3,,又,,又,,yòu,副,pymupdf-native-table,
hsk_exam2025,page:103;sequence:950,950,3,3,,羽毛球,,羽毛球,,yǔmáoqiú,名,pymupdf-native-table,
hsk_exam2025,page:103;sequence:951,951,3,3,,语言,,语言,,yǔyán,名,pymupdf-native-table,
hsk_exam2025,page:103;sequence:952,952,3,3,,雨衣,,雨衣,,yǔyī,名,pymupdf-native-table,
hsk_exam2025,page:103;sequence:953,953,3,3,,遇到,,遇到,,yùdào,动,pymupdf-native-table,
hsk_exam2025,page:103;sequence:954,954,3,3,,遇见,,遇见,,yùjiàn,动,pymupdf-native-table,
hsk_exam2025,page:103;sequence:955,955,3,3,,园,,园,,yuán,名,pymupdf-native-table,
hsk_exam2025,page:103;sequence:956,956,3,3,,员,,员,,yuán,后缀,pymupdf-native-table,
hsk_exam2025,page:103;sequence:957,957,3,3,,愿意,,愿意,,yuànyì,动,pymupdf-native-table,
hsk_exam2025,page:103;sequence:958,958,3,3,,越,,越,,yuè,副,pymupdf-native-table,
hsk_exam2025,page:103;sequence:959,959,3,3,,月亮,,月亮,,yuèliang,名,pymupdf-native-table,
hsk_exam2025,page:103;sequence:960,960,3,3,,运动会,,运动会,,yùndònghuì,名,pymupdf-native-table,
hsk_exam2025,page:104;sequence:961,961,3,3,,运动员,,运动员,,yùndòngyuán,名,pymupdf-native-table,
hsk_exam2025,page:104;sequence:962,962,3,3,,咱们,,咱们,,zánmen,代,pymupdf-native-table,
hsk_exam2025,page:104;sequence:963,963,3,3,,脏,,脏,,zāng,形,pymupdf-native-table,
hsk_exam2025,page:104;sequence:964,964,3,3,,怎么办,,怎么办,,zěnme bàn,,pymupdf-native-table,
hsk_exam2025,page:104;sequence:965,965,3,3,,怎样,,怎样,,zěnyàng,代,pymupdf-native-table,
hsk_exam2025,page:104;sequence:966,966,3,3,,站,,站2,2,zhàn,动,pymupdf-native-table,
hsk_exam2025,page:104;sequence:967,967,3,3,,张,,张,,zhāng,动、量,pymupdf-native-table,
hsk_exam2025,page:104;sequence:968,968,3,3,,长,,长,,zhǎng,动、后缀,pymupdf-native-table,
hsk_exam2025,page:104;sequence:969,969,3,3,,着急,,着急,,zháojí,形,pymupdf-native-table,
hsk_exam2025,page:104;sequence:970,970,3,3,,照,,照,,zhào,动,pymupdf-native-table,
hsk_exam2025,page:104;sequence:971,971,3,3,,照顾,,照顾,,zhàogù,动,pymupdf-native-table,
hsk_exam2025,page:104;sequence:972,972,3,3,,照片,,照片,,zhàopiàn,名,pymupdf-native-table,
hsk_exam2025,page:104;sequence:973,973,3,3,,照相,,照相,,zhàoxiàng,动,pymupdf-native-table,
hsk_exam2025,page:104;sequence:974,974,3,3,,直到,,直到,,zhídào,动,pymupdf-native-table,
hsk_exam2025,page:104;sequence:975,975,3,3,,只,,只,,zhǐ,副,pymupdf-native-table,
hsk_exam2025,page:104;sequence:976,976,3,3,,纸,,纸,,zhǐ,名,pymupdf-native-table,
hsk_exam2025,page:104;sequence:977,977,3,3,,只能,,只能,,zhǐ néng,,pymupdf-native-table,
hsk_exam2025,page:104;sequence:978,978,3,3,,只是,,只是,,zhǐshì,副、连,pymupdf-native-table,
hsk_exam2025,page:104;sequence:979,979,3,3,,只要,,只要,,zhǐyào,连,pymupdf-native-table,
hsk_exam2025,page:104;sequence:980,980,3,3,,只有,,只有,,zhǐyǒu,连,pymupdf-native-table,
hsk_exam2025,page:104;sequence:981,981,3,3,,中,,中,,zhōng,名,pymupdf-native-table,
hsk_exam2025,page:104;sequence:982,982,3,3,,中间,,中间,,zhōngjiān,名,pymupdf-native-table,
hsk_exam2025,page:104;sequence:983,983,3,3,,终于,,终于,,zhōngyú,副,pymupdf-native-table,
hsk_exam2025,page:104;sequence:984,984,3,3,,种,,种,,zhǒng,量,pymupdf-native-table,
hsk_exam2025,page:104;sequence:985,985,3,3,,重要,,重要,,zhòngyào,形,pymupdf-native-table,
hsk_exam2025,page:104;sequence:986,986,3,3,,周末,,周末,,zhōumò,名,pymupdf-native-table,
hsk_exam2025,page:104;sequence:987,987,3,3,,主要,,主要,,zhǔyào,形,pymupdf-native-table,
hsk_exam2025,page:104;sequence:988,988,3,3,,注意,,注意,,zhùyì,动,pymupdf-native-table,
hsk_exam2025,page:104;sequence:989,989,3,3,,住院,,住院,,zhùyuàn,动,pymupdf-native-table,
hsk_exam2025,page:104;sequence:990,990,3,3,,字典,,字典,,zìdiǎn,名,pymupdf-native-table,
hsk_exam2025,page:104;sequence:991,991,3,3,,自行车,,自行车,,zìxíngchē,名,pymupdf-native-table,
hsk_exam2025,page:104;sequence:992,992,3,3,,子,,子,,zi,后缀,pymupdf-native-table,
hsk_exam2025,page:104;sequence:993,993,3,3（5）,5,总,,总,,zǒng,副、（动、形）,pymupdf-native-table,
hsk_exam2025,page:104;sequence:994,994,3,3,,总是,,总是,,zǒngshì,副,pymupdf-native-table,
hsk_exam2025,page:104;sequence:995,995,3,3,,嘴,,嘴,,zuǐ,名,pymupdf-native-table,
hsk_exam2025,page:104;sequence:996,996,3,3,,最好,,最好,,zuìhǎo,副,pymupdf-native-table,
hsk_exam2025,page:104;sequence:997,997,3,3,,最后,,最后,,zuìhòu,名,pymupdf-native-table,
hsk_exam2025,page:104;sequence:998,998,3,3,,最近,,最近,,zuìjìn,名,pymupdf-native-table,
hsk_exam2025,page:104;sequence:999,999,3,3,,做客,,做客,,zuòkè,动,pymupdf-native-table,
hsk_exam2025,page:104;sequence:1000,1000,3,3,,作业,,作业,,zuòyè,名,pymupdf-native-table,
hsk_exam2025,page:105;sequence:1001,1001,4,4,,啊,,啊,,ā,叹,pymupdf-native-table,
hsk_exam2025,page:105;sequence:1002,1002,4,4,,爱情,,爱情,,àiqíng,名,pymupdf-native-table,
hsk_exam2025,page:105;sequence:1003,1003,4,4,,爱心,,爱心,,àixīn,名,pymupdf-native-table,
hsk_exam2025,page:105;sequence:1004,1004,4,4,,安检,,安检,,ānjiǎn,动,pymupdf-native-table,
hsk_exam2025,page:105;sequence:1005,1005,4,4,,安排,,安排,,ānpái,动,pymupdf-native-table,
hsk_exam2025,page:105;sequence:1006,1006,4,4,,按,,按,,àn,动、介,pymupdf-native-table,
hsk_exam2025,page:105;sequence:1007,1007,4,4,,按时,,按时,,ànshí,副,pymupdf-native-table,
hsk_exam2025,page:105;sequence:1008,1008,4,4,,按照,,按照,,ànzhào,介,pymupdf-native-table,
hsk_exam2025,page:105;sequence:1009,1009,4,4,,白酒,,白酒,,báijiǔ,名,pymupdf-native-table,
hsk_exam2025,page:105;sequence:1010,1010,4,4,,办公,,办公,,bàngōng,动,pymupdf-native-table,
hsk_exam2025,page:105;sequence:1011,1011,4,4,,办理,,办理,,bànlǐ,动,pymupdf-native-table,
hsk_exam2025,page:105;sequence:1012,1012,4,4,,办事,,办事,,bànshì,动,pymupdf-native-table,
hsk_exam2025,page:105;sequence:1013,1013,4,4（5）,5,棒,,棒,,bàng,形、（名）,pymupdf-native-table,
hsk_exam2025,page:105;sequence:1014,1014,4,4,,保护,,保护,,bǎohù,动,pymupdf-native-table,
hsk_exam2025,page:105;sequence:1015,1015,4,4,,保证,,保证,,bǎozhèng,动、名,pymupdf-native-table,
hsk_exam2025,page:105;sequence:1016,1016,4,4,,抱,,抱,,bào,动,pymupdf-native-table,
hsk_exam2025,page:105;sequence:1017,1017,4,4,,报考,,报考,,bàokǎo,动,pymupdf-native-table,
hsk_exam2025,page:105;sequence:1018,1018,4,4,,报名,,报名,,bàomíng,动,pymupdf-native-table,
hsk_exam2025,page:105;sequence:1019,1019,4,4,,抱歉,,抱歉,,bàoqiàn,形,pymupdf-native-table,
hsk_exam2025,page:105;sequence:1020,1020,4,4,,背,,背,,bēi,动,pymupdf-native-table,
hsk_exam2025,page:105;sequence:1021,1021,4,4,,背包,,背包,,bēibāo,名,pymupdf-native-table,
hsk_exam2025,page:105;sequence:1022,1022,4,4,,北部,,北部,,běibù,名,pymupdf-native-table,
hsk_exam2025,page:105;sequence:1023,1023,4,4,,倍,,倍,,bèi,量,pymupdf-native-table,
hsk_exam2025,page:105;sequence:1024,1024,4,4,,本科,,本科,,běnkē,名,pymupdf-native-table,
hsk_exam2025,page:105;sequence:1025,1025,4,4,,本来,,本来,,běnlái,形、副,pymupdf-native-table,
hsk_exam2025,page:105;sequence:1026,1026,4,4,,笨,,笨,,bèn,形,pymupdf-native-table,
hsk_exam2025,page:105;sequence:1027,1027,4,4,,鼻子,,鼻子,,bízi,名,pymupdf-native-table,
hsk_exam2025,page:105;sequence:1028,1028,4,4,,笔试,,笔试,,bǐshì,动,pymupdf-native-table,
hsk_exam2025,page:105;sequence:1029,1029,4,4,,毕业,,毕业,,bìyè,动,pymupdf-native-table,
hsk_exam2025,page:105;sequence:1030,1030,4,4,,毕业生,,毕业生,,bìyèshēng,名,pymupdf-native-table,
hsk_exam2025,page:105;sequence:1031,1031,4,4,,便于,,便于,,biànyú,动,pymupdf-native-table,
hsk_exam2025,page:105;sequence:1032,1032,4,4,,标准,,标准,,biāozhǔn,名、形,pymupdf-native-table,
hsk_exam2025,page:105;sequence:1033,1033,4,4（7-9）,7-9,表,,表,,biǎo,名、（动）,pymupdf-native-table,
hsk_exam2025,page:105;sequence:1034,1034,4,4,,表格,,表格,,biǎogé,名,pymupdf-native-table,
hsk_exam2025,page:105;sequence:1035,1035,4,4,,表示,,表示,,biǎoshì,动,pymupdf-native-table,
hsk_exam2025,page:105;sequence:1036,1036,4,4,,表现,,表现,,biǎoxiàn,动,pymupdf-native-table,
hsk_exam2025,page:105;sequence:1037,1037,4,4,,表扬,,表扬,,biǎoyáng,动,pymupdf-native-table,
hsk_exam2025,page:105;sequence:1038,1038,4,4,,饼干,,饼干,,bǐnggān,名,pymupdf-native-table,
hsk_exam2025,page:105;sequence:1039,1039,4,4,,并,,并,,bìng,动、副、连,pymupdf-native-table,
hsk_exam2025,page:105;sequence:1040,1040,4,4,,并且,,并且,,bìngqiě,连,pymupdf-native-table,
hsk_exam2025,page:106;sequence:1041,1041,4,4,,播放,,播放,,bōfàng,动,pymupdf-native-table,
hsk_exam2025,page:106;sequence:1042,1042,4,4,,博士,,博士,,bóshì,名,pymupdf-native-table,
hsk_exam2025,page:106;sequence:1043,1043,4,4,,不必,,不必,,búbì,副,pymupdf-native-table,
hsk_exam2025,page:106;sequence:1044,1044,4,4,,不便,,不便,,búbiàn,形、动,pymupdf-native-table,
hsk_exam2025,page:106;sequence:1045,1045,4,4,,不断,,不断,,búduàn,动、副,pymupdf-native-table,
hsk_exam2025,page:106;sequence:1046,1046,4,4,,不够,,不够,,búgòu,动、副,pymupdf-native-table,
hsk_exam2025,page:106;sequence:1047,1047,4,4（5）,5,不过,,不过,,búguò,连、（副）,pymupdf-native-table,
hsk_exam2025,page:106;sequence:1048,1048,4,4,,不论,,不论,,búlùn,连,pymupdf-native-table,
hsk_exam2025,page:106;sequence:1049,1049,4,4,,步,,步,,bù,名,pymupdf-native-table,
hsk_exam2025,page:106;sequence:1050,1050,4,4,,部,,部,,bù,名、量,pymupdf-native-table,
hsk_exam2025,page:106;sequence:1051,1051,4,4,,不得不,,不得不,,bùdébù,副,pymupdf-native-table,
hsk_exam2025,page:106;sequence:1052,1052,4,4,,部分,,部分,,bùfen,名,pymupdf-native-table,
hsk_exam2025,page:106;sequence:1053,1053,4,4,,不管,,不管,,bùguǎn,连,pymupdf-native-table,
hsk_exam2025,page:106;sequence:1054,1054,4,4,,不光,,不光,,bùguāng,副、连,pymupdf-native-table,
hsk_exam2025,page:106;sequence:1055,1055,4,4,,不仅,,不仅,,bùjǐn,连,pymupdf-native-table,
hsk_exam2025,page:106;sequence:1056,1056,4,4,,不满,,不满,,bùmǎn,形,pymupdf-native-table,
hsk_exam2025,page:106;sequence:1057,1057,4,4,,部门,,部门,,bùmén,名,pymupdf-native-table,
hsk_exam2025,page:106;sequence:1058,1058,4,4,,不如,,不如,,bùrú,动,pymupdf-native-table,
hsk_exam2025,page:106;sequence:1059,1059,4,4,,擦,,擦,,cā,动,pymupdf-native-table,
hsk_exam2025,page:106;sequence:1060,1060,4,4,,猜,,猜,,cāi,动,pymupdf-native-table,
hsk_exam2025,page:106;sequence:1061,1061,4,4,,材料,,材料,,cáiliào,名,pymupdf-native-table,
hsk_exam2025,page:106;sequence:1062,1062,4,4,,参观,,参观,,cānguān,动,pymupdf-native-table,
hsk_exam2025,page:106;sequence:1063,1063,4,4,,参赛,,参赛,,cānsài,动,pymupdf-native-table,
hsk_exam2025,page:106;sequence:1064,1064,4,4,,餐厅,,餐厅,,cāntīng,名,pymupdf-native-table,
hsk_exam2025,page:106;sequence:1065,1065,4,4,,操场,,操场,,cāochǎng,名,pymupdf-native-table,
hsk_exam2025,page:106;sequence:1066,1066,4,4,,厕所,,厕所,,cèsuǒ,名,pymupdf-native-table,
hsk_exam2025,page:106;sequence:1067,1067,4,4,,查看,,查看,,chákàn,动,pymupdf-native-table,
hsk_exam2025,page:106;sequence:1068,1068,4,4,,茶叶,,茶叶,,cháyè,名,pymupdf-native-table,
hsk_exam2025,page:106;sequence:1069,1069,4,4,,查找,,查找,,cházhǎo,动,pymupdf-native-table,
hsk_exam2025,page:106;sequence:1070,1070,4,4,,差点儿,,差点儿,,chàdiǎnr,形、副,pymupdf-native-table,
hsk_exam2025,page:106;sequence:1071,1071,4,4,,产生,,产生,,chǎnshēng,动,pymupdf-native-table,
hsk_exam2025,page:106;sequence:1072,1072,4,4,,厂,,厂,,chǎng,名,pymupdf-native-table,
hsk_exam2025,page:106;sequence:1073,1073,4,4,,场,,场,,chǎng,量,pymupdf-native-table,
hsk_exam2025,page:106;sequence:1074,1074,4,4,,超过,,超过,,chāoguò,动,pymupdf-native-table,
hsk_exam2025,page:106;sequence:1075,1075,4,4,,车速,,车速,,chēsù,名,pymupdf-native-table,
hsk_exam2025,page:106;sequence:1076,1076,4,4,,车位,,车位,,chēwèi,名,pymupdf-native-table,
hsk_exam2025,page:106;sequence:1077,1077,4,4,,城,,城,,chéng,名,pymupdf-native-table,
hsk_exam2025,page:106;sequence:1078,1078,4,4,,乘,,乘1,1,chéng,动,pymupdf-native-table,
hsk_exam2025,page:106;sequence:1079,1079,4,4,,成功,,成功,,chénggōng,动、形,pymupdf-native-table,
hsk_exam2025,page:106;sequence:1080,1080,4,4,,乘客,,乘客,,chéngkè,名,pymupdf-native-table,
hsk_exam2025,page:107;sequence:1081,1081,4,4,,诚实,,诚实,,chéngshí,形,pymupdf-native-table,
hsk_exam2025,page:107;sequence:1082,1082,4,4,,成为,,成为,,chéngwéi,动,pymupdf-native-table,
hsk_exam2025,page:107;sequence:1083,1083,4,4,,乘坐,,乘坐,,chéngzuò,动,pymupdf-native-table,
hsk_exam2025,page:107;sequence:1084,1084,4,4,,吃惊,,吃惊,,chījīng,动,pymupdf-native-table,
hsk_exam2025,page:107;sequence:1085,1085,4,4,,迟,,迟,,chí,形,pymupdf-native-table,
hsk_exam2025,page:107;sequence:1086,1086,4,4（5）,5,重,,重,,chóng,副、（动）,pymupdf-native-table,
hsk_exam2025,page:107;sequence:1087,1087,4,4,,重新,,重新,,chóngxīn,副,pymupdf-native-table,
hsk_exam2025,page:107;sequence:1088,1088,4,4,,出差,,出差,,chūchāi,动,pymupdf-native-table,
hsk_exam2025,page:107;sequence:1089,1089,4,4（5）,5,出口,,出口,,chūkǒu,名、（动）,pymupdf-native-table,
hsk_exam2025,page:107;sequence:1090,1090,4,4,,出现,,出现,,chūxiàn,动,pymupdf-native-table,
hsk_exam2025,page:107;sequence:1091,1091,4,4,,出行,,出行,,chūxíng,动,pymupdf-native-table,
hsk_exam2025,page:107;sequence:1092,1092,4,4,,出租,,出租,,chūzū,动,pymupdf-native-table,
hsk_exam2025,page:107;sequence:1093,1093,4,4,,厨房,,厨房,,chúfáng,名,pymupdf-native-table,
hsk_exam2025,page:107;sequence:1094,1094,4,4,,厨师,,厨师,,chúshī,名,pymupdf-native-table,
hsk_exam2025,page:107;sequence:1095,1095,4,4,,窗,,窗,,chuāng,名,pymupdf-native-table,
hsk_exam2025,page:107;sequence:1096,1096,4,4,,窗户,,窗户,,chuānghu,名,pymupdf-native-table,
hsk_exam2025,page:107;sequence:1097,1097,4,4,,吹,,吹,,chuī,动,pymupdf-native-table,
hsk_exam2025,page:107;sequence:1098,1098,4,4,,词语,,词语,,cíyǔ,名,pymupdf-native-table,
hsk_exam2025,page:107;sequence:1099,1099,4,4,,此,,此,,cǐ,代,pymupdf-native-table,
hsk_exam2025,page:107;sequence:1100,1100,4,4,,此次,,此次,,cǐ cì,,pymupdf-native-table,
hsk_exam2025,page:107;sequence:1101,1101,4,4,,此外,,此外,,cǐwài,连,pymupdf-native-table,
hsk_exam2025,page:107;sequence:1102,1102,4,4,,从此,,从此,,cóngcǐ,副,pymupdf-native-table,
hsk_exam2025,page:107;sequence:1103,1103,4,4,,从来,,从来,,cónglái,副,pymupdf-native-table,
hsk_exam2025,page:107;sequence:1104,1104,4,4,,从中,,从中,,cóngzhōng,副,pymupdf-native-table,
hsk_exam2025,page:107;sequence:1105,1105,4,4,,粗,,粗,,cū,形,pymupdf-native-table,
hsk_exam2025,page:107;sequence:1106,1106,4,4,,粗心,,粗心,,cūxīn,形,pymupdf-native-table,
hsk_exam2025,page:107;sequence:1107,1107,4,4,,村,,村,,cūn,名,pymupdf-native-table,
hsk_exam2025,page:107;sequence:1108,1108,4,4,,存,,存,,cún,动,pymupdf-native-table,
hsk_exam2025,page:107;sequence:1109,1109,4,4,,错过,,错过,,cuòguò,动,pymupdf-native-table,
hsk_exam2025,page:107;sequence:1110,1110,4,4,,错误,,错误,,cuòwù,形、名,pymupdf-native-table,
hsk_exam2025,page:107;sequence:1111,1111,4,4,,答应,,答应,,dāying,动,pymupdf-native-table,
hsk_exam2025,page:107;sequence:1112,1112,4,4,,答,,答,,dá,动,pymupdf-native-table,
hsk_exam2025,page:107;sequence:1113,1113,4,4,,答案,,答案,,dá’àn,名,pymupdf-native-table,
hsk_exam2025,page:107;sequence:1114,1114,4,4,,达到,,达到,,dádào,动,pymupdf-native-table,
hsk_exam2025,page:107;sequence:1115,1115,4,4,,打招呼,,打招呼,,dǎ zhāohu,,pymupdf-native-table,
hsk_exam2025,page:107;sequence:1116,1116,4,4,,打败,,打败,,dǎbài,动,pymupdf-native-table,
hsk_exam2025,page:107;sequence:1117,1117,4,4,,打工,,打工,,dǎgōng,动,pymupdf-native-table,
hsk_exam2025,page:107;sequence:1118,1118,4,4,,打扰,,打扰,,dǎrǎo,动,pymupdf-native-table,
hsk_exam2025,page:107;sequence:1119,1119,4,4,,打印,,打印,,dǎyìn,动,pymupdf-native-table,
hsk_exam2025,page:107;sequence:1120,1120,4,4,,打印机,,打印机,,dǎyìnjī,名,pymupdf-native-table,
hsk_exam2025,page:108;sequence:1121,1121,4,4,,打折,,打折,,dǎzhé,动,pymupdf-native-table,
hsk_exam2025,page:108;sequence:1122,1122,4,4,,打针,,打针,,dǎzhēn,动,pymupdf-native-table,
hsk_exam2025,page:108;sequence:1123,1123,4,4,,大巴,,大巴,,dàbā,名,pymupdf-native-table,
hsk_exam2025,page:108;sequence:1124,1124,4,4,,大大,,大大,,dàdà,副,pymupdf-native-table,
hsk_exam2025,page:108;sequence:1125,1125,4,4,,大夫,,大夫,,dàifu,名,pymupdf-native-table,
hsk_exam2025,page:108;sequence:1126,1126,4,4,,大量,,大量,,dàliàng,形,pymupdf-native-table,
hsk_exam2025,page:108;sequence:1127,1127,4,4,,大赛,,大赛,,dàsài,名,pymupdf-native-table,
hsk_exam2025,page:108;sequence:1128,1128,4,4,,大厅,,大厅,,dàtīng,名,pymupdf-native-table,
hsk_exam2025,page:108;sequence:1129,1129,4,4,,大约,,大约,,dàyuē,副,pymupdf-native-table,
hsk_exam2025,page:108;sequence:1130,1130,4,4,,大自然,,大自然,,dàzìrán,名,pymupdf-native-table,
hsk_exam2025,page:108;sequence:1131,1131,4,4,,待,,待,,dāi,动,pymupdf-native-table,
hsk_exam2025,page:108;sequence:1132,1132,4,4,,戴,,戴,,dài,动,pymupdf-native-table,
hsk_exam2025,page:108;sequence:1133,1133,4,4,,袋子,,袋子,,dàizi,名,pymupdf-native-table,
hsk_exam2025,page:108;sequence:1134,1134,4,4,,单位,,单位,,dānwèi,名,pymupdf-native-table,
hsk_exam2025,page:108;sequence:1135,1135,4,4,,当,,当,,dāng,动、介,pymupdf-native-table,
hsk_exam2025,page:108;sequence:1136,1136,4,4,,当时,,当时,,dāngshí,名,pymupdf-native-table,
hsk_exam2025,page:108;sequence:1137,1137,4,4,,刀,,刀,,dāo,名,pymupdf-native-table,
hsk_exam2025,page:108;sequence:1138,1138,4,4,,导游,,导游,,dǎoyóu,动、名,pymupdf-native-table,
hsk_exam2025,page:108;sequence:1139,1139,4,4（6）,6,倒,,倒,,dào,动、（副）,pymupdf-native-table,
hsk_exam2025,page:108;sequence:1140,1140,4,4,,道,,道,,dào,名、量,pymupdf-native-table,
hsk_exam2025,page:108;sequence:1141,1141,4,4,,到底,,到底,,dàodǐ,副,pymupdf-native-table,
hsk_exam2025,page:108;sequence:1142,1142,4,4,,到来,,到来,,dàolái,动,pymupdf-native-table,
hsk_exam2025,page:108;sequence:1143,1143,4,4,,道路,,道路,,dàolù,名,pymupdf-native-table,
hsk_exam2025,page:108;sequence:1144,1144,4,4,,道歉,,道歉,,dàoqiàn,动,pymupdf-native-table,
hsk_exam2025,page:108;sequence:1145,1145,4,4,,得意,,得意,,déyì,形,pymupdf-native-table,
hsk_exam2025,page:108;sequence:1146,1146,4,4,,登机,,登机,,dēngjī,动,pymupdf-native-table,
hsk_exam2025,page:108;sequence:1147,1147,4,4（5）,5,等,,等2,2,děng,助、（名、量）,pymupdf-native-table,
hsk_exam2025,page:108;sequence:1148,1148,4,4,,等到,,等到,,děngdào,介,pymupdf-native-table,
hsk_exam2025,page:108;sequence:1149,1149,4,4,,低,,低,,dī,形、动,pymupdf-native-table,
hsk_exam2025,page:108;sequence:1150,1150,4,4,,低价,,低价,,dījià,名,pymupdf-native-table,
hsk_exam2025,page:108;sequence:1151,1151,4,4,,低温,,低温,,dīwēn,名,pymupdf-native-table,
hsk_exam2025,page:108;sequence:1152,1152,4,4,,低于,,低于,,dīyú,动,pymupdf-native-table,
hsk_exam2025,page:108;sequence:1153,1153,4,4,,底,,底,,dǐ,名,pymupdf-native-table,
hsk_exam2025,page:108;sequence:1154,1154,4,4,,底下,,底下,,dǐxia,名,pymupdf-native-table,
hsk_exam2025,page:108;sequence:1155,1155,4,4,,地球,,地球,,dìqiú,名,pymupdf-native-table,
hsk_exam2025,page:108;sequence:1156,1156,4,4,,地址,,地址,,dìzhǐ,名,pymupdf-native-table,
hsk_exam2025,page:108;sequence:1157,1157,4,4,,点名,,点名,,diǎnmíng,动,pymupdf-native-table,
hsk_exam2025,page:108;sequence:1158,1158,4,4,,点头,,点头,,diǎntóu,动,pymupdf-native-table,
hsk_exam2025,page:108;sequence:1159,1159,4,4,,电动车,,电动车,,diàndòngchē,名,pymupdf-native-table,
hsk_exam2025,page:108;sequence:1160,1160,4,4,,电视剧,,电视剧,,diànshìjù,名,pymupdf-native-table,
hsk_exam2025,page:109;sequence:1161,1161,4,4,,掉,,掉,,diào,动,pymupdf-native-table,
hsk_exam2025,page:109;sequence:1162,1162,4,4,,调查,,调查,,diàochá,动,pymupdf-native-table,
hsk_exam2025,page:109;sequence:1163,1163,4,4,,订,,订,,dìng,动,pymupdf-native-table,
hsk_exam2025,page:109;sequence:1164,1164,4,4,,定,,定,,dìng,动,pymupdf-native-table,
hsk_exam2025,page:109;sequence:1165,1165,4,4,,东部,,东部,,dōngbù,名,pymupdf-native-table,
hsk_exam2025,page:109;sequence:1166,1166,4,4,,动车,,动车,,dòngchē,名,pymupdf-native-table,
hsk_exam2025,page:109;sequence:1167,1167,4,4,,动作,,动作,,dòngzuò,名,pymupdf-native-table,
hsk_exam2025,page:109;sequence:1168,1168,4,4,,读者,,读者,,dúzhě,名,pymupdf-native-table,
hsk_exam2025,page:109;sequence:1169,1169,4,4,,堵车,,堵车,,dǔchē,动,pymupdf-native-table,
hsk_exam2025,page:109;sequence:1170,1170,4,4,,度假,,度假,,dùjià,动,pymupdf-native-table,
hsk_exam2025,page:109;sequence:1171,1171,4,4,,肚子,,肚子,,dùzi,名,pymupdf-native-table,
hsk_exam2025,page:109;sequence:1172,1172,4,4,,短信,,短信,,duǎnxìn,名,pymupdf-native-table,
hsk_exam2025,page:109;sequence:1173,1173,4,4（5）,5,队,,队,,duì,名、（量）,pymupdf-native-table,
hsk_exam2025,page:109;sequence:1174,1174,4,4,,对方,,对方,,duìfāng,名,pymupdf-native-table,
hsk_exam2025,page:109;sequence:1175,1175,4,4,,对面,,对面,,duìmiàn,名,pymupdf-native-table,
hsk_exam2025,page:109;sequence:1176,1176,4,4,,对于,,对于,,duìyú,介,pymupdf-native-table,
hsk_exam2025,page:109;sequence:1177,1177,4,4,,队员,,队员,,duìyuán,名,pymupdf-native-table,
hsk_exam2025,page:109;sequence:1178,1178,4,4,,队长,,队长,,duìzhǎng,名,pymupdf-native-table,
hsk_exam2025,page:109;sequence:1179,1179,4,4（7-9）,7-9,顿,,顿,,dùn,量、（动）,pymupdf-native-table,
hsk_exam2025,page:109;sequence:1180,1180,4,4,,多么,,多么,,duōme,副,pymupdf-native-table,
hsk_exam2025,page:109;sequence:1181,1181,4,4,,多数,,多数,,duōshù,名,pymupdf-native-table,
hsk_exam2025,page:109;sequence:1182,1182,4,4,,多样,,多样,,duōyàng,形,pymupdf-native-table,
hsk_exam2025,page:109;sequence:1183,1183,4,4,,而,,而,,ér,连,pymupdf-native-table,
hsk_exam2025,page:109;sequence:1184,1184,4,4,,儿童,,儿童,,értóng,名,pymupdf-native-table,
hsk_exam2025,page:109;sequence:1185,1185,4,4,,发出,,发出,,fāchū,动,pymupdf-native-table,
hsk_exam2025,page:109;sequence:1186,1186,4,4,,发送,,发送,,fāsòng,动,pymupdf-native-table,
hsk_exam2025,page:109;sequence:1187,1187,4,4,,法,,法,,fǎ,名,pymupdf-native-table,
hsk_exam2025,page:109;sequence:1188,1188,4,4,,法律,,法律,,fǎlǜ,名,pymupdf-native-table,
hsk_exam2025,page:109;sequence:1189,1189,4,4,,翻译,,翻译,,fānyì,动、名,pymupdf-native-table,
hsk_exam2025,page:109;sequence:1190,1190,4,4,,烦,,烦,,fán,形、动,pymupdf-native-table,
hsk_exam2025,page:109;sequence:1191,1191,4,4,,烦恼,,烦恼,,fánnǎo,形,pymupdf-native-table,
hsk_exam2025,page:109;sequence:1192,1192,4,4,,反对,,反对,,fǎnduì,动,pymupdf-native-table,
hsk_exam2025,page:109;sequence:1193,1193,4,4,,方面,,方面,,fāngmiàn,名,pymupdf-native-table,
hsk_exam2025,page:109;sequence:1194,1194,4,4,,方式,,方式,,fāngshì,名,pymupdf-native-table,
hsk_exam2025,page:109;sequence:1195,1195,4,4,,房东,,房东,,fángdōng,名,pymupdf-native-table,
hsk_exam2025,page:109;sequence:1196,1196,4,4,,房租,,房租,,fángzū,名,pymupdf-native-table,
hsk_exam2025,page:109;sequence:1197,1197,4,4,,放弃,,放弃,,fàngqì,动,pymupdf-native-table,
hsk_exam2025,page:109;sequence:1198,1198,4,4,,放松,,放松,,fàngsōng,动,pymupdf-native-table,
hsk_exam2025,page:109;sequence:1199,1199,4,4,,费,,费,,fèi,名、动,pymupdf-native-table,
hsk_exam2025,page:109;sequence:1200,1200,4,4,,费用,,费用,,fèiyong,名,pymupdf-native-table,
hsk_exam2025,page:110;sequence:1201,1201,4,4,,分数,,分数,,fēnshù,名,pymupdf-native-table,
hsk_exam2025,page:110;sequence:1202,1202,4,4,,分为,,分为,,fēnwéi,动,pymupdf-native-table,
hsk_exam2025,page:110;sequence:1203,1203,4,4,,份,,份,,fèn,量,pymupdf-native-table,
hsk_exam2025,page:110;sequence:1204,1204,4,4,,丰富,,丰富,,fēngfù,形,pymupdf-native-table,
hsk_exam2025,page:110;sequence:1205,1205,4,4,,风景,,风景,,fēngjǐng,名,pymupdf-native-table,
hsk_exam2025,page:110;sequence:1206,1206,4,4,,否则,,否则,,fǒuzé,连,pymupdf-native-table,
hsk_exam2025,page:110;sequence:1207,1207,4,4,,幅,,幅,,fú,量,pymupdf-native-table,
hsk_exam2025,page:110;sequence:1208,1208,4,4,,符合,,符合,,fúhé,动,pymupdf-native-table,
hsk_exam2025,page:110;sequence:1209,1209,4,4,,付,,付,,fù,动,pymupdf-native-table,
hsk_exam2025,page:110;sequence:1210,1210,4,4,,父母,,父母,,fùmǔ,名,pymupdf-native-table,
hsk_exam2025,page:110;sequence:1211,1211,4,4,,父女,,父女,,fùnǚ,名,pymupdf-native-table,
hsk_exam2025,page:110;sequence:1212,1212,4,4,,父亲,,父亲,,fùqīn,名,pymupdf-native-table,
hsk_exam2025,page:110;sequence:1213,1213,4,4,,复印,,复印,,fùyìn,动,pymupdf-native-table,
hsk_exam2025,page:110;sequence:1214,1214,4,4,,复杂,,复杂,,fùzá,形,pymupdf-native-table,
hsk_exam2025,page:110;sequence:1215,1215,4,4,,负责,,负责,,fùzé,动、形,pymupdf-native-table,
hsk_exam2025,page:110;sequence:1216,1216,4,4,,负责人,,负责人,,fùzérén,名,pymupdf-native-table,
hsk_exam2025,page:110;sequence:1217,1217,4,4,,父子,,父子,,fùzǐ,名,pymupdf-native-table,
hsk_exam2025,page:110;sequence:1218,1218,4,4,,改,,改,,gǎi,动,pymupdf-native-table,
hsk_exam2025,page:110;sequence:1219,1219,4,4,,改变,,改变,,gǎibiàn,动,pymupdf-native-table,
hsk_exam2025,page:110;sequence:1220,1220,4,4（5）,5,干,,干,,gān,形、（名）,pymupdf-native-table,
hsk_exam2025,page:110;sequence:1221,1221,4,4,,干杯,,干杯,,gānbēi,动,pymupdf-native-table,
hsk_exam2025,page:110;sequence:1222,1222,4,4,,赶,,赶,,gǎn,动,pymupdf-native-table,
hsk_exam2025,page:110;sequence:1223,1223,4,4,,敢,,敢,,gǎn,动,pymupdf-native-table,
hsk_exam2025,page:110;sequence:1224,1224,4,4,,感,,感,,gǎn,后缀,pymupdf-native-table,
hsk_exam2025,page:110;sequence:1225,1225,4,4,,感动,,感动,,gǎndòng,形、动,pymupdf-native-table,
hsk_exam2025,page:110;sequence:1226,1226,4,4,,赶紧,,赶紧,,gǎnjǐn,副,pymupdf-native-table,
hsk_exam2025,page:110;sequence:1227,1227,4,4,,感觉,,感觉,,gǎnjué,名、动,pymupdf-native-table,
hsk_exam2025,page:110;sequence:1228,1228,4,4,,赶快,,赶快,,gǎnkuài,副,pymupdf-native-table,
hsk_exam2025,page:110;sequence:1229,1229,4,4,,感情,,感情,,gǎnqíng,名,pymupdf-native-table,
hsk_exam2025,page:110;sequence:1230,1230,4,4,,感人,,感人,,gǎnrén,形,pymupdf-native-table,
hsk_exam2025,page:110;sequence:1231,1231,4,4,,赶上,,赶上,,gǎnshàng,动,pymupdf-native-table,
hsk_exam2025,page:110;sequence:1232,1232,4,4,,感受,,感受,,gǎnshòu,动、名,pymupdf-native-table,
hsk_exam2025,page:110;sequence:1233,1233,4,4,,感谢,,感谢,,gǎnxiè,动,pymupdf-native-table,
hsk_exam2025,page:110;sequence:1234,1234,4,4,,干活儿,,干活儿,,gànhuór,动,pymupdf-native-table,
hsk_exam2025,page:110;sequence:1235,1235,4,4,,钢琴,,钢琴,,gāngqín,名,pymupdf-native-table,
hsk_exam2025,page:110;sequence:1236,1236,4,4,,高价,,高价,,gāojià,名,pymupdf-native-table,
hsk_exam2025,page:110;sequence:1237,1237,4,4,,高考,,高考,,gāokǎo,名,pymupdf-native-table,
hsk_exam2025,page:110;sequence:1238,1238,4,4,,高速,,高速,,gāosù,形,pymupdf-native-table,
hsk_exam2025,page:110;sequence:1239,1239,4,4,,高温,,高温,,gāowēn,名,pymupdf-native-table,
hsk_exam2025,page:110;sequence:1240,1240,4,4,,高于,,高于,,gāoyú,动,pymupdf-native-table,
hsk_exam2025,page:111;sequence:1241,1241,4,4,,胳膊,,胳膊,,gēbo,名,pymupdf-native-table,
hsk_exam2025,page:111;sequence:1242,1242,4,4,,歌声,,歌声,,gēshēng,名,pymupdf-native-table,
hsk_exam2025,page:111;sequence:1243,1243,4,4,,歌手,,歌手,,gēshǒu,名,pymupdf-native-table,
hsk_exam2025,page:111;sequence:1244,1244,4,4,,各,,各,,gè,代、副,pymupdf-native-table,
hsk_exam2025,page:111;sequence:1245,1245,4,4,,各地,,各地,,gèdì,名,pymupdf-native-table,
hsk_exam2025,page:111;sequence:1246,1246,4,4,,各个,,各个,,gègè,代、副,pymupdf-native-table,
hsk_exam2025,page:111;sequence:1247,1247,4,4,,各位,,各位,,gèwèi,代,pymupdf-native-table,
hsk_exam2025,page:111;sequence:1248,1248,4,4,,各种,,各种,,gèzhǒng,代,pymupdf-native-table,
hsk_exam2025,page:111;sequence:1249,1249,4,4,,更加,,更加,,gèngjiā,副,pymupdf-native-table,
hsk_exam2025,page:111;sequence:1250,1250,4,4,,工厂,,工厂,,gōngchǎng,名,pymupdf-native-table,
hsk_exam2025,page:111;sequence:1251,1251,4,4,,功夫,,功夫,,gōngfu,名,pymupdf-native-table,
hsk_exam2025,page:111;sequence:1252,1252,4,4,,公共,,公共,,gōnggòng,形,pymupdf-native-table,
hsk_exam2025,page:111;sequence:1253,1253,4,4,,功课,,功课,,gōngkè,名,pymupdf-native-table,
hsk_exam2025,page:111;sequence:1254,1254,4,4,,公里,,公里,,gōnglǐ,量,pymupdf-native-table,
hsk_exam2025,page:111;sequence:1255,1255,4,4,,公路,,公路,,gōnglù,名,pymupdf-native-table,
hsk_exam2025,page:111;sequence:1256,1256,4,4,,工人,,工人,,gōngrén,名,pymupdf-native-table,
hsk_exam2025,page:111;sequence:1257,1257,4,4,,工资,,工资,,gōngzī,名,pymupdf-native-table,
hsk_exam2025,page:111;sequence:1258,1258,4,4,,共,,共,,gòng,副,pymupdf-native-table,
hsk_exam2025,page:111;sequence:1259,1259,4,4,,共同,,共同,,gòngtóng,形,pymupdf-native-table,
hsk_exam2025,page:111;sequence:1260,1260,4,4,,够,,够,,gòu,动、副,pymupdf-native-table,
hsk_exam2025,page:111;sequence:1261,1261,4,4,,购买,,购买,,gòumǎi,动,pymupdf-native-table,
hsk_exam2025,page:111;sequence:1262,1262,4,4,,购物,,购物,,gòuwù,动,pymupdf-native-table,
hsk_exam2025,page:111;sequence:1263,1263,4,4,,估计,,估计,,gūjì,动,pymupdf-native-table,
hsk_exam2025,page:111;sequence:1264,1264,4,4,,姑娘,,姑娘,,gūniang,名,pymupdf-native-table,
hsk_exam2025,page:111;sequence:1265,1265,4,4,,鼓励,,鼓励,,gǔlì,动,pymupdf-native-table,
hsk_exam2025,page:111;sequence:1266,1266,4,4,,顾客,,顾客,,gùkè,名,pymupdf-native-table,
hsk_exam2025,page:111;sequence:1267,1267,4,4,,故意,,故意,,gùyì,副,pymupdf-native-table,
hsk_exam2025,page:111;sequence:1268,1268,4,4,,挂,,挂,,guà,动,pymupdf-native-table,
hsk_exam2025,page:111;sequence:1269,1269,4,4,,关键,,关键,,guānjiàn,名、形,pymupdf-native-table,
hsk_exam2025,page:111;sequence:1270,1270,4,4,,观看,,观看,,guānkàn,动,pymupdf-native-table,
hsk_exam2025,page:111;sequence:1271,1271,4,4,,观众,,观众,,guānzhòng,名,pymupdf-native-table,
hsk_exam2025,page:111;sequence:1272,1272,4,4（5）,5,管,,管,,guǎn,动、（名、量）,pymupdf-native-table,
hsk_exam2025,page:111;sequence:1273,1273,4,4,,管理,,管理,,guǎnlǐ,动,pymupdf-native-table,
hsk_exam2025,page:111;sequence:1274,1274,4,4,,光,,光,,guāng,名、形、动、副,pymupdf-native-table,
hsk_exam2025,page:111;sequence:1275,1275,4,4,,广播,,广播,,guǎngbō,动、名,pymupdf-native-table,
hsk_exam2025,page:111;sequence:1276,1276,4,4,,广告,,广告,,guǎnggào,名,pymupdf-native-table,
hsk_exam2025,page:111;sequence:1277,1277,4,4,,逛,,逛,,guàng,动,pymupdf-native-table,
hsk_exam2025,page:111;sequence:1278,1278,4,4,,规定,,规定,,guīdìng,动、名,pymupdf-native-table,
hsk_exam2025,page:111;sequence:1279,1279,4,4,,国籍,,国籍,,guójí,名,pymupdf-native-table,
hsk_exam2025,page:111;sequence:1280,1280,4,4,,国际,,国际,,guójì,形、名,pymupdf-native-table,
hsk_exam2025,page:112;sequence:1281,1281,4,4,,果汁,,果汁,,guǒzhī,名,pymupdf-native-table,
hsk_exam2025,page:112;sequence:1282,1282,4,4,,过程,,过程,,guòchéng,名,pymupdf-native-table,
hsk_exam2025,page:112;sequence:1283,1283,4,4,,海洋,,海洋,,hǎiyáng,名,pymupdf-native-table,
hsk_exam2025,page:112;sequence:1284,1284,4,4,,害羞,,害羞,,hàixiū,形,pymupdf-native-table,
hsk_exam2025,page:112;sequence:1285,1285,4,4,,寒假,,寒假,,hánjià,名,pymupdf-native-table,
hsk_exam2025,page:112;sequence:1286,1286,4,4,,寒冷,,寒冷,,hánlěng,形,pymupdf-native-table,
hsk_exam2025,page:112;sequence:1287,1287,4,4,,喊,,喊,,hǎn,动,pymupdf-native-table,
hsk_exam2025,page:112;sequence:1288,1288,4,4,,汗,,汗,,hàn,名,pymupdf-native-table,
hsk_exam2025,page:112;sequence:1289,1289,4,4,,航班,,航班,,hángbān,名,pymupdf-native-table,
hsk_exam2025,page:112;sequence:1290,1290,4,4,,好处,,好处,,hǎochù,名,pymupdf-native-table,
hsk_exam2025,page:112;sequence:1291,1291,4,4,,好好,,好好,,hǎohǎo,形、副,pymupdf-native-table,
hsk_exam2025,page:112;sequence:1292,1292,4,4,,好笑,,好笑,,hǎoxiào,形,pymupdf-native-table,
hsk_exam2025,page:112;sequence:1293,1293,4,4,,合格,,合格,,hégé,形,pymupdf-native-table,
hsk_exam2025,page:112;sequence:1294,1294,4,4,,盒子,,盒子,,hézi,名,pymupdf-native-table,
hsk_exam2025,page:112;sequence:1295,1295,4,4,,红包,,红包,,hóngbāo,名,pymupdf-native-table,
hsk_exam2025,page:112;sequence:1296,1296,4,4,,厚,,厚,,hòu,形,pymupdf-native-table,
hsk_exam2025,page:112;sequence:1297,1297,4,4,,后悔,,后悔,,hòuhuǐ,动,pymupdf-native-table,
hsk_exam2025,page:112;sequence:1298,1298,4,4,,忽然,,忽然,,hūrán,副,pymupdf-native-table,
hsk_exam2025,page:112;sequence:1299,1299,4,4,,互联网,,互联网,,hùliánwǎng,名,pymupdf-native-table,
hsk_exam2025,page:112;sequence:1300,1300,4,4,,护士,,护士,,hùshi,名,pymupdf-native-table,
hsk_exam2025,page:112;sequence:1301,1301,4,4,,互相,,互相,,hùxiāng,副,pymupdf-native-table,
hsk_exam2025,page:112;sequence:1302,1302,4,4,,话剧,,话剧,,huàjù,名,pymupdf-native-table,
hsk_exam2025,page:112;sequence:1303,1303,4,4,,怀疑,,怀疑,,huáiyí,动,pymupdf-native-table,
hsk_exam2025,page:112;sequence:1304,1304,4,4,,坏处,,坏处,,huàichù,名,pymupdf-native-table,
hsk_exam2025,page:112;sequence:1305,1305,4,4,,环保,,环保,,huánbǎo,名、形,pymupdf-native-table,
hsk_exam2025,page:112;sequence:1306,1306,4,4,,换乘,,换乘,,huànchéng,动,pymupdf-native-table,
hsk_exam2025,page:112;sequence:1307,1307,4,4,,回复,,回复,,huífù,动,pymupdf-native-table,
hsk_exam2025,page:112;sequence:1308,1308,4,4,,回信,,回信,,huíxìn,动、名,pymupdf-native-table,
hsk_exam2025,page:112;sequence:1309,1309,4,4,,回忆,,回忆,,huíyì,动,pymupdf-native-table,
hsk_exam2025,page:112;sequence:1310,1310,4,4,,会员,,会员,,huìyuán,名,pymupdf-native-table,
hsk_exam2025,page:112;sequence:1311,1311,4,4,,活,,活,,huó,动、形、名,pymupdf-native-table,
hsk_exam2025,page:112;sequence:1312,1312,4,4,,活动,,活动,,huódòng,动、名,pymupdf-native-table,
hsk_exam2025,page:112;sequence:1313,1313,4,4,,活泼,,活泼,,huópō,形,pymupdf-native-table,
hsk_exam2025,page:112;sequence:1314,1314,4,4,,火,,火,,huǒ,名、形,pymupdf-native-table,
hsk_exam2025,page:112;sequence:1315,1315,4,4,,货,,货,,huò,名,pymupdf-native-table,
hsk_exam2025,page:112;sequence:1316,1316,4,4,,获得,,获得,,huòdé,动,pymupdf-native-table,
hsk_exam2025,page:112;sequence:1317,1317,4,4,,获奖,,获奖,,huòjiǎng,动,pymupdf-native-table,
hsk_exam2025,page:112;sequence:1318,1318,4,4,,获取,,获取,,huòqǔ,动,pymupdf-native-table,
hsk_exam2025,page:112;sequence:1319,1319,4,4,,基本,,基本,,jīběn,形、副,pymupdf-native-table,
hsk_exam2025,page:112;sequence:1320,1320,4,4,,基本上,,基本上,,jīběnshàng,副,pymupdf-native-table,
hsk_exam2025,page:113;sequence:1321,1321,4,4,,基础,,基础,,jīchǔ,名,pymupdf-native-table,
hsk_exam2025,page:113;sequence:1322,1322,4,4,,激动,,激动,,jīdòng,形、动,pymupdf-native-table,
hsk_exam2025,page:113;sequence:1323,1323,4,4,,积极,,积极,,jījí,形,pymupdf-native-table,
hsk_exam2025,page:113;sequence:1324,1324,4,4,,积累,,积累,,jīlěi,动,pymupdf-native-table,
hsk_exam2025,page:113;sequence:1325,1325,4,4,,及时,,及时,,jíshí,形、副,pymupdf-native-table,
hsk_exam2025,page:113;sequence:1326,1326,4,4,,即使,,即使,,jíshǐ,连,pymupdf-native-table,
hsk_exam2025,page:113;sequence:1327,1327,4,4,,既,,既,,jì,副、连,pymupdf-native-table,
hsk_exam2025,page:113;sequence:1328,1328,4,4,,寄,,寄,,jì,动,pymupdf-native-table,
hsk_exam2025,page:113;sequence:1329,1329,4,4,,计划,,计划,,jìhuà,名、动,pymupdf-native-table,
hsk_exam2025,page:113;sequence:1330,1330,4,4,,既然,,既然,,jìrán,连,pymupdf-native-table,
hsk_exam2025,page:113;sequence:1331,1331,4,4,,技术,,技术,,jìshù,名,pymupdf-native-table,
hsk_exam2025,page:113;sequence:1332,1332,4,4,,继续,,继续,,jìxù,动,pymupdf-native-table,
hsk_exam2025,page:113;sequence:1333,1333,4,4,,记者,,记者,,jìzhě,名,pymupdf-native-table,
hsk_exam2025,page:113;sequence:1334,1334,4,4,,加班,,加班,,jiābān,动,pymupdf-native-table,
hsk_exam2025,page:113;sequence:1335,1335,4,4,,家具,,家具,,jiājù,名,pymupdf-native-table,
hsk_exam2025,page:113;sequence:1336,1336,4,4,,加快,,加快,,jiākuài,动,pymupdf-native-table,
hsk_exam2025,page:113;sequence:1337,1337,4,4,,加强,,加强,,jiāqiáng,动,pymupdf-native-table,
hsk_exam2025,page:113;sequence:1338,1338,4,4,,加入,,加入,,jiārù,动,pymupdf-native-table,
hsk_exam2025,page:113;sequence:1339,1339,4,4,,加上,,加上,,jiāshàng,连,pymupdf-native-table,
hsk_exam2025,page:113;sequence:1340,1340,4,4,,家庭,,家庭,,jiātíng,名,pymupdf-native-table,
hsk_exam2025,page:113;sequence:1341,1341,4,4,,家乡,,家乡,,jiāxiāng,名,pymupdf-native-table,
hsk_exam2025,page:113;sequence:1342,1342,4,4,,加油,,加油,,jiāyóu,动,pymupdf-native-table,
hsk_exam2025,page:113;sequence:1343,1343,4,4,,加油站,,加油站,,jiāyóuzhàn,名,pymupdf-native-table,
hsk_exam2025,page:113;sequence:1344,1344,4,4,,家长,,家长,,jiāzhǎng,名,pymupdf-native-table,
hsk_exam2025,page:113;sequence:1345,1345,4,4,,假,,假,,jiǎ,形,pymupdf-native-table,
hsk_exam2025,page:113;sequence:1346,1346,4,4,,价格,,价格,,jiàgé,名,pymupdf-native-table,
hsk_exam2025,page:113;sequence:1347,1347,4,4,,价钱,,价钱,,jiàqián,名,pymupdf-native-table,
hsk_exam2025,page:113;sequence:1348,1348,4,4,,假日,,假日,,jiàrì,名,pymupdf-native-table,
hsk_exam2025,page:113;sequence:1349,1349,4,4,,减,,减,,jiǎn,动,pymupdf-native-table,
hsk_exam2025,page:113;sequence:1350,1350,4,4,,减轻,,减轻,,jiǎnqīng,动,pymupdf-native-table,
hsk_exam2025,page:113;sequence:1351,1351,4,4,,减少,,减少,,jiǎnshǎo,动,pymupdf-native-table,
hsk_exam2025,page:113;sequence:1352,1352,4,4,,健身,,健身,,jiànshēn,动,pymupdf-native-table,
hsk_exam2025,page:113;sequence:1353,1353,4,4,,健身房,,健身房,,jiànshēnfáng,名,pymupdf-native-table,
hsk_exam2025,page:113;sequence:1354,1354,4,4,,建议,,建议,,jiànyì,动、名,pymupdf-native-table,
hsk_exam2025,page:113;sequence:1355,1355,4,4,,江,,江,,jiāng,名,pymupdf-native-table,
hsk_exam2025,page:113;sequence:1356,1356,4,4,,将,,将,,jiāng,介、副,pymupdf-native-table,
hsk_exam2025,page:113;sequence:1357,1357,4,4,,将来,,将来,,jiānglái,名,pymupdf-native-table,
hsk_exam2025,page:113;sequence:1358,1358,4,4,,将要,,将要,,jiāngyào,副,pymupdf-native-table,
hsk_exam2025,page:113;sequence:1359,1359,4,4（5）,5,奖,,奖,,jiǎng,名、（动）,pymupdf-native-table,
hsk_exam2025,page:113;sequence:1360,1360,4,4,,奖金,,奖金,,jiǎngjīn,名,pymupdf-native-table,
hsk_exam2025,page:114;sequence:1361,1361,4,4,,奖学金,,奖学金,,jiǎngxuéjīn,名,pymupdf-native-table,
hsk_exam2025,page:114;sequence:1362,1362,4,4,,降,,降,,jiàng,动,pymupdf-native-table,
hsk_exam2025,page:114;sequence:1363,1363,4,4,,降低,,降低,,jiàngdī,动,pymupdf-native-table,
hsk_exam2025,page:114;sequence:1364,1364,4,4,,降价,,降价,,jiàngjià,动,pymupdf-native-table,
hsk_exam2025,page:114;sequence:1365,1365,4,4,,降落,,降落,,jiàngluò,动,pymupdf-native-table,
hsk_exam2025,page:114;sequence:1366,1366,4,4,,降温,,降温,,jiàngwēn,动,pymupdf-native-table,
hsk_exam2025,page:114;sequence:1367,1367,4,4（7-9）,7-9,交,,交,,jiāo,动、（名）,pymupdf-native-table,
hsk_exam2025,page:114;sequence:1368,1368,4,4,,骄傲,,骄傲,,jiāo’ào,形、名,pymupdf-native-table,
hsk_exam2025,page:114;sequence:1369,1369,4,4,,交警,,交警,,jiāojǐng,名,pymupdf-native-table,
hsk_exam2025,page:114;sequence:1370,1370,4,4,,交流,,交流,,jiāoliú,动,pymupdf-native-table,
hsk_exam2025,page:114;sequence:1371,1371,4,4,,郊区,,郊区,,jiāoqū,名,pymupdf-native-table,
hsk_exam2025,page:114;sequence:1372,1372,4,4,,交通,,交通,,jiāotōng,名,pymupdf-native-table,
hsk_exam2025,page:114;sequence:1373,1373,4,4,,教练,,教练,,jiàoliàn,名,pymupdf-native-table,
hsk_exam2025,page:114;sequence:1374,1374,4,4,,教师,,教师,,jiàoshī,名,pymupdf-native-table,
hsk_exam2025,page:114;sequence:1375,1375,4,4,,教授,,教授,,jiàoshòu,名,pymupdf-native-table,
hsk_exam2025,page:114;sequence:1376,1376,4,4,,教学,,教学,,jiàoxué,名,pymupdf-native-table,
hsk_exam2025,page:114;sequence:1377,1377,4,4,,教育,,教育,,jiàoyù,名、动,pymupdf-native-table,
hsk_exam2025,page:114;sequence:1378,1378,4,4,,叫作,,叫作,,jiàozuò,动,pymupdf-native-table,
hsk_exam2025,page:114;sequence:1379,1379,4,4,,街道,,街道,,jiēdào,名,pymupdf-native-table,
hsk_exam2025,page:114;sequence:1380,1380,4,4,,接受,,接受,,jiēshòu,动,pymupdf-native-table,
hsk_exam2025,page:114;sequence:1381,1381,4,4,,接着,,接着,,jiēzhe,动、副,pymupdf-native-table,
hsk_exam2025,page:114;sequence:1382,1382,4,4,,结果,,结果,,jiéguǒ,名、连,pymupdf-native-table,
hsk_exam2025,page:114;sequence:1383,1383,4,4,,节假日,,节假日,,jiéjiàrì,名,pymupdf-native-table,
hsk_exam2025,page:114;sequence:1384,1384,4,4,,节约,,节约,,jiéyuē,动,pymupdf-native-table,
hsk_exam2025,page:114;sequence:1385,1385,4,4,,结账,,结账,,jiézhàng,动,pymupdf-native-table,
hsk_exam2025,page:114;sequence:1386,1386,4,4,,解释,,解释,,jiěshì,动,pymupdf-native-table,
hsk_exam2025,page:114;sequence:1387,1387,4,4,,今后,,今后,,jīnhòu,名,pymupdf-native-table,
hsk_exam2025,page:114;sequence:1388,1388,4,4,,仅,,仅,,jǐn,副,pymupdf-native-table,
hsk_exam2025,page:114;sequence:1389,1389,4,4,,尽管,,尽管,,jǐnguǎn,副、连,pymupdf-native-table,
hsk_exam2025,page:114;sequence:1390,1390,4,4,,仅仅,,仅仅,,jǐnjǐn,副,pymupdf-native-table,
hsk_exam2025,page:114;sequence:1391,1391,4,4,,紧张,,紧张,,jǐnzhāng,形,pymupdf-native-table,
hsk_exam2025,page:114;sequence:1392,1392,4,4,,进入,,进入,,jìnrù,动,pymupdf-native-table,
hsk_exam2025,page:114;sequence:1393,1393,4,4,,进行,,进行,,jìnxíng,动,pymupdf-native-table,
hsk_exam2025,page:114;sequence:1394,1394,4,4,,禁止,,禁止,,jìnzhǐ,动,pymupdf-native-table,
hsk_exam2025,page:114;sequence:1395,1395,4,4,,精彩,,精彩,,jīngcǎi,形,pymupdf-native-table,
hsk_exam2025,page:114;sequence:1396,1396,4,4（5）,5,经济,,经济,,jīngjì,名、（形）,pymupdf-native-table,
hsk_exam2025,page:114;sequence:1397,1397,4,4,,京剧,,京剧,,jīngjù,名,pymupdf-native-table,
hsk_exam2025,page:114;sequence:1398,1398,4,4,,经历,,经历,,jīnglì,动、名,pymupdf-native-table,
hsk_exam2025,page:114;sequence:1399,1399,4,4,,经验,,经验,,jīngyàn,名,pymupdf-native-table,
hsk_exam2025,page:114;sequence:1400,1400,4,4,,警察,,警察,,jǐngchá,名,pymupdf-native-table,
hsk_exam2025,page:115;sequence:1401,1401,4,4,,景点,,景点,,jǐngdiǎn,名,pymupdf-native-table,
hsk_exam2025,page:115;sequence:1402,1402,4,4,,景区,,景区,,jǐngqū,名,pymupdf-native-table,
hsk_exam2025,page:115;sequence:1403,1403,4,4,,景色,,景色,,jǐngsè,名,pymupdf-native-table,
hsk_exam2025,page:115;sequence:1404,1404,4,4,,竟然,,竟然,,jìngrán,副,pymupdf-native-table,
hsk_exam2025,page:115;sequence:1405,1405,4,4,,竞争,,竞争,,jìngzhēng,动,pymupdf-native-table,
hsk_exam2025,page:115;sequence:1406,1406,4,4,,镜子,,镜子,,jìngzi,名,pymupdf-native-table,
hsk_exam2025,page:115;sequence:1407,1407,4,4（5）,5,究竟,,究竟,,jiūjìng,副、（名）,pymupdf-native-table,
hsk_exam2025,page:115;sequence:1408,1408,4,4,,就是,,就是,,jiùshì,助、副、连,pymupdf-native-table,
hsk_exam2025,page:115;sequence:1409,1409,4,4,,举,,举,,jǔ,动,pymupdf-native-table,
hsk_exam2025,page:115;sequence:1410,1410,4,4,,举办,,举办,,jǔbàn,动,pymupdf-native-table,
hsk_exam2025,page:115;sequence:1411,1411,4,4,,举例,,举例,,jǔlì,动,pymupdf-native-table,
hsk_exam2025,page:115;sequence:1412,1412,4,4,,举行,,举行,,jǔxíng,动,pymupdf-native-table,
hsk_exam2025,page:115;sequence:1413,1413,4,4,,聚,,聚,,jù,动,pymupdf-native-table,
hsk_exam2025,page:115;sequence:1414,1414,4,4,,聚餐,,聚餐,,jùcān,动,pymupdf-native-table,
hsk_exam2025,page:115;sequence:1415,1415,4,4,,聚会,,聚会,,jùhuì,动、名,pymupdf-native-table,
hsk_exam2025,page:115;sequence:1416,1416,4,4,,拒绝,,拒绝,,jùjué,动,pymupdf-native-table,
hsk_exam2025,page:115;sequence:1417,1417,4,4,,距离,,距离,,jùlí,动、名,pymupdf-native-table,
hsk_exam2025,page:115;sequence:1418,1418,4,4,,剧院,,剧院,,jùyuàn,名,pymupdf-native-table,
hsk_exam2025,page:115;sequence:1419,1419,4,4,,开玩笑,,开玩笑,,kāi wánxiào,,pymupdf-native-table,
hsk_exam2025,page:115;sequence:1420,1420,4,4,,看法,,看法,,kànfǎ,名,pymupdf-native-table,
hsk_exam2025,page:115;sequence:1421,1421,4,4,,烤,,烤,,kǎo,动,pymupdf-native-table,
hsk_exam2025,page:115;sequence:1422,1422,4,4,,考虑,,考虑,,kǎolǜ,动,pymupdf-native-table,
hsk_exam2025,page:115;sequence:1423,1423,4,4,,考生,,考生,,kǎoshēng,名,pymupdf-native-table,
hsk_exam2025,page:115;sequence:1424,1424,4,4,,棵,,棵,,kē,量,pymupdf-native-table,
hsk_exam2025,page:115;sequence:1425,1425,4,4,,科技,,科技,,kējì,名,pymupdf-native-table,
hsk_exam2025,page:115;sequence:1426,1426,4,4,,科学,,科学,,kēxué,名、形,pymupdf-native-table,
hsk_exam2025,page:115;sequence:1427,1427,4,4,,咳,,咳,,ké,动,pymupdf-native-table,
hsk_exam2025,page:115;sequence:1428,1428,4,4,,咳嗽,,咳嗽,,késou,动,pymupdf-native-table,
hsk_exam2025,page:115;sequence:1429,1429,4,4,,可惜,,可惜,,kěxī,形,pymupdf-native-table,
hsk_exam2025,page:115;sequence:1430,1430,4,4,,克,,克,,kè,量,pymupdf-native-table,
hsk_exam2025,page:115;sequence:1431,1431,4,4,,课程,,课程,,kèchéng,名,pymupdf-native-table,
hsk_exam2025,page:115;sequence:1432,1432,4,4,,客气,,客气,,kèqi,形、动,pymupdf-native-table,
hsk_exam2025,page:115;sequence:1433,1433,4,4,,课堂,,课堂,,kètáng,名,pymupdf-native-table,
hsk_exam2025,page:115;sequence:1434,1434,4,4,,客厅,,客厅,,kètīng,名,pymupdf-native-table,
hsk_exam2025,page:115;sequence:1435,1435,4,4,,肯定,,肯定,,kěndìng,动、形、副,pymupdf-native-table,
hsk_exam2025,page:115;sequence:1436,1436,4,4（5）,5,空,,空,,kōng,形、（副）,pymupdf-native-table,
hsk_exam2025,page:115;sequence:1437,1437,4,4,,空气,,空气,,kōngqì,名,pymupdf-native-table,
hsk_exam2025,page:115;sequence:1438,1438,4,4,,恐怕,,恐怕,,kǒngpà,动、副,pymupdf-native-table,
hsk_exam2025,page:115;sequence:1439,1439,4,4,,空,,空,,kòng,动、形、名,pymupdf-native-table,
hsk_exam2025,page:115;sequence:1440,1440,4,4,,口语,,口语,,kǒuyǔ,名,pymupdf-native-table,
hsk_exam2025,page:116;sequence:1441,1441,4,4,,苦,,苦,,kǔ,形,pymupdf-native-table,
hsk_exam2025,page:116;sequence:1442,1442,4,4,,快餐,,快餐,,kuàicān,名,pymupdf-native-table,
hsk_exam2025,page:116;sequence:1443,1443,4,4,,快递,,快递,,kuàidì,名,pymupdf-native-table,
hsk_exam2025,page:116;sequence:1444,1444,4,4,,快速,,快速,,kuàisù,形,pymupdf-native-table,
hsk_exam2025,page:116;sequence:1445,1445,4,4（5）,5,困,,困,,kùn,形、（动）,pymupdf-native-table,
hsk_exam2025,page:116;sequence:1446,1446,4,4,,困难,,困难,,kùnnan,形、名,pymupdf-native-table,
hsk_exam2025,page:116;sequence:1447,1447,4,4,,拉,,拉,,lā,动,pymupdf-native-table,
hsk_exam2025,page:116;sequence:1448,1448,4,4,,垃圾,,垃圾,,lājī,名,pymupdf-native-table,
hsk_exam2025,page:116;sequence:1449,1449,4,4,,辣,,辣,,là,形,pymupdf-native-table,
hsk_exam2025,page:116;sequence:1450,1450,4,4,,来不及,,来不及,,láibují,动,pymupdf-native-table,
hsk_exam2025,page:116;sequence:1451,1451,4,4,,来得及,,来得及,,láidejí,动,pymupdf-native-table,
hsk_exam2025,page:116;sequence:1452,1452,4,4,,懒,,懒,,lǎn,形,pymupdf-native-table,
hsk_exam2025,page:116;sequence:1453,1453,4,4,,浪费,,浪费,,làngfèi,动,pymupdf-native-table,
hsk_exam2025,page:116;sequence:1454,1454,4,4,,浪漫,,浪漫,,làngmàn,形,pymupdf-native-table,
hsk_exam2025,page:116;sequence:1455,1455,4,4,,老虎,,老虎,,lǎohǔ,名,pymupdf-native-table,
hsk_exam2025,page:116;sequence:1456,1456,4,4,,老家,,老家,,lǎojiā,名,pymupdf-native-table,
hsk_exam2025,page:116;sequence:1457,1457,4,4,,老年,,老年,,lǎonián,名,pymupdf-native-table,
hsk_exam2025,page:116;sequence:1458,1458,4,4,,老是,,老是,,lǎoshì,副,pymupdf-native-table,
hsk_exam2025,page:116;sequence:1459,1459,4,4,,冷静,,冷静,,lěngjìng,形,pymupdf-native-table,
hsk_exam2025,page:116;sequence:1460,1460,4,4,,理发,,理发,,lǐfà,动,pymupdf-native-table,
hsk_exam2025,page:116;sequence:1461,1461,4,4,,理解,,理解,,lǐjiě,动,pymupdf-native-table,
hsk_exam2025,page:116;sequence:1462,1462,4,4,,礼貌,,礼貌,,lǐmào,名、形,pymupdf-native-table,
hsk_exam2025,page:116;sequence:1463,1463,4,4,,理想,,理想,,lǐxiǎng,名、形,pymupdf-native-table,
hsk_exam2025,page:116;sequence:1464,1464,4,4,,厉害,,厉害,,lìhai,形,pymupdf-native-table,
hsk_exam2025,page:116;sequence:1465,1465,4,4,,力气,,力气,,lìqi,名,pymupdf-native-table,
hsk_exam2025,page:116;sequence:1466,1466,4,4,,例如,,例如,,lìrú,动,pymupdf-native-table,
hsk_exam2025,page:116;sequence:1467,1467,4,4,,例子,,例子,,lìzi,名,pymupdf-native-table,
hsk_exam2025,page:116;sequence:1468,1468,4,4,,俩,,俩,,liǎ,数量,pymupdf-native-table,
hsk_exam2025,page:116;sequence:1469,1469,4,4（5）,5,连,,连,,lián,介、（动、副）,pymupdf-native-table,
hsk_exam2025,page:116;sequence:1470,1470,4,4,,联系,,联系,,liánxì,动,pymupdf-native-table,
hsk_exam2025,page:116;sequence:1471,1471,4,4,,凉,,凉,,liáng,形,pymupdf-native-table,
hsk_exam2025,page:116;sequence:1472,1472,4,4,,量,,量,,liáng,动,pymupdf-native-table,
hsk_exam2025,page:116;sequence:1473,1473,4,4,,两,,两2,2,liǎng,量,pymupdf-native-table,
hsk_exam2025,page:116;sequence:1474,1474,4,4,,亮,,亮,,liàng,形、动,pymupdf-native-table,
hsk_exam2025,page:116;sequence:1475,1475,4,4,,列,,列,,liè,动、量,pymupdf-native-table,
hsk_exam2025,page:116;sequence:1476,1476,4,4,,零下,,零下,,líng xià,,pymupdf-native-table,
hsk_exam2025,page:116;sequence:1477,1477,4,4,,零花钱,,零花钱,,línghuāqián,名,pymupdf-native-table,
hsk_exam2025,page:116;sequence:1478,1478,4,4,,零钱,,零钱,,língqián,名,pymupdf-native-table,
hsk_exam2025,page:116;sequence:1479,1479,4,4,,零食,,零食,,língshí,名,pymupdf-native-table,
hsk_exam2025,page:116;sequence:1480,1480,4,4（6）,6,另,,另,,lìng,代、（副）,pymupdf-native-table,
hsk_exam2025,page:117;sequence:1481,1481,4,4,,另外,,另外,,lìngwài,代、副、连,pymupdf-native-table,
hsk_exam2025,page:117;sequence:1482,1482,4,4,,留,,留,,liú,动,pymupdf-native-table,
hsk_exam2025,page:117;sequence:1483,1483,4,4,,流,,流,,liú,动,pymupdf-native-table,
hsk_exam2025,page:117;sequence:1484,1484,4,4,,流利,,流利,,liúlì,形,pymupdf-native-table,
hsk_exam2025,page:117;sequence:1485,1485,4,4,,留下,,留下,,liúxia,动,pymupdf-native-table,
hsk_exam2025,page:117;sequence:1486,1486,4,4,,流行,,流行,,liúxíng,动,pymupdf-native-table,
hsk_exam2025,page:117;sequence:1487,1487,4,4,,路过,,路过,,lùguò,动,pymupdf-native-table,
hsk_exam2025,page:117;sequence:1488,1488,4,4,,旅馆,,旅馆,,lǚguǎn,名,pymupdf-native-table,
hsk_exam2025,page:117;sequence:1489,1489,4,4,,旅客,,旅客,,lǚkè,名,pymupdf-native-table,
hsk_exam2025,page:117;sequence:1490,1490,4,4,,旅行,,旅行,,lǚxíng,动,pymupdf-native-table,
hsk_exam2025,page:117;sequence:1491,1491,4,4,,律师,,律师,,lǜshī,名,pymupdf-native-table,
hsk_exam2025,page:117;sequence:1492,1492,4,4,,乱,,乱,,luàn,形、副,pymupdf-native-table,
hsk_exam2025,page:117;sequence:1493,1493,4,4,,落,,落,,luò,动,pymupdf-native-table,
hsk_exam2025,page:117;sequence:1494,1494,4,4,,麻烦,,麻烦,,máfan,形、动、名,pymupdf-native-table,
hsk_exam2025,page:117;sequence:1495,1495,4,4,,馒头,,馒头,,mántou,名,pymupdf-native-table,
hsk_exam2025,page:117;sequence:1496,1496,4,4,,满,,满,,mǎn,形、动,pymupdf-native-table,
hsk_exam2025,page:117;sequence:1497,1497,4,4,,毛巾,,毛巾,,máojīn,名,pymupdf-native-table,
hsk_exam2025,page:117;sequence:1498,1498,4,4,,毛衣,,毛衣,,máoyī,名,pymupdf-native-table,
hsk_exam2025,page:117;sequence:1499,1499,4,4,,帽子,,帽子,,màozi,名,pymupdf-native-table,
hsk_exam2025,page:117;sequence:1500,1500,4,4,,美,,美,,měi,形,pymupdf-native-table,
hsk_exam2025,page:117;sequence:1501,1501,4,4,,美好,,美好,,měihǎo,形,pymupdf-native-table,
hsk_exam2025,page:117;sequence:1502,1502,4,4,,美景,,美景,,měijǐng,名,pymupdf-native-table,
hsk_exam2025,page:117;sequence:1503,1503,4,4,,美丽,,美丽,,měilì,形,pymupdf-native-table,
hsk_exam2025,page:117;sequence:1504,1504,4,4,,美食,,美食,,měishí,名,pymupdf-native-table,
hsk_exam2025,page:117;sequence:1505,1505,4,4,,梦,,梦,,mèng,名、动,pymupdf-native-table,
hsk_exam2025,page:117;sequence:1506,1506,4,4,,梦想,,梦想,,mèngxiǎng,动、名,pymupdf-native-table,
hsk_exam2025,page:117;sequence:1507,1507,4,4,,密码,,密码,,mìmǎ,名,pymupdf-native-table,
hsk_exam2025,page:117;sequence:1508,1508,4,4,,免费,,免费,,miǎnfèi,动,pymupdf-native-table,
hsk_exam2025,page:117;sequence:1509,1509,4,4,,面对,,面对,,miànduì,动,pymupdf-native-table,
hsk_exam2025,page:117;sequence:1510,1510,4,4,,面试,,面试,,miànshì,动,pymupdf-native-table,
hsk_exam2025,page:117;sequence:1511,1511,4,4,,秒,,秒,,miǎo,量,pymupdf-native-table,
hsk_exam2025,page:117;sequence:1512,1512,4,4,,民族,,民族,,mínzú,名,pymupdf-native-table,
hsk_exam2025,page:117;sequence:1513,1513,4,4,,末,,末,,mò,名,pymupdf-native-table,
hsk_exam2025,page:117;sequence:1514,1514,4,4,,母女,,母女,,mǔnǚ,名,pymupdf-native-table,
hsk_exam2025,page:117;sequence:1515,1515,4,4,,母亲,,母亲,,mǔqīn,名,pymupdf-native-table,
hsk_exam2025,page:117;sequence:1516,1516,4,4,,母子,,母子,,mǔzǐ,名,pymupdf-native-table,
hsk_exam2025,page:117;sequence:1517,1517,4,4,,目标,,目标,,mùbiāo,名,pymupdf-native-table,
hsk_exam2025,page:117;sequence:1518,1518,4,4,,目的,,目的,,mùdì,名,pymupdf-native-table,
hsk_exam2025,page:117;sequence:1519,1519,4,4,,目的地,,目的地,,mùdìdì,名,pymupdf-native-table,
hsk_exam2025,page:117;sequence:1520,1520,4,4,,目前,,目前,,mùqián,名,pymupdf-native-table,
hsk_exam2025,page:118;sequence:1521,1521,4,4,,耐心,,耐心,,nàixīn,形、名,pymupdf-native-table,
hsk_exam2025,page:118;sequence:1522,1522,4,4,,南部,,南部,,nánbù,名,pymupdf-native-table,
hsk_exam2025,page:118;sequence:1523,1523,4,4,,难道,,难道,,nándào,副,pymupdf-native-table,
hsk_exam2025,page:118;sequence:1524,1524,4,4,,男士,,男士,,nánshì,名,pymupdf-native-table,
hsk_exam2025,page:118;sequence:1525,1525,4,4,,难受,,难受,,nánshòu,形,pymupdf-native-table,
hsk_exam2025,page:118;sequence:1526,1526,4,4,,难忘,,难忘,,nánwàng,动,pymupdf-native-table,
hsk_exam2025,page:118;sequence:1527,1527,4,4,,男性,,男性,,nánxìng,名,pymupdf-native-table,
hsk_exam2025,page:118;sequence:1528,1528,4,4,,内,,内,,nèi,名,pymupdf-native-table,
hsk_exam2025,page:118;sequence:1529,1529,4,4,,内容,,内容,,nèiróng,名,pymupdf-native-table,
hsk_exam2025,page:118;sequence:1530,1530,4,4,,内心,,内心,,nèixīn,名,pymupdf-native-table,
hsk_exam2025,page:118;sequence:1531,1531,4,4,,能否,,能否,,néng fǒu,,pymupdf-native-table,
hsk_exam2025,page:118;sequence:1532,1532,4,4,,能够,,能够,,nénggòu,动,pymupdf-native-table,
hsk_exam2025,page:118;sequence:1533,1533,4,4,,能力,,能力,,nénglì,名,pymupdf-native-table,
hsk_exam2025,page:118;sequence:1534,1534,4,4,,嗯,,嗯,,ǹg,叹,pymupdf-native-table,
hsk_exam2025,page:118;sequence:1535,1535,4,4,,年底,,年底,,niándǐ,名,pymupdf-native-table,
hsk_exam2025,page:118;sequence:1536,1536,4,4,,年龄,,年龄,,niánlíng,名,pymupdf-native-table,
hsk_exam2025,page:118;sequence:1537,1537,4,4,,农村,,农村,,nóngcūn,名,pymupdf-native-table,
hsk_exam2025,page:118;sequence:1538,1538,4,4,,弄,,弄,,nòng,动,pymupdf-native-table,
hsk_exam2025,page:118;sequence:1539,1539,4,4,,女性,,女性,,nǚxìng,名,pymupdf-native-table,
hsk_exam2025,page:118;sequence:1540,1540,4,4,,暖和,,暖和,,nuǎnhuo,形、动,pymupdf-native-table,
hsk_exam2025,page:118;sequence:1541,1541,4,4,,偶尔,,偶尔,,ǒu’ěr,副、形,pymupdf-native-table,
hsk_exam2025,page:118;sequence:1542,1542,4,4,,拍,,拍,,pāi,动、名,pymupdf-native-table,
hsk_exam2025,page:118;sequence:1543,1543,4,4,,排,,排,,pái,动、名、量,pymupdf-native-table,
hsk_exam2025,page:118;sequence:1544,1544,4,4,,牌,,牌,,pái,名,pymupdf-native-table,
hsk_exam2025,page:118;sequence:1545,1545,4,4,,排队,,排队,,páiduì,动,pymupdf-native-table,
hsk_exam2025,page:118;sequence:1546,1546,4,4,,排球,,排球,,páiqiú,名,pymupdf-native-table,
hsk_exam2025,page:118;sequence:1547,1547,4,4,,牌子,,牌子,,páizi,名,pymupdf-native-table,
hsk_exam2025,page:118;sequence:1548,1548,4,4,,判断,,判断,,pànduàn,动,pymupdf-native-table,
hsk_exam2025,page:118;sequence:1549,1549,4,4,,陪,,陪,,péi,动,pymupdf-native-table,
hsk_exam2025,page:118;sequence:1550,1550,4,4,,批评,,批评,,pīpíng,动,pymupdf-native-table,
hsk_exam2025,page:118;sequence:1551,1551,4,4,,皮肤,,皮肤,,pífū,名,pymupdf-native-table,
hsk_exam2025,page:118;sequence:1552,1552,4,4,,脾气,,脾气,,píqi,名,pymupdf-native-table,
hsk_exam2025,page:118;sequence:1553,1553,4,4,,皮鞋,,皮鞋,,píxié,名,pymupdf-native-table,
hsk_exam2025,page:118;sequence:1554,1554,4,4,,篇,,篇,,piān,名、量,pymupdf-native-table,
hsk_exam2025,page:118;sequence:1555,1555,4,4,,片,,片,,piàn,名、量,pymupdf-native-table,
hsk_exam2025,page:118;sequence:1556,1556,4,4,,乒乓球,,乒乓球,,pīngpāngqiú,名,pymupdf-native-table,
hsk_exam2025,page:118;sequence:1557,1557,4,4,,平常,,平常,,píngcháng,形、名,pymupdf-native-table,
hsk_exam2025,page:118;sequence:1558,1558,4,4,,破,,破,,pò,动、形,pymupdf-native-table,
hsk_exam2025,page:118;sequence:1559,1559,4,4,,葡萄,,葡萄,,pútao,名,pymupdf-native-table,
hsk_exam2025,page:118;sequence:1560,1560,4,4,,葡萄酒,,葡萄酒,,pútaojiǔ,名,pymupdf-native-table,
hsk_exam2025,page:119;sequence:1561,1561,4,4,,普遍,,普遍,,pǔbiàn,形,pymupdf-native-table,
hsk_exam2025,page:119;sequence:1562,1562,4,4,,普通,,普通,,pǔtōng,形,pymupdf-native-table,
hsk_exam2025,page:119;sequence:1563,1563,4,4,,普通话,,普通话,,pǔtōnghuà,名,pymupdf-native-table,
hsk_exam2025,page:119;sequence:1564,1564,4,4,,期,,期,,qī,量,pymupdf-native-table,
hsk_exam2025,page:119;sequence:1565,1565,4,4,,期末,,期末,,qīmò,名,pymupdf-native-table,
hsk_exam2025,page:119;sequence:1566,1566,4,4,,期中,,期中,,qīzhōng,名,pymupdf-native-table,
hsk_exam2025,page:119;sequence:1567,1567,4,4,,其次,,其次,,qícì,代,pymupdf-native-table,
hsk_exam2025,page:119;sequence:1568,1568,4,4,,其中,,其中,,qízhōng,名,pymupdf-native-table,
hsk_exam2025,page:119;sequence:1569,1569,4,4,,起到,,起到,,qǐdào,动,pymupdf-native-table,
hsk_exam2025,page:119;sequence:1570,1570,4,4,,气,,气,,qì,名、动,pymupdf-native-table,
hsk_exam2025,page:119;sequence:1571,1571,4,4,,气候,,气候,,qìhòu,名,pymupdf-native-table,
hsk_exam2025,page:119;sequence:1572,1572,4,4,,汽水,,汽水,,qìshuǐ,名,pymupdf-native-table,
hsk_exam2025,page:119;sequence:1573,1573,4,4,,气温,,气温,,qìwēn,名,pymupdf-native-table,
hsk_exam2025,page:119;sequence:1574,1574,4,4,,千克,,千克,,qiānkè,量,pymupdf-native-table,
hsk_exam2025,page:119;sequence:1575,1575,4,4,,千万,,千万,,qiānwàn,副,pymupdf-native-table,
hsk_exam2025,page:119;sequence:1576,1576,4,4,,签证,,签证,,qiānzhèng,动、名,pymupdf-native-table,
hsk_exam2025,page:119;sequence:1577,1577,4,4,,前方,,前方,,qiánfāng,名,pymupdf-native-table,
hsk_exam2025,page:119;sequence:1578,1578,4,4,,前后,,前后,,qiánhòu,名,pymupdf-native-table,
hsk_exam2025,page:119;sequence:1579,1579,4,4,,强,,强,,qiáng,形,pymupdf-native-table,
hsk_exam2025,page:119;sequence:1580,1580,4,4,,敲,,敲,,qiāo,动,pymupdf-native-table,
hsk_exam2025,page:119;sequence:1581,1581,4,4,,桥,,桥,,qiáo,名,pymupdf-native-table,
hsk_exam2025,page:119;sequence:1582,1582,4,4,,巧,,巧,,qiǎo,形,pymupdf-native-table,
hsk_exam2025,page:119;sequence:1583,1583,4,4,,巧克力,,巧克力,,qiǎokèlì,名,pymupdf-native-table,
hsk_exam2025,page:119;sequence:1584,1584,4,4,,亲戚,,亲戚,,qīnqi,名,pymupdf-native-table,
hsk_exam2025,page:119;sequence:1585,1585,4,4,,琴,,琴,,qín,名,pymupdf-native-table,
hsk_exam2025,page:119;sequence:1586,1586,4,4,,轻,,轻,,qīng,形,pymupdf-native-table,
hsk_exam2025,page:119;sequence:1587,1587,4,4,,青年,,青年,,qīngnián,名,pymupdf-native-table,
hsk_exam2025,page:119;sequence:1588,1588,4,4,,轻松,,轻松,,qīngsōng,形,pymupdf-native-table,
hsk_exam2025,page:119;sequence:1589,1589,4,4,,情况,,情况,,qíngkuàng,名,pymupdf-native-table,
hsk_exam2025,page:119;sequence:1590,1590,4,4,,庆祝,,庆祝,,qìngzhù,动,pymupdf-native-table,
hsk_exam2025,page:119;sequence:1591,1591,4,4,,球队,,球队,,qiúduì,名,pymupdf-native-table,
hsk_exam2025,page:119;sequence:1592,1592,4,4,,球迷,,球迷,,qiúmí,名,pymupdf-native-table,
hsk_exam2025,page:119;sequence:1593,1593,4,4,,区,,区,,qū,名,pymupdf-native-table,
hsk_exam2025,page:119;sequence:1594,1594,4,4,,区别,,区别,,qūbié,动、名,pymupdf-native-table,
hsk_exam2025,page:119;sequence:1595,1595,4,4,,取,,取,,qǔ,动,pymupdf-native-table,
hsk_exam2025,page:119;sequence:1596,1596,4,4,,取得,,取得,,qǔdé,动,pymupdf-native-table,
hsk_exam2025,page:119;sequence:1597,1597,4,4,,取消,,取消,,qǔxiāo,动,pymupdf-native-table,
hsk_exam2025,page:119;sequence:1598,1598,4,4,,全,,全,,quán,形、副,pymupdf-native-table,
hsk_exam2025,page:119;sequence:1599,1599,4,4,,全部,,全部,,quánbù,名,pymupdf-native-table,
hsk_exam2025,page:119;sequence:1600,1600,4,4,,全都,,全都,,quándōu,副,pymupdf-native-table,
hsk_exam2025,page:120;sequence:1601,1601,4,4,,全球,,全球,,quánqiú,名,pymupdf-native-table,
hsk_exam2025,page:120;sequence:1602,1602,4,4,,全身,,全身,,quánshēn,名,pymupdf-native-table,
hsk_exam2025,page:120;sequence:1603,1603,4,4,,缺,,缺,,quē,动,pymupdf-native-table,
hsk_exam2025,page:120;sequence:1604,1604,4,4,,缺点,,缺点,,quēdiǎn,名,pymupdf-native-table,
hsk_exam2025,page:120;sequence:1605,1605,4,4,,缺少,,缺少,,quēshǎo,动,pymupdf-native-table,
hsk_exam2025,page:120;sequence:1606,1606,4,4,,却,,却,,què,副,pymupdf-native-table,
hsk_exam2025,page:120;sequence:1607,1607,4,4,,确实,,确实,,quèshí,副,pymupdf-native-table,
hsk_exam2025,page:120;sequence:1608,1608,4,4,,然而,,然而,,rán’ér,连,pymupdf-native-table,
hsk_exam2025,page:120;sequence:1609,1609,4,4,,热闹,,热闹,,rènao,形、动、名,pymupdf-native-table,
hsk_exam2025,page:120;sequence:1610,1610,4,4,,人生,,人生,,rénshēng,名,pymupdf-native-table,
hsk_exam2025,page:120;sequence:1611,1611,4,4,,人数,,人数,,rénshù,名,pymupdf-native-table,
hsk_exam2025,page:120;sequence:1612,1612,4,4,,人员,,人员,,rényuán,名,pymupdf-native-table,
hsk_exam2025,page:120;sequence:1613,1613,4,4,,任何,,任何,,rènhé,代,pymupdf-native-table,
hsk_exam2025,page:120;sequence:1614,1614,4,4,,任务,,任务,,rènwu,名,pymupdf-native-table,
hsk_exam2025,page:120;sequence:1615,1615,4,4,,扔,,扔,,rēng,动,pymupdf-native-table,
hsk_exam2025,page:120;sequence:1616,1616,4,4,,仍,,仍,,réng,副,pymupdf-native-table,
hsk_exam2025,page:120;sequence:1617,1617,4,4,,仍然,,仍然,,réngrán,副,pymupdf-native-table,
hsk_exam2025,page:120;sequence:1618,1618,4,4,,日常,,日常,,rìcháng,形,pymupdf-native-table,
hsk_exam2025,page:120;sequence:1619,1619,4,4,,日记,,日记,,rìjì,名,pymupdf-native-table,
hsk_exam2025,page:120;sequence:1620,1620,4,4,,日期,,日期,,rìqī,名,pymupdf-native-table,
hsk_exam2025,page:120;sequence:1621,1621,4,4,,日子,,日子,,rìzi,名,pymupdf-native-table,
hsk_exam2025,page:120;sequence:1622,1622,4,4,,入,,入,,rù,动,pymupdf-native-table,
hsk_exam2025,page:120;sequence:1623,1623,4,4,,入口,,入口,,rùkǒu,名,pymupdf-native-table,
hsk_exam2025,page:120;sequence:1624,1624,4,4,,入学,,入学,,rùxué,动,pymupdf-native-table,
hsk_exam2025,page:120;sequence:1625,1625,4,4,,入住,,入住,,rùzhù,动,pymupdf-native-table,
hsk_exam2025,page:120;sequence:1626,1626,4,4,,散步,,散步,,sànbù,动,pymupdf-native-table,
hsk_exam2025,page:120;sequence:1627,1627,4,4,,扫码,,扫码,,sǎomǎ,动,pymupdf-native-table,
hsk_exam2025,page:120;sequence:1628,1628,4,4,,森林,,森林,,sēnlín,名,pymupdf-native-table,
hsk_exam2025,page:120;sequence:1629,1629,4,4,,商量,,商量,,shāngliang,动,pymupdf-native-table,
hsk_exam2025,page:120;sequence:1630,1630,4,4,,商品,,商品,,shāngpǐn,名,pymupdf-native-table,
hsk_exam2025,page:120;sequence:1631,1631,4,4,,伤心,,伤心,,shāngxīn,形,pymupdf-native-table,
hsk_exam2025,page:120;sequence:1632,1632,4,4,,上门,,上门,,shàngmén,动,pymupdf-native-table,
hsk_exam2025,page:120;sequence:1633,1633,4,4,,稍,,稍,,shāo,副,pymupdf-native-table,
hsk_exam2025,page:120;sequence:1634,1634,4,4,,稍微,,稍微,,shāowēi,副,pymupdf-native-table,
hsk_exam2025,page:120;sequence:1635,1635,4,4,,少见,,少见,,shǎojiàn,形,pymupdf-native-table,
hsk_exam2025,page:120;sequence:1636,1636,4,4,,少量,,少量,,shǎoliàng,形,pymupdf-native-table,
hsk_exam2025,page:120;sequence:1637,1637,4,4,,少数,,少数,,shǎoshù,名,pymupdf-native-table,
hsk_exam2025,page:120;sequence:1638,1638,4,4,,少年,,少年,,shàonián,名,pymupdf-native-table,
hsk_exam2025,page:120;sequence:1639,1639,4,4,,社会,,社会,,shèhuì,名,pymupdf-native-table,
hsk_exam2025,page:120;sequence:1640,1640,4,4,,摄氏度,,摄氏度,,shèshìdù,量,pymupdf-native-table,
hsk_exam2025,page:121;sequence:1641,1641,4,4,,身,,身,,shēn,名、量,pymupdf-native-table,
hsk_exam2025,page:121;sequence:1642,1642,4,4（5）,5,深,,深,,shēn,形、（副）,pymupdf-native-table,
hsk_exam2025,page:121;sequence:1643,1643,4,4,,身份证,,身份证,,shēnfènzhèng,名,pymupdf-native-table,
hsk_exam2025,page:121;sequence:1644,1644,4,4,,申请,,申请,,shēnqǐng,动,pymupdf-native-table,
hsk_exam2025,page:121;sequence:1645,1645,4,4,,甚至,,甚至,,shènzhì,连,pymupdf-native-table,
hsk_exam2025,page:121;sequence:1646,1646,4,4,,生,,生1,1,shēng,动,pymupdf-native-table,
hsk_exam2025,page:121;sequence:1647,1647,4,4（7-9）,7-9,生,,生2,2,shēng,形、（副）,pymupdf-native-table,
hsk_exam2025,page:121;sequence:1648,1648,4,4,,生命,,生命,,shēngmìng,名,pymupdf-native-table,
hsk_exam2025,page:121;sequence:1649,1649,4,4,,生意,,生意,,shēngyi,名,pymupdf-native-table,
hsk_exam2025,page:121;sequence:1650,1650,4,4,,省,,省1,1,shěng,名,pymupdf-native-table,
hsk_exam2025,page:121;sequence:1651,1651,4,4,,剩,,剩,,shèng,动,pymupdf-native-table,
hsk_exam2025,page:121;sequence:1652,1652,4,4,,失败,,失败,,shībài,动、形,pymupdf-native-table,
hsk_exam2025,page:121;sequence:1653,1653,4,4,,师傅,,师傅,,shīfu,名,pymupdf-native-table,
hsk_exam2025,page:121;sequence:1654,1654,4,4,,失去,,失去,,shīqù,动,pymupdf-native-table,
hsk_exam2025,page:121;sequence:1655,1655,4,4,,师生,,师生,,shīshēng,名,pymupdf-native-table,
hsk_exam2025,page:121;sequence:1656,1656,4,4,,失望,,失望,,shīwàng,动、形,pymupdf-native-table,
hsk_exam2025,page:121;sequence:1657,1657,4,4,,十分,,十分,,shífēn,副,pymupdf-native-table,
hsk_exam2025,page:121;sequence:1658,1658,4,4,,实际,,实际,,shíjì,名、形,pymupdf-native-table,
hsk_exam2025,page:121;sequence:1659,1659,4,4,,时间表,,时间表,,shíjiānbiǎo,名,pymupdf-native-table,
hsk_exam2025,page:121;sequence:1660,1660,4,4,,实际上,,实际上,,shíjìshàng,副,pymupdf-native-table,
hsk_exam2025,page:121;sequence:1661,1661,4,4,,食品,,食品,,shípǐn,名,pymupdf-native-table,
hsk_exam2025,page:121;sequence:1662,1662,4,4,,食堂,,食堂,,shítáng,名,pymupdf-native-table,
hsk_exam2025,page:121;sequence:1663,1663,4,4,,食物,,食物,,shíwù,名,pymupdf-native-table,
hsk_exam2025,page:121;sequence:1664,1664,4,4,,实在,,实在,,shízài,形、副,pymupdf-native-table,
hsk_exam2025,page:121;sequence:1665,1665,4,4,,十字路口,,十字路口,,shízì lùkǒu,,pymupdf-native-table,
hsk_exam2025,page:121;sequence:1666,1666,4,4,,使,,使,,shǐ,动,pymupdf-native-table,
hsk_exam2025,page:121;sequence:1667,1667,4,4,,使馆,,使馆,,shǐguǎn,名,pymupdf-native-table,
hsk_exam2025,page:121;sequence:1668,1668,4,4,,使用,,使用,,shǐyòng,动,pymupdf-native-table,
hsk_exam2025,page:121;sequence:1669,1669,4,4,,市场,,市场,,shìchǎng,名,pymupdf-native-table,
hsk_exam2025,page:121;sequence:1670,1670,4,4,,是否,,是否,,shìfǒu,副,pymupdf-native-table,
hsk_exam2025,page:121;sequence:1671,1671,4,4,,适合,,适合,,shìhé,动,pymupdf-native-table,
hsk_exam2025,page:121;sequence:1672,1672,4,4,,世纪,,世纪,,shìjì,名,pymupdf-native-table,
hsk_exam2025,page:121;sequence:1673,1673,4,4,,视频,,视频,,shìpín,名,pymupdf-native-table,
hsk_exam2025,page:121;sequence:1674,1674,4,4,,市区,,市区,,shìqū,名,pymupdf-native-table,
hsk_exam2025,page:121;sequence:1675,1675,4,4,,试题,,试题,,shìtí,名,pymupdf-native-table,
hsk_exam2025,page:121;sequence:1676,1676,4,4,,适应,,适应,,shìyìng,动,pymupdf-native-table,
hsk_exam2025,page:121;sequence:1677,1677,4,4,,收费,,收费,,shōufèi,动,pymupdf-native-table,
hsk_exam2025,page:121;sequence:1678,1678,4,4,,收入,,收入,,shōurù,动、名,pymupdf-native-table,
hsk_exam2025,page:121;sequence:1679,1679,4,4,,收拾,,收拾,,shōushi,动,pymupdf-native-table,
hsk_exam2025,page:121;sequence:1680,1680,4,4,,收听,,收听,,shōutīng,动,pymupdf-native-table,
hsk_exam2025,page:122;sequence:1681,1681,4,4,,首,,首,,shǒu,量,pymupdf-native-table,
hsk_exam2025,page:122;sequence:1682,1682,4,4,,首都,,首都,,shǒudū,名,pymupdf-native-table,
hsk_exam2025,page:122;sequence:1683,1683,4,4,,首先,,首先,,shǒuxiān,副、代,pymupdf-native-table,
hsk_exam2025,page:122;sequence:1684,1684,4,4,,受不了,,受不了,,shòubuliǎo,动,pymupdf-native-table,
hsk_exam2025,page:122;sequence:1685,1685,4,4,,售票员,,售票员,,shòupiàoyuán,名,pymupdf-native-table,
hsk_exam2025,page:122;sequence:1686,1686,4,4,,受伤,,受伤,,shòushāng,动,pymupdf-native-table,
hsk_exam2025,page:122;sequence:1687,1687,4,4,,输,,输,,shū,动,pymupdf-native-table,
hsk_exam2025,page:122;sequence:1688,1688,4,4,,熟,,熟,,shú/shóu,形,pymupdf-native-table,
hsk_exam2025,page:122;sequence:1689,1689,4,4,,熟悉,,熟悉,,shúxi,动,pymupdf-native-table,
hsk_exam2025,page:122;sequence:1690,1690,4,4,,暑假,,暑假,,shǔjià,名,pymupdf-native-table,
hsk_exam2025,page:122;sequence:1691,1691,4,4,,数,,数,,shù,名、数,pymupdf-native-table,
hsk_exam2025,page:122;sequence:1692,1692,4,4,,数量,,数量,,shùliàng,名,pymupdf-native-table,
hsk_exam2025,page:122;sequence:1693,1693,4,4,,树林,,树林,,shùlín,名,pymupdf-native-table,
hsk_exam2025,page:122;sequence:1694,1694,4,4,,数字,,数字,,shùzì,名,pymupdf-native-table,
hsk_exam2025,page:122;sequence:1695,1695,4,4,,帅,,帅,,shuài,形,pymupdf-native-table,
hsk_exam2025,page:122;sequence:1696,1696,4,4,,顺便,,顺便,,shùnbiàn,副,pymupdf-native-table,
hsk_exam2025,page:122;sequence:1697,1697,4,4,,顺利,,顺利,,shùnlì,形,pymupdf-native-table,
hsk_exam2025,page:122;sequence:1698,1698,4,4,,顺序,,顺序,,shùnxù,名,pymupdf-native-table,
hsk_exam2025,page:122;sequence:1699,1699,4,4,,说法,,说法,,shuōfǎ,名,pymupdf-native-table,
hsk_exam2025,page:122;sequence:1700,1700,4,4,,说明,,说明,,shuōmíng,动、名,pymupdf-native-table,
hsk_exam2025,page:122;sequence:1701,1701,4,4,,说明书,,说明书,,shuōmíngshū,名,pymupdf-native-table,
hsk_exam2025,page:122;sequence:1702,1702,4,4,,硕士,,硕士,,shuòshì,名,pymupdf-native-table,
hsk_exam2025,page:122;sequence:1703,1703,4,4（5）,5,死,,死,,sǐ,动、形、（副）,pymupdf-native-table,
hsk_exam2025,page:122;sequence:1704,1704,4,4,,速度,,速度,,sùdù,名,pymupdf-native-table,
hsk_exam2025,page:122;sequence:1705,1705,4,4,,塑料,,塑料,,sùliào,名,pymupdf-native-table,
hsk_exam2025,page:122;sequence:1706,1706,4,4,,酸,,酸,,suān,形,pymupdf-native-table,
hsk_exam2025,page:122;sequence:1707,1707,4,4,,酸奶,,酸奶,,suānnǎi,名,pymupdf-native-table,
hsk_exam2025,page:122;sequence:1708,1708,4,4,,算,,算,,suàn,动、副,pymupdf-native-table,
hsk_exam2025,page:122;sequence:1709,1709,4,4,,随便,,随便,,suíbiàn,动、形、连,pymupdf-native-table,
hsk_exam2025,page:122;sequence:1710,1710,4,4,,随着,,随着,,suízhe,介,pymupdf-native-table,
hsk_exam2025,page:122;sequence:1711,1711,4,4,,孙女,,孙女,,sūnnǚ,名,pymupdf-native-table,
hsk_exam2025,page:122;sequence:1712,1712,4,4,,孙子,,孙子,,sūnzi,名,pymupdf-native-table,
hsk_exam2025,page:122;sequence:1713,1713,4,4（5）,5,所有,,所有,,suǒyǒu,形、（动、名）,pymupdf-native-table,
hsk_exam2025,page:122;sequence:1714,1714,4,4（5）,5,台,,台,,tái,量、（名）,pymupdf-native-table,
hsk_exam2025,page:122;sequence:1715,1715,4,4,,抬,,抬,,tái,动,pymupdf-native-table,
hsk_exam2025,page:122;sequence:1716,1716,4,4,,抬头,,抬头,,táitóu,动,pymupdf-native-table,
hsk_exam2025,page:122;sequence:1717,1717,4,4,,态度,,态度,,tàidù,名,pymupdf-native-table,
hsk_exam2025,page:122;sequence:1718,1718,4,4,,弹,,弹,,tán,动,pymupdf-native-table,
hsk_exam2025,page:122;sequence:1719,1719,4,4,,谈,,谈,,tán,动,pymupdf-native-table,
hsk_exam2025,page:122;sequence:1720,1720,4,4,,汤,,汤,,tāng,名,pymupdf-native-table,
hsk_exam2025,page:123;sequence:1721,1721,4,4,,躺,,躺,,tǎng,动,pymupdf-native-table,
hsk_exam2025,page:123;sequence:1722,1722,4,4,,趟,,趟,,tàng,量,pymupdf-native-table,
hsk_exam2025,page:123;sequence:1723,1723,4,4,,讨论,,讨论,,tǎolùn,动,pymupdf-native-table,
hsk_exam2025,page:123;sequence:1724,1724,4,4,,讨厌,,讨厌,,tǎoyàn,形、动,pymupdf-native-table,
hsk_exam2025,page:123;sequence:1725,1725,4,4,,特点,,特点,,tèdiǎn,名,pymupdf-native-table,
hsk_exam2025,page:123;sequence:1726,1726,4,4,,提,,提,,tí,动,pymupdf-native-table,
hsk_exam2025,page:123;sequence:1727,1727,4,4,,提出,,提出,,tíchū,动,pymupdf-native-table,
hsk_exam2025,page:123;sequence:1728,1728,4,4,,提到,,提到,,tídào,动,pymupdf-native-table,
hsk_exam2025,page:123;sequence:1729,1729,4,4,,提供,,提供,,tígōng,动,pymupdf-native-table,
hsk_exam2025,page:123;sequence:1730,1730,4,4,,提前,,提前,,tíqián,动,pymupdf-native-table,
hsk_exam2025,page:123;sequence:1731,1731,4,4,,提醒,,提醒,,tíxǐng,动,pymupdf-native-table,
hsk_exam2025,page:123;sequence:1732,1732,4,4,,体检,,体检,,tǐjiǎn,动,pymupdf-native-table,
hsk_exam2025,page:123;sequence:1733,1733,4,4,,体温,,体温,,tǐwēn,名,pymupdf-native-table,
hsk_exam2025,page:123;sequence:1734,1734,4,4,,体重,,体重,,tǐzhòng,名,pymupdf-native-table,
hsk_exam2025,page:123;sequence:1735,1735,4,4,,填写,,填写,,tiánxiě,动,pymupdf-native-table,
hsk_exam2025,page:123;sequence:1736,1736,4,4,,条件,,条件,,tiáojiàn,名,pymupdf-native-table,
hsk_exam2025,page:123;sequence:1737,1737,4,4,,听力,,听力,,tīnglì,名,pymupdf-native-table,
hsk_exam2025,page:123;sequence:1738,1738,4,4,,听众,,听众,,tīngzhòng,名,pymupdf-native-table,
hsk_exam2025,page:123;sequence:1739,1739,4,4,,停,,停,,tíng,动,pymupdf-native-table,
hsk_exam2025,page:123;sequence:1740,1740,4,4,,停车,,停车,,tíngchē,动,pymupdf-native-table,
hsk_exam2025,page:123;sequence:1741,1741,4,4,,停车场,,停车场,,tíngchēchǎng,名,pymupdf-native-table,
hsk_exam2025,page:123;sequence:1742,1742,4,4,,停止,,停止,,tíngzhǐ,动,pymupdf-native-table,
hsk_exam2025,page:123;sequence:1743,1743,4,4（7-9）,7-9,通,,通,,tōng,动、形、（量）,pymupdf-native-table,
hsk_exam2025,page:123;sequence:1744,1744,4,4,,通过,,通过,,tōngguò,动、介,pymupdf-native-table,
hsk_exam2025,page:123;sequence:1745,1745,4,4,,通知,,通知,,tōngzhī,动、名,pymupdf-native-table,
hsk_exam2025,page:123;sequence:1746,1746,4,4,,童年,,童年,,tóngnián,名,pymupdf-native-table,
hsk_exam2025,page:123;sequence:1747,1747,4,4,,同时,,同时,,tóngshí,名、连,pymupdf-native-table,
hsk_exam2025,page:123;sequence:1748,1748,4,4,,同样,,同样,,tóngyàng,形,pymupdf-native-table,
hsk_exam2025,page:123;sequence:1749,1749,4,4,,桶,,桶,,tǒng,名,pymupdf-native-table,
hsk_exam2025,page:123;sequence:1750,1750,4,4（7-9）,7-9,痛,,痛,,tòng,形、（副）,pymupdf-native-table,
hsk_exam2025,page:123;sequence:1751,1751,4,4,,头痛,,头痛,,tóutòng,形,pymupdf-native-table,
hsk_exam2025,page:123;sequence:1752,1752,4,4（7-9）,7-9,图,,图,,tú,名、（动）,pymupdf-native-table,
hsk_exam2025,page:123;sequence:1753,1753,4,4,,图片,,图片,,túpiàn,名,pymupdf-native-table,
hsk_exam2025,page:123;sequence:1754,1754,4,4（6）,6,土,,土,,tǔ,名、（形）,pymupdf-native-table,
hsk_exam2025,page:123;sequence:1755,1755,4,4,,推,,推,,tuī,动,pymupdf-native-table,
hsk_exam2025,page:123;sequence:1756,1756,4,4,,推迟,,推迟,,tuīchí,动,pymupdf-native-table,
hsk_exam2025,page:123;sequence:1757,1757,4,4,,推出,,推出,,tuīchū,动,pymupdf-native-table,
hsk_exam2025,page:123;sequence:1758,1758,4,4,,脱,,脱,,tuō,动,pymupdf-native-table,
hsk_exam2025,page:123;sequence:1759,1759,4,4,,袜子,,袜子,,wàzi,名,pymupdf-native-table,
hsk_exam2025,page:123;sequence:1760,1760,4,4,,外出,,外出,,wàichū,动,pymupdf-native-table,
hsk_exam2025,page:124;sequence:1761,1761,4,4,,外套,,外套,,wàitào,名,pymupdf-native-table,
hsk_exam2025,page:124;sequence:1762,1762,4,4,,完全,,完全,,wánquán,形、副,pymupdf-native-table,
hsk_exam2025,page:124;sequence:1763,1763,4,4,,晚安,,晚安,,wǎn’ān,动,pymupdf-native-table,
hsk_exam2025,page:124;sequence:1764,1764,4,4,,晚餐,,晚餐,,wǎncān,名,pymupdf-native-table,
hsk_exam2025,page:124;sequence:1765,1765,4,4,,网购,,网购,,wǎnggòu,动,pymupdf-native-table,
hsk_exam2025,page:124;sequence:1766,1766,4,4,,往往,,往往,,wǎngwǎng,副,pymupdf-native-table,
hsk_exam2025,page:124;sequence:1767,1767,4,4,,网页,,网页,,wǎngyè,名,pymupdf-native-table,
hsk_exam2025,page:124;sequence:1768,1768,4,4,,网友,,网友,,wǎngyǒu,名,pymupdf-native-table,
hsk_exam2025,page:124;sequence:1769,1769,4,4,,网址,,网址,,wǎngzhǐ,名,pymupdf-native-table,
hsk_exam2025,page:124;sequence:1770,1770,4,4,,危险,,危险,,wēixiǎn,形、名,pymupdf-native-table,
hsk_exam2025,page:124;sequence:1771,1771,4,4,,为,,为1,1,wéi,动,pymupdf-native-table,
hsk_exam2025,page:124;sequence:1772,1772,4,4,,味,,味,,wèi,名,pymupdf-native-table,
hsk_exam2025,page:124;sequence:1773,1773,4,4,,味道,,味道,,wèidào,名,pymupdf-native-table,
hsk_exam2025,page:124;sequence:1774,1774,4,4,,卫生,,卫生,,wèishēng,形、名,pymupdf-native-table,
hsk_exam2025,page:124;sequence:1775,1775,4,4,,温度,,温度,,wēndù,名,pymupdf-native-table,
hsk_exam2025,page:124;sequence:1776,1776,4,4,,闻,,闻,,wén,动,pymupdf-native-table,
hsk_exam2025,page:124;sequence:1777,1777,4,4,,文件,,文件,,wénjiàn,名,pymupdf-native-table,
hsk_exam2025,page:124;sequence:1778,1778,4,4,,文章,,文章,,wénzhāng,名,pymupdf-native-table,
hsk_exam2025,page:124;sequence:1779,1779,4,4,,文字,,文字,,wénzì,名,pymupdf-native-table,
hsk_exam2025,page:124;sequence:1780,1780,4,4,,污染,,污染,,wūrǎn,动,pymupdf-native-table,
hsk_exam2025,page:124;sequence:1781,1781,4,4,,无,,无,,wú,动,pymupdf-native-table,
hsk_exam2025,page:124;sequence:1782,1782,4,4,,无法,,无法,,wúfǎ,动,pymupdf-native-table,
hsk_exam2025,page:124;sequence:1783,1783,4,4,,无聊,,无聊,,wúliáo,形,pymupdf-native-table,
hsk_exam2025,page:124;sequence:1784,1784,4,4,,无论,,无论,,wúlùn,连,pymupdf-native-table,
hsk_exam2025,page:124;sequence:1785,1785,4,4,,午餐,,午餐,,wǔcān,名,pymupdf-native-table,
hsk_exam2025,page:124;sequence:1786,1786,4,4,,误会,,误会,,wùhuì,动、名,pymupdf-native-table,
hsk_exam2025,page:124;sequence:1787,1787,4,4,,吸,,吸,,xī,动,pymupdf-native-table,
hsk_exam2025,page:124;sequence:1788,1788,4,4,,西部,,西部,,xībù,名,pymupdf-native-table,
hsk_exam2025,page:124;sequence:1789,1789,4,4,,西红柿,,西红柿,,xīhóngshì,名,pymupdf-native-table,
hsk_exam2025,page:124;sequence:1790,1790,4,4,,吸引,,吸引,,xīyǐn,动,pymupdf-native-table,
hsk_exam2025,page:124;sequence:1791,1791,4,4,,细,,细,,xì,形,pymupdf-native-table,
hsk_exam2025,page:124;sequence:1792,1792,4,4,,细心,,细心,,xìxīn,形,pymupdf-native-table,
hsk_exam2025,page:124;sequence:1793,1793,4,4,,下降,,下降,,xiàjiàng,动,pymupdf-native-table,
hsk_exam2025,page:124;sequence:1794,1794,4,4,,鲜,,鲜,,xiān,形,pymupdf-native-table,
hsk_exam2025,page:124;sequence:1795,1795,4,4,,鲜花,,鲜花,,xiānhuā,名,pymupdf-native-table,
hsk_exam2025,page:124;sequence:1796,1796,4,4,,咸,,咸,,xián,形,pymupdf-native-table,
hsk_exam2025,page:124;sequence:1797,1797,4,4,,现金,,现金,,xiànjīn,名,pymupdf-native-table,
hsk_exam2025,page:124;sequence:1798,1798,4,4,,羡慕,,羡慕,,xiànmù,动,pymupdf-native-table,
hsk_exam2025,page:124;sequence:1799,1799,4,4,,线上,,线上,,xiànshàng,名,pymupdf-native-table,
hsk_exam2025,page:124;sequence:1800,1800,4,4,,线下,,线下,,xiànxià,名,pymupdf-native-table,
hsk_exam2025,page:125;sequence:1801,1801,4,4,,现有,,现有,,xiànyǒu,动、形,pymupdf-native-table,
hsk_exam2025,page:125;sequence:1802,1802,4,4,,香,,香,,xiāng,形,pymupdf-native-table,
hsk_exam2025,page:125;sequence:1803,1803,4,4,,相比,,相比,,xiāngbǐ,动,pymupdf-native-table,
hsk_exam2025,page:125;sequence:1804,1804,4,4,,相反,,相反,,xiāngfǎn,形、连,pymupdf-native-table,
hsk_exam2025,page:125;sequence:1805,1805,4,4,,相互,,相互,,xiānghù,副,pymupdf-native-table,
hsk_exam2025,page:125;sequence:1806,1806,4,4,,相同,,相同,,xiāngtóng,形,pymupdf-native-table,
hsk_exam2025,page:125;sequence:1807,1807,4,4,,详细,,详细,,xiángxì,形,pymupdf-native-table,
hsk_exam2025,page:125;sequence:1808,1808,4,4,,响,,响,,xiǎng,动、形,pymupdf-native-table,
hsk_exam2025,page:125;sequence:1809,1809,4,4,,想法,,想法,,xiǎngfǎ,名,pymupdf-native-table,
hsk_exam2025,page:125;sequence:1810,1810,4,4,,项,,项,,xiàng,量,pymupdf-native-table,
hsk_exam2025,page:125;sequence:1811,1811,4,4,,消息,,消息,,xiāoxi,名,pymupdf-native-table,
hsk_exam2025,page:125;sequence:1812,1812,4,4,,小吃,,小吃,,xiǎochī,名,pymupdf-native-table,
hsk_exam2025,page:125;sequence:1813,1813,4,4,,小伙子,,小伙子,,xiǎohuǒzi,名,pymupdf-native-table,
hsk_exam2025,page:125;sequence:1814,1814,4,4,,小说,,小说,,xiǎoshuō,名,pymupdf-native-table,
hsk_exam2025,page:125;sequence:1815,1815,4,4,,小组,,小组,,xiǎozǔ,名,pymupdf-native-table,
hsk_exam2025,page:125;sequence:1816,1816,4,4,,效果,,效果,,xiàoguǒ,名,pymupdf-native-table,
hsk_exam2025,page:125;sequence:1817,1817,4,4,,笑话,,笑话,,xiàohua,名、动,pymupdf-native-table,
hsk_exam2025,page:125;sequence:1818,1818,4,4,,血,,血,,xiě,名,pymupdf-native-table,
hsk_exam2025,page:125;sequence:1819,1819,4,4,,心,,心,,xīn,名,pymupdf-native-table,
hsk_exam2025,page:125;sequence:1820,1820,4,4,,辛苦,,辛苦,,xīnkǔ,形、动,pymupdf-native-table,
hsk_exam2025,page:125;sequence:1821,1821,4,4,,心情,,心情,,xīnqíng,名,pymupdf-native-table,
hsk_exam2025,page:125;sequence:1822,1822,4,4,,信号,,信号,,xìnhào,名,pymupdf-native-table,
hsk_exam2025,page:125;sequence:1823,1823,4,4,,信息,,信息,,xìnxī,名,pymupdf-native-table,
hsk_exam2025,page:125;sequence:1824,1824,4,4,,信心,,信心,,xìnxīn,名,pymupdf-native-table,
hsk_exam2025,page:125;sequence:1825,1825,4,4,,兴奋,,兴奋,,xīngfèn,形、动,pymupdf-native-table,
hsk_exam2025,page:125;sequence:1826,1826,4,4,,星星,,星星,,xīngxing,名,pymupdf-native-table,
hsk_exam2025,page:125;sequence:1827,1827,4,4,,醒,,醒,,xǐng,动,pymupdf-native-table,
hsk_exam2025,page:125;sequence:1828,1828,4,4,,性,,性,,xìng,后缀,pymupdf-native-table,
hsk_exam2025,page:125;sequence:1829,1829,4,4,,性别,,性别,,xìngbié,名,pymupdf-native-table,
hsk_exam2025,page:125;sequence:1830,1830,4,4,,幸福,,幸福,,xìngfú,名、形,pymupdf-native-table,
hsk_exam2025,page:125;sequence:1831,1831,4,4,,性格,,性格,,xìnggé,名,pymupdf-native-table,
hsk_exam2025,page:125;sequence:1832,1832,4,4,,兄弟,,兄弟,,xiōngdì,名,pymupdf-native-table,
hsk_exam2025,page:125;sequence:1833,1833,4,4,,熊,,熊,,xióng,名,pymupdf-native-table,
hsk_exam2025,page:125;sequence:1834,1834,4,4,,修,,修,,xiū,动,pymupdf-native-table,
hsk_exam2025,page:125;sequence:1835,1835,4,4,,修理,,修理,,xiūlǐ,动,pymupdf-native-table,
hsk_exam2025,page:125;sequence:1836,1836,4,4,,许多,,许多,,xǔduō,数,pymupdf-native-table,
hsk_exam2025,page:125;sequence:1837,1837,4,4,,学费,,学费,,xuéfèi,名,pymupdf-native-table,
hsk_exam2025,page:125;sequence:1838,1838,4,4,,学院,,学院,,xuéyuàn,名,pymupdf-native-table,
hsk_exam2025,page:125;sequence:1839,1839,4,4,,压,,压,,yā,动,pymupdf-native-table,
hsk_exam2025,page:125;sequence:1840,1840,4,4,,压力,,压力,,yālì,名,pymupdf-native-table,
hsk_exam2025,page:126;sequence:1841,1841,4,4,,牙膏,,牙膏,,yágāo,名,pymupdf-native-table,
hsk_exam2025,page:126;sequence:1842,1842,4,4,,亚洲,,亚洲,,Yàzhōu,名,pymupdf-native-table,
hsk_exam2025,page:126;sequence:1843,1843,4,4,,烟,,烟,,yān,名,pymupdf-native-table,
hsk_exam2025,page:126;sequence:1844,1844,4,4,,盐,,盐,,yán,名,pymupdf-native-table,
hsk_exam2025,page:126;sequence:1845,1845,4,4,,严格,,严格,,yángé,形、动,pymupdf-native-table,
hsk_exam2025,page:126;sequence:1846,1846,4,4,,研究,,研究,,yánjiū,动,pymupdf-native-table,
hsk_exam2025,page:126;sequence:1847,1847,4,4,,研究生,,研究生,,yánjiūshēng,名,pymupdf-native-table,
hsk_exam2025,page:126;sequence:1848,1848,4,4,,严重,,严重,,yánzhòng,形,pymupdf-native-table,
hsk_exam2025,page:126;sequence:1849,1849,4,4,,演,,演,,yǎn,动,pymupdf-native-table,
hsk_exam2025,page:126;sequence:1850,1850,4,4,,演唱,,演唱,,yǎnchàng,动,pymupdf-native-table,
hsk_exam2025,page:126;sequence:1851,1851,4,4,,演出,,演出,,yǎnchū,动,pymupdf-native-table,
hsk_exam2025,page:126;sequence:1852,1852,4,4,,眼镜,,眼镜,,yǎnjìng,名,pymupdf-native-table,
hsk_exam2025,page:126;sequence:1853,1853,4,4,,眼前,,眼前,,yǎnqián,名,pymupdf-native-table,
hsk_exam2025,page:126;sequence:1854,1854,4,4,,演员,,演员,,yǎnyuán,名,pymupdf-native-table,
hsk_exam2025,page:126;sequence:1855,1855,4,4,,阳光,,阳光,,yángguāng,名,pymupdf-native-table,
hsk_exam2025,page:126;sequence:1856,1856,4,4,,养成,,养成,,yǎngchéng,动,pymupdf-native-table,
hsk_exam2025,page:126;sequence:1857,1857,4,4,,样子,,样子,,yàngzi,名,pymupdf-native-table,
hsk_exam2025,page:126;sequence:1858,1858,4,4,,邀请,,邀请,,yāoqǐng,动,pymupdf-native-table,
hsk_exam2025,page:126;sequence:1859,1859,4,4,,要是,,要是,,yàoshi,连,pymupdf-native-table,
hsk_exam2025,page:126;sequence:1860,1860,4,4,,钥匙,,钥匙,,yàoshi,名,pymupdf-native-table,
hsk_exam2025,page:126;sequence:1861,1861,4,4,,也许,,也许,,yěxǔ,副,pymupdf-native-table,
hsk_exam2025,page:126;sequence:1862,1862,4,4,,夜,,夜,,yè,名、量,pymupdf-native-table,
hsk_exam2025,page:126;sequence:1863,1863,4,4,,夜晚,,夜晚,,yèwǎn,名,pymupdf-native-table,
hsk_exam2025,page:126;sequence:1864,1864,4,4,,叶子,,叶子,,yèzi,名,pymupdf-native-table,
hsk_exam2025,page:126;sequence:1865,1865,4,4,,一切,,一切,,yíqiè,代,pymupdf-native-table,
hsk_exam2025,page:126;sequence:1866,1866,4,4,,已,,已,,yǐ,副,pymupdf-native-table,
hsk_exam2025,page:126;sequence:1867,1867,4,4,,以内,,以内,,yǐnèi,名,pymupdf-native-table,
hsk_exam2025,page:126;sequence:1868,1868,4,4,,意见,,意见,,yìjiàn,名,pymupdf-native-table,
hsk_exam2025,page:126;sequence:1869,1869,4,4,,一生,,一生,,yìshēng,名,pymupdf-native-table,
hsk_exam2025,page:126;sequence:1870,1870,4,4,,艺术,,艺术,,yìshù,名,pymupdf-native-table,
hsk_exam2025,page:126;sequence:1871,1871,4,4,,因此,,因此,,yīncǐ,连,pymupdf-native-table,
hsk_exam2025,page:126;sequence:1872,1872,4,4,,引起,,引起,,yǐnqǐ,动,pymupdf-native-table,
hsk_exam2025,page:126;sequence:1873,1873,4,4,,印象,,印象,,yìnxiàng,名,pymupdf-native-table,
hsk_exam2025,page:126;sequence:1874,1874,4,4,,赢,,赢,,yíng,动,pymupdf-native-table,
hsk_exam2025,page:126;sequence:1875,1875,4,4,,赢得,,赢得,,yíngdé,动,pymupdf-native-table,
hsk_exam2025,page:126;sequence:1876,1876,4,4,,应聘,,应聘,,yìngpìn,动,pymupdf-native-table,
hsk_exam2025,page:126;sequence:1877,1877,4,4,,勇敢,,勇敢,,yǒnggǎn,形,pymupdf-native-table,
hsk_exam2025,page:126;sequence:1878,1878,4,4,,永远,,永远,,yǒngyuǎn,副、名,pymupdf-native-table,
hsk_exam2025,page:126;sequence:1879,1879,4,4,,用来,,用来,,yònglái,动,pymupdf-native-table,
hsk_exam2025,page:126;sequence:1880,1880,4,4,,用于,,用于,,yòngyú,动,pymupdf-native-table,
hsk_exam2025,page:127;sequence:1881,1881,4,4,,优点,,优点,,yōudiǎn,名,pymupdf-native-table,
hsk_exam2025,page:127;sequence:1882,1882,4,4,,幽默,,幽默,,yōumò,形,pymupdf-native-table,
hsk_exam2025,page:127;sequence:1883,1883,4,4,,优秀,,优秀,,yōuxiù,形,pymupdf-native-table,
hsk_exam2025,page:127;sequence:1884,1884,4,4,,由,,由,,yóu,介,pymupdf-native-table,
hsk_exam2025,page:127;sequence:1885,1885,4,4,,油,,油,,yóu,名,pymupdf-native-table,
hsk_exam2025,page:127;sequence:1886,1886,4,4,,尤其,,尤其,,yóuqí,副,pymupdf-native-table,
hsk_exam2025,page:127;sequence:1887,1887,4,4,,游玩,,游玩,,yóuwán,动,pymupdf-native-table,
hsk_exam2025,page:127;sequence:1888,1888,4,4,,由于,,由于,,yóuyú,介、连,pymupdf-native-table,
hsk_exam2025,page:127;sequence:1889,1889,4,4,,友好,,友好,,yǒuhǎo,形,pymupdf-native-table,
hsk_exam2025,page:127;sequence:1890,1890,4,4,,友情,,友情,,yǒuqíng,名,pymupdf-native-table,
hsk_exam2025,page:127;sequence:1891,1891,4,4,,有趣,,有趣,,yǒuqù,形,pymupdf-native-table,
hsk_exam2025,page:127;sequence:1892,1892,4,4,,有效,,有效,,yǒuxiào,动,pymupdf-native-table,
hsk_exam2025,page:127;sequence:1893,1893,4,4,,友谊,,友谊,,yǒuyì,名,pymupdf-native-table,
hsk_exam2025,page:127;sequence:1894,1894,4,4,,有着,,有着,,yǒuzhe,动,pymupdf-native-table,
hsk_exam2025,page:127;sequence:1895,1895,4,4,,愉快,,愉快,,yúkuài,形,pymupdf-native-table,
hsk_exam2025,page:127;sequence:1896,1896,4,4,,于是,,于是,,yúshì,连,pymupdf-native-table,
hsk_exam2025,page:127;sequence:1897,1897,4,4,,与,,与,,yǔ,介、连,pymupdf-native-table,
hsk_exam2025,page:127;sequence:1898,1898,4,4,,语法,,语法,,yǔfǎ,名,pymupdf-native-table,
hsk_exam2025,page:127;sequence:1899,1899,4,4,,预习,,预习,,yùxí,动,pymupdf-native-table,
hsk_exam2025,page:127;sequence:1900,1900,4,4,,原来,,原来,,yuánlái,名、形、副,pymupdf-native-table,
hsk_exam2025,page:127;sequence:1901,1901,4,4,,原谅,,原谅,,yuánliàng,动,pymupdf-native-table,
hsk_exam2025,page:127;sequence:1902,1902,4,4,,原因,,原因,,yuányīn,名,pymupdf-native-table,
hsk_exam2025,page:127;sequence:1903,1903,4,4,,远离,,远离,,yuǎnlí,动,pymupdf-native-table,
hsk_exam2025,page:127;sequence:1904,1904,4,4,,院长,,院长,,yuànzhǎng,名,pymupdf-native-table,
hsk_exam2025,page:127;sequence:1905,1905,4,4,,院子,,院子,,yuànzi,名,pymupdf-native-table,
hsk_exam2025,page:127;sequence:1906,1906,4,4,,约,,约,,yuē,动、副,pymupdf-native-table,
hsk_exam2025,page:127;sequence:1907,1907,4,4,,约会,,约会,,yuēhuì,动、名,pymupdf-native-table,
hsk_exam2025,page:127;sequence:1908,1908,4,4,,月饼,,月饼,,yuèbing,名,pymupdf-native-table,
hsk_exam2025,page:127;sequence:1909,1909,4,4,,阅读,,阅读,,yuèdú,动,pymupdf-native-table,
hsk_exam2025,page:127;sequence:1910,1910,4,4,,月份,,月份,,yuèfèn,名,pymupdf-native-table,
hsk_exam2025,page:127;sequence:1911,1911,4,4,,云,,云,,yún,名,pymupdf-native-table,
hsk_exam2025,page:127;sequence:1912,1912,4,4,,允许,,允许,,yǔnxǔ,动,pymupdf-native-table,
hsk_exam2025,page:127;sequence:1913,1913,4,4,,杂志,,杂志,,zázhì,名,pymupdf-native-table,
hsk_exam2025,page:127;sequence:1914,1914,4,4,,再次,,再次,,zàicì,副,pymupdf-native-table,
hsk_exam2025,page:127;sequence:1915,1915,4,4,,再说,,再说,,zàishuō,动、连,pymupdf-native-table,
hsk_exam2025,page:127;sequence:1916,1916,4,4,,暂时,,暂时,,zànshí,形,pymupdf-native-table,
hsk_exam2025,page:127;sequence:1917,1917,4,4,,暂停,,暂停,,zàntíng,动,pymupdf-native-table,
hsk_exam2025,page:127;sequence:1918,1918,4,4,,早餐,,早餐,,zǎocān,名,pymupdf-native-table,
hsk_exam2025,page:127;sequence:1919,1919,4,4,,早晨,,早晨,,zǎochen,名,pymupdf-native-table,
hsk_exam2025,page:127;sequence:1920,1920,4,4,,责任,,责任,,zérèn,名,pymupdf-native-table,
hsk_exam2025,page:128;sequence:1921,1921,4,4,,增加,,增加,,zēngjiā,动,pymupdf-native-table,
hsk_exam2025,page:128;sequence:1922,1922,4,4,,增长,,增长,,zēngzhǎng,动,pymupdf-native-table,
hsk_exam2025,page:128;sequence:1923,1923,4,4,,招聘,,招聘,,zhāopìn,动,pymupdf-native-table,
hsk_exam2025,page:128;sequence:1924,1924,4,4,,着,,着,,zháo,动,pymupdf-native-table,
hsk_exam2025,page:128;sequence:1925,1925,4,4,,着火,,着火,,zháohuǒ,动,pymupdf-native-table,
hsk_exam2025,page:128;sequence:1926,1926,4,4,,者,,者,,zhě,助,pymupdf-native-table,
hsk_exam2025,page:128;sequence:1927,1927,4,4,,真正,,真正,,zhēnzhèng,形、副,pymupdf-native-table,
hsk_exam2025,page:128;sequence:1928,1928,4,4,,整,,整,,zhěng,形,pymupdf-native-table,
hsk_exam2025,page:128;sequence:1929,1929,4,4,,整个,,整个,,zhěnggè,形,pymupdf-native-table,
hsk_exam2025,page:128;sequence:1930,1930,4,4,,整理,,整理,,zhěnglǐ,动,pymupdf-native-table,
hsk_exam2025,page:128;sequence:1931,1931,4,4,,证,,证,,zhèng,名,pymupdf-native-table,
hsk_exam2025,page:128;sequence:1932,1932,4,4,,正常,,正常,,zhèngcháng,形,pymupdf-native-table,
hsk_exam2025,page:128;sequence:1933,1933,4,4,,正好,,正好,,zhènghǎo,形、副,pymupdf-native-table,
hsk_exam2025,page:128;sequence:1934,1934,4,4,,证件,,证件,,zhèngjiàn,名,pymupdf-native-table,
hsk_exam2025,page:128;sequence:1935,1935,4,4,,证明,,证明,,zhèngmíng,动、名,pymupdf-native-table,
hsk_exam2025,page:128;sequence:1936,1936,4,4,,正确,,正确,,zhèngquè,形,pymupdf-native-table,
hsk_exam2025,page:128;sequence:1937,1937,4,4,,正式,,正式,,zhèngshì,形,pymupdf-native-table,
hsk_exam2025,page:128;sequence:1938,1938,4,4,,之,,之1,1,zhī,助,pymupdf-native-table,
hsk_exam2025,page:128;sequence:1939,1939,4,4,,支持,,支持,,zhīchí,动,pymupdf-native-table,
hsk_exam2025,page:128;sequence:1940,1940,4,4,,支付,,支付,,zhīfù,动,pymupdf-native-table,
hsk_exam2025,page:128;sequence:1941,1941,4,4,,之后,,之后,,zhīhòu,名,pymupdf-native-table,
hsk_exam2025,page:128;sequence:1942,1942,4,4,,之间,,之间,,zhījiān,名,pymupdf-native-table,
hsk_exam2025,page:128;sequence:1943,1943,4,4,,之前,,之前,,zhīqián,名,pymupdf-native-table,
hsk_exam2025,page:128;sequence:1944,1944,4,4,,知识,,知识,,zhīshi,名,pymupdf-native-table,
hsk_exam2025,page:128;sequence:1945,1945,4,4,,之中,,之中,,zhīzhōng,名,pymupdf-native-table,
hsk_exam2025,page:128;sequence:1946,1946,4,4,,值,,值,,zhí,动、形,pymupdf-native-table,
hsk_exam2025,page:128;sequence:1947,1947,4,4,,值得,,值得,,zhídé,动,pymupdf-native-table,
hsk_exam2025,page:128;sequence:1948,1948,4,4,,直接,,直接,,zhíjiē,形,pymupdf-native-table,
hsk_exam2025,page:128;sequence:1949,1949,4,4,,植物,,植物,,zhíwù,名,pymupdf-native-table,
hsk_exam2025,page:128;sequence:1950,1950,4,4,,职业,,职业,,zhíyè,名,pymupdf-native-table,
hsk_exam2025,page:128;sequence:1951,1951,4,4,,指,,指,,zhǐ,动,pymupdf-native-table,
hsk_exam2025,page:128;sequence:1952,1952,4,4,,指出,,指出,,zhǐchū,动,pymupdf-native-table,
hsk_exam2025,page:128;sequence:1953,1953,4,4,,只好,,只好,,zhǐhǎo,副,pymupdf-native-table,
hsk_exam2025,page:128;sequence:1954,1954,4,4,,纸巾,,纸巾,,zhǐjīn,名,pymupdf-native-table,
hsk_exam2025,page:128;sequence:1955,1955,4,4,,质量,,质量,,zhìliàng,名,pymupdf-native-table,
hsk_exam2025,page:128;sequence:1956,1956,4,4,,至少,,至少,,zhìshǎo,副,pymupdf-native-table,
hsk_exam2025,page:128;sequence:1957,1957,4,4,,中餐,,中餐,,zhōngcān,名,pymupdf-native-table,
hsk_exam2025,page:128;sequence:1958,1958,4,4,,中年,,中年,,zhōngnián,名,pymupdf-native-table,
hsk_exam2025,page:128;sequence:1959,1959,4,4,,种,,种,,zhòng,动,pymupdf-native-table,
hsk_exam2025,page:128;sequence:1960,1960,4,4,,重,,重,,zhòng,名、形,pymupdf-native-table,
hsk_exam2025,page:129;sequence:1961,1961,4,4,,重点,,重点,,zhòngdiǎn,名、副,pymupdf-native-table,
hsk_exam2025,page:129;sequence:1962,1962,4,4,,重视,,重视,,zhòngshì,动,pymupdf-native-table,
hsk_exam2025,page:129;sequence:1963,1963,4,4,,周围,,周围,,zhōuwéi,名,pymupdf-native-table,
hsk_exam2025,page:129;sequence:1964,1964,4,4,,主意,,主意,,zhǔyi,名,pymupdf-native-table,
hsk_exam2025,page:129;sequence:1965,1965,4,4,,祝,,祝,,zhù,动,pymupdf-native-table,
hsk_exam2025,page:129;sequence:1966,1966,4,4,,祝贺,,祝贺,,zhùhè,动,pymupdf-native-table,
hsk_exam2025,page:129;sequence:1967,1967,4,4,,著名,,著名,,zhùmíng,形,pymupdf-native-table,
hsk_exam2025,page:129;sequence:1968,1968,4,4,,专门,,专门,,zhuānmén,副、形,pymupdf-native-table,
hsk_exam2025,page:129;sequence:1969,1969,4,4,,专业,,专业,,zhuānyè,名、形,pymupdf-native-table,
hsk_exam2025,page:129;sequence:1970,1970,4,4,,转,,转,,zhuǎn,动,pymupdf-native-table,
hsk_exam2025,page:129;sequence:1971,1971,4,4,,转发,,转发,,zhuǎnfā,动,pymupdf-native-table,
hsk_exam2025,page:129;sequence:1972,1972,4,4,,转机,,转机1,1,zhuǎnjī,动,pymupdf-native-table,
hsk_exam2025,page:129;sequence:1973,1973,4,4,,赚,,赚,,zhuàn,动,pymupdf-native-table,
hsk_exam2025,page:129;sequence:1974,1974,4,4,,装,,装,,zhuāng,动,pymupdf-native-table,
hsk_exam2025,page:129;sequence:1975,1975,4,4（5）,5,准,,准,,zhǔn,形、（副）,pymupdf-native-table,
hsk_exam2025,page:129;sequence:1976,1976,4,4,,准确,,准确,,zhǔnquè,形,pymupdf-native-table,
hsk_exam2025,page:129;sequence:1977,1977,4,4,,准时,,准时,,zhǔnshí,形,pymupdf-native-table,
hsk_exam2025,page:129;sequence:1978,1978,4,4,,资料,,资料,,zīliào,名,pymupdf-native-table,
hsk_exam2025,page:129;sequence:1979,1979,4,4,,仔细,,仔细,,zǐxì,形,pymupdf-native-table,
hsk_exam2025,page:129;sequence:1980,1980,4,4,,自,,自,,zì,介,pymupdf-native-table,
hsk_exam2025,page:129;sequence:1981,1981,4,4,,自然,,自然,,zìrán,名、形、副,pymupdf-native-table,
hsk_exam2025,page:129;sequence:1982,1982,4,4,,自习,,自习,,zìxí,动,pymupdf-native-table,
hsk_exam2025,page:129;sequence:1983,1983,4,4,,自信,,自信,,zìxìn,动、名、形,pymupdf-native-table,
hsk_exam2025,page:129;sequence:1984,1984,4,4,,自学,,自学,,zìxué,动,pymupdf-native-table,
hsk_exam2025,page:129;sequence:1985,1985,4,4,,总结,,总结,,zǒngjié,动、名,pymupdf-native-table,
hsk_exam2025,page:129;sequence:1986,1986,4,4,,租,,租,,zū,动,pymupdf-native-table,
hsk_exam2025,page:129;sequence:1987,1987,4,4（5）,5,组,,组,,zǔ,名、（动、量）,pymupdf-native-table,
hsk_exam2025,page:129;sequence:1988,1988,4,4,,最终,,最终,,zuìzhōng,名,pymupdf-native-table,
hsk_exam2025,page:129;sequence:1989,1989,4,4,,尊重,,尊重,,zūnzhòng,动、形,pymupdf-native-table,
hsk_exam2025,page:129;sequence:1990,1990,4,4（7-9）,7-9,左右,,左右,,zuǒyòu,名、（动）,pymupdf-native-table,
hsk_exam2025,page:129;sequence:1991,1991,4,4,,座,,座,,zuò,名、量,pymupdf-native-table,
hsk_exam2025,page:129;sequence:1992,1992,4,4,,做法,,做法,,zuòfǎ,名,pymupdf-native-table,
hsk_exam2025,page:129;sequence:1993,1993,4,4,,作家,,作家,,zuòjiā,名,pymupdf-native-table,
hsk_exam2025,page:129;sequence:1994,1994,4,4,,做梦,,做梦,,zuòmèng,动,pymupdf-native-table,
hsk_exam2025,page:129;sequence:1995,1995,4,4,,作品,,作品,,zuòpǐn,名,pymupdf-native-table,
hsk_exam2025,page:129;sequence:1996,1996,4,4,,作为,,作为1,1,zuòwéi,动、介,pymupdf-native-table,
hsk_exam2025,page:129;sequence:1997,1997,4,4,,座位,,座位,,zuòwèi,名,pymupdf-native-table,
hsk_exam2025,page:129;sequence:1998,1998,4,4,,作文,,作文,,zuòwén,动、名,pymupdf-native-table,
hsk_exam2025,page:129;sequence:1999,1999,4,4（6）,6,作用,,作用,,zuòyòng,名、（动）,pymupdf-native-table,
hsk_exam2025,page:129;sequence:2000,2000,4,4,,作者,,作者,,zuòzhě,名,pymupdf-native-table,
hsk_exam2025,page:130;sequence:2001,2001,5,5,,哎,,哎,,āi,叹,pymupdf-native-table,
hsk_exam2025,page:130;sequence:2002,2002,5,5,,哎呀,,哎呀,,āiyā,叹,pymupdf-native-table,
hsk_exam2025,page:130;sequence:2003,2003,5,5,,唉,,唉,,ài,叹,pymupdf-native-table,
hsk_exam2025,page:130;sequence:2004,2004,5,5,,爱护,,爱护,,àihù,动,pymupdf-native-table,
hsk_exam2025,page:130;sequence:2005,2005,5,5,,安,,安,,ān,形、动,pymupdf-native-table,
hsk_exam2025,page:130;sequence:2006,2006,5,5,,安全带,,安全带,,ānquándài,名,pymupdf-native-table,
hsk_exam2025,page:130;sequence:2007,2007,5,5,,安慰,,安慰,,ānwèi,动、形,pymupdf-native-table,
hsk_exam2025,page:130;sequence:2008,2008,5,5,,安装,,安装,,ānzhuāng,动,pymupdf-native-table,
hsk_exam2025,page:130;sequence:2009,2009,5,5,,暗,,暗,,àn,形,pymupdf-native-table,
hsk_exam2025,page:130;sequence:2010,2010,5,5,,熬夜,,熬夜,,áoyè,动,pymupdf-native-table,
hsk_exam2025,page:130;sequence:2011,2011,5,5,,把握,,把握,,bǎwò,动、名,pymupdf-native-table,
hsk_exam2025,page:130;sequence:2012,2012,5,5,,白,,白,,bái,形、副,pymupdf-native-table,
hsk_exam2025,page:130;sequence:2013,2013,5,5,,半夜,,半夜,,bànyè,数量、名,pymupdf-native-table,
hsk_exam2025,page:130;sequence:2014,2014,5,5,,傍晚,,傍晚,,bàngwǎn,名,pymupdf-native-table,
hsk_exam2025,page:130;sequence:2015,2015,5,5,,包裹,,包裹,,bāoguǒ,动、名,pymupdf-native-table,
hsk_exam2025,page:130;sequence:2016,2016,5,5,,包含,,包含,,bāohán,动,pymupdf-native-table,
hsk_exam2025,page:130;sequence:2017,2017,5,5,,包括,,包括,,bāokuò,动,pymupdf-native-table,
hsk_exam2025,page:130;sequence:2018,2018,5,5,,包装,,包装,,bāozhuāng,动、名,pymupdf-native-table,
hsk_exam2025,page:130;sequence:2019,2019,5,5,,薄,,薄,,báo,形,pymupdf-native-table,
hsk_exam2025,page:130;sequence:2020,2020,5,5,,宝,,宝,,bǎo,名,pymupdf-native-table,
hsk_exam2025,page:130;sequence:2021,2021,5,5,,保,,保,,bǎo,动、名,pymupdf-native-table,
hsk_exam2025,page:130;sequence:2022,2022,5,5,,保安,,保安,,bǎo’ān,动、名,pymupdf-native-table,
hsk_exam2025,page:130;sequence:2023,2023,5,5,,宝贝,,宝贝,,bǎobèi,名,pymupdf-native-table,
hsk_exam2025,page:130;sequence:2024,2024,5,5,,保持,,保持,,bǎochí,动,pymupdf-native-table,
hsk_exam2025,page:130;sequence:2025,2025,5,5,,保存,,保存,,bǎocún,动,pymupdf-native-table,
hsk_exam2025,page:130;sequence:2026,2026,5,5,,宝贵,,宝贵,,bǎoguì,形,pymupdf-native-table,
hsk_exam2025,page:130;sequence:2027,2027,5,5,,保留,,保留,,bǎoliú,动,pymupdf-native-table,
hsk_exam2025,page:130;sequence:2028,2028,5,5,,保险,,保险,,bǎoxiǎn,名、形,pymupdf-native-table,
hsk_exam2025,page:130;sequence:2029,2029,5,5,,保质期,,保质期,,bǎozhìqī,名,pymupdf-native-table,
hsk_exam2025,page:130;sequence:2030,2030,5,5,,报到,,报到,,bàodào,动,pymupdf-native-table,
hsk_exam2025,page:130;sequence:2031,2031,5,5,,报道,,报道,,bàodào,动、名,pymupdf-native-table,
hsk_exam2025,page:130;sequence:2032,2032,5,5,,报告,,报告,,bàogào,动、名,pymupdf-native-table,
hsk_exam2025,page:130;sequence:2033,2033,5,5,,报警,,报警,,bàojǐng,动,pymupdf-native-table,
hsk_exam2025,page:130;sequence:2034,2034,5,5,,暴雨,,暴雨,,bàoyǔ,名,pymupdf-native-table,
hsk_exam2025,page:130;sequence:2035,2035,5,5,,抱怨,,抱怨,,bàoyuàn,动,pymupdf-native-table,
hsk_exam2025,page:130;sequence:2036,2036,5,5,,背,,背,,bèi,名、动、形,pymupdf-native-table,
hsk_exam2025,page:130;sequence:2037,2037,5,5,,背后,,背后,,bèihòu,名,pymupdf-native-table,
hsk_exam2025,page:130;sequence:2038,2038,5,5,,背景,,背景,,bèijǐng,名,pymupdf-native-table,
hsk_exam2025,page:130;sequence:2039,2039,5,5,,被子,,被子,,bèizi,名,pymupdf-native-table,
hsk_exam2025,page:130;sequence:2040,2040,5,5,,本,,本2,2,běn,副、代,pymupdf-native-table,
hsk_exam2025,page:131;sequence:2041,2041,5,5,,本地,,本地,,běndì,名,pymupdf-native-table,
hsk_exam2025,page:131;sequence:2042,2042,5,5,,本领,,本领,,běnlǐng,名,pymupdf-native-table,
hsk_exam2025,page:131;sequence:2043,2043,5,5,,本人,,本人,,běnrén,代,pymupdf-native-table,
hsk_exam2025,page:131;sequence:2044,2044,5,5,,本质,,本质,,běnzhì,名,pymupdf-native-table,
hsk_exam2025,page:131;sequence:2045,2045,5,5,,彼此,,彼此,,bǐcǐ,代,pymupdf-native-table,
hsk_exam2025,page:131;sequence:2046,2046,5,5,,比分,,比分,,bǐfēn,名,pymupdf-native-table,
hsk_exam2025,page:131;sequence:2047,2047,5,5,,比例,,比例,,bǐlì,名,pymupdf-native-table,
hsk_exam2025,page:131;sequence:2048,2048,5,5,,比喻,,比喻,,bǐyù,动、名,pymupdf-native-table,
hsk_exam2025,page:131;sequence:2049,2049,5,5,,必,,必,,bì,副,pymupdf-native-table,
hsk_exam2025,page:131;sequence:2050,2050,5,5,,毕竟,,毕竟,,bìjìng,副,pymupdf-native-table,
hsk_exam2025,page:131;sequence:2051,2051,5,5,,避免,,避免,,bìmiǎn,动,pymupdf-native-table,
hsk_exam2025,page:131;sequence:2052,2052,5,5,,闭幕式,,闭幕式,,bìmùshì,名,pymupdf-native-table,
hsk_exam2025,page:131;sequence:2053,2053,5,5,,必然,,必然,,bìrán,形、名,pymupdf-native-table,
hsk_exam2025,page:131;sequence:2054,2054,5,5,,必需,,必需,,bìxū,动,pymupdf-native-table,
hsk_exam2025,page:131;sequence:2055,2055,5,5,,必要,,必要,,bìyào,形,pymupdf-native-table,
hsk_exam2025,page:131;sequence:2056,2056,5,5,,便,,便,,biàn,副,pymupdf-native-table,
hsk_exam2025,page:131;sequence:2057,2057,5,5,,变动,,变动,,biàndòng,动,pymupdf-native-table,
hsk_exam2025,page:131;sequence:2058,2058,5,5,,便利,,便利,,biànlì,形、动,pymupdf-native-table,
hsk_exam2025,page:131;sequence:2059,2059,5,5,,便利店,,便利店,,biànlìdiàn,名,pymupdf-native-table,
hsk_exam2025,page:131;sequence:2060,2060,5,5,,标题,,标题,,biāotí,名,pymupdf-native-table,
hsk_exam2025,page:131;sequence:2061,2061,5,5,,标志,,标志,,biāozhì,名、动,pymupdf-native-table,
hsk_exam2025,page:131;sequence:2062,2062,5,5,,表达,,表达,,biǎodá,动,pymupdf-native-table,
hsk_exam2025,page:131;sequence:2063,2063,5,5,,表面,,表面,,biǎomiàn,名,pymupdf-native-table,
hsk_exam2025,page:131;sequence:2064,2064,5,5,,表明,,表明,,biǎomíng,动,pymupdf-native-table,
hsk_exam2025,page:131;sequence:2065,2065,5,5,,表情,,表情,,biǎoqíng,名,pymupdf-native-table,
hsk_exam2025,page:131;sequence:2066,2066,5,5,,别,,别2,2,bié,动,pymupdf-native-table,
hsk_exam2025,page:131;sequence:2067,2067,5,5,,饼,,饼,,bǐng,名,pymupdf-native-table,
hsk_exam2025,page:131;sequence:2068,2068,5,5,,病房,,病房,,bìngfáng,名,pymupdf-native-table,
hsk_exam2025,page:131;sequence:2069,2069,5,5,,病情,,病情,,bìngqíng,名,pymupdf-native-table,
hsk_exam2025,page:131;sequence:2070,2070,5,5,,拨打,,拨打,,bōdǎ,动,pymupdf-native-table,
hsk_exam2025,page:131;sequence:2071,2071,5,5,,玻璃,,玻璃,,bōli,名,pymupdf-native-table,
hsk_exam2025,page:131;sequence:2072,2072,5,5,,博物馆,,博物馆,,bówùguǎn,名,pymupdf-native-table,
hsk_exam2025,page:131;sequence:2073,2073,5,5,,不利,,不利,,búlì,形,pymupdf-native-table,
hsk_exam2025,page:131;sequence:2074,2074,5,5,,不幸,,不幸,,búxìng,形、名,pymupdf-native-table,
hsk_exam2025,page:131;sequence:2075,2075,5,5,,不要紧,,不要紧,,búyàojǐn,形,pymupdf-native-table,
hsk_exam2025,page:131;sequence:2076,2076,5,5,,补充,,补充,,bǔchōng,动,pymupdf-native-table,
hsk_exam2025,page:131;sequence:2077,2077,5,5,,不得了,,不得了,,bùdéliǎo,形,pymupdf-native-table,
hsk_exam2025,page:131;sequence:2078,2078,5,5,,不符,,不符,,bùfú,动,pymupdf-native-table,
hsk_exam2025,page:131;sequence:2079,2079,5,5,,不良,,不良,,bùliáng,形,pymupdf-native-table,
hsk_exam2025,page:131;sequence:2080,2080,5,5（7-9）,7-9,不然,,不然,,bùrán,连、（形）,pymupdf-native-table,
hsk_exam2025,page:132;sequence:2081,2081,5,5,,步行,,步行,,bùxíng,动,pymupdf-native-table,
hsk_exam2025,page:132;sequence:2082,2082,5,5,,不足,,不足,,bùzú,动、名,pymupdf-native-table,
hsk_exam2025,page:132;sequence:2083,2083,5,5,,才,,才2,2,cái,名,pymupdf-native-table,
hsk_exam2025,page:132;sequence:2084,2084,5,5,,裁判,,裁判,,cáipàn,动、名,pymupdf-native-table,
hsk_exam2025,page:132;sequence:2085,2085,5,5,,采访,,采访,,cǎifǎng,动,pymupdf-native-table,
hsk_exam2025,page:132;sequence:2086,2086,5,5,,采取,,采取,,cǎiqǔ,动,pymupdf-native-table,
hsk_exam2025,page:132;sequence:2087,2087,5,5,,彩色,,彩色,,cǎisè,名,pymupdf-native-table,
hsk_exam2025,page:132;sequence:2088,2088,5,5,,采用,,采用,,cǎiyòng,动,pymupdf-native-table,
hsk_exam2025,page:132;sequence:2089,2089,5,5,,参考,,参考,,cānkǎo,动,pymupdf-native-table,
hsk_exam2025,page:132;sequence:2090,2090,5,5,,餐饮,,餐饮,,cānyǐn,名,pymupdf-native-table,
hsk_exam2025,page:132;sequence:2091,2091,5,5,,参与,,参与,,cānyù,动,pymupdf-native-table,
hsk_exam2025,page:132;sequence:2092,2092,5,5,,藏,,藏,,cáng,动,pymupdf-native-table,
hsk_exam2025,page:132;sequence:2093,2093,5,5,,操作,,操作,,cāozuò,动,pymupdf-native-table,
hsk_exam2025,page:132;sequence:2094,2094,5,5,,册,,册,,cè,量,pymupdf-native-table,
hsk_exam2025,page:132;sequence:2095,2095,5,5,,测,,测,,cè,动,pymupdf-native-table,
hsk_exam2025,page:132;sequence:2096,2096,5,5,,测试,,测试,,cèshì,动,pymupdf-native-table,
hsk_exam2025,page:132;sequence:2097,2097,5,5,,曾,,曾,,céng,副,pymupdf-native-table,
hsk_exam2025,page:132;sequence:2098,2098,5,5,,曾经,,曾经,,céngjīng,副,pymupdf-native-table,
hsk_exam2025,page:132;sequence:2099,2099,5,5,,插,,插,,chā,动,pymupdf-native-table,
hsk_exam2025,page:132;sequence:2100,2100,5,5,,差别,,差别,,chābié,名,pymupdf-native-table,
hsk_exam2025,page:132;sequence:2101,2101,5,5,,差距,,差距,,chājù,名,pymupdf-native-table,
hsk_exam2025,page:132;sequence:2102,2102,5,5,,叉子,,叉子,,chāzi,名,pymupdf-native-table,
hsk_exam2025,page:132;sequence:2103,2103,5,5,,拆,,拆,,chāi,动,pymupdf-native-table,
hsk_exam2025,page:132;sequence:2104,2104,5,5,,产,,产,,chǎn,动,pymupdf-native-table,
hsk_exam2025,page:132;sequence:2105,2105,5,5,,产量,,产量,,chǎnliàng,名,pymupdf-native-table,
hsk_exam2025,page:132;sequence:2106,2106,5,5,,产品,,产品,,chǎnpǐn,名,pymupdf-native-table,
hsk_exam2025,page:132;sequence:2107,2107,5,5,,产业,,产业,,chǎnyè,名,pymupdf-native-table,
hsk_exam2025,page:132;sequence:2108,2108,5,5,,长处,,长处,,chángchù,名,pymupdf-native-table,
hsk_exam2025,page:132;sequence:2109,2109,5,5,,长度,,长度,,chángdù,名,pymupdf-native-table,
hsk_exam2025,page:132;sequence:2110,2110,5,5,,长久,,长久,,chángjiǔ,形,pymupdf-native-table,
hsk_exam2025,page:132;sequence:2111,2111,5,5,,长期,,长期,,chángqī,名、形,pymupdf-native-table,
hsk_exam2025,page:132;sequence:2112,2112,5,5,,常识,,常识,,chángshí,名,pymupdf-native-table,
hsk_exam2025,page:132;sequence:2113,2113,5,5,,尝试,,尝试,,chángshì,动,pymupdf-native-table,
hsk_exam2025,page:132;sequence:2114,2114,5,5,,长途,,长途,,chángtú,形,pymupdf-native-table,
hsk_exam2025,page:132;sequence:2115,2115,5,5,,长远,,长远,,chángyuǎn,形,pymupdf-native-table,
hsk_exam2025,page:132;sequence:2116,2116,5,5,,场所,,场所,,chǎngsuǒ,名,pymupdf-native-table,
hsk_exam2025,page:132;sequence:2117,2117,5,5,,超,,超,,chāo,动,pymupdf-native-table,
hsk_exam2025,page:132;sequence:2118,2118,5,5,,超出,,超出,,chāochū,动,pymupdf-native-table,
hsk_exam2025,page:132;sequence:2119,2119,5,5,,超级,,超级,,chāojí,形,pymupdf-native-table,
hsk_exam2025,page:132;sequence:2120,2120,5,5,,超速,,超速,,chāosù,动,pymupdf-native-table,
hsk_exam2025,page:133;sequence:2121,2121,5,5,,朝,,朝,,cháo,动、介,pymupdf-native-table,
hsk_exam2025,page:133;sequence:2122,2122,5,5,,吵,,吵,,chǎo,形、动,pymupdf-native-table,
hsk_exam2025,page:133;sequence:2123,2123,5,5,,炒,,炒,,chǎo,动,pymupdf-native-table,
hsk_exam2025,page:133;sequence:2124,2124,5,5,,车祸,,车祸,,chēhuò,名,pymupdf-native-table,
hsk_exam2025,page:133;sequence:2125,2125,5,5,,车库,,车库,,chēkù,名,pymupdf-native-table,
hsk_exam2025,page:133;sequence:2126,2126,5,5,,车辆,,车辆,,chēliàng,名,pymupdf-native-table,
hsk_exam2025,page:133;sequence:2127,2127,5,5,,车厢,,车厢,,chēxiāng,名,pymupdf-native-table,
hsk_exam2025,page:133;sequence:2128,2128,5,5,,车主,,车主,,chēzhǔ,名,pymupdf-native-table,
hsk_exam2025,page:133;sequence:2129,2129,5,5,,彻底,,彻底,,chèdǐ,形,pymupdf-native-table,
hsk_exam2025,page:133;sequence:2130,2130,5,5,,沉,,沉,,chén,动、形,pymupdf-native-table,
hsk_exam2025,page:133;sequence:2131,2131,5,5,,沉默,,沉默,,chénmò,动,pymupdf-native-table,
hsk_exam2025,page:133;sequence:2132,2132,5,5,,称,,称1,1,chēng,动,pymupdf-native-table,
hsk_exam2025,page:133;sequence:2133,2133,5,5,,称,,称2,2,chēng,动,pymupdf-native-table,
hsk_exam2025,page:133;sequence:2134,2134,5,5,,称为,,称为,,chēngwéi,动,pymupdf-native-table,
hsk_exam2025,page:133;sequence:2135,2135,5,5,,称赞,,称赞,,chēngzàn,动,pymupdf-native-table,
hsk_exam2025,page:133;sequence:2136,2136,5,5,,成本,,成本,,chéngběn,名,pymupdf-native-table,
hsk_exam2025,page:133;sequence:2137,2137,5,5,,承担,,承担,,chéngdān,动,pymupdf-native-table,
hsk_exam2025,page:133;sequence:2138,2138,5,5,,程度,,程度,,chéngdù,名,pymupdf-native-table,
hsk_exam2025,page:133;sequence:2139,2139,5,5,,成分,,成分,,chéngfèn,名,pymupdf-native-table,
hsk_exam2025,page:133;sequence:2140,2140,5,5,,成果,,成果,,chéngguǒ,名,pymupdf-native-table,
hsk_exam2025,page:133;sequence:2141,2141,5,5,,成就,,成就,,chéngjiù,名、动,pymupdf-native-table,
hsk_exam2025,page:133;sequence:2142,2142,5,5,,成立,,成立,,chénglì,动,pymupdf-native-table,
hsk_exam2025,page:133;sequence:2143,2143,5,5,,成年,,成年1,1,chéngnián,动,pymupdf-native-table,
hsk_exam2025,page:133;sequence:2144,2144,5,5,,城区,,城区,,chéngqū,名,pymupdf-native-table,
hsk_exam2025,page:133;sequence:2145,2145,5,5,,成人,,成人,,chéngrén,动、名,pymupdf-native-table,
hsk_exam2025,page:133;sequence:2146,2146,5,5,,承认,,承认,,chéngrèn,动,pymupdf-native-table,
hsk_exam2025,page:133;sequence:2147,2147,5,5,,承受,,承受,,chéngshòu,动,pymupdf-native-table,
hsk_exam2025,page:133;sequence:2148,2148,5,5,,成熟,,成熟,,chéngshú,动、形,pymupdf-native-table,
hsk_exam2025,page:133;sequence:2149,2149,5,5,,乘务员,,乘务员,,chéngwùyuán,名,pymupdf-native-table,
hsk_exam2025,page:133;sequence:2150,2150,5,5,,程序,,程序,,chéngxù,名,pymupdf-native-table,
hsk_exam2025,page:133;sequence:2151,2151,5,5,,成员,,成员,,chéngyuán,名,pymupdf-native-table,
hsk_exam2025,page:133;sequence:2152,2152,5,5,,成长,,成长,,chéngzhǎng,动,pymupdf-native-table,
hsk_exam2025,page:133;sequence:2153,2153,5,5,,橙子,,橙子,,chéngzi,名,pymupdf-native-table,
hsk_exam2025,page:133;sequence:2154,2154,5,5,,池,,池,,chí,名,pymupdf-native-table,
hsk_exam2025,page:133;sequence:2155,2155,5,5,,持续,,持续,,chíxù,动,pymupdf-native-table,
hsk_exam2025,page:133;sequence:2156,2156,5,5,,尺子,,尺子,,chǐzi,名,pymupdf-native-table,
hsk_exam2025,page:133;sequence:2157,2157,5,5,,翅膀,,翅膀,,chìbǎng,名,pymupdf-native-table,
hsk_exam2025,page:133;sequence:2158,2158,5,5,,冲,,冲,,chōng,动,pymupdf-native-table,
hsk_exam2025,page:133;sequence:2159,2159,5,5,,充电,,充电,,chōngdiàn,动,pymupdf-native-table,
hsk_exam2025,page:133;sequence:2160,2160,5,5,,充分,,充分,,chōngfèn,形,pymupdf-native-table,
hsk_exam2025,page:134;sequence:2161,2161,5,5,,充满,,充满,,chōngmǎn,动,pymupdf-native-table,
hsk_exam2025,page:134;sequence:2162,2162,5,5,,充值,,充值,,chōngzhí,动,pymupdf-native-table,
hsk_exam2025,page:134;sequence:2163,2163,5,5,,充足,,充足,,chōngzú,形,pymupdf-native-table,
hsk_exam2025,page:134;sequence:2164,2164,5,5,,重复,,重复,,chóngfù,动,pymupdf-native-table,
hsk_exam2025,page:134;sequence:2165,2165,5,5,,虫子,,虫子,,chóngzi,名,pymupdf-native-table,
hsk_exam2025,page:134;sequence:2166,2166,5,5,,宠物,,宠物,,chǒngwù,名,pymupdf-native-table,
hsk_exam2025,page:134;sequence:2167,2167,5,5,,抽,,抽,,chōu,动,pymupdf-native-table,
hsk_exam2025,page:134;sequence:2168,2168,5,5,,丑,,丑,,chǒu,形,pymupdf-native-table,
hsk_exam2025,page:134;sequence:2169,2169,5,5,,臭,,臭,,chòu,形,pymupdf-native-table,
hsk_exam2025,page:134;sequence:2170,2170,5,5,,初,,初,,chū,名、副、前缀,pymupdf-native-table,
hsk_exam2025,page:134;sequence:2171,2171,5,5,,出版,,出版,,chūbǎn,动,pymupdf-native-table,
hsk_exam2025,page:134;sequence:2172,2172,5,5,,初级,,初级,,chūjí,形,pymupdf-native-table,
hsk_exam2025,page:134;sequence:2173,2173,5,5,,初期,,初期,,chūqī,名,pymupdf-native-table,
hsk_exam2025,page:134;sequence:2174,2174,5,5,,出色,,出色,,chūsè,形,pymupdf-native-table,
hsk_exam2025,page:134;sequence:2175,2175,5,5,,出售,,出售,,chūshòu,动,pymupdf-native-table,
hsk_exam2025,page:134;sequence:2176,2176,5,5,,出席,,出席,,chūxí,动,pymupdf-native-table,
hsk_exam2025,page:134;sequence:2177,2177,5,5,,出自,,出自,,chūzì,动,pymupdf-native-table,
hsk_exam2025,page:134;sequence:2178,2178,5,5,,除夕,,除夕,,chúxī,名,pymupdf-native-table,
hsk_exam2025,page:134;sequence:2179,2179,5,5,,处,,处,,chǔ,动,pymupdf-native-table,
hsk_exam2025,page:134;sequence:2180,2180,5,5,,处理,,处理,,chǔlǐ,动,pymupdf-native-table,
hsk_exam2025,page:134;sequence:2181,2181,5,5,,处于,,处于,,chǔyú,动,pymupdf-native-table,
hsk_exam2025,page:134;sequence:2182,2182,5,5,,处,,处,,chù,名,pymupdf-native-table,
hsk_exam2025,page:134;sequence:2183,2183,5,5,,传,,传,,chuán,动,pymupdf-native-table,
hsk_exam2025,page:134;sequence:2184,2184,5,5,,传播,,传播,,chuánbō,动,pymupdf-native-table,
hsk_exam2025,page:134;sequence:2185,2185,5,5,,传递,,传递,,chuándì,动,pymupdf-native-table,
hsk_exam2025,page:134;sequence:2186,2186,5,5,,传说,,传说,,chuánshuō,动、名,pymupdf-native-table,
hsk_exam2025,page:134;sequence:2187,2187,5,5,,传统,,传统,,chuántǒng,名、形,pymupdf-native-table,
hsk_exam2025,page:134;sequence:2188,2188,5,5,,窗台,,窗台,,chuāngtái,名,pymupdf-native-table,
hsk_exam2025,page:134;sequence:2189,2189,5,5,,床单,,床单,,chuángdān,名,pymupdf-native-table,
hsk_exam2025,page:134;sequence:2190,2190,5,5,,创新,,创新,,chuàngxīn,动、名,pymupdf-native-table,
hsk_exam2025,page:134;sequence:2191,2191,5,5,,创业,,创业,,chuàngyè,动,pymupdf-native-table,
hsk_exam2025,page:134;sequence:2192,2192,5,5,,创造,,创造,,chuàngzào,动,pymupdf-native-table,
hsk_exam2025,page:134;sequence:2193,2193,5,5,,创作,,创作,,chuàngzuò,动、名,pymupdf-native-table,
hsk_exam2025,page:134;sequence:2194,2194,5,5,,词汇,,词汇,,cíhuì,名,pymupdf-native-table,
hsk_exam2025,page:134;sequence:2195,2195,5,5,,辞职,,辞职,,cízhí,动,pymupdf-native-table,
hsk_exam2025,page:134;sequence:2196,2196,5,5,,此后,,此后,,cǐhòu,名,pymupdf-native-table,
hsk_exam2025,page:134;sequence:2197,2197,5,5,,此前,,此前,,cǐqián,名,pymupdf-native-table,
hsk_exam2025,page:134;sequence:2198,2198,5,5,,此时,,此时,,cǐshí,名,pymupdf-native-table,
hsk_exam2025,page:134;sequence:2199,2199,5,5,,刺激,,刺激,,cìjī,动、名,pymupdf-native-table,
hsk_exam2025,page:134;sequence:2200,2200,5,5,,从不,,从不,,cóng bù,,pymupdf-native-table,
hsk_exam2025,page:135;sequence:2201,2201,5,5,,从而,,从而,,cóng’ér,连,pymupdf-native-table,
hsk_exam2025,page:135;sequence:2202,2202,5,5,,从前,,从前,,cóngqián,名,pymupdf-native-table,
hsk_exam2025,page:135;sequence:2203,2203,5,5,,从事,,从事,,cóngshì,动,pymupdf-native-table,
hsk_exam2025,page:135;sequence:2204,2204,5,5,,促进,,促进,,cùjìn,动,pymupdf-native-table,
hsk_exam2025,page:135;sequence:2205,2205,5,5,,促使,,促使,,cùshǐ,动,pymupdf-native-table,
hsk_exam2025,page:135;sequence:2206,2206,5,5,,促销,,促销,,cùxiāo,动,pymupdf-native-table,
hsk_exam2025,page:135;sequence:2207,2207,5,5,,催,,催,,cuī,动,pymupdf-native-table,
hsk_exam2025,page:135;sequence:2208,2208,5,5,,存放,,存放,,cúnfàng,动,pymupdf-native-table,
hsk_exam2025,page:135;sequence:2209,2209,5,5,,存款,,存款,,cúnkuǎn,动、名,pymupdf-native-table,
hsk_exam2025,page:135;sequence:2210,2210,5,5,,存在,,存在,,cúnzài,动,pymupdf-native-table,
hsk_exam2025,page:135;sequence:2211,2211,5,5,,措施,,措施,,cuòshī,名,pymupdf-native-table,
hsk_exam2025,page:135;sequence:2212,2212,5,5,,达成,,达成,,dáchéng,动,pymupdf-native-table,
hsk_exam2025,page:135;sequence:2213,2213,5,5,,打扮,,打扮,,dǎban,动,pymupdf-native-table,
hsk_exam2025,page:135;sequence:2214,2214,5,5,,打包,,打包,,dǎbāo,动,pymupdf-native-table,
hsk_exam2025,page:135;sequence:2215,2215,5,5,,打断,,打断,,dǎduàn,动,pymupdf-native-table,
hsk_exam2025,page:135;sequence:2216,2216,5,5,,打破,,打破,,dǎpò,动,pymupdf-native-table,
hsk_exam2025,page:135;sequence:2217,2217,5,5,,打听,,打听,,dǎting,动,pymupdf-native-table,
hsk_exam2025,page:135;sequence:2218,2218,5,5,,大胆,,大胆,,dàdǎn,形,pymupdf-native-table,
hsk_exam2025,page:135;sequence:2219,2219,5,5,,大多,,大多,,dàduō,副,pymupdf-native-table,
hsk_exam2025,page:135;sequence:2220,2220,5,5,,大会,,大会,,dàhuì,名,pymupdf-native-table,
hsk_exam2025,page:135;sequence:2221,2221,5,5,,大力,,大力,,dàlì,名、副,pymupdf-native-table,
hsk_exam2025,page:135;sequence:2222,2222,5,5,,大妈,,大妈,,dàmā,名,pymupdf-native-table,
hsk_exam2025,page:135;sequence:2223,2223,5,5,,大米,,大米,,dàmǐ,名,pymupdf-native-table,
hsk_exam2025,page:135;sequence:2224,2224,5,5,,大脑,,大脑,,dànǎo,名,pymupdf-native-table,
hsk_exam2025,page:135;sequence:2225,2225,5,5,,大批,,大批,,dàpī,形,pymupdf-native-table,
hsk_exam2025,page:135;sequence:2226,2226,5,5,,大厦,,大厦,,dàshà,名,pymupdf-native-table,
hsk_exam2025,page:135;sequence:2227,2227,5,5,,大事,,大事,,dàshì,名,pymupdf-native-table,
hsk_exam2025,page:135;sequence:2228,2228,5,5,,大象,,大象,,dàxiàng,名,pymupdf-native-table,
hsk_exam2025,page:135;sequence:2229,2229,5,5,,大型,,大型,,dàxíng,形,pymupdf-native-table,
hsk_exam2025,page:135;sequence:2230,2230,5,5,,大爷,,大爷,,dàye,名,pymupdf-native-table,
hsk_exam2025,page:135;sequence:2231,2231,5,5,,大于,,大于,,dàyú,动,pymupdf-native-table,
hsk_exam2025,page:135;sequence:2232,2232,5,5,,大众,,大众,,dàzhòng,名,pymupdf-native-table,
hsk_exam2025,page:135;sequence:2233,2233,5,5,,代,,代,,dài,动、名,pymupdf-native-table,
hsk_exam2025,page:135;sequence:2234,2234,5,5,,代表,,代表,,dàibiǎo,名、动,pymupdf-native-table,
hsk_exam2025,page:135;sequence:2235,2235,5,5,,带动,,带动,,dàidòng,动,pymupdf-native-table,
hsk_exam2025,page:135;sequence:2236,2236,5,5,,代替,,代替,,dàitì,动,pymupdf-native-table,
hsk_exam2025,page:135;sequence:2237,2237,5,5,,待遇,,待遇,,dàiyù,名,pymupdf-native-table,
hsk_exam2025,page:135;sequence:2238,2238,5,5,,单,,单,,dān,形、副、名、量,pymupdf-native-table,
hsk_exam2025,page:135;sequence:2239,2239,5,5,,单独,,单独,,dāndú,副,pymupdf-native-table,
hsk_exam2025,page:135;sequence:2240,2240,5,5,,担任,,担任,,dānrèn,动,pymupdf-native-table,
hsk_exam2025,page:136;sequence:2241,2241,5,5,,单一,,单一,,dānyī,形,pymupdf-native-table,
hsk_exam2025,page:136;sequence:2242,2242,5,5,,单元,,单元,,dānyuán,名,pymupdf-native-table,
hsk_exam2025,page:136;sequence:2243,2243,5,5,,胆小,,胆小,,dǎnxiǎo,形,pymupdf-native-table,
hsk_exam2025,page:136;sequence:2244,2244,5,5,,淡,,淡,,dàn,形,pymupdf-native-table,
hsk_exam2025,page:136;sequence:2245,2245,5,5,,当地,,当地,,dāngdì,名,pymupdf-native-table,
hsk_exam2025,page:136;sequence:2246,2246,5,5,,当年,,当年,,dāngnián,名,pymupdf-native-table,
hsk_exam2025,page:136;sequence:2247,2247,5,5,,当前,,当前,,dāngqián,动、名,pymupdf-native-table,
hsk_exam2025,page:136;sequence:2248,2248,5,5,,当中,,当中,,dāngzhōng,名,pymupdf-native-table,
hsk_exam2025,page:136;sequence:2249,2249,5,5,,挡,,挡,,dǎng,动,pymupdf-native-table,
hsk_exam2025,page:136;sequence:2250,2250,5,5,,当,,当,,dàng,动,pymupdf-native-table,
hsk_exam2025,page:136;sequence:2251,2251,5,5,,当成,,当成,,dàngchéng,动,pymupdf-native-table,
hsk_exam2025,page:136;sequence:2252,2252,5,5,,当作,,当作,,dàngzuò,动,pymupdf-native-table,
hsk_exam2025,page:136;sequence:2253,2253,5,5,,倒,,倒,,dǎo,动,pymupdf-native-table,
hsk_exam2025,page:136;sequence:2254,2254,5,5,,导演,,导演,,dǎoyǎn,动、名,pymupdf-native-table,
hsk_exam2025,page:136;sequence:2255,2255,5,5,,导致,,导致,,dǎozhì,动,pymupdf-native-table,
hsk_exam2025,page:136;sequence:2256,2256,5,5,,到达,,到达,,dàodá,动,pymupdf-native-table,
hsk_exam2025,page:136;sequence:2257,2257,5,5,,道理,,道理,,dàolǐ,名,pymupdf-native-table,
hsk_exam2025,page:136;sequence:2258,2258,5,5,,到期,,到期,,dàoqī,动,pymupdf-native-table,
hsk_exam2025,page:136;sequence:2259,2259,5,5,,登,,登,,dēng,动,pymupdf-native-table,
hsk_exam2025,page:136;sequence:2260,2260,5,5,,灯光,,灯光,,dēngguāng,名,pymupdf-native-table,
hsk_exam2025,page:136;sequence:2261,2261,5,5,,登记,,登记,,dēngjì,动,pymupdf-native-table,
hsk_exam2025,page:136;sequence:2262,2262,5,5,,登录,,登录,,dēnglù,动,pymupdf-native-table,
hsk_exam2025,page:136;sequence:2263,2263,5,5,,等待,,等待,,děngdài,动,pymupdf-native-table,
hsk_exam2025,page:136;sequence:2264,2264,5,5,,等候,,等候,,děnghòu,动,pymupdf-native-table,
hsk_exam2025,page:136;sequence:2265,2265,5,5,,等于,,等于,,děngyú,动,pymupdf-native-table,
hsk_exam2025,page:136;sequence:2266,2266,5,5,,低头,,低头,,dītóu,动,pymupdf-native-table,
hsk_exam2025,page:136;sequence:2267,2267,5,5,,的确,,的确,,díquè,副,pymupdf-native-table,
hsk_exam2025,page:136;sequence:2268,2268,5,5,,敌人,,敌人,,dírén,名,pymupdf-native-table,
hsk_exam2025,page:136;sequence:2269,2269,5,5,,递,,递,,dì,动,pymupdf-native-table,
hsk_exam2025,page:136;sequence:2270,2270,5,5,,地理,,地理,,dìlǐ,名,pymupdf-native-table,
hsk_exam2025,page:136;sequence:2271,2271,5,5,,地面,,地面,,dìmiàn,名,pymupdf-native-table,
hsk_exam2025,page:136;sequence:2272,2272,5,5,,地区,,地区,,dìqū,名,pymupdf-native-table,
hsk_exam2025,page:136;sequence:2273,2273,5,5,,地位,,地位,,dìwèi,名,pymupdf-native-table,
hsk_exam2025,page:136;sequence:2274,2274,5,5,,地下,,地下,,dìxià,名、形,pymupdf-native-table,
hsk_exam2025,page:136;sequence:2275,2275,5,5,,地震,,地震,,dìzhèn,动,pymupdf-native-table,
hsk_exam2025,page:136;sequence:2276,2276,5,5,,点心,,点心,,diǎnxin,名,pymupdf-native-table,
hsk_exam2025,page:136;sequence:2277,2277,5,5,,点赞,,点赞,,diǎnzàn,动,pymupdf-native-table,
hsk_exam2025,page:136;sequence:2278,2278,5,5,,电池,,电池,,diànchí,名,pymupdf-native-table,
hsk_exam2025,page:136;sequence:2279,2279,5,5,,电动,,电动,,diàndòng,形,pymupdf-native-table,
hsk_exam2025,page:136;sequence:2280,2280,5,5,,电器,,电器,,diànqì,名,pymupdf-native-table,
hsk_exam2025,page:137;sequence:2281,2281,5,5,,电商,,电商,,diànshāng,名,pymupdf-native-table,
hsk_exam2025,page:137;sequence:2282,2282,5,5,,电视台,,电视台,,diànshìtái,名,pymupdf-native-table,
hsk_exam2025,page:137;sequence:2283,2283,5,5,,电子版,,电子版,,diànzǐbǎn,名,pymupdf-native-table,
hsk_exam2025,page:137;sequence:2284,2284,5,5,,调,,调1,1,diào,动,pymupdf-native-table,
hsk_exam2025,page:137;sequence:2285,2285,5,5,,调研,,调研,,diàoyán,动,pymupdf-native-table,
hsk_exam2025,page:137;sequence:2286,2286,5,5,,定期,,定期,,dìngqī,动、形,pymupdf-native-table,
hsk_exam2025,page:137;sequence:2287,2287,5,5,,丢失,,丢失,,diūshī,动,pymupdf-native-table,
hsk_exam2025,page:137;sequence:2288,2288,5,5,,冻,,冻,,dòng,动,pymupdf-native-table,
hsk_exam2025,page:137;sequence:2289,2289,5,5,,洞,,洞,,dòng,名,pymupdf-native-table,
hsk_exam2025,page:137;sequence:2290,2290,5,5,,动画,,动画,,dònghuà,名,pymupdf-native-table,
hsk_exam2025,page:137;sequence:2291,2291,5,5,,动人,,动人,,dòngrén,形,pymupdf-native-table,
hsk_exam2025,page:137;sequence:2292,2292,5,5,,动手,,动手,,dòngshǒu,动,pymupdf-native-table,
hsk_exam2025,page:137;sequence:2293,2293,5,5,,豆腐,,豆腐,,dòufu,名,pymupdf-native-table,
hsk_exam2025,page:137;sequence:2294,2294,5,5,,豆浆,,豆浆,,dòujiāng,名,pymupdf-native-table,
hsk_exam2025,page:137;sequence:2295,2295,5,5,,独立,,独立,,dúlì,动、形,pymupdf-native-table,
hsk_exam2025,page:137;sequence:2296,2296,5,5,,独特,,独特,,dútè,形,pymupdf-native-table,
hsk_exam2025,page:137;sequence:2297,2297,5,5,,读音,,读音,,dúyīn,名,pymupdf-native-table,
hsk_exam2025,page:137;sequence:2298,2298,5,5,,独自,,独自,,dúzì,副,pymupdf-native-table,
hsk_exam2025,page:137;sequence:2299,2299,5,5,,堵,,堵,,dǔ,动、形、量,pymupdf-native-table,
hsk_exam2025,page:137;sequence:2300,2300,5,5,,度,,度,,dù,量、名、动、后缀,pymupdf-native-table,
hsk_exam2025,page:137;sequence:2301,2301,5,5,,短处,,短处,,duǎnchù,名,pymupdf-native-table,
hsk_exam2025,page:137;sequence:2302,2302,5,5,,短期,,短期,,duǎnqī,名、形,pymupdf-native-table,
hsk_exam2025,page:137;sequence:2303,2303,5,5,,断,,断,,duàn,动,pymupdf-native-table,
hsk_exam2025,page:137;sequence:2304,2304,5,5,,堆,,堆,,duī,动、名、量,pymupdf-native-table,
hsk_exam2025,page:137;sequence:2305,2305,5,5,,对比,,对比,,duìbǐ,动、名,pymupdf-native-table,
hsk_exam2025,page:137;sequence:2306,2306,5,5,,对待,,对待,,duìdài,动,pymupdf-native-table,
hsk_exam2025,page:137;sequence:2307,2307,5,5,,对手,,对手,,duìshǒu,名,pymupdf-native-table,
hsk_exam2025,page:137;sequence:2308,2308,5,5,,队伍,,队伍,,duìwu,名,pymupdf-native-table,
hsk_exam2025,page:137;sequence:2309,2309,5,5,,对象,,对象,,duìxiàng,名,pymupdf-native-table,
hsk_exam2025,page:137;sequence:2310,2310,5,5,,吨,,吨,,dūn,量,pymupdf-native-table,
hsk_exam2025,page:137;sequence:2311,2311,5,5,,朵,,朵,,duǒ,量,pymupdf-native-table,
hsk_exam2025,page:137;sequence:2312,2312,5,5,,躲,,躲,,duǒ,动,pymupdf-native-table,
hsk_exam2025,page:137;sequence:2313,2313,5,5,,儿女,,儿女,,érnǚ,名,pymupdf-native-table,
hsk_exam2025,page:137;sequence:2314,2314,5,5,,二手,,二手,,èrshǒu,形,pymupdf-native-table,
hsk_exam2025,page:137;sequence:2315,2315,5,5,,二维码,,二维码,,èrwéimǎ,名,pymupdf-native-table,
hsk_exam2025,page:137;sequence:2316,2316,5,5,,发表,,发表,,fābiǎo,动,pymupdf-native-table,
hsk_exam2025,page:137;sequence:2317,2317,5,5,,发布,,发布,,fābù,动,pymupdf-native-table,
hsk_exam2025,page:137;sequence:2318,2318,5,5,,发达,,发达,,fādá,形、动,pymupdf-native-table,
hsk_exam2025,page:137;sequence:2319,2319,5,5,,发挥,,发挥,,fāhuī,动,pymupdf-native-table,
hsk_exam2025,page:137;sequence:2320,2320,5,5,,发明,,发明,,fāmíng,动、名,pymupdf-native-table,
hsk_exam2025,page:138;sequence:2321,2321,5,5,,发起,,发起,,fāqǐ,动,pymupdf-native-table,
hsk_exam2025,page:138;sequence:2322,2322,5,5,,发言,,发言,,fāyán,动、名,pymupdf-native-table,
hsk_exam2025,page:138;sequence:2323,2323,5,5,,发音,,发音,,fāyīn,动、名,pymupdf-native-table,
hsk_exam2025,page:138;sequence:2324,2324,5,5,,罚,,罚,,fá,动,pymupdf-native-table,
hsk_exam2025,page:138;sequence:2325,2325,5,5,,罚款,,罚款,,fákuǎn,动、名,pymupdf-native-table,
hsk_exam2025,page:138;sequence:2326,2326,5,5,,法院,,法院,,fǎyuàn,名,pymupdf-native-table,
hsk_exam2025,page:138;sequence:2327,2327,5,5,,翻,,翻,,fān,动,pymupdf-native-table,
hsk_exam2025,page:138;sequence:2328,2328,5,5,,番茄,,番茄,,fānqié,名,pymupdf-native-table,
hsk_exam2025,page:138;sequence:2329,2329,5,5,,繁荣,,繁荣,,fánróng,形、动,pymupdf-native-table,
hsk_exam2025,page:138;sequence:2330,2330,5,5,,反,,反,,fǎn,形、动、副,pymupdf-native-table,
hsk_exam2025,page:138;sequence:2331,2331,5,5,,反而,,反而,,fǎn’ér,副,pymupdf-native-table,
hsk_exam2025,page:138;sequence:2332,2332,5,5,,反复,,反复,,fǎnfù,副、动、名,pymupdf-native-table,
hsk_exam2025,page:138;sequence:2333,2333,5,5,,返回,,返回,,fǎnhuí,动,pymupdf-native-table,
hsk_exam2025,page:138;sequence:2334,2334,5,5,,反应,,反应,,fǎnyìng,动、名,pymupdf-native-table,
hsk_exam2025,page:138;sequence:2335,2335,5,5,,反映,,反映,,fǎnyìng,动,pymupdf-native-table,
hsk_exam2025,page:138;sequence:2336,2336,5,5,,反正,,反正,,fǎnzhèng,副,pymupdf-native-table,
hsk_exam2025,page:138;sequence:2337,2337,5,5,,范围,,范围,,fànwéi,名,pymupdf-native-table,
hsk_exam2025,page:138;sequence:2338,2338,5,5,,方,,方,,fāng,形、名,pymupdf-native-table,
hsk_exam2025,page:138;sequence:2339,2339,5,5,,方案,,方案,,fāng’àn,名,pymupdf-native-table,
hsk_exam2025,page:138;sequence:2340,2340,5,5,,防,,防,,fáng,动,pymupdf-native-table,
hsk_exam2025,page:138;sequence:2341,2341,5,5,,房屋,,房屋,,fángwū,名,pymupdf-native-table,
hsk_exam2025,page:138;sequence:2342,2342,5,5,,防止,,防止,,fángzhǐ,动,pymupdf-native-table,
hsk_exam2025,page:138;sequence:2343,2343,5,5,,仿佛,,仿佛,,fǎngfú,副,pymupdf-native-table,
hsk_exam2025,page:138;sequence:2344,2344,5,5,,访问,,访问,,fǎngwèn,动,pymupdf-native-table,
hsk_exam2025,page:138;sequence:2345,2345,5,5,,飞行,,飞行,,fēixíng,动,pymupdf-native-table,
hsk_exam2025,page:138;sequence:2346,2346,5,5,,飞行员,,飞行员,,fēixíngyuán,名,pymupdf-native-table,
hsk_exam2025,page:138;sequence:2347,2347,5,5,,非洲,,非洲,,Fēizhōu,名,pymupdf-native-table,
hsk_exam2025,page:138;sequence:2348,2348,5,5,,分别,,分别,,fēnbié,动、副、名,pymupdf-native-table,
hsk_exam2025,page:138;sequence:2349,2349,5,5,,分布,,分布,,fēnbù,动,pymupdf-native-table,
hsk_exam2025,page:138;sequence:2350,2350,5,5,,纷纷,,纷纷,,fēnfēn,形、副,pymupdf-native-table,
hsk_exam2025,page:138;sequence:2351,2351,5,5,,分类,,分类,,fēnlèi,动,pymupdf-native-table,
hsk_exam2025,page:138;sequence:2352,2352,5,5,,分离,,分离,,fēnlí,动,pymupdf-native-table,
hsk_exam2025,page:138;sequence:2353,2353,5,5,,分配,,分配,,fēnpèi,动,pymupdf-native-table,
hsk_exam2025,page:138;sequence:2354,2354,5,5,,分手,,分手,,fēnshǒu,动,pymupdf-native-table,
hsk_exam2025,page:138;sequence:2355,2355,5,5,,分析,,分析,,fēnxī,动,pymupdf-native-table,
hsk_exam2025,page:138;sequence:2356,2356,5,5,,分享,,分享,,fēnxiǎng,动,pymupdf-native-table,
hsk_exam2025,page:138;sequence:2357,2357,5,5,,奋斗,,奋斗,,fèndòu,动,pymupdf-native-table,
hsk_exam2025,page:138;sequence:2358,2358,5,5,,丰富多彩,,丰富多彩,,fēngfù-duōcǎi,,pymupdf-native-table,
hsk_exam2025,page:138;sequence:2359,2359,5,5,,风格,,风格,,fēnggé,名,pymupdf-native-table,
hsk_exam2025,page:138;sequence:2360,2360,5,5,,疯狂,,疯狂,,fēngkuáng,形,pymupdf-native-table,
hsk_exam2025,page:139;sequence:2361,2361,5,5,,风俗,,风俗,,fēngsú,名,pymupdf-native-table,
hsk_exam2025,page:139;sequence:2362,2362,5,5,,风险,,风险,,fēngxiǎn,名,pymupdf-native-table,
hsk_exam2025,page:139;sequence:2363,2363,5,5,,否定,,否定,,fǒudìng,动、形,pymupdf-native-table,
hsk_exam2025,page:139;sequence:2364,2364,5,5,,否认,,否认,,fǒurèn,动,pymupdf-native-table,
hsk_exam2025,page:139;sequence:2365,2365,5,5,,夫妇,,夫妇,,fūfù,名,pymupdf-native-table,
hsk_exam2025,page:139;sequence:2366,2366,5,5,,扶,,扶,,fú,动,pymupdf-native-table,
hsk_exam2025,page:139;sequence:2367,2367,5,5,,福,,福,,fú,名,pymupdf-native-table,
hsk_exam2025,page:139;sequence:2368,2368,5,5,,服装,,服装,,fúzhuāng,名,pymupdf-native-table,
hsk_exam2025,page:139;sequence:2369,2369,5,5,,副,,副1,1,fù,量,pymupdf-native-table,
hsk_exam2025,page:139;sequence:2370,2370,5,5,,富,,富,,fù,形,pymupdf-native-table,
hsk_exam2025,page:139;sequence:2371,2371,5,5,,付出,,付出,,fùchū,动,pymupdf-native-table,
hsk_exam2025,page:139;sequence:2372,2372,5,5,,负担,,负担,,fùdān,动、名,pymupdf-native-table,
hsk_exam2025,page:139;sequence:2373,2373,5,5,,妇女,,妇女,,fùnǚ,名,pymupdf-native-table,
hsk_exam2025,page:139;sequence:2374,2374,5,5,,富有,,富有,,fùyǒu,形、动,pymupdf-native-table,
hsk_exam2025,page:139;sequence:2375,2375,5,5,,复制,,复制,,fùzhì,动,pymupdf-native-table,
hsk_exam2025,page:139;sequence:2376,2376,5,5,,改革,,改革,,gǎigé,动,pymupdf-native-table,
hsk_exam2025,page:139;sequence:2377,2377,5,5,,改进,,改进,,gǎijìn,动,pymupdf-native-table,
hsk_exam2025,page:139;sequence:2378,2378,5,5,,改善,,改善,,gǎishàn,动,pymupdf-native-table,
hsk_exam2025,page:139;sequence:2379,2379,5,5,,改天,,改天,,gǎitiān,副,pymupdf-native-table,
hsk_exam2025,page:139;sequence:2380,2380,5,5,,改正,,改正,,gǎizhèng,动,pymupdf-native-table,
hsk_exam2025,page:139;sequence:2381,2381,5,5,,盖,,盖,,gài,名、动,pymupdf-native-table,
hsk_exam2025,page:139;sequence:2382,2382,5,5,,概括,,概括,,gàikuò,动、形,pymupdf-native-table,
hsk_exam2025,page:139;sequence:2383,2383,5,5,,概念,,概念,,gàiniàn,名,pymupdf-native-table,
hsk_exam2025,page:139;sequence:2384,2384,5,5,,敢于,,敢于,,gǎnyú,动,pymupdf-native-table,
hsk_exam2025,page:139;sequence:2385,2385,5,5,,刚好,,刚好,,gānghǎo,形、副,pymupdf-native-table,
hsk_exam2025,page:139;sequence:2386,2386,5,5,,高大,,高大,,gāodà,形,pymupdf-native-table,
hsk_exam2025,page:139;sequence:2387,2387,5,5,,高档,,高档,,gāodàng,形,pymupdf-native-table,
hsk_exam2025,page:139;sequence:2388,2388,5,5,,高度,,高度,,gāodù,名、形,pymupdf-native-table,
hsk_exam2025,page:139;sequence:2389,2389,5,5,,高级,,高级,,gāojí,形,pymupdf-native-table,
hsk_exam2025,page:139;sequence:2390,2390,5,5,,高科技,,高科技,,gāokējì,名,pymupdf-native-table,
hsk_exam2025,page:139;sequence:2391,2391,5,5,,高效,,高效,,gāoxiào,形,pymupdf-native-table,
hsk_exam2025,page:139;sequence:2392,2392,5,5,,搞,,搞,,gǎo,动,pymupdf-native-table,
hsk_exam2025,page:139;sequence:2393,2393,5,5,,告别,,告别,,gàobié,动,pymupdf-native-table,
hsk_exam2025,page:139;sequence:2394,2394,5,5,,歌词,,歌词,,gēcí,名,pymupdf-native-table,
hsk_exam2025,page:139;sequence:2395,2395,5,5,,歌曲,,歌曲,,gēqǔ,名,pymupdf-native-table,
hsk_exam2025,page:139;sequence:2396,2396,5,5,,隔,,隔,,gé,动,pymupdf-native-table,
hsk_exam2025,page:139;sequence:2397,2397,5,5,,格外,,格外,,géwài,副,pymupdf-native-table,
hsk_exam2025,page:139;sequence:2398,2398,5,5,,个别,,个别,,gèbié,副、形,pymupdf-native-table,
hsk_exam2025,page:139;sequence:2399,2399,5,5,,各行各业,,各行各业,,gèháng-gèyè,,pymupdf-native-table,
hsk_exam2025,page:139;sequence:2400,2400,5,5,,个人,,个人,,gèrén,名,pymupdf-native-table,
hsk_exam2025,page:140;sequence:2401,2401,5,5,,个性,,个性,,gèxìng,名,pymupdf-native-table,
hsk_exam2025,page:140;sequence:2402,2402,5,5,,各自,,各自,,gèzì,代,pymupdf-native-table,
hsk_exam2025,page:140;sequence:2403,2403,5,5,,根,,根,,gēn,名、量,pymupdf-native-table,
hsk_exam2025,page:140;sequence:2404,2404,5,5,,根本,,根本,,gēnběn,名、形、副,pymupdf-native-table,
hsk_exam2025,page:140;sequence:2405,2405,5,5,,更换,,更换,,gēnghuàn,动,pymupdf-native-table,
hsk_exam2025,page:140;sequence:2406,2406,5,5,,更新,,更新,,gēngxīn,动,pymupdf-native-table,
hsk_exam2025,page:140;sequence:2407,2407,5,5,,公布,,公布,,gōngbù,动,pymupdf-native-table,
hsk_exam2025,page:140;sequence:2408,2408,5,5,,工程,,工程,,gōngchéng,名,pymupdf-native-table,
hsk_exam2025,page:140;sequence:2409,2409,5,5,,工程师,,工程师,,gōngchéngshī,名,pymupdf-native-table,
hsk_exam2025,page:140;sequence:2410,2410,5,5,,工具,,工具,,gōngjù,名,pymupdf-native-table,
hsk_exam2025,page:140;sequence:2411,2411,5,5,,功能,,功能,,gōngnéng,名,pymupdf-native-table,
hsk_exam2025,page:140;sequence:2412,2412,5,5,,公平,,公平,,gōngpíng,形,pymupdf-native-table,
hsk_exam2025,page:140;sequence:2413,2413,5,5,,公务员,,公务员,,gōngwùyuán,名,pymupdf-native-table,
hsk_exam2025,page:140;sequence:2414,2414,5,5,,恭喜,,恭喜,,gōngxǐ,动,pymupdf-native-table,
hsk_exam2025,page:140;sequence:2415,2415,5,5,,工业,,工业,,gōngyè,名,pymupdf-native-table,
hsk_exam2025,page:140;sequence:2416,2416,5,5,,工艺,,工艺,,gōngyì,名,pymupdf-native-table,
hsk_exam2025,page:140;sequence:2417,2417,5,5,,公寓,,公寓,,gōngyù,名,pymupdf-native-table,
hsk_exam2025,page:140;sequence:2418,2418,5,5,,贡献,,贡献,,gòngxiàn,动、名,pymupdf-native-table,
hsk_exam2025,page:140;sequence:2419,2419,5,5,,共享,,共享,,gòngxiǎng,动,pymupdf-native-table,
hsk_exam2025,page:140;sequence:2420,2420,5,5,,沟通,,沟通,,gōutōng,动,pymupdf-native-table,
hsk_exam2025,page:140;sequence:2421,2421,5,5,,构成,,构成,,gòuchéng,动、名,pymupdf-native-table,
hsk_exam2025,page:140;sequence:2422,2422,5,5,,古,,古,,gǔ,形,pymupdf-native-table,
hsk_exam2025,page:140;sequence:2423,2423,5,5,,鼓,,鼓,,gǔ,名、动、形,pymupdf-native-table,
hsk_exam2025,page:140;sequence:2424,2424,5,5,,古代,,古代,,gǔdài,名,pymupdf-native-table,
hsk_exam2025,page:140;sequence:2425,2425,5,5,,古老,,古老,,gǔlǎo,形,pymupdf-native-table,
hsk_exam2025,page:140;sequence:2426,2426,5,5,,鼓掌,,鼓掌,,gǔzhǎng,动,pymupdf-native-table,
hsk_exam2025,page:140;sequence:2427,2427,5,5,,固定,,固定,,gùdìng,动,pymupdf-native-table,
hsk_exam2025,page:140;sequence:2428,2428,5,5,,故乡,,故乡,,gùxiāng,名,pymupdf-native-table,
hsk_exam2025,page:140;sequence:2429,2429,5,5,,挂号,,挂号,,guàhào,动,pymupdf-native-table,
hsk_exam2025,page:140;sequence:2430,2430,5,5,,怪,,怪,,guài,形、动、副,pymupdf-native-table,
hsk_exam2025,page:140;sequence:2431,2431,5,5,,关闭,,关闭,,guānbì,动,pymupdf-native-table,
hsk_exam2025,page:140;sequence:2432,2432,5,5,,观察,,观察,,guānchá,动,pymupdf-native-table,
hsk_exam2025,page:140;sequence:2433,2433,5,5,,观点,,观点,,guāndiǎn,名,pymupdf-native-table,
hsk_exam2025,page:140;sequence:2434,2434,5,5,,观念,,观念,,guānniàn,名,pymupdf-native-table,
hsk_exam2025,page:140;sequence:2435,2435,5,5,,冠军,,冠军,,guànjūn,名,pymupdf-native-table,
hsk_exam2025,page:140;sequence:2436,2436,5,5,,光临,,光临,,guānglín,动,pymupdf-native-table,
hsk_exam2025,page:140;sequence:2437,2437,5,5,,光明,,光明,,guāngmíng,名、形,pymupdf-native-table,
hsk_exam2025,page:140;sequence:2438,2438,5,5,,光线,,光线,,guāngxiàn,名,pymupdf-native-table,
hsk_exam2025,page:140;sequence:2439,2439,5,5,,广,,广,,guǎng,形,pymupdf-native-table,
hsk_exam2025,page:140;sequence:2440,2440,5,5,,广场,,广场,,guǎngchǎng,名,pymupdf-native-table,
hsk_exam2025,page:141;sequence:2441,2441,5,5,,广大,,广大,,guǎngdà,形,pymupdf-native-table,
hsk_exam2025,page:141;sequence:2442,2442,5,5,,广泛,,广泛,,guǎngfàn,形,pymupdf-native-table,
hsk_exam2025,page:141;sequence:2443,2443,5,5,,规律,,规律,,guīlǜ,名、形,pymupdf-native-table,
hsk_exam2025,page:141;sequence:2444,2444,5,5,,规模,,规模,,guīmó,名,pymupdf-native-table,
hsk_exam2025,page:141;sequence:2445,2445,5,5,,规则,,规则,,guīzé,名、形,pymupdf-native-table,
hsk_exam2025,page:141;sequence:2446,2446,5,5,,贵姓,,贵姓,,guìxìng,名,pymupdf-native-table,
hsk_exam2025,page:141;sequence:2447,2447,5,5,,柜子,,柜子,,guìzi,名,pymupdf-native-table,
hsk_exam2025,page:141;sequence:2448,2448,5,5,,滚,,滚,,gǔn,动,pymupdf-native-table,
hsk_exam2025,page:141;sequence:2449,2449,5,5,,锅,,锅,,guō,名,pymupdf-native-table,
hsk_exam2025,page:141;sequence:2450,2450,5,5,,国画,,国画,,guóhuà,名,pymupdf-native-table,
hsk_exam2025,page:141;sequence:2451,2451,5,5,,国庆,,国庆,,guóqìng,名,pymupdf-native-table,
hsk_exam2025,page:141;sequence:2452,2452,5,5,,果然,,果然,,guǒrán,副,pymupdf-native-table,
hsk_exam2025,page:141;sequence:2453,2453,5,5,,果实,,果实,,guǒshí,名,pymupdf-native-table,
hsk_exam2025,page:141;sequence:2454,2454,5,5,,过度,,过度,,guòdù,形,pymupdf-native-table,
hsk_exam2025,page:141;sequence:2455,2455,5,5,,过分,,过分,,guòfèn,形,pymupdf-native-table,
hsk_exam2025,page:141;sequence:2456,2456,5,5,,过敏,,过敏,,guòmǐn,动,pymupdf-native-table,
hsk_exam2025,page:141;sequence:2457,2457,5,5,,过期,,过期,,guòqī,动,pymupdf-native-table,
hsk_exam2025,page:141;sequence:2458,2458,5,5,,过于,,过于,,guòyú,副,pymupdf-native-table,
hsk_exam2025,page:141;sequence:2459,2459,5,5,,哈,,哈,,hā,拟声、叹,pymupdf-native-table,
hsk_exam2025,page:141;sequence:2460,2460,5,5,,海关,,海关,,hǎiguān,名,pymupdf-native-table,
hsk_exam2025,page:141;sequence:2461,2461,5,5,,海外,,海外,,hǎiwài,名,pymupdf-native-table,
hsk_exam2025,page:141;sequence:2462,2462,5,5,,海鲜,,海鲜,,hǎixiān,名,pymupdf-native-table,
hsk_exam2025,page:141;sequence:2463,2463,5,5,,含,,含,,hán,动,pymupdf-native-table,
hsk_exam2025,page:141;sequence:2464,2464,5,5,,含量,,含量,,hánliàng,名,pymupdf-native-table,
hsk_exam2025,page:141;sequence:2465,2465,5,5,,含有,,含有,,hányǒu,动,pymupdf-native-table,
hsk_exam2025,page:141;sequence:2466,2466,5,5,,汗水,,汗水,,hànshuǐ,名,pymupdf-native-table,
hsk_exam2025,page:141;sequence:2467,2467,5,5,,行,,行,,háng,名、量,pymupdf-native-table,
hsk_exam2025,page:141;sequence:2468,2468,5,5,,行业,,行业,,hángyè,名,pymupdf-native-table,
hsk_exam2025,page:141;sequence:2469,2469,5,5,,好评,,好评,,hǎopíng,名,pymupdf-native-table,
hsk_exam2025,page:141;sequence:2470,2470,5,5,,好运,,好运,,hǎoyùn,名,pymupdf-native-table,
hsk_exam2025,page:141;sequence:2471,2471,5,5,,好转,,好转,,hǎozhuǎn,动,pymupdf-native-table,
hsk_exam2025,page:141;sequence:2472,2472,5,5,,好,,好,,hào,动,pymupdf-native-table,
hsk_exam2025,page:141;sequence:2473,2473,5,5,,好奇,,好奇,,hàoqí,形,pymupdf-native-table,
hsk_exam2025,page:141;sequence:2474,2474,5,5,,合,,合,,hé,动,pymupdf-native-table,
hsk_exam2025,page:141;sequence:2475,2475,5,5,,合法,,合法,,héfǎ,形,pymupdf-native-table,
hsk_exam2025,page:141;sequence:2476,2476,5,5,,盒饭,,盒饭,,héfàn,名,pymupdf-native-table,
hsk_exam2025,page:141;sequence:2477,2477,5,5,,合理,,合理,,hélǐ,形,pymupdf-native-table,
hsk_exam2025,page:141;sequence:2478,2478,5,5,,河流,,河流,,héliú,名,pymupdf-native-table,
hsk_exam2025,page:141;sequence:2479,2479,5,5,,合同,,合同,,hétóng,名,pymupdf-native-table,
hsk_exam2025,page:141;sequence:2480,2480,5,5,,合影,,合影,,héyǐng,动、名,pymupdf-native-table,
hsk_exam2025,page:142;sequence:2481,2481,5,5,,合作,,合作,,hézuò,动,pymupdf-native-table,
hsk_exam2025,page:142;sequence:2482,2482,5,5,,黑,,黑,,hēi,形,pymupdf-native-table,
hsk_exam2025,page:142;sequence:2483,2483,5,5,,红,,红,,hóng,形,pymupdf-native-table,
hsk_exam2025,page:142;sequence:2484,2484,5,5,,猴子,,猴子,,hóuzi,名,pymupdf-native-table,
hsk_exam2025,page:142;sequence:2485,2485,5,5,,厚度,,厚度,,hòudù,名,pymupdf-native-table,
hsk_exam2025,page:142;sequence:2486,2486,5,5,,后果,,后果,,hòuguǒ,名,pymupdf-native-table,
hsk_exam2025,page:142;sequence:2487,2487,5,5,,忽视,,忽视,,hūshì,动,pymupdf-native-table,
hsk_exam2025,page:142;sequence:2488,2488,5,5,,呼吸,,呼吸,,hūxī,动,pymupdf-native-table,
hsk_exam2025,page:142;sequence:2489,2489,5,5,,湖,,湖,,hú,名,pymupdf-native-table,
hsk_exam2025,page:142;sequence:2490,2490,5,5,,蝴蝶,,蝴蝶,,húdié,名,pymupdf-native-table,
hsk_exam2025,page:142;sequence:2491,2491,5,5,,胡同,,胡同,,hútòng,名,pymupdf-native-table,
hsk_exam2025,page:142;sequence:2492,2492,5,5,,互动,,互动,,hùdòng,动,pymupdf-native-table,
hsk_exam2025,page:142;sequence:2493,2493,5,5,,户外,,户外,,hùwài,名,pymupdf-native-table,
hsk_exam2025,page:142;sequence:2494,2494,5,5,,花费,,花费,,huāfèi,动,pymupdf-native-table,
hsk_exam2025,page:142;sequence:2495,2495,5,5,,滑,,滑,,huá,形、动,pymupdf-native-table,
hsk_exam2025,page:142;sequence:2496,2496,5,5,,划,,划,,huá,动,pymupdf-native-table,
hsk_exam2025,page:142;sequence:2497,2497,5,5（6）,6,化,,化,,huà,后缀、（动）,pymupdf-native-table,
hsk_exam2025,page:142;sequence:2498,2498,5,5,,话费,,话费,,huàfèi,名,pymupdf-native-table,
hsk_exam2025,page:142;sequence:2499,2499,5,5,,画面,,画面,,huàmiàn,名,pymupdf-native-table,
hsk_exam2025,page:142;sequence:2500,2500,5,5,,话题,,话题,,huàtí,名,pymupdf-native-table,
hsk_exam2025,page:142;sequence:2501,2501,5,5,,化学,,化学,,huàxué,名,pymupdf-native-table,
hsk_exam2025,page:142;sequence:2502,2502,5,5,,环节,,环节,,huánjié,名,pymupdf-native-table,
hsk_exam2025,page:142;sequence:2503,2503,5,5,,缓解,,缓解,,huǎnjiě,动,pymupdf-native-table,
hsk_exam2025,page:142;sequence:2504,2504,5,5,,缓慢,,缓慢,,huǎnmàn,形,pymupdf-native-table,
hsk_exam2025,page:142;sequence:2505,2505,5,5,,黄瓜,,黄瓜,,huángguā,名,pymupdf-native-table,
hsk_exam2025,page:142;sequence:2506,2506,5,5,,黄金,,黄金,,huángjīn,名,pymupdf-native-table,
hsk_exam2025,page:142;sequence:2507,2507,5,5,,灰,,灰,,huī,名、形,pymupdf-native-table,
hsk_exam2025,page:142;sequence:2508,2508,5,5,,挥,,挥,,huī,动,pymupdf-native-table,
hsk_exam2025,page:142;sequence:2509,2509,5,5,,恢复,,恢复,,huīfù,动,pymupdf-native-table,
hsk_exam2025,page:142;sequence:2510,2510,5,5,,灰色,,灰色,,huīsè,名、形,pymupdf-native-table,
hsk_exam2025,page:142;sequence:2511,2511,5,5,,回收,,回收,,huíshōu,动,pymupdf-native-table,
hsk_exam2025,page:142;sequence:2512,2512,5,5,,汇率,,汇率,,huìlǜ,名,pymupdf-native-table,
hsk_exam2025,page:142;sequence:2513,2513,5,5,,婚礼,,婚礼,,hūnlǐ,名,pymupdf-native-table,
hsk_exam2025,page:142;sequence:2514,2514,5,5,,伙,,伙,,huǒ,量,pymupdf-native-table,
hsk_exam2025,page:142;sequence:2515,2515,5,5,,伙伴,,伙伴,,huǒbàn,名,pymupdf-native-table,
hsk_exam2025,page:142;sequence:2516,2516,5,5,,火锅,,火锅,,huǒguō,名,pymupdf-native-table,
hsk_exam2025,page:142;sequence:2517,2517,5,5,,或是,,或是,,huòshì,副、连,pymupdf-native-table,
hsk_exam2025,page:142;sequence:2518,2518,5,5,,货物,,货物,,huòwù,名,pymupdf-native-table,
hsk_exam2025,page:142;sequence:2519,2519,5,5,,或许,,或许,,huòxǔ,副,pymupdf-native-table,
hsk_exam2025,page:142;sequence:2520,2520,5,5,,机构,,机构,,jīgòu,名,pymupdf-native-table,
hsk_exam2025,page:143;sequence:2521,2521,5,5,,激烈,,激烈,,jīliè,形,pymupdf-native-table,
hsk_exam2025,page:143;sequence:2522,2522,5,5,,机器,,机器,,jīqì,名,pymupdf-native-table,
hsk_exam2025,page:143;sequence:2523,2523,5,5,,机器人,,机器人,,jīqìrén,名,pymupdf-native-table,
hsk_exam2025,page:143;sequence:2524,2524,5,5,,肌肉,,肌肉,,jīròu,名,pymupdf-native-table,
hsk_exam2025,page:143;sequence:2525,2525,5,5,,及,,及,,jí,连,pymupdf-native-table,
hsk_exam2025,page:143;sequence:2526,2526,5,5,,级,,级,,jí,名、量,pymupdf-native-table,
hsk_exam2025,page:143;sequence:2527,2527,5,5,,集,,集,,jí,名、量,pymupdf-native-table,
hsk_exam2025,page:143;sequence:2528,2528,5,5,,疾病,,疾病,,jíbìng,名,pymupdf-native-table,
hsk_exam2025,page:143;sequence:2529,2529,5,5,,及格,,及格,,jígé,动,pymupdf-native-table,
hsk_exam2025,page:143;sequence:2530,2530,5,5,,集合,,集合,,jíhé,动,pymupdf-native-table,
hsk_exam2025,page:143;sequence:2531,2531,5,5,,即将,,即将,,jíjiāng,副,pymupdf-native-table,
hsk_exam2025,page:143;sequence:2532,2532,5,5,,急忙,,急忙,,jímáng,副,pymupdf-native-table,
hsk_exam2025,page:143;sequence:2533,2533,5,5,,极其,,极其,,jíqí,副,pymupdf-native-table,
hsk_exam2025,page:143;sequence:2534,2534,5,5,,集体,,集体,,jítǐ,名,pymupdf-native-table,
hsk_exam2025,page:143;sequence:2535,2535,5,5,,急需,,急需,,jíxū,动,pymupdf-native-table,
hsk_exam2025,page:143;sequence:2536,2536,5,5,,急诊,,急诊,,jízhěn,动、名,pymupdf-native-table,
hsk_exam2025,page:143;sequence:2537,2537,5,5,,集中,,集中,,jízhōng,动、形,pymupdf-native-table,
hsk_exam2025,page:143;sequence:2538,2538,5,5,,挤,,挤,,jǐ,动、形,pymupdf-native-table,
hsk_exam2025,page:143;sequence:2539,2539,5,5,,系,,系,,jì,动,pymupdf-native-table,
hsk_exam2025,page:143;sequence:2540,2540,5,5,,季度,,季度,,jìdù,名,pymupdf-native-table,
hsk_exam2025,page:143;sequence:2541,2541,5,5,,记录,,记录,,jìlù,动、名,pymupdf-native-table,
hsk_exam2025,page:143;sequence:2542,2542,5,5,,纪录,,纪录,,jìlù,名,pymupdf-native-table,
hsk_exam2025,page:143;sequence:2543,2543,5,5,,纪录片,,纪录片,,jìlùpiàn,名,pymupdf-native-table,
hsk_exam2025,page:143;sequence:2544,2544,5,5,,技能,,技能,,jìnéng,名,pymupdf-native-table,
hsk_exam2025,page:143;sequence:2545,2545,5,5,,纪念,,纪念,,jìniàn,动、名,pymupdf-native-table,
hsk_exam2025,page:143;sequence:2546,2546,5,5,,纪念日,,纪念日,,jìniànrì,名,pymupdf-native-table,
hsk_exam2025,page:143;sequence:2547,2547,5,5,,计算,,计算,,jìsuàn,动,pymupdf-native-table,
hsk_exam2025,page:143;sequence:2548,2548,5,5,,计算机,,计算机,,jìsuànjī,名,pymupdf-native-table,
hsk_exam2025,page:143;sequence:2549,2549,5,5,,记忆,,记忆,,jìyì,动、名,pymupdf-native-table,
hsk_exam2025,page:143;sequence:2550,2550,5,5,,记载,,记载,,jìzǎi,动,pymupdf-native-table,
hsk_exam2025,page:143;sequence:2551,2551,5,5,,嘉宾,,嘉宾,,jiābīn,名,pymupdf-native-table,
hsk_exam2025,page:143;sequence:2552,2552,5,5,,家电,,家电,,jiādiàn,名,pymupdf-native-table,
hsk_exam2025,page:143;sequence:2553,2553,5,5,,加工,,加工,,jiāgōng,动,pymupdf-native-table,
hsk_exam2025,page:143;sequence:2554,2554,5,5,,加热,,加热,,jiārè,动,pymupdf-native-table,
hsk_exam2025,page:143;sequence:2555,2555,5,5,,加深,,加深,,jiāshēn,动,pymupdf-native-table,
hsk_exam2025,page:143;sequence:2556,2556,5,5,,加速,,加速,,jiāsù,动,pymupdf-native-table,
hsk_exam2025,page:143;sequence:2557,2557,5,5,,家务,,家务,,jiāwù,名,pymupdf-native-table,
hsk_exam2025,page:143;sequence:2558,2558,5,5,,甲,,甲,,jiǎ,名,pymupdf-native-table,
hsk_exam2025,page:143;sequence:2559,2559,5,5,,假如,,假如,,jiǎrú,连,pymupdf-native-table,
hsk_exam2025,page:143;sequence:2560,2560,5,5,,架,,架,,jià,名、动、量,pymupdf-native-table,
hsk_exam2025,page:144;sequence:2561,2561,5,5,,驾驶,,驾驶,,jiàshǐ,动,pymupdf-native-table,
hsk_exam2025,page:144;sequence:2562,2562,5,5,,驾照,,驾照,,jiàzhào,名,pymupdf-native-table,
hsk_exam2025,page:144;sequence:2563,2563,5,5,,价值,,价值,,jiàzhí,名,pymupdf-native-table,
hsk_exam2025,page:144;sequence:2564,2564,5,5,,艰苦,,艰苦,,jiānkǔ,形,pymupdf-native-table,
hsk_exam2025,page:144;sequence:2565,2565,5,5,,坚强,,坚强,,jiānqiáng,形,pymupdf-native-table,
hsk_exam2025,page:144;sequence:2566,2566,5,5,,捡,,捡,,jiǎn,动,pymupdf-native-table,
hsk_exam2025,page:144;sequence:2567,2567,5,5,,剪,,剪,,jiǎn,动,pymupdf-native-table,
hsk_exam2025,page:144;sequence:2568,2568,5,5,,剪刀,,剪刀,,jiǎndāo,名,pymupdf-native-table,
hsk_exam2025,page:144;sequence:2569,2569,5,5,,减肥,,减肥,,jiǎnféi,动,pymupdf-native-table,
hsk_exam2025,page:144;sequence:2570,2570,5,5,,简历,,简历,,jiǎnlì,名,pymupdf-native-table,
hsk_exam2025,page:144;sequence:2571,2571,5,5,,简直,,简直,,jiǎnzhí,副,pymupdf-native-table,
hsk_exam2025,page:144;sequence:2572,2572,5,5,,建,,建,,jiàn,动,pymupdf-native-table,
hsk_exam2025,page:144;sequence:2573,2573,5,5,,键,,键,,jiàn,名,pymupdf-native-table,
hsk_exam2025,page:144;sequence:2574,2574,5,5,,渐渐,,渐渐,,jiànjiàn,副,pymupdf-native-table,
hsk_exam2025,page:144;sequence:2575,2575,5,5,,建立,,建立,,jiànlì,动,pymupdf-native-table,
hsk_exam2025,page:144;sequence:2576,2576,5,5,,键盘,,键盘,,jiànpán,名,pymupdf-native-table,
hsk_exam2025,page:144;sequence:2577,2577,5,5,,建设,,建设,,jiànshè,动,pymupdf-native-table,
hsk_exam2025,page:144;sequence:2578,2578,5,5,,建造,,建造,,jiànzào,动,pymupdf-native-table,
hsk_exam2025,page:144;sequence:2579,2579,5,5,,建筑,,建筑,,jiànzhù,动、名,pymupdf-native-table,
hsk_exam2025,page:144;sequence:2580,2580,5,5,,将近,,将近,,jiāngjìn,副,pymupdf-native-table,
hsk_exam2025,page:144;sequence:2581,2581,5,5,,讲话,,讲话,,jiǎnghuà,名,pymupdf-native-table,
hsk_exam2025,page:144;sequence:2582,2582,5,5,,讲究,,讲究,,jiǎngjiu,动、形,pymupdf-native-table,
hsk_exam2025,page:144;sequence:2583,2583,5,5,,奖励,,奖励,,jiǎnglì,动,pymupdf-native-table,
hsk_exam2025,page:144;sequence:2584,2584,5,5,,讲述,,讲述,,jiǎngshù,动,pymupdf-native-table,
hsk_exam2025,page:144;sequence:2585,2585,5,5,,讲座,,讲座,,jiǎngzuò,名,pymupdf-native-table,
hsk_exam2025,page:144;sequence:2586,2586,5,5,,降水,,降水,,jiàngshuǐ,动,pymupdf-native-table,
hsk_exam2025,page:144;sequence:2587,2587,5,5,,浇,,浇,,jiāo,动,pymupdf-native-table,
hsk_exam2025,page:144;sequence:2588,2588,5,5,,交换,,交换,,jiāohuàn,动,pymupdf-native-table,
hsk_exam2025,page:144;sequence:2589,2589,5,5,,交往,,交往,,jiāowǎng,动,pymupdf-native-table,
hsk_exam2025,page:144;sequence:2590,2590,5,5,,交易,,交易,,jiāoyì,动、名,pymupdf-native-table,
hsk_exam2025,page:144;sequence:2591,2591,5,5,,脚步,,脚步,,jiǎobù,名,pymupdf-native-table,
hsk_exam2025,page:144;sequence:2592,2592,5,5,,角度,,角度,,jiǎodù,名,pymupdf-native-table,
hsk_exam2025,page:144;sequence:2593,2593,5,5,,较,,较,,jiào,介、副,pymupdf-native-table,
hsk_exam2025,page:144;sequence:2594,2594,5,5,,教材,,教材,,jiàocái,名,pymupdf-native-table,
hsk_exam2025,page:144;sequence:2595,2595,5,5,,接触,,接触,,jiēchù,动,pymupdf-native-table,
hsk_exam2025,page:144;sequence:2596,2596,5,5,,接待,,接待,,jiēdài,动,pymupdf-native-table,
hsk_exam2025,page:144;sequence:2597,2597,5,5,,阶段,,阶段,,jiēduàn,名,pymupdf-native-table,
hsk_exam2025,page:144;sequence:2598,2598,5,5,,接近,,接近,,jiējìn,动,pymupdf-native-table,
hsk_exam2025,page:144;sequence:2599,2599,5,5,,接收,,接收,,jiēshōu,动,pymupdf-native-table,
hsk_exam2025,page:144;sequence:2600,2600,5,5,,结,,结,,jié,动、名,pymupdf-native-table,
hsk_exam2025,page:145;sequence:2601,2601,5,5,,结构,,结构,,jiégòu,名,pymupdf-native-table,
hsk_exam2025,page:145;sequence:2602,2602,5,5,,结合,,结合,,jiéhé,动,pymupdf-native-table,
hsk_exam2025,page:145;sequence:2603,2603,5,5,,结论,,结论,,jiélùn,名,pymupdf-native-table,
hsk_exam2025,page:145;sequence:2604,2604,5,5,,节省,,节省,,jiéshěng,动,pymupdf-native-table,
hsk_exam2025,page:145;sequence:2605,2605,5,5,,届,,届,,jiè,量,pymupdf-native-table,
hsk_exam2025,page:145;sequence:2606,2606,5,5,,今日,,今日,,jīnrì,名,pymupdf-native-table,
hsk_exam2025,page:145;sequence:2607,2607,5,5,,紧,,紧,,jǐn,形、动,pymupdf-native-table,
hsk_exam2025,page:145;sequence:2608,2608,5,5,,紧急,,紧急,,jǐnjí,形,pymupdf-native-table,
hsk_exam2025,page:145;sequence:2609,2609,5,5,,尽快,,尽快,,jǐnkuài,副,pymupdf-native-table,
hsk_exam2025,page:145;sequence:2610,2610,5,5,,尽量,,尽量,,jǐnliàng,副,pymupdf-native-table,
hsk_exam2025,page:145;sequence:2611,2611,5,5,,紧密,,紧密,,jǐnmì,形,pymupdf-native-table,
hsk_exam2025,page:145;sequence:2612,2612,5,5,,谨慎,,谨慎,,jǐnshèn,形,pymupdf-native-table,
hsk_exam2025,page:145;sequence:2613,2613,5,5,,进步,,进步,,jìnbù,动、形,pymupdf-native-table,
hsk_exam2025,page:145;sequence:2614,2614,5,5,,近代,,近代,,jìndài,名,pymupdf-native-table,
hsk_exam2025,page:145;sequence:2615,2615,5,5,,进口,,进口,,jìnkǒu,动,pymupdf-native-table,
hsk_exam2025,page:145;sequence:2616,2616,5,5,,尽力,,尽力,,jìnlì,动,pymupdf-native-table,
hsk_exam2025,page:145;sequence:2617,2617,5,5,,近年来,,近年来,,jìnnián lái,,pymupdf-native-table,
hsk_exam2025,page:145;sequence:2618,2618,5,5,,近期,,近期,,jìnqī,名,pymupdf-native-table,
hsk_exam2025,page:145;sequence:2619,2619,5,5,,近日,,近日,,jìnrì,名,pymupdf-native-table,
hsk_exam2025,page:145;sequence:2620,2620,5,5,,进一步,,进一步,,jìnyíbù,副,pymupdf-native-table,
hsk_exam2025,page:145;sequence:2621,2621,5,5,,经典,,经典,,jīngdiǎn,名、形,pymupdf-native-table,
hsk_exam2025,page:145;sequence:2622,2622,5,5,,精力,,精力,,jīnglì,名,pymupdf-native-table,
hsk_exam2025,page:145;sequence:2623,2623,5,5,,精神,,精神,,jīngshen,名、形,pymupdf-native-table,
hsk_exam2025,page:145;sequence:2624,2624,5,5,,惊喜,,惊喜,,jīngxǐ,形,pymupdf-native-table,
hsk_exam2025,page:145;sequence:2625,2625,5,5,,经营,,经营,,jīngyíng,动,pymupdf-native-table,
hsk_exam2025,page:145;sequence:2626,2626,5,5,,静,,静,,jìng,形、动,pymupdf-native-table,
hsk_exam2025,page:145;sequence:2627,2627,5,5,,酒吧,,酒吧,,jiǔbā,名,pymupdf-native-table,
hsk_exam2025,page:145;sequence:2628,2628,5,5,,久远,,久远,,jiǔyuǎn,形,pymupdf-native-table,
hsk_exam2025,page:145;sequence:2629,2629,5,5,,救,,救,,jiù,动,pymupdf-native-table,
hsk_exam2025,page:145;sequence:2630,2630,5,5,,救护车,,救护车,,jiùhùchē,名,pymupdf-native-table,
hsk_exam2025,page:145;sequence:2631,2631,5,5,,就业,,就业,,jiùyè,动,pymupdf-native-table,
hsk_exam2025,page:145;sequence:2632,2632,5,5,,居民,,居民,,jūmín,名,pymupdf-native-table,
hsk_exam2025,page:145;sequence:2633,2633,5,5,,居然,,居然,,jūrán,副,pymupdf-native-table,
hsk_exam2025,page:145;sequence:2634,2634,5,5,,居住,,居住,,jūzhù,动,pymupdf-native-table,
hsk_exam2025,page:145;sequence:2635,2635,5,5,,橘子,,橘子,,júzi,名,pymupdf-native-table,
hsk_exam2025,page:145;sequence:2636,2636,5,5,,据,,据,,jù,介,pymupdf-native-table,
hsk_exam2025,page:145;sequence:2637,2637,5,5,,距,,距,,jù,动,pymupdf-native-table,
hsk_exam2025,page:145;sequence:2638,2638,5,5,,具备,,具备,,jùbèi,动,pymupdf-native-table,
hsk_exam2025,page:145;sequence:2639,2639,5,5,,剧场,,剧场,,jùchǎng,名,pymupdf-native-table,
hsk_exam2025,page:145;sequence:2640,2640,5,5,,巨大,,巨大,,jùdà,形,pymupdf-native-table,
hsk_exam2025,page:146;sequence:2641,2641,5,5,,据说,,据说,,jùshuō,动,pymupdf-native-table,
hsk_exam2025,page:146;sequence:2642,2642,5,5,,具体,,具体,,jùtǐ,形、动,pymupdf-native-table,
hsk_exam2025,page:146;sequence:2643,2643,5,5,,具有,,具有,,jùyǒu,动,pymupdf-native-table,
hsk_exam2025,page:146;sequence:2644,2644,5,5,,捐,,捐,,juān,动,pymupdf-native-table,
hsk_exam2025,page:146;sequence:2645,2645,5,5,,绝对,,绝对,,juéduì,形、副,pymupdf-native-table,
hsk_exam2025,page:146;sequence:2646,2646,5,5,,决赛,,决赛,,juésài,动、名,pymupdf-native-table,
hsk_exam2025,page:146;sequence:2647,2647,5,5,,角色,,角色,,juésè,名,pymupdf-native-table,
hsk_exam2025,page:146;sequence:2648,2648,5,5,,决心,,决心,,juéxīn,名、动,pymupdf-native-table,
hsk_exam2025,page:146;sequence:2649,2649,5,5,,开发,,开发,,kāifā,动,pymupdf-native-table,
hsk_exam2025,page:146;sequence:2650,2650,5,5,,开放,,开放,,kāifàng,动、形,pymupdf-native-table,
hsk_exam2025,page:146;sequence:2651,2651,5,5,,开幕,,开幕,,kāimù,动,pymupdf-native-table,
hsk_exam2025,page:146;sequence:2652,2652,5,5,,开幕式,,开幕式,,kāimùshì,名,pymupdf-native-table,
hsk_exam2025,page:146;sequence:2653,2653,5,5,,开水,,开水,,kāishuǐ,名,pymupdf-native-table,
hsk_exam2025,page:146;sequence:2654,2654,5,5,,开通,,开通,,kāitōng,动,pymupdf-native-table,
hsk_exam2025,page:146;sequence:2655,2655,5,5,,开业,,开业,,kāiyè,动,pymupdf-native-table,
hsk_exam2025,page:146;sequence:2656,2656,5,5,,开展,,开展,,kāizhǎn,动,pymupdf-native-table,
hsk_exam2025,page:146;sequence:2657,2657,5,5,,看,,看,,kān,动,pymupdf-native-table,
hsk_exam2025,page:146;sequence:2658,2658,5,5,,看望,,看望,,kànwàng,动,pymupdf-native-table,
hsk_exam2025,page:146;sequence:2659,2659,5,5,,看作,,看作,,kànzuò,动,pymupdf-native-table,
hsk_exam2025,page:146;sequence:2660,2660,5,5,,靠,,靠,,kào,动,pymupdf-native-table,
hsk_exam2025,page:146;sequence:2661,2661,5,5,,靠近,,靠近,,kàojìn,动,pymupdf-native-table,
hsk_exam2025,page:146;sequence:2662,2662,5,5,,颗,,颗,,kē,量,pymupdf-native-table,
hsk_exam2025,page:146;sequence:2663,2663,5,5,,科研,,科研,,kēyán,动,pymupdf-native-table,
hsk_exam2025,page:146;sequence:2664,2664,5,5,,可见,,可见,,kějiàn,连,pymupdf-native-table,
hsk_exam2025,page:146;sequence:2665,2665,5,5,,可靠,,可靠,,kěkào,形,pymupdf-native-table,
hsk_exam2025,page:146;sequence:2666,2666,5,5,,可怕,,可怕,,kěpà,形,pymupdf-native-table,
hsk_exam2025,page:146;sequence:2667,2667,5,5,,克服,,克服,,kèfú,动,pymupdf-native-table,
hsk_exam2025,page:146;sequence:2668,2668,5,5,,客服,,客服,,kèfú,形,pymupdf-native-table,
hsk_exam2025,page:146;sequence:2669,2669,5,5,,客观,,客观,,kèguān,形,pymupdf-native-table,
hsk_exam2025,page:146;sequence:2670,2670,5,5,,客户,,客户,,kèhù,名,pymupdf-native-table,
hsk_exam2025,page:146;sequence:2671,2671,5,5,,空间,,空间,,kōngjiān,名,pymupdf-native-table,
hsk_exam2025,page:146;sequence:2672,2672,5,5,,空中,,空中,,kōngzhōng,名、形,pymupdf-native-table,
hsk_exam2025,page:146;sequence:2673,2673,5,5,,控制,,控制,,kòngzhì,动,pymupdf-native-table,
hsk_exam2025,page:146;sequence:2674,2674,5,5,,口袋,,口袋,,kǒudai,名,pymupdf-native-table,
hsk_exam2025,page:146;sequence:2675,2675,5,5,,口味,,口味,,kǒuwèi,名,pymupdf-native-table,
hsk_exam2025,page:146;sequence:2676,2676,5,5,,库,,库,,kù,名,pymupdf-native-table,
hsk_exam2025,page:146;sequence:2677,2677,5,5（6）,6,宽,,宽,,kuān,形、名、（动）,pymupdf-native-table,
hsk_exam2025,page:146;sequence:2678,2678,5,5,,宽度,,宽度,,kuāndù,名,pymupdf-native-table,
hsk_exam2025,page:146;sequence:2679,2679,5,5,,亏,,亏,,kuī,动,pymupdf-native-table,
hsk_exam2025,page:146;sequence:2680,2680,5,5,,昆虫,,昆虫,,kūnchóng,名,pymupdf-native-table,
hsk_exam2025,page:147;sequence:2681,2681,5,5,,扩大,,扩大,,kuòdà,动,pymupdf-native-table,
hsk_exam2025,page:147;sequence:2682,2682,5,5,,来源,,来源,,láiyuán,名、动,pymupdf-native-table,
hsk_exam2025,page:147;sequence:2683,2683,5,5,,劳动,,劳动,,láodòng,名、动,pymupdf-native-table,
hsk_exam2025,page:147;sequence:2684,2684,5,5,,老百姓,,老百姓,,lǎobǎixìng,名,pymupdf-native-table,
hsk_exam2025,page:147;sequence:2685,2685,5,5,,老板,,老板,,lǎobǎn,名,pymupdf-native-table,
hsk_exam2025,page:147;sequence:2686,2686,5,5,,老公,,老公,,lǎogōng,名,pymupdf-native-table,
hsk_exam2025,page:147;sequence:2687,2687,5,5,,姥姥,,姥姥,,lǎolao,名,pymupdf-native-table,
hsk_exam2025,page:147;sequence:2688,2688,5,5,,老婆,,老婆,,lǎopo,名,pymupdf-native-table,
hsk_exam2025,page:147;sequence:2689,2689,5,5,,姥爷,,姥爷,,lǎoye,名,pymupdf-native-table,
hsk_exam2025,page:147;sequence:2690,2690,5,5,,乐观,,乐观,,lèguān,形,pymupdf-native-table,
hsk_exam2025,page:147;sequence:2691,2691,5,5,,乐趣,,乐趣,,lèqù,名,pymupdf-native-table,
hsk_exam2025,page:147;sequence:2692,2692,5,5,,泪,,泪,,lèi,名,pymupdf-native-table,
hsk_exam2025,page:147;sequence:2693,2693,5,5,,类,,类,,lèi,名、量,pymupdf-native-table,
hsk_exam2025,page:147;sequence:2694,2694,5,5,,泪水,,泪水,,lèishuǐ,名,pymupdf-native-table,
hsk_exam2025,page:147;sequence:2695,2695,5,5,,类似,,类似,,lèisì,动,pymupdf-native-table,
hsk_exam2025,page:147;sequence:2696,2696,5,5,,类型,,类型,,lèixíng,名,pymupdf-native-table,
hsk_exam2025,page:147;sequence:2697,2697,5,5,,梨,,梨,,lí,名,pymupdf-native-table,
hsk_exam2025,page:147;sequence:2698,2698,5,5,,离婚,,离婚,,líhūn,动,pymupdf-native-table,
hsk_exam2025,page:147;sequence:2699,2699,5,5,,厘米,,厘米,,límǐ,量,pymupdf-native-table,
hsk_exam2025,page:147;sequence:2700,2700,5,5,,离职,,离职,,lízhí,动,pymupdf-native-table,
hsk_exam2025,page:147;sequence:2701,2701,5,5,,理论,,理论,,lǐlùn,名、动,pymupdf-native-table,
hsk_exam2025,page:147;sequence:2702,2702,5,5,,里头,,里头,,lǐtou,名,pymupdf-native-table,
hsk_exam2025,page:147;sequence:2703,2703,5,5,,理由,,理由,,lǐyóu,名,pymupdf-native-table,
hsk_exam2025,page:147;sequence:2704,2704,5,5,,力,,力,,lì,名、后缀,pymupdf-native-table,
hsk_exam2025,page:147;sequence:2705,2705,5,5,,立即,,立即,,lìjí,副,pymupdf-native-table,
hsk_exam2025,page:147;sequence:2706,2706,5,5,,立刻,,立刻,,lìkè,副,pymupdf-native-table,
hsk_exam2025,page:147;sequence:2707,2707,5,5,,力量,,力量,,lìliàng,名,pymupdf-native-table,
hsk_exam2025,page:147;sequence:2708,2708,5,5,,利润,,利润,,lìrùn,名,pymupdf-native-table,
hsk_exam2025,page:147;sequence:2709,2709,5,5,,利益,,利益,,lìyì,名,pymupdf-native-table,
hsk_exam2025,page:147;sequence:2710,2710,5,5,,利用,,利用,,lìyòng,动,pymupdf-native-table,
hsk_exam2025,page:147;sequence:2711,2711,5,5,,联合,,联合,,liánhé,动、形,pymupdf-native-table,
hsk_exam2025,page:147;sequence:2712,2712,5,5,,连接,,连接,,liánjiē,动,pymupdf-native-table,
hsk_exam2025,page:147;sequence:2713,2713,5,5,,连忙,,连忙,,liánmáng,副,pymupdf-native-table,
hsk_exam2025,page:147;sequence:2714,2714,5,5,,连续,,连续,,liánxù,动,pymupdf-native-table,
hsk_exam2025,page:147;sequence:2715,2715,5,5,,脸色,,脸色,,liǎnsè,名,pymupdf-native-table,
hsk_exam2025,page:147;sequence:2716,2716,5,5,,恋爱,,恋爱,,liàn’ài,动、名,pymupdf-native-table,
hsk_exam2025,page:147;sequence:2717,2717,5,5,,良好,,良好,,liánghǎo,形,pymupdf-native-table,
hsk_exam2025,page:147;sequence:2718,2718,5,5,,粮食,,粮食,,liángshi,名,pymupdf-native-table,
hsk_exam2025,page:147;sequence:2719,2719,5,5,,量,,量,,liàng,名,pymupdf-native-table,
hsk_exam2025,page:147;sequence:2720,2720,5,5,,了不起,,了不起,,liǎobuqǐ,形,pymupdf-native-table,
hsk_exam2025,page:148;sequence:2721,2721,5,5,,列车,,列车,,lièchē,名,pymupdf-native-table,
hsk_exam2025,page:148;sequence:2722,2722,5,5,,临时,,临时,,línshí,副、形,pymupdf-native-table,
hsk_exam2025,page:148;sequence:2723,2723,5,5,,铃,,铃,,líng,名,pymupdf-native-table,
hsk_exam2025,page:148;sequence:2724,2724,5,5,,灵活,,灵活,,línghuó,形,pymupdf-native-table,
hsk_exam2025,page:148;sequence:2725,2725,5,5,,领,,领,,lǐng,名、动,pymupdf-native-table,
hsk_exam2025,page:148;sequence:2726,2726,5,5,,领带,,领带,,lǐngdài,名,pymupdf-native-table,
hsk_exam2025,page:148;sequence:2727,2727,5,5,,领导,,领导,,lǐngdǎo,动、名,pymupdf-native-table,
hsk_exam2025,page:148;sequence:2728,2728,5,5,,领取,,领取,,lǐngqǔ,动,pymupdf-native-table,
hsk_exam2025,page:148;sequence:2729,2729,5,5,,领先,,领先,,lǐngxiān,动,pymupdf-native-table,
hsk_exam2025,page:148;sequence:2730,2730,5,5,,领域,,领域,,lǐngyù,名,pymupdf-native-table,
hsk_exam2025,page:148;sequence:2731,2731,5,5,,令,,令,,lìng,动、名,pymupdf-native-table,
hsk_exam2025,page:148;sequence:2732,2732,5,5,,流传,,流传,,liúchuán,动,pymupdf-native-table,
hsk_exam2025,page:148;sequence:2733,2733,5,5,,流感,,流感,,liúgǎn,名,pymupdf-native-table,
hsk_exam2025,page:148;sequence:2734,2734,5,5,,浏览,,浏览,,liúlǎn,动,pymupdf-native-table,
hsk_exam2025,page:148;sequence:2735,2735,5,5,,留言,,留言,,liúyán,动、名,pymupdf-native-table,
hsk_exam2025,page:148;sequence:2736,2736,5,5,,龙,,龙,,lóng,名,pymupdf-native-table,
hsk_exam2025,page:148;sequence:2737,2737,5,5,,漏,,漏,,lòu,动,pymupdf-native-table,
hsk_exam2025,page:148;sequence:2738,2738,5,5,,录,,录,,lù,动,pymupdf-native-table,
hsk_exam2025,page:148;sequence:2739,2739,5,5,,陆地,,陆地,,lùdì,名,pymupdf-native-table,
hsk_exam2025,page:148;sequence:2740,2740,5,5,,录取,,录取,,lùqǔ,动,pymupdf-native-table,
hsk_exam2025,page:148;sequence:2741,2741,5,5,,路人,,路人,,lùrén,名,pymupdf-native-table,
hsk_exam2025,page:148;sequence:2742,2742,5,5,,路线,,路线,,lùxiàn,名,pymupdf-native-table,
hsk_exam2025,page:148;sequence:2743,2743,5,5,,陆续,,陆续,,lùxù,副,pymupdf-native-table,
hsk_exam2025,page:148;sequence:2744,2744,5,5,,录音,,录音,,lùyīn,动、名,pymupdf-native-table,
hsk_exam2025,page:148;sequence:2745,2745,5,5,,旅行社,,旅行社,,lǚxíngshè,名,pymupdf-native-table,
hsk_exam2025,page:148;sequence:2746,2746,5,5,,论文,,论文,,lùnwén,名,pymupdf-native-table,
hsk_exam2025,page:148;sequence:2747,2747,5,5,,逻辑,,逻辑,,luójí,名,pymupdf-native-table,
hsk_exam2025,page:148;sequence:2748,2748,5,5,,骂,,骂,,mà,动,pymupdf-native-table,
hsk_exam2025,page:148;sequence:2749,2749,5,5,,买卖,,买卖,,mǎimai,名,pymupdf-native-table,
hsk_exam2025,page:148;sequence:2750,2750,5,5,,满足,,满足,,mǎnzú,动,pymupdf-native-table,
hsk_exam2025,page:148;sequence:2751,2751,5,5,,忙碌,,忙碌,,mánglù,形,pymupdf-native-table,
hsk_exam2025,page:148;sequence:2752,2752,5,5,,毛笔,,毛笔,,máobǐ,名,pymupdf-native-table,
hsk_exam2025,page:148;sequence:2753,2753,5,5,,毛病,,毛病,,máobìng,名,pymupdf-native-table,
hsk_exam2025,page:148;sequence:2754,2754,5,5,,矛盾,,矛盾,,máodùn,名、动、形,pymupdf-native-table,
hsk_exam2025,page:148;sequence:2755,2755,5,5,,没法儿,,没法儿,,méifǎr,动,pymupdf-native-table,
hsk_exam2025,page:148;sequence:2756,2756,5,5,,玫瑰,,玫瑰,,méigui,名,pymupdf-native-table,
hsk_exam2025,page:148;sequence:2757,2757,5,5,,媒体,,媒体,,méitǐ,名,pymupdf-native-table,
hsk_exam2025,page:148;sequence:2758,2758,5,5,,美术,,美术,,měishù,名,pymupdf-native-table,
hsk_exam2025,page:148;sequence:2759,2759,5,5,,美味,,美味,,měiwèi,名,pymupdf-native-table,
hsk_exam2025,page:148;sequence:2760,2760,5,5,,魅力,,魅力,,mèilì,名,pymupdf-native-table,
hsk_exam2025,page:149;sequence:2761,2761,5,5,,门诊,,门诊,,ménzhěn,动,pymupdf-native-table,
hsk_exam2025,page:149;sequence:2762,2762,5,5,,迷,,迷,,mí,动,pymupdf-native-table,
hsk_exam2025,page:149;sequence:2763,2763,5,5,,迷路,,迷路,,mílù,动,pymupdf-native-table,
hsk_exam2025,page:149;sequence:2764,2764,5,5,,秘密,,秘密,,mìmì,形、名,pymupdf-native-table,
hsk_exam2025,page:149;sequence:2765,2765,5,5,,密切,,密切,,mìqiè,形、动,pymupdf-native-table,
hsk_exam2025,page:149;sequence:2766,2766,5,5,,秘书,,秘书,,mìshū,名,pymupdf-native-table,
hsk_exam2025,page:149;sequence:2767,2767,5,5,,面,,面2,2,miàn,名,pymupdf-native-table,
hsk_exam2025,page:149;sequence:2768,2768,5,5,,面积,,面积,,miànjī,名,pymupdf-native-table,
hsk_exam2025,page:149;sequence:2769,2769,5,5,,面临,,面临,,miànlín,动,pymupdf-native-table,
hsk_exam2025,page:149;sequence:2770,2770,5,5,,面向,,面向,,miànxiàng,动,pymupdf-native-table,
hsk_exam2025,page:149;sequence:2771,2771,5,5,,描述,,描述,,miáoshù,动,pymupdf-native-table,
hsk_exam2025,page:149;sequence:2772,2772,5,5,,敏感,,敏感,,mǐngǎn,形,pymupdf-native-table,
hsk_exam2025,page:149;sequence:2773,2773,5,5,,名称,,名称,,míngchēng,名,pymupdf-native-table,
hsk_exam2025,page:149;sequence:2774,2774,5,5,,名牌,,名牌,,míngpái,名,pymupdf-native-table,
hsk_exam2025,page:149;sequence:2775,2775,5,5,,名片,,名片,,míngpiàn,名,pymupdf-native-table,
hsk_exam2025,page:149;sequence:2776,2776,5,5,,明确,,明确,,míngquè,形、动,pymupdf-native-table,
hsk_exam2025,page:149;sequence:2777,2777,5,5,,明显,,明显,,míngxiǎn,形,pymupdf-native-table,
hsk_exam2025,page:149;sequence:2778,2778,5,5,,明星,,明星,,míngxīng,名,pymupdf-native-table,
hsk_exam2025,page:149;sequence:2779,2779,5,5,,命,,命1,1,mìng,名,pymupdf-native-table,
hsk_exam2025,page:149;sequence:2780,2780,5,5,,命运,,命运,,mìngyùn,名,pymupdf-native-table,
hsk_exam2025,page:149;sequence:2781,2781,5,5,,摸,,摸,,mō,动,pymupdf-native-table,
hsk_exam2025,page:149;sequence:2782,2782,5,5,,模糊,,模糊,,móhu,形、动,pymupdf-native-table,
hsk_exam2025,page:149;sequence:2783,2783,5,5,,模式,,模式,,móshì,名,pymupdf-native-table,
hsk_exam2025,page:149;sequence:2784,2784,5,5,,陌生,,陌生,,mòshēng,形,pymupdf-native-table,
hsk_exam2025,page:149;sequence:2785,2785,5,5,,某,,某,,mǒu,代,pymupdf-native-table,
hsk_exam2025,page:149;sequence:2786,2786,5,5,,目光,,目光,,mùguāng,名,pymupdf-native-table,
hsk_exam2025,page:149;sequence:2787,2787,5,5,,木头,,木头,,mùtou,名,pymupdf-native-table,
hsk_exam2025,page:149;sequence:2788,2788,5,5,,哪怕,,哪怕,,nǎpà,连,pymupdf-native-table,
hsk_exam2025,page:149;sequence:2789,2789,5,5,,难得,,难得,,nándé,形,pymupdf-native-table,
hsk_exam2025,page:149;sequence:2790,2790,5,5,,难度,,难度,,nándù,名,pymupdf-native-table,
hsk_exam2025,page:149;sequence:2791,2791,5,5,,难以,,难以,,nányǐ,动,pymupdf-native-table,
hsk_exam2025,page:149;sequence:2792,2792,5,5,,男子,,男子,,nánzǐ,名,pymupdf-native-table,
hsk_exam2025,page:149;sequence:2793,2793,5,5,,闹,,闹,,nào,形、动,pymupdf-native-table,
hsk_exam2025,page:149;sequence:2794,2794,5,5,,闹钟,,闹钟,,nàozhōng,名,pymupdf-native-table,
hsk_exam2025,page:149;sequence:2795,2795,5,5,,内部,,内部,,nèibù,名,pymupdf-native-table,
hsk_exam2025,page:149;sequence:2796,2796,5,5,,能干,,能干,,nénggàn,形,pymupdf-native-table,
hsk_exam2025,page:149;sequence:2797,2797,5,5,,年初,,年初,,niánchū,名,pymupdf-native-table,
hsk_exam2025,page:149;sequence:2798,2798,5,5,,年代,,年代,,niándài,名,pymupdf-native-table,
hsk_exam2025,page:149;sequence:2799,2799,5,5,,年纪,,年纪,,niánjì,名,pymupdf-native-table,
hsk_exam2025,page:149;sequence:2800,2800,5,5,,年夜饭,,年夜饭,,niányèfàn,名,pymupdf-native-table,
hsk_exam2025,page:150;sequence:2801,2801,5,5,,念,,念,,niàn,动,pymupdf-native-table,
hsk_exam2025,page:150;sequence:2802,2802,5,5,,牛仔裤,,牛仔裤,,niúzǎikù,名,pymupdf-native-table,
hsk_exam2025,page:150;sequence:2803,2803,5,5,,浓,,浓,,nóng,形,pymupdf-native-table,
hsk_exam2025,page:150;sequence:2804,2804,5,5,,农民,,农民,,nóngmín,名,pymupdf-native-table,
hsk_exam2025,page:150;sequence:2805,2805,5,5,,农业,,农业,,nóngyè,名,pymupdf-native-table,
hsk_exam2025,page:150;sequence:2806,2806,5,5,,女子,,女子,,nǚzǐ,名,pymupdf-native-table,
hsk_exam2025,page:150;sequence:2807,2807,5,5,,哦,,哦,,ò,叹,pymupdf-native-table,
hsk_exam2025,page:150;sequence:2808,2808,5,5,,欧洲,,欧洲,,Ōuzhōu,名,pymupdf-native-table,
hsk_exam2025,page:150;sequence:2809,2809,5,5,,偶然,,偶然,,ǒurán,形,pymupdf-native-table,
hsk_exam2025,page:150;sequence:2810,2810,5,5,,拍摄,,拍摄,,pāishè,动,pymupdf-native-table,
hsk_exam2025,page:150;sequence:2811,2811,5,5,,排列,,排列,,páiliè,动,pymupdf-native-table,
hsk_exam2025,page:150;sequence:2812,2812,5,5（7-9）,7-9,派,,派,,pài,动、（名、量）,pymupdf-native-table,
hsk_exam2025,page:150;sequence:2813,2813,5,5,,派出所,,派出所,,pàichūsuǒ,名,pymupdf-native-table,
hsk_exam2025,page:150;sequence:2814,2814,5,5,,跑道,,跑道,,pǎodào,名,pymupdf-native-table,
hsk_exam2025,page:150;sequence:2815,2815,5,5,,赔,,赔,,péi,动,pymupdf-native-table,
hsk_exam2025,page:150;sequence:2816,2816,5,5,,陪伴,,陪伴,,péibàn,动,pymupdf-native-table,
hsk_exam2025,page:150;sequence:2817,2817,5,5,,培训,,培训,,péixùn,动,pymupdf-native-table,
hsk_exam2025,page:150;sequence:2818,2818,5,5,,培养,,培养,,péiyǎng,动,pymupdf-native-table,
hsk_exam2025,page:150;sequence:2819,2819,5,5,,配,,配,,pèi,动、形,pymupdf-native-table,
hsk_exam2025,page:150;sequence:2820,2820,5,5,,配合,,配合,,pèihé,动,pymupdf-native-table,
hsk_exam2025,page:150;sequence:2821,2821,5,5,,配送,,配送,,pèisòng,动,pymupdf-native-table,
hsk_exam2025,page:150;sequence:2822,2822,5,5,,盆,,盆,,pén,名,pymupdf-native-table,
hsk_exam2025,page:150;sequence:2823,2823,5,5,,碰,,碰,,pèng,动,pymupdf-native-table,
hsk_exam2025,page:150;sequence:2824,2824,5,5,,碰见,,碰见,,pèngjiàn,动,pymupdf-native-table,
hsk_exam2025,page:150;sequence:2825,2825,5,5,,批,,批1,1,pī,量,pymupdf-native-table,
hsk_exam2025,page:150;sequence:2826,2826,5,5,,批,,批2,2,pī,动,pymupdf-native-table,
hsk_exam2025,page:150;sequence:2827,2827,5,5,,批准,,批准,,pīzhǔn,动,pymupdf-native-table,
hsk_exam2025,page:150;sequence:2828,2828,5,5,,匹,,匹,,pǐ,量,pymupdf-native-table,
hsk_exam2025,page:150;sequence:2829,2829,5,5,,骗,,骗,,piàn,动,pymupdf-native-table,
hsk_exam2025,page:150;sequence:2830,2830,5,5,,拼,,拼,,pīn,动,pymupdf-native-table,
hsk_exam2025,page:150;sequence:2831,2831,5,5,,拼音,,拼音,,pīnyīn,动,pymupdf-native-table,
hsk_exam2025,page:150;sequence:2832,2832,5,5（7-9）,7-9,品,,品,,pǐn,后缀、（动）,pymupdf-native-table,
hsk_exam2025,page:150;sequence:2833,2833,5,5,,品牌,,品牌,,pǐnpái,名,pymupdf-native-table,
hsk_exam2025,page:150;sequence:2834,2834,5,5,,品质,,品质,,pǐnzhì,名,pymupdf-native-table,
hsk_exam2025,page:150;sequence:2835,2835,5,5,,品种,,品种,,pǐnzhǒng,名,pymupdf-native-table,
hsk_exam2025,page:150;sequence:2836,2836,5,5,,聘请,,聘请,,pìnqǐng,动,pymupdf-native-table,
hsk_exam2025,page:150;sequence:2837,2837,5,5（7-9）,7-9,平,,平,,píng,形、（动）,pymupdf-native-table,
hsk_exam2025,page:150;sequence:2838,2838,5,5,,评,,评,,píng,动,pymupdf-native-table,
hsk_exam2025,page:150;sequence:2839,2839,5,5,,凭,,凭,,píng,动、介,pymupdf-native-table,
hsk_exam2025,page:150;sequence:2840,2840,5,5,,平安,,平安,,píng’ān,形,pymupdf-native-table,
hsk_exam2025,page:151;sequence:2841,2841,5,5,,平衡,,平衡,,pínghéng,形、动,pymupdf-native-table,
hsk_exam2025,page:151;sequence:2842,2842,5,5,,评价,,评价,,píngjià,动、名,pymupdf-native-table,
hsk_exam2025,page:151;sequence:2843,2843,5,5,,凭借,,凭借,,píngjiè,动,pymupdf-native-table,
hsk_exam2025,page:151;sequence:2844,2844,5,5,,平静,,平静,,píngjìng,形,pymupdf-native-table,
hsk_exam2025,page:151;sequence:2845,2845,5,5,,平均,,平均,,píngjūn,动、形,pymupdf-native-table,
hsk_exam2025,page:151;sequence:2846,2846,5,5,,屏幕,,屏幕,,píngmù,名,pymupdf-native-table,
hsk_exam2025,page:151;sequence:2847,2847,5,5,,平台,,平台,,píngtái,名,pymupdf-native-table,
hsk_exam2025,page:151;sequence:2848,2848,5,5,,破坏,,破坏,,pòhuài,动,pymupdf-native-table,
hsk_exam2025,page:151;sequence:2849,2849,5,5,,普及,,普及,,pǔjí,动,pymupdf-native-table,
hsk_exam2025,page:151;sequence:2850,2850,5,5,,期待,,期待,,qīdài,动,pymupdf-native-table,
hsk_exam2025,page:151;sequence:2851,2851,5,5,,期间,,期间,,qījiān,名,pymupdf-native-table,
hsk_exam2025,page:151;sequence:2852,2852,5,5（6）,6,齐,,齐,,qí,形、（动、副）,pymupdf-native-table,
hsk_exam2025,page:151;sequence:2853,2853,5,5,,其,,其,,qí,代,pymupdf-native-table,
hsk_exam2025,page:151;sequence:2854,2854,5,5,,奇迹,,奇迹,,qíjì,名,pymupdf-native-table,
hsk_exam2025,page:151;sequence:2855,2855,5,5,,其余,,其余,,qíyú,代,pymupdf-native-table,
hsk_exam2025,page:151;sequence:2856,2856,5,5,,企业,,企业,,qǐyè,名,pymupdf-native-table,
hsk_exam2025,page:151;sequence:2857,2857,5,5,,气球,,气球,,qìqiú,名,pymupdf-native-table,
hsk_exam2025,page:151;sequence:2858,2858,5,5,,汽油,,汽油,,qìyóu,名,pymupdf-native-table,
hsk_exam2025,page:151;sequence:2859,2859,5,5,,签,,签1,1,qiān,动,pymupdf-native-table,
hsk_exam2025,page:151;sequence:2860,2860,5,5,,签订,,签订,,qiāndìng,动,pymupdf-native-table,
hsk_exam2025,page:151;sequence:2861,2861,5,5,,签名,,签名,,qiānmíng,动、名,pymupdf-native-table,
hsk_exam2025,page:151;sequence:2862,2862,5,5,,签字,,签字,,qiānzì,动、名,pymupdf-native-table,
hsk_exam2025,page:151;sequence:2863,2863,5,5,,前进,,前进,,qiánjìn,动,pymupdf-native-table,
hsk_exam2025,page:151;sequence:2864,2864,5,5,,前来,,前来,,qiánlái,动,pymupdf-native-table,
hsk_exam2025,page:151;sequence:2865,2865,5,5,,前途,,前途,,qiántú,名,pymupdf-native-table,
hsk_exam2025,page:151;sequence:2866,2866,5,5,,前往,,前往,,qiánwǎng,动,pymupdf-native-table,
hsk_exam2025,page:151;sequence:2867,2867,5,5,,浅,,浅,,qiǎn,形,pymupdf-native-table,
hsk_exam2025,page:151;sequence:2868,2868,5,5,,欠,,欠,,qiàn,动,pymupdf-native-table,
hsk_exam2025,page:151;sequence:2869,2869,5,5,,墙,,墙,,qiáng,名,pymupdf-native-table,
hsk_exam2025,page:151;sequence:2870,2870,5,5,,强大,,强大,,qiángdà,形,pymupdf-native-table,
hsk_exam2025,page:151;sequence:2871,2871,5,5,,强调,,强调,,qiángdiào,动,pymupdf-native-table,
hsk_exam2025,page:151;sequence:2872,2872,5,5,,强度,,强度,,qiángdù,名,pymupdf-native-table,
hsk_exam2025,page:151;sequence:2873,2873,5,5,,强烈,,强烈,,qiángliè,形,pymupdf-native-table,
hsk_exam2025,page:151;sequence:2874,2874,5,5,,抢,,抢,,qiǎng,动,pymupdf-native-table,
hsk_exam2025,page:151;sequence:2875,2875,5,5,,抢救,,抢救,,qiǎngjiù,动,pymupdf-native-table,
hsk_exam2025,page:151;sequence:2876,2876,5,5,,悄悄,,悄悄,,qiāoqiāo,副,pymupdf-native-table,
hsk_exam2025,page:151;sequence:2877,2877,5,5,,切,,切,,qiē,动,pymupdf-native-table,
hsk_exam2025,page:151;sequence:2878,2878,5,5,,亲,,亲,,qīn,形、动,pymupdf-native-table,
hsk_exam2025,page:151;sequence:2879,2879,5,5,,亲爱,,亲爱,,qīn’ài,形,pymupdf-native-table,
hsk_exam2025,page:151;sequence:2880,2880,5,5,,亲朋好友,,亲朋好友,,qīnpéng-hǎoyǒu,,pymupdf-native-table,
hsk_exam2025,page:152;sequence:2881,2881,5,5,,亲切,,亲切,,qīnqiè,形,pymupdf-native-table,
hsk_exam2025,page:152;sequence:2882,2882,5,5,,亲情,,亲情,,qīnqíng,名,pymupdf-native-table,
hsk_exam2025,page:152;sequence:2883,2883,5,5,,亲人,,亲人,,qīnrén,名,pymupdf-native-table,
hsk_exam2025,page:152;sequence:2884,2884,5,5,,亲自,,亲自,,qīnzì,副,pymupdf-native-table,
hsk_exam2025,page:152;sequence:2885,2885,5,5,,勤奋,,勤奋,,qínfèn,形,pymupdf-native-table,
hsk_exam2025,page:152;sequence:2886,2886,5,5,,青,,青,,qīng,形,pymupdf-native-table,
hsk_exam2025,page:152;sequence:2887,2887,5,5,,轻易,,轻易,,qīngyì,形、副,pymupdf-native-table,
hsk_exam2025,page:152;sequence:2888,2888,5,5,,轻重,,轻重,,qīngzhòng,名,pymupdf-native-table,
hsk_exam2025,page:152;sequence:2889,2889,5,5,,情感,,情感,,qínggǎn,名,pymupdf-native-table,
hsk_exam2025,page:152;sequence:2890,2890,5,5,,情景,,情景,,qíngjǐng,名,pymupdf-native-table,
hsk_exam2025,page:152;sequence:2891,2891,5,5,,情绪,,情绪,,qíngxù,名,pymupdf-native-table,
hsk_exam2025,page:152;sequence:2892,2892,5,5,,请教,,请教,,qǐngjiào,动,pymupdf-native-table,
hsk_exam2025,page:152;sequence:2893,2893,5,5,,请求,,请求,,qǐngqiú,动、名,pymupdf-native-table,
hsk_exam2025,page:152;sequence:2894,2894,5,5,,穷,,穷,,qióng,形,pymupdf-native-table,
hsk_exam2025,page:152;sequence:2895,2895,5,5,,趋势,,趋势,,qūshì,名,pymupdf-native-table,
hsk_exam2025,page:152;sequence:2896,2896,5,5,,区域,,区域,,qūyù,名,pymupdf-native-table,
hsk_exam2025,page:152;sequence:2897,2897,5,5,,去世,,去世,,qùshì,动,pymupdf-native-table,
hsk_exam2025,page:152;sequence:2898,2898,5,5（7-9）,7-9,权,,权,,quán,名、（副）,pymupdf-native-table,
hsk_exam2025,page:152;sequence:2899,2899,5,5,,权利,,权利,,quánlì,名,pymupdf-native-table,
hsk_exam2025,page:152;sequence:2900,2900,5,5,,全力,,全力,,quánlì,名、副,pymupdf-native-table,
hsk_exam2025,page:152;sequence:2901,2901,5,5,,全面,,全面,,quánmiàn,形,pymupdf-native-table,
hsk_exam2025,page:152;sequence:2902,2902,5,5,,全体,,全体,,quántǐ,名,pymupdf-native-table,
hsk_exam2025,page:152;sequence:2903,2903,5,5,,全新,,全新,,quánxīn,形,pymupdf-native-table,
hsk_exam2025,page:152;sequence:2904,2904,5,5,,劝,,劝,,quàn,动,pymupdf-native-table,
hsk_exam2025,page:152;sequence:2905,2905,5,5,,缺乏,,缺乏,,quēfá,动,pymupdf-native-table,
hsk_exam2025,page:152;sequence:2906,2906,5,5,,确保,,确保,,quèbǎo,动,pymupdf-native-table,
hsk_exam2025,page:152;sequence:2907,2907,5,5,,确定,,确定,,quèdìng,形、动,pymupdf-native-table,
hsk_exam2025,page:152;sequence:2908,2908,5,5,,确认,,确认,,quèrèn,动,pymupdf-native-table,
hsk_exam2025,page:152;sequence:2909,2909,5,5,,群,,群,,qún,量、名,pymupdf-native-table,
hsk_exam2025,page:152;sequence:2910,2910,5,5,,群体,,群体,,qúntǐ,名,pymupdf-native-table,
hsk_exam2025,page:152;sequence:2911,2911,5,5,,燃烧,,燃烧,,ránshāo,动,pymupdf-native-table,
hsk_exam2025,page:152;sequence:2912,2912,5,5,,绕,,绕,,rào,动,pymupdf-native-table,
hsk_exam2025,page:152;sequence:2913,2913,5,5,,热爱,,热爱,,rè’ài,动,pymupdf-native-table,
hsk_exam2025,page:152;sequence:2914,2914,5,5,,热量,,热量,,rèliàng,名,pymupdf-native-table,
hsk_exam2025,page:152;sequence:2915,2915,5,5,,热烈,,热烈,,rèliè,形,pymupdf-native-table,
hsk_exam2025,page:152;sequence:2916,2916,5,5,,热心,,热心,,rèxīn,形,pymupdf-native-table,
hsk_exam2025,page:152;sequence:2917,2917,5,5,,人才,,人才,,réncái,名,pymupdf-native-table,
hsk_exam2025,page:152;sequence:2918,2918,5,5,,人工,,人工,,réngōng,形、名,pymupdf-native-table,
hsk_exam2025,page:152;sequence:2919,2919,5,5,,人际,,人际,,rénjì,形,pymupdf-native-table,
hsk_exam2025,page:152;sequence:2920,2920,5,5,,人口,,人口,,rénkǒu,名,pymupdf-native-table,
hsk_exam2025,page:153;sequence:2921,2921,5,5,,人类,,人类,,rénlèi,名,pymupdf-native-table,
hsk_exam2025,page:153;sequence:2922,2922,5,5,,人力,,人力,,rénlì,名,pymupdf-native-table,
hsk_exam2025,page:153;sequence:2923,2923,5,5,,人民,,人民,,rénmín,名,pymupdf-native-table,
hsk_exam2025,page:153;sequence:2924,2924,5,5,,人民币,,人民币,,rénmínbì,名,pymupdf-native-table,
hsk_exam2025,page:153;sequence:2925,2925,5,5,,人群,,人群,,rénqún,名,pymupdf-native-table,
hsk_exam2025,page:153;sequence:2926,2926,5,5,,人体,,人体,,réntǐ,名,pymupdf-native-table,
hsk_exam2025,page:153;sequence:2927,2927,5,5,,人物,,人物,,rénwù,名,pymupdf-native-table,
hsk_exam2025,page:153;sequence:2928,2928,5,5,,忍,,忍,,rěn,动,pymupdf-native-table,
hsk_exam2025,page:153;sequence:2929,2929,5,5,,认,,认,,rèn,动,pymupdf-native-table,
hsk_exam2025,page:153;sequence:2930,2930,5,5,,日历,,日历,,rìlì,名,pymupdf-native-table,
hsk_exam2025,page:153;sequence:2931,2931,5,5,,日用品,,日用品,,rìyòngpǐn,名,pymupdf-native-table,
hsk_exam2025,page:153;sequence:2932,2932,5,5,,如,,如,,rú,动、连,pymupdf-native-table,
hsk_exam2025,page:153;sequence:2933,2933,5,5,,如此,,如此,,rúcǐ,代,pymupdf-native-table,
hsk_exam2025,page:153;sequence:2934,2934,5,5,,如何,,如何,,rúhé,代,pymupdf-native-table,
hsk_exam2025,page:153;sequence:2935,2935,5,5,,如今,,如今,,rújīn,名,pymupdf-native-table,
hsk_exam2025,page:153;sequence:2936,2936,5,5,,如同,,如同,,rútóng,动,pymupdf-native-table,
hsk_exam2025,page:153;sequence:2937,2937,5,5,,如下,,如下,,rúxià,动,pymupdf-native-table,
hsk_exam2025,page:153;sequence:2938,2938,5,5,,软,,软,,ruǎn,形,pymupdf-native-table,
hsk_exam2025,page:153;sequence:2939,2939,5,5,,软件,,软件,,ruǎnjiàn,名,pymupdf-native-table,
hsk_exam2025,page:153;sequence:2940,2940,5,5,,弱,,弱,,ruò,形,pymupdf-native-table,
hsk_exam2025,page:153;sequence:2941,2941,5,5,,洒,,洒,,sǎ,动,pymupdf-native-table,
hsk_exam2025,page:153;sequence:2942,2942,5,5,,赛场,,赛场,,sàichǎng,名,pymupdf-native-table,
hsk_exam2025,page:153;sequence:2943,2943,5,5,,色彩,,色彩,,sècǎi,名,pymupdf-native-table,
hsk_exam2025,page:153;sequence:2944,2944,5,5,,沙漠,,沙漠,,shāmò,名,pymupdf-native-table,
hsk_exam2025,page:153;sequence:2945,2945,5,5,,沙子,,沙子,,shāzi,名,pymupdf-native-table,
hsk_exam2025,page:153;sequence:2946,2946,5,5,,傻,,傻,,shǎ,形,pymupdf-native-table,
hsk_exam2025,page:153;sequence:2947,2947,5,5,,晒,,晒,,shài,动,pymupdf-native-table,
hsk_exam2025,page:153;sequence:2948,2948,5,5,,删,,删,,shān,动,pymupdf-native-table,
hsk_exam2025,page:153;sequence:2949,2949,5,5,,扇,,扇,,shān,动,pymupdf-native-table,
hsk_exam2025,page:153;sequence:2950,2950,5,5,,删除,,删除,,shānchú,动,pymupdf-native-table,
hsk_exam2025,page:153;sequence:2951,2951,5,5,,山区,,山区,,shānqū,名,pymupdf-native-table,
hsk_exam2025,page:153;sequence:2952,2952,5,5,,擅长,,擅长,,shàncháng,动,pymupdf-native-table,
hsk_exam2025,page:153;sequence:2953,2953,5,5,,善良,,善良,,shànliáng,形,pymupdf-native-table,
hsk_exam2025,page:153;sequence:2954,2954,5,5,,善于,,善于,,shànyú,动,pymupdf-native-table,
hsk_exam2025,page:153;sequence:2955,2955,5,5,,扇子,,扇子,,shànzi,名,pymupdf-native-table,
hsk_exam2025,page:153;sequence:2956,2956,5,5,,伤,,伤,,shāng,名、动,pymupdf-native-table,
hsk_exam2025,page:153;sequence:2957,2957,5,5,,伤害,,伤害,,shānghài,动,pymupdf-native-table,
hsk_exam2025,page:153;sequence:2958,2958,5,5,,商家,,商家,,shāngjiā,名,pymupdf-native-table,
hsk_exam2025,page:153;sequence:2959,2959,5,5,,商人,,商人,,shāngrén,名,pymupdf-native-table,
hsk_exam2025,page:153;sequence:2960,2960,5,5,,商务,,商务,,shāngwù,名,pymupdf-native-table,
hsk_exam2025,page:154;sequence:2961,2961,5,5,,商业,,商业,,shāngyè,名,pymupdf-native-table,
hsk_exam2025,page:154;sequence:2962,2962,5,5,,赏,,赏,,shǎng,动,pymupdf-native-table,
hsk_exam2025,page:154;sequence:2963,2963,5,5,,上传,,上传,,shàngchuán,动,pymupdf-native-table,
hsk_exam2025,page:154;sequence:2964,2964,5,5,,上升,,上升,,shàngshēng,动,pymupdf-native-table,
hsk_exam2025,page:154;sequence:2965,2965,5,5,,上下,,上下,,shàngxià,名,pymupdf-native-table,
hsk_exam2025,page:154;sequence:2966,2966,5,5,,上涨,,上涨,,shàngzhǎng,动,pymupdf-native-table,
hsk_exam2025,page:154;sequence:2967,2967,5,5,,烧,,烧,,shāo,动、名,pymupdf-native-table,
hsk_exam2025,page:154;sequence:2968,2968,5,5,,烧烤,,烧烤,,shāokǎo,名,pymupdf-native-table,
hsk_exam2025,page:154;sequence:2969,2969,5,5,,蛇,,蛇,,shé,名,pymupdf-native-table,
hsk_exam2025,page:154;sequence:2970,2970,5,5,,舍不得,,舍不得,,shěbude,动,pymupdf-native-table,
hsk_exam2025,page:154;sequence:2971,2971,5,5,,舍得,,舍得,,shěde,动,pymupdf-native-table,
hsk_exam2025,page:154;sequence:2972,2972,5,5,,设备,,设备,,shèbèi,名,pymupdf-native-table,
hsk_exam2025,page:154;sequence:2973,2973,5,5,,设计,,设计,,shèjì,动、名,pymupdf-native-table,
hsk_exam2025,page:154;sequence:2974,2974,5,5,,设立,,设立,,shèlì,动,pymupdf-native-table,
hsk_exam2025,page:154;sequence:2975,2975,5,5,,社区,,社区,,shèqū,名,pymupdf-native-table,
hsk_exam2025,page:154;sequence:2976,2976,5,5,,设施,,设施,,shèshī,名,pymupdf-native-table,
hsk_exam2025,page:154;sequence:2977,2977,5,5,,摄影,,摄影,,shèyǐng,动,pymupdf-native-table,
hsk_exam2025,page:154;sequence:2978,2978,5,5,,设置,,设置,,shèzhì,动,pymupdf-native-table,
hsk_exam2025,page:154;sequence:2979,2979,5,5,,伸,,伸,,shēn,动,pymupdf-native-table,
hsk_exam2025,page:154;sequence:2980,2980,5,5,,身材,,身材,,shēncái,名,pymupdf-native-table,
hsk_exam2025,page:154;sequence:2981,2981,5,5,,深度,,深度,,shēndù,名、形,pymupdf-native-table,
hsk_exam2025,page:154;sequence:2982,2982,5,5,,身份,,身份,,shēnfèn,名,pymupdf-native-table,
hsk_exam2025,page:154;sequence:2983,2983,5,5,,深厚,,深厚,,shēnhòu,形,pymupdf-native-table,
hsk_exam2025,page:154;sequence:2984,2984,5,5,,深刻,,深刻,,shēnkè,形,pymupdf-native-table,
hsk_exam2025,page:154;sequence:2985,2985,5,5,,深入,,深入,,shēnrù,动、形,pymupdf-native-table,
hsk_exam2025,page:154;sequence:2986,2986,5,5,,深远,,深远,,shēnyuǎn,形,pymupdf-native-table,
hsk_exam2025,page:154;sequence:2987,2987,5,5,,神话,,神话,,shénhuà,名,pymupdf-native-table,
hsk_exam2025,page:154;sequence:2988,2988,5,5,,神秘,,神秘,,shénmì,形,pymupdf-native-table,
hsk_exam2025,page:154;sequence:2989,2989,5,5,,升,,升1,1,shēng,动,pymupdf-native-table,
hsk_exam2025,page:154;sequence:2990,2990,5,5,,生产,,生产,,shēngchǎn,动,pymupdf-native-table,
hsk_exam2025,page:154;sequence:2991,2991,5,5,,生存,,生存,,shēngcún,动,pymupdf-native-table,
hsk_exam2025,page:154;sequence:2992,2992,5,5,,生动,,生动,,shēngdòng,形,pymupdf-native-table,
hsk_exam2025,page:154;sequence:2993,2993,5,5,,升级,,升级,,shēngjí,动,pymupdf-native-table,
hsk_exam2025,page:154;sequence:2994,2994,5,5,,升温,,升温,,shēngwēn,动,pymupdf-native-table,
hsk_exam2025,page:154;sequence:2995,2995,5,5,,生物,,生物,,shēngwù,名,pymupdf-native-table,
hsk_exam2025,page:154;sequence:2996,2996,5,5,,生肖,,生肖,,shēngxiào,名,pymupdf-native-table,
hsk_exam2025,page:154;sequence:2997,2997,5,5,,生长,,生长,,shēngzhǎng,动,pymupdf-native-table,
hsk_exam2025,page:154;sequence:2998,2998,5,5,,省,,省2,2,shěng,动,pymupdf-native-table,
hsk_exam2025,page:154;sequence:2999,2999,5,5,,省份,,省份,,shěngfèn,名,pymupdf-native-table,
hsk_exam2025,page:154;sequence:3000,3000,5,5,,省会,,省会,,shěnghuì,名,pymupdf-native-table,
hsk_exam2025,page:155;sequence:3001,3001,5,5,,胜,,胜,,shèng,动,pymupdf-native-table,
hsk_exam2025,page:155;sequence:3002,3002,5,5,,胜利,,胜利,,shènglì,动,pymupdf-native-table,
hsk_exam2025,page:155;sequence:3003,3003,5,5,,诗,,诗,,shī,名,pymupdf-native-table,
hsk_exam2025,page:155;sequence:3004,3004,5,5,,湿,,湿,,shī,形,pymupdf-native-table,
hsk_exam2025,page:155;sequence:3005,3005,5,5,,失恋,,失恋,,shīliàn,动,pymupdf-native-table,
hsk_exam2025,page:155;sequence:3006,3006,5,5,,失眠,,失眠,,shīmián,动,pymupdf-native-table,
hsk_exam2025,page:155;sequence:3007,3007,5,5,,诗人,,诗人,,shīrén,名,pymupdf-native-table,
hsk_exam2025,page:155;sequence:3008,3008,5,5,,失误,,失误,,shīwù,动、名,pymupdf-native-table,
hsk_exam2025,page:155;sequence:3009,3009,5,5,,失业,,失业,,shīyè,动,pymupdf-native-table,
hsk_exam2025,page:155;sequence:3010,3010,5,5,,时差,,时差,,shíchā,名,pymupdf-native-table,
hsk_exam2025,page:155;sequence:3011,3011,5,5,,时常,,时常,,shícháng,副,pymupdf-native-table,
hsk_exam2025,page:155;sequence:3012,3012,5,5,,时代,,时代,,shídài,名,pymupdf-native-table,
hsk_exam2025,page:155;sequence:3013,3013,5,5,,实践,,实践,,shíjiàn,动,pymupdf-native-table,
hsk_exam2025,page:155;sequence:3014,3014,5,5,,时刻,,时刻,,shíkè,名、副,pymupdf-native-table,
hsk_exam2025,page:155;sequence:3015,3015,5,5,,实力,,实力,,shílì,名,pymupdf-native-table,
hsk_exam2025,page:155;sequence:3016,3016,5,5,,时期,,时期,,shíqī,名,pymupdf-native-table,
hsk_exam2025,page:155;sequence:3017,3017,5,5,,实施,,实施,,shíshī,动,pymupdf-native-table,
hsk_exam2025,page:155;sequence:3018,3018,5,5,,石头,,石头,,shítou,名,pymupdf-native-table,
hsk_exam2025,page:155;sequence:3019,3019,5,5,,实习,,实习,,shíxí,动,pymupdf-native-table,
hsk_exam2025,page:155;sequence:3020,3020,5,5,,实现,,实现,,shíxiàn,动,pymupdf-native-table,
hsk_exam2025,page:155;sequence:3021,3021,5,5,,实行,,实行,,shíxíng,动,pymupdf-native-table,
hsk_exam2025,page:155;sequence:3022,3022,5,5,,实验,,实验,,shíyàn,动、名,pymupdf-native-table,
hsk_exam2025,page:155;sequence:3023,3023,5,5,,实验室,,实验室,,shíyànshì,名,pymupdf-native-table,
hsk_exam2025,page:155;sequence:3024,3024,5,5,,实用,,实用,,shíyòng,形,pymupdf-native-table,
hsk_exam2025,page:155;sequence:3025,3025,5,5,,食用,,食用,,shíyòng,动,pymupdf-native-table,
hsk_exam2025,page:155;sequence:3026,3026,5,5,,使得,,使得,,shǐde,动,pymupdf-native-table,
hsk_exam2025,page:155;sequence:3027,3027,5,5,,始终,,始终,,shǐzhōng,名、副,pymupdf-native-table,
hsk_exam2025,page:155;sequence:3028,3028,5,5,,式,,式,,shì,后缀,pymupdf-native-table,
hsk_exam2025,page:155;sequence:3029,3029,5,5,,适当,,适当,,shìdàng,形,pymupdf-native-table,
hsk_exam2025,page:155;sequence:3030,3030,5,5,,似的,,似的,,shìde,助,pymupdf-native-table,
hsk_exam2025,page:155;sequence:3031,3031,5,5,,事故,,事故,,shìgù,名,pymupdf-native-table,
hsk_exam2025,page:155;sequence:3032,3032,5,5,,事件,,事件,,shìjiàn,名,pymupdf-native-table,
hsk_exam2025,page:155;sequence:3033,3033,5,5,,试卷,,试卷,,shìjuàn,名,pymupdf-native-table,
hsk_exam2025,page:155;sequence:3034,3034,5,5,,市民,,市民,,shìmín,名,pymupdf-native-table,
hsk_exam2025,page:155;sequence:3035,3035,5,5,,事实,,事实,,shìshí,名,pymupdf-native-table,
hsk_exam2025,page:155;sequence:3036,3036,5,5,,视为,,视为,,shìwéi,动,pymupdf-native-table,
hsk_exam2025,page:155;sequence:3037,3037,5,5,,事物,,事物,,shìwù,名,pymupdf-native-table,
hsk_exam2025,page:155;sequence:3038,3038,5,5,,事先,,事先,,shìxiān,名,pymupdf-native-table,
hsk_exam2025,page:155;sequence:3039,3039,5,5,,试验,,试验,,shìyàn,动,pymupdf-native-table,
hsk_exam2025,page:155;sequence:3040,3040,5,5,,事业,,事业,,shìyè,名,pymupdf-native-table,
hsk_exam2025,page:156;sequence:3041,3041,5,5,,试用,,试用,,shìyòng,动,pymupdf-native-table,
hsk_exam2025,page:156;sequence:3042,3042,5,5,,适用,,适用,,shìyòng,形,pymupdf-native-table,
hsk_exam2025,page:156;sequence:3043,3043,5,5,,收获,,收获,,shōuhuò,动、名,pymupdf-native-table,
hsk_exam2025,page:156;sequence:3044,3044,5,5,,收集,,收集,,shōují,动,pymupdf-native-table,
hsk_exam2025,page:156;sequence:3045,3045,5,5,,收看,,收看,,shōukàn,动,pymupdf-native-table,
hsk_exam2025,page:156;sequence:3046,3046,5,5,,守,,守,,shǒu,动,pymupdf-native-table,
hsk_exam2025,page:156;sequence:3047,3047,5,5,,首次,,首次,,shǒucì,数量,pymupdf-native-table,
hsk_exam2025,page:156;sequence:3048,3048,5,5,,手段,,手段,,shǒuduàn,名,pymupdf-native-table,
hsk_exam2025,page:156;sequence:3049,3049,5,5,,手工,,手工,,shǒugōng,名,pymupdf-native-table,
hsk_exam2025,page:156;sequence:3050,3050,5,5,,手术,,手术,,shǒushù,名、动,pymupdf-native-table,
hsk_exam2025,page:156;sequence:3051,3051,5,5,,手套,,手套,,shǒutào,名,pymupdf-native-table,
hsk_exam2025,page:156;sequence:3052,3052,5,5,,手续,,手续,,shǒuxù,名,pymupdf-native-table,
hsk_exam2025,page:156;sequence:3053,3053,5,5,,手指,,手指,,shǒuzhǐ,名,pymupdf-native-table,
hsk_exam2025,page:156;sequence:3054,3054,5,5,,售价,,售价,,shòujià,名,pymupdf-native-table,
hsk_exam2025,page:156;sequence:3055,3055,5,5,,蔬菜,,蔬菜,,shūcài,名,pymupdf-native-table,
hsk_exam2025,page:156;sequence:3056,3056,5,5,,书法,,书法,,shūfǎ,名,pymupdf-native-table,
hsk_exam2025,page:156;sequence:3057,3057,5,5,,书房,,书房,,shūfáng,名,pymupdf-native-table,
hsk_exam2025,page:156;sequence:3058,3058,5,5,,书架,,书架,,shūjià,名,pymupdf-native-table,
hsk_exam2025,page:156;sequence:3059,3059,5,5,,输入,,输入,,shūrù,动,pymupdf-native-table,
hsk_exam2025,page:156;sequence:3060,3060,5,5,,舒适,,舒适,,shūshì,形,pymupdf-native-table,
hsk_exam2025,page:156;sequence:3061,3061,5,5,,熟练,,熟练,,shúliàn,形,pymupdf-native-table,
hsk_exam2025,page:156;sequence:3062,3062,5,5,,熟人,,熟人,,shúrén,名,pymupdf-native-table,
hsk_exam2025,page:156;sequence:3063,3063,5,5,,数,,数,,shǔ,动,pymupdf-native-table,
hsk_exam2025,page:156;sequence:3064,3064,5,5,,鼠标,,鼠标,,shǔbiāo,名,pymupdf-native-table,
hsk_exam2025,page:156;sequence:3065,3065,5,5,,属于,,属于,,shǔyú,动,pymupdf-native-table,
hsk_exam2025,page:156;sequence:3066,3066,5,5,,束,,束,,shù,量,pymupdf-native-table,
hsk_exam2025,page:156;sequence:3067,3067,5,5,,数据,,数据,,shùjù,名,pymupdf-native-table,
hsk_exam2025,page:156;sequence:3068,3068,5,5,,树木,,树木,,shùmù,名,pymupdf-native-table,
hsk_exam2025,page:156;sequence:3069,3069,5,5,,摔,,摔,,shuāi,动,pymupdf-native-table,
hsk_exam2025,page:156;sequence:3070,3070,5,5,,双方,,双方,,shuāngfāng,名,pymupdf-native-table,
hsk_exam2025,page:156;sequence:3071,3071,5,5,,水分,,水分,,shuǐfèn,名,pymupdf-native-table,
hsk_exam2025,page:156;sequence:3072,3072,5,5,,税,,税,,shuì,名,pymupdf-native-table,
hsk_exam2025,page:156;sequence:3073,3073,5,5,,睡眠,,睡眠,,shuìmián,名,pymupdf-native-table,
hsk_exam2025,page:156;sequence:3074,3074,5,5,,顺,,顺,,shùn,动、介、形,pymupdf-native-table,
hsk_exam2025,page:156;sequence:3075,3075,5,5,,说不定,,说不定,,shuōbudìng,动、副,pymupdf-native-table,
hsk_exam2025,page:156;sequence:3076,3076,5,5,,说服,,说服,,shuōfú,动,pymupdf-native-table,
hsk_exam2025,page:156;sequence:3077,3077,5,5,,思考,,思考,,sīkǎo,动,pymupdf-native-table,
hsk_exam2025,page:156;sequence:3078,3078,5,5,,私人,,私人,,sīrén,名,pymupdf-native-table,
hsk_exam2025,page:156;sequence:3079,3079,5,5,,思维,,思维,,sīwéi,名、动,pymupdf-native-table,
hsk_exam2025,page:156;sequence:3080,3080,5,5,,思想,,思想,,sīxiǎng,名,pymupdf-native-table,
hsk_exam2025,page:157;sequence:3081,3081,5,5,,四处,,四处,,sìchù,名,pymupdf-native-table,
hsk_exam2025,page:157;sequence:3082,3082,5,5,,似乎,,似乎,,sìhū,副,pymupdf-native-table,
hsk_exam2025,page:157;sequence:3083,3083,5,5,,四周,,四周,,sìzhōu,名,pymupdf-native-table,
hsk_exam2025,page:157;sequence:3084,3084,5,5,,搜,,搜,,sōu,动,pymupdf-native-table,
hsk_exam2025,page:157;sequence:3085,3085,5,5,,搜索,,搜索,,sōusuǒ,动,pymupdf-native-table,
hsk_exam2025,page:157;sequence:3086,3086,5,5,,宿舍,,宿舍,,sùshè,名,pymupdf-native-table,
hsk_exam2025,page:157;sequence:3087,3087,5,5,,酸甜苦辣,,酸甜苦辣,,suān-tián-kǔ-là,,pymupdf-native-table,
hsk_exam2025,page:157;sequence:3088,3088,5,5,,随,,随,,suí,动,pymupdf-native-table,
hsk_exam2025,page:157;sequence:3089,3089,5,5,,随后,,随后,,suíhòu,副,pymupdf-native-table,
hsk_exam2025,page:157;sequence:3090,3090,5,5,,随时,,随时,,suíshí,副,pymupdf-native-table,
hsk_exam2025,page:157;sequence:3091,3091,5,5,,随手,,随手,,suíshǒu,副,pymupdf-native-table,
hsk_exam2025,page:157;sequence:3092,3092,5,5,,随意,,随意,,suíyì,形,pymupdf-native-table,
hsk_exam2025,page:157;sequence:3093,3093,5,5,,碎,,碎,,suì,动、形,pymupdf-native-table,
hsk_exam2025,page:157;sequence:3094,3094,5,5,,损害,,损害,,sǔnhài,动,pymupdf-native-table,
hsk_exam2025,page:157;sequence:3095,3095,5,5,,损失,,损失,,sǔnshī,动、名,pymupdf-native-table,
hsk_exam2025,page:157;sequence:3096,3096,5,5,,缩短,,缩短,,suōduǎn,动,pymupdf-native-table,
hsk_exam2025,page:157;sequence:3097,3097,5,5,,缩小,,缩小,,suōxiǎo,动,pymupdf-native-table,
hsk_exam2025,page:157;sequence:3098,3098,5,5,,所,,所1,1,suǒ,量、名,pymupdf-native-table,
hsk_exam2025,page:157;sequence:3099,3099,5,5,,锁,,锁,,suǒ,名、动,pymupdf-native-table,
hsk_exam2025,page:157;sequence:3100,3100,5,5,,他人,,他人,,tārén,代,pymupdf-native-table,
hsk_exam2025,page:157;sequence:3101,3101,5,5,,台灯,,台灯,,táidēng,名,pymupdf-native-table,
hsk_exam2025,page:157;sequence:3102,3102,5,5,,台阶,,台阶,,táijiē,名,pymupdf-native-table,
hsk_exam2025,page:157;sequence:3103,3103,5,5,,太太,,太太,,tàitai,名,pymupdf-native-table,
hsk_exam2025,page:157;sequence:3104,3104,5,5,,谈话,,谈话,,tánhuà,动,pymupdf-native-table,
hsk_exam2025,page:157;sequence:3105,3105,5,5,,桃,,桃,,táo,名,pymupdf-native-table,
hsk_exam2025,page:157;sequence:3106,3106,5,5,,套,,套,,tào,名、动、量,pymupdf-native-table,
hsk_exam2025,page:157;sequence:3107,3107,5,5,,特产,,特产,,tèchǎn,名,pymupdf-native-table,
hsk_exam2025,page:157;sequence:3108,3108,5,5,,特色,,特色,,tèsè,名,pymupdf-native-table,
hsk_exam2025,page:157;sequence:3109,3109,5,5,,特殊,,特殊,,tèshū,形,pymupdf-native-table,
hsk_exam2025,page:157;sequence:3110,3110,5,5,,特有,,特有,,tèyǒu,形,pymupdf-native-table,
hsk_exam2025,page:157;sequence:3111,3111,5,5,,特征,,特征,,tèzhēng,名,pymupdf-native-table,
hsk_exam2025,page:157;sequence:3112,3112,5,5,,疼痛,,疼痛,,téngtòng,形,pymupdf-native-table,
hsk_exam2025,page:157;sequence:3113,3113,5,5,,提倡,,提倡,,tíchàng,动,pymupdf-native-table,
hsk_exam2025,page:157;sequence:3114,3114,5,5,,提交,,提交,,tíjiāo,动,pymupdf-native-table,
hsk_exam2025,page:157;sequence:3115,3115,5,5,,题目,,题目,,tímù,名,pymupdf-native-table,
hsk_exam2025,page:157;sequence:3116,3116,5,5,,提起,,提起,,tíqǐ,动,pymupdf-native-table,
hsk_exam2025,page:157;sequence:3117,3117,5,5,,提升,,提升,,tíshēng,动,pymupdf-native-table,
hsk_exam2025,page:157;sequence:3118,3118,5,5,,提问,,提问,,tíwèn,动,pymupdf-native-table,
hsk_exam2025,page:157;sequence:3119,3119,5,5,,体会,,体会,,tǐhuì,动、名,pymupdf-native-table,
hsk_exam2025,page:157;sequence:3120,3120,5,5,,体力,,体力,,tǐlì,名,pymupdf-native-table,
hsk_exam2025,page:158;sequence:3121,3121,5,5,,体现,,体现,,tǐxiàn,动,pymupdf-native-table,
hsk_exam2025,page:158;sequence:3122,3122,5,5,,体验,,体验,,tǐyàn,动,pymupdf-native-table,
hsk_exam2025,page:158;sequence:3123,3123,5,5,,替,,替,,tì,动、介,pymupdf-native-table,
hsk_exam2025,page:158;sequence:3124,3124,5,5,,天空,,天空,,tiānkōng,名,pymupdf-native-table,
hsk_exam2025,page:158;sequence:3125,3125,5,5,,天上,,天上,,tiānshàng,名,pymupdf-native-table,
hsk_exam2025,page:158;sequence:3126,3126,5,5,,填,,填,,tián,动,pymupdf-native-table,
hsk_exam2025,page:158;sequence:3127,3127,5,5,,甜品,,甜品,,tiánpǐn,名,pymupdf-native-table,
hsk_exam2025,page:158;sequence:3128,3128,5,5,,挑,,挑,,tiāo,动,pymupdf-native-table,
hsk_exam2025,page:158;sequence:3129,3129,5,5,,挑选,,挑选,,tiāoxuǎn,动,pymupdf-native-table,
hsk_exam2025,page:158;sequence:3130,3130,5,5,,调,,调,,tiáo,动,pymupdf-native-table,
hsk_exam2025,page:158;sequence:3131,3131,5,5,,调皮,,调皮,,tiáopí,形,pymupdf-native-table,
hsk_exam2025,page:158;sequence:3132,3132,5,5,,调整,,调整,,tiáozhěng,动,pymupdf-native-table,
hsk_exam2025,page:158;sequence:3133,3133,5,5,,挑战,,挑战,,tiǎozhàn,动、名,pymupdf-native-table,
hsk_exam2025,page:158;sequence:3134,3134,5,5,,跳高,,跳高,,tiàogāo,动,pymupdf-native-table,
hsk_exam2025,page:158;sequence:3135,3135,5,5,,跳远,,跳远,,tiàoyuǎn,动,pymupdf-native-table,
hsk_exam2025,page:158;sequence:3136,3136,5,5,,贴,,贴,,tiē,动,pymupdf-native-table,
hsk_exam2025,page:158;sequence:3137,3137,5,5,,铁路,,铁路,,tiělù,名,pymupdf-native-table,
hsk_exam2025,page:158;sequence:3138,3138,5,5,,停留,,停留,,tíngliú,动,pymupdf-native-table,
hsk_exam2025,page:158;sequence:3139,3139,5,5,,通常,,通常,,tōngcháng,形、副,pymupdf-native-table,
hsk_exam2025,page:158;sequence:3140,3140,5,5,,通行,,通行,,tōngxíng,动,pymupdf-native-table,
hsk_exam2025,page:158;sequence:3141,3141,5,5,,同,,同,,tóng,形、动、副、介、连,pymupdf-native-table,
hsk_exam2025,page:158;sequence:3142,3142,5,5,,同情,,同情,,tóngqíng,动,pymupdf-native-table,
hsk_exam2025,page:158;sequence:3143,3143,5,5,,同一,,同一,,tóngyī,形,pymupdf-native-table,
hsk_exam2025,page:158;sequence:3144,3144,5,5,,统计,,统计,,tǒngjì,动,pymupdf-native-table,
hsk_exam2025,page:158;sequence:3145,3145,5,5,,统一,,统一,,tǒngyī,动、形,pymupdf-native-table,
hsk_exam2025,page:158;sequence:3146,3146,5,5,,痛苦,,痛苦,,tòngkǔ,形,pymupdf-native-table,
hsk_exam2025,page:158;sequence:3147,3147,5,5,,投,,投,,tóu,动,pymupdf-native-table,
hsk_exam2025,page:158;sequence:3148,3148,5,5,,投入,,投入,,tóurù,动、形、名,pymupdf-native-table,
hsk_exam2025,page:158;sequence:3149,3149,5,5,,头,,头,,tou,后缀,pymupdf-native-table,
hsk_exam2025,page:158;sequence:3150,3150,5,5,,突出,,突出,,tūchū,动、形,pymupdf-native-table,
hsk_exam2025,page:158;sequence:3151,3151,5,5,,图画,,图画,,túhuà,名,pymupdf-native-table,
hsk_exam2025,page:158;sequence:3152,3152,5,5,,图书,,图书,,túshū,名,pymupdf-native-table,
hsk_exam2025,page:158;sequence:3153,3153,5,5,,土地,,土地,,tǔdì,名,pymupdf-native-table,
hsk_exam2025,page:158;sequence:3154,3154,5,5,,土豆,,土豆,,tǔdòu,名,pymupdf-native-table,
hsk_exam2025,page:158;sequence:3155,3155,5,5,,兔子,,兔子,,tùzi,名,pymupdf-native-table,
hsk_exam2025,page:158;sequence:3156,3156,5,5,,团,,团,,tuán,动、名、量,pymupdf-native-table,
hsk_exam2025,page:158;sequence:3157,3157,5,5,,团队,,团队,,tuánduì,名,pymupdf-native-table,
hsk_exam2025,page:158;sequence:3158,3158,5,5,,推动,,推动,,tuīdòng,动,pymupdf-native-table,
hsk_exam2025,page:158;sequence:3159,3159,5,5,,推广,,推广,,tuīguǎng,动,pymupdf-native-table,
hsk_exam2025,page:158;sequence:3160,3160,5,5,,推荐,,推荐,,tuījiàn,动,pymupdf-native-table,
hsk_exam2025,page:159;sequence:3161,3161,5,5,,推进,,推进,,tuījìn,动,pymupdf-native-table,
hsk_exam2025,page:159;sequence:3162,3162,5,5,,退,,退,,tuì,动,pymupdf-native-table,
hsk_exam2025,page:159;sequence:3163,3163,5,5,,退出,,退出,,tuìchū,动,pymupdf-native-table,
hsk_exam2025,page:159;sequence:3164,3164,5,5,,退还,,退还,,tuìhuán,动,pymupdf-native-table,
hsk_exam2025,page:159;sequence:3165,3165,5,5,,退休,,退休,,tuìxiū,动,pymupdf-native-table,
hsk_exam2025,page:159;sequence:3166,3166,5,5,,拖鞋,,拖鞋,,tuōxié,名,pymupdf-native-table,
hsk_exam2025,page:159;sequence:3167,3167,5,5,,外部,,外部,,wàibù,名,pymupdf-native-table,
hsk_exam2025,page:159;sequence:3168,3168,5,5,,外公,,外公,,wàigōng,名,pymupdf-native-table,
hsk_exam2025,page:159;sequence:3169,3169,5,5,,外观,,外观,,wàiguān,名,pymupdf-native-table,
hsk_exam2025,page:159;sequence:3170,3170,5,5,,外婆,,外婆,,wàipó,名,pymupdf-native-table,
hsk_exam2025,page:159;sequence:3171,3171,5,5,,外形,,外形,,wàixíng,名,pymupdf-native-table,
hsk_exam2025,page:159;sequence:3172,3172,5,5,,弯,,弯,,wān,形、动、名,pymupdf-native-table,
hsk_exam2025,page:159;sequence:3173,3173,5,5,,玩具,,玩具,,wánjù,名,pymupdf-native-table,
hsk_exam2025,page:159;sequence:3174,3174,5,5,,完美,,完美,,wánměi,形,pymupdf-native-table,
hsk_exam2025,page:159;sequence:3175,3175,5,5,,完善,,完善,,wánshàn,形、动,pymupdf-native-table,
hsk_exam2025,page:159;sequence:3176,3176,5,5,,完整,,完整,,wánzhěng,形,pymupdf-native-table,
hsk_exam2025,page:159;sequence:3177,3177,5,5,,万一,,万一,,wànyī,名、连,pymupdf-native-table,
hsk_exam2025,page:159;sequence:3178,3178,5,5,,往返,,往返,,wǎngfǎn,动,pymupdf-native-table,
hsk_exam2025,page:159;sequence:3179,3179,5,5,,网络,,网络,,wǎngluò,名,pymupdf-native-table,
hsk_exam2025,page:159;sequence:3180,3180,5,5,,危害,,危害,,wēihài,动,pymupdf-native-table,
hsk_exam2025,page:159;sequence:3181,3181,5,5,,微笑,,微笑,,wēixiào,动、名,pymupdf-native-table,
hsk_exam2025,page:159;sequence:3182,3182,5,5,,威胁,,威胁,,wēixié,动,pymupdf-native-table,
hsk_exam2025,page:159;sequence:3183,3183,5,5,,围,,围,,wéi,动,pymupdf-native-table,
hsk_exam2025,page:159;sequence:3184,3184,5,5,,为,,为2,2,wéi,介,pymupdf-native-table,
hsk_exam2025,page:159;sequence:3185,3185,5,5,,维持,,维持,,wéichí,动,pymupdf-native-table,
hsk_exam2025,page:159;sequence:3186,3186,5,5,,违法,,违法,,wéifǎ,动,pymupdf-native-table,
hsk_exam2025,page:159;sequence:3187,3187,5,5,,违反,,违反,,wéifǎn,动,pymupdf-native-table,
hsk_exam2025,page:159;sequence:3188,3188,5,5,,围巾,,围巾,,wéijīn,名,pymupdf-native-table,
hsk_exam2025,page:159;sequence:3189,3189,5,5,,围绕,,围绕,,wéirào,动,pymupdf-native-table,
hsk_exam2025,page:159;sequence:3190,3190,5,5,,维修,,维修,,wéixiū,动,pymupdf-native-table,
hsk_exam2025,page:159;sequence:3191,3191,5,5,,唯一,,唯一,,wéiyī,形,pymupdf-native-table,
hsk_exam2025,page:159;sequence:3192,3192,5,5,,尾巴,,尾巴,,wěiba,名,pymupdf-native-table,
hsk_exam2025,page:159;sequence:3193,3193,5,5,,伟大,,伟大,,wěidà,形,pymupdf-native-table,
hsk_exam2025,page:159;sequence:3194,3194,5,5,,胃,,胃,,wèi,名,pymupdf-native-table,
hsk_exam2025,page:159;sequence:3195,3195,5,5,,喂,,喂2,2,wèi,动,pymupdf-native-table,
hsk_exam2025,page:159;sequence:3196,3196,5,5,,未来,,未来,,wèilái,形、名,pymupdf-native-table,
hsk_exam2025,page:159;sequence:3197,3197,5,5,,位于,,位于,,wèiyú,动,pymupdf-native-table,
hsk_exam2025,page:159;sequence:3198,3198,5,5,,位置,,位置,,wèizhì,名,pymupdf-native-table,
hsk_exam2025,page:159;sequence:3199,3199,5,5,,温暖,,温暖,,wēnnuǎn,形、动,pymupdf-native-table,
hsk_exam2025,page:159;sequence:3200,3200,5,5,,文学,,文学,,wénxué,名,pymupdf-native-table,
hsk_exam2025,page:160;sequence:3201,3201,5,5,,稳定,,稳定,,wěndìng,形、动,pymupdf-native-table,
hsk_exam2025,page:160;sequence:3202,3202,5,5,,问卷,,问卷,,wènjuàn,名,pymupdf-native-table,
hsk_exam2025,page:160;sequence:3203,3203,5,5,,握,,握,,wò,动,pymupdf-native-table,
hsk_exam2025,page:160;sequence:3204,3204,5,5,,卧室,,卧室,,wòshì,名,pymupdf-native-table,
hsk_exam2025,page:160;sequence:3205,3205,5,5,,握手,,握手,,wòshǒu,动,pymupdf-native-table,
hsk_exam2025,page:160;sequence:3206,3206,5,5,,无关,,无关,,wúguān,动,pymupdf-native-table,
hsk_exam2025,page:160;sequence:3207,3207,5,5,,无奈,,无奈,,wúnài,动、连,pymupdf-native-table,
hsk_exam2025,page:160;sequence:3208,3208,5,5,,无数,,无数,,wúshù,形,pymupdf-native-table,
hsk_exam2025,page:160;sequence:3209,3209,5,5,,无限,,无限,,wúxiàn,形,pymupdf-native-table,
hsk_exam2025,page:160;sequence:3210,3210,5,5,,无效,,无效,,wúxiào,动,pymupdf-native-table,
hsk_exam2025,page:160;sequence:3211,3211,5,5,,舞蹈,,舞蹈,,wǔdǎo,名,pymupdf-native-table,
hsk_exam2025,page:160;sequence:3212,3212,5,5,,武术,,武术,,wǔshù,名,pymupdf-native-table,
hsk_exam2025,page:160;sequence:3213,3213,5,5,,舞台,,舞台,,wǔtái,名,pymupdf-native-table,
hsk_exam2025,page:160;sequence:3214,3214,5,5,,五颜六色,,五颜六色,,wǔyán-liùsè,,pymupdf-native-table,
hsk_exam2025,page:160;sequence:3215,3215,5,5,,雾,,雾,,wù,名,pymupdf-native-table,
hsk_exam2025,page:160;sequence:3216,3216,5,5,,物价,,物价,,wùjià,名,pymupdf-native-table,
hsk_exam2025,page:160;sequence:3217,3217,5,5,,物理,,物理,,wùlǐ,名,pymupdf-native-table,
hsk_exam2025,page:160;sequence:3218,3218,5,5,,物品,,物品,,wùpǐn,名,pymupdf-native-table,
hsk_exam2025,page:160;sequence:3219,3219,5,5,,物业,,物业,,wùyè,名,pymupdf-native-table,
hsk_exam2025,page:160;sequence:3220,3220,5,5,,物质,,物质,,wùzhì,名,pymupdf-native-table,
hsk_exam2025,page:160;sequence:3221,3221,5,5,,西餐,,西餐,,xīcān,名,pymupdf-native-table,
hsk_exam2025,page:160;sequence:3222,3222,5,5,,吸管,,吸管,,xīguǎn,名,pymupdf-native-table,
hsk_exam2025,page:160;sequence:3223,3223,5,5,,吸收,,吸收,,xīshōu,动,pymupdf-native-table,
hsk_exam2025,page:160;sequence:3224,3224,5,5,,西装,,西装,,xīzhuāng,名,pymupdf-native-table,
hsk_exam2025,page:160;sequence:3225,3225,5,5,,戏,,戏,,xì,名,pymupdf-native-table,
hsk_exam2025,page:160;sequence:3226,3226,5,5,,系,,系,,xì,名,pymupdf-native-table,
hsk_exam2025,page:160;sequence:3227,3227,5,5,,细节,,细节,,xìjié,名,pymupdf-native-table,
hsk_exam2025,page:160;sequence:3228,3228,5,5,,戏剧,,戏剧,,xìjù,名,pymupdf-native-table,
hsk_exam2025,page:160;sequence:3229,3229,5,5,,系统,,系统,,xìtǒng,名、形,pymupdf-native-table,
hsk_exam2025,page:160;sequence:3230,3230,5,5,,下载,,下载,,xiàzài,动,pymupdf-native-table,
hsk_exam2025,page:160;sequence:3231,3231,5,5,,先后,,先后,,xiānhòu,名、副,pymupdf-native-table,
hsk_exam2025,page:160;sequence:3232,3232,5,5,,先进,,先进,,xiānjìn,形、名,pymupdf-native-table,
hsk_exam2025,page:160;sequence:3233,3233,5,5,,闲,,闲,,xián,形,pymupdf-native-table,
hsk_exam2025,page:160;sequence:3234,3234,5,5,,显得,,显得,,xiǎnde,动,pymupdf-native-table,
hsk_exam2025,page:160;sequence:3235,3235,5,5,,显然,,显然,,xiǎnrán,形,pymupdf-native-table,
hsk_exam2025,page:160;sequence:3236,3236,5,5,,显示,,显示,,xiǎnshì,动,pymupdf-native-table,
hsk_exam2025,page:160;sequence:3237,3237,5,5,,县,,县,,xiàn,名,pymupdf-native-table,
hsk_exam2025,page:160;sequence:3238,3238,5,5,,现场,,现场,,xiànchǎng,名,pymupdf-native-table,
hsk_exam2025,page:160;sequence:3239,3239,5,5,,现代,,现代,,xiàndài,名、形,pymupdf-native-table,
hsk_exam2025,page:160;sequence:3240,3240,5,5,,现代化,,现代化,,xiàndàihuà,动,pymupdf-native-table,
hsk_exam2025,page:161;sequence:3241,3241,5,5,,线路,,线路,,xiànlù,名,pymupdf-native-table,
hsk_exam2025,page:161;sequence:3242,3242,5,5,,现实,,现实,,xiànshí,名、形,pymupdf-native-table,
hsk_exam2025,page:161;sequence:3243,3243,5,5,,现象,,现象,,xiànxiàng,名,pymupdf-native-table,
hsk_exam2025,page:161;sequence:3244,3244,5,5,,限制,,限制,,xiànzhì,动、名,pymupdf-native-table,
hsk_exam2025,page:161;sequence:3245,3245,5,5,,现状,,现状,,xiànzhuàng,名,pymupdf-native-table,
hsk_exam2025,page:161;sequence:3246,3246,5,5,,乡,,乡,,xiāng,名,pymupdf-native-table,
hsk_exam2025,page:161;sequence:3247,3247,5,5,,相处,,相处,,xiāngchǔ,动,pymupdf-native-table,
hsk_exam2025,page:161;sequence:3248,3248,5,5,,乡村,,乡村,,xiāngcūn,名,pymupdf-native-table,
hsk_exam2025,page:161;sequence:3249,3249,5,5,,相当,,相当,,xiāngdāng,动、副,pymupdf-native-table,
hsk_exam2025,page:161;sequence:3250,3250,5,5,,相对,,相对,,xiāngduì,动、形,pymupdf-native-table,
hsk_exam2025,page:161;sequence:3251,3251,5,5,,相关,,相关,,xiāngguān,动,pymupdf-native-table,
hsk_exam2025,page:161;sequence:3252,3252,5,5,,相似,,相似,,xiāngsì,形,pymupdf-native-table,
hsk_exam2025,page:161;sequence:3253,3253,5,5,,想念,,想念,,xiǎngniàn,动,pymupdf-native-table,
hsk_exam2025,page:161;sequence:3254,3254,5,5,,响声,,响声,,xiǎngshēng,名,pymupdf-native-table,
hsk_exam2025,page:161;sequence:3255,3255,5,5,,享受,,享受,,xiǎngshòu,动,pymupdf-native-table,
hsk_exam2025,page:161;sequence:3256,3256,5,5,,想象,,想象,,xiǎngxiàng,动,pymupdf-native-table,
hsk_exam2025,page:161;sequence:3257,3257,5,5,,相册,,相册,,xiàngcè,名,pymupdf-native-table,
hsk_exam2025,page:161;sequence:3258,3258,5,5,,项目,,项目,,xiàngmù,名,pymupdf-native-table,
hsk_exam2025,page:161;sequence:3259,3259,5,5,,橡皮,,橡皮,,xiàngpí,名,pymupdf-native-table,
hsk_exam2025,page:161;sequence:3260,3260,5,5,,向上,,向上,,xiàngshàng,动,pymupdf-native-table,
hsk_exam2025,page:161;sequence:3261,3261,5,5,,象征,,象征,,xiàngzhēng,动、名,pymupdf-native-table,
hsk_exam2025,page:161;sequence:3262,3262,5,5,,消费,,消费,,xiāofèi,动,pymupdf-native-table,
hsk_exam2025,page:161;sequence:3263,3263,5,5,,消费者,,消费者,,xiāofèizhě,名,pymupdf-native-table,
hsk_exam2025,page:161;sequence:3264,3264,5,5,,消化,,消化,,xiāohuà,动,pymupdf-native-table,
hsk_exam2025,page:161;sequence:3265,3265,5,5,,消极,,消极,,xiāojí,形,pymupdf-native-table,
hsk_exam2025,page:161;sequence:3266,3266,5,5,,销量,,销量,,xiāoliàng,名,pymupdf-native-table,
hsk_exam2025,page:161;sequence:3267,3267,5,5,,消失,,消失,,xiāoshī,动,pymupdf-native-table,
hsk_exam2025,page:161;sequence:3268,3268,5,5,,销售,,销售,,xiāoshòu,动,pymupdf-native-table,
hsk_exam2025,page:161;sequence:3269,3269,5,5,,小姐,,小姐,,xiǎojiě,名,pymupdf-native-table,
hsk_exam2025,page:161;sequence:3270,3270,5,5,,小型,,小型,,xiǎoxíng,形,pymupdf-native-table,
hsk_exam2025,page:161;sequence:3271,3271,5,5,,小于,,小于,,xiǎoyú,动,pymupdf-native-table,
hsk_exam2025,page:161;sequence:3272,3272,5,5,,效率,,效率,,xiàolǜ,名,pymupdf-native-table,
hsk_exam2025,page:161;sequence:3273,3273,5,5,,斜,,斜,,xié,形、动,pymupdf-native-table,
hsk_exam2025,page:161;sequence:3274,3274,5,5,,协议,,协议,,xiéyì,动、名,pymupdf-native-table,
hsk_exam2025,page:161;sequence:3275,3275,5,5,,写作,,写作,,xiězuò,动,pymupdf-native-table,
hsk_exam2025,page:161;sequence:3276,3276,5,5,,新郎,,新郎,,xīnláng,名,pymupdf-native-table,
hsk_exam2025,page:161;sequence:3277,3277,5,5,,心理,,心理,,xīnlǐ,名,pymupdf-native-table,
hsk_exam2025,page:161;sequence:3278,3278,5,5,,新娘,,新娘,,xīnniáng,名,pymupdf-native-table,
hsk_exam2025,page:161;sequence:3279,3279,5,5,,新人,,新人,,xīnrén,名,pymupdf-native-table,
hsk_exam2025,page:161;sequence:3280,3280,5,5,,欣赏,,欣赏,,xīnshǎng,动,pymupdf-native-table,
hsk_exam2025,page:162;sequence:3281,3281,5,5,,心态,,心态,,xīntài,名,pymupdf-native-table,
hsk_exam2025,page:162;sequence:3282,3282,5,5,,新型,,新型,,xīnxíng,形,pymupdf-native-table,
hsk_exam2025,page:162;sequence:3283,3283,5,5,,信封,,信封,,xìnfēng,名,pymupdf-native-table,
hsk_exam2025,page:162;sequence:3284,3284,5,5,,信任,,信任,,xìnrèn,动,pymupdf-native-table,
hsk_exam2025,page:162;sequence:3285,3285,5,5,,信用,,信用,,xìnyòng,名,pymupdf-native-table,
hsk_exam2025,page:162;sequence:3286,3286,5,5,,行程,,行程,,xíngchéng,名,pymupdf-native-table,
hsk_exam2025,page:162;sequence:3287,3287,5,5,,形成,,形成,,xíngchéng,动,pymupdf-native-table,
hsk_exam2025,page:162;sequence:3288,3288,5,5,,行动,,行动,,xíngdòng,动、名,pymupdf-native-table,
hsk_exam2025,page:162;sequence:3289,3289,5,5,,行人,,行人,,xíngrén,名,pymupdf-native-table,
hsk_exam2025,page:162;sequence:3290,3290,5,5,,形容,,形容,,xíngróng,动,pymupdf-native-table,
hsk_exam2025,page:162;sequence:3291,3291,5,5,,形式,,形式,,xíngshì,名,pymupdf-native-table,
hsk_exam2025,page:162;sequence:3292,3292,5,5,,形势,,形势,,xíngshì,名,pymupdf-native-table,
hsk_exam2025,page:162;sequence:3293,3293,5,5,,行驶,,行驶,,xíngshǐ,动,pymupdf-native-table,
hsk_exam2025,page:162;sequence:3294,3294,5,5,,行为,,行为,,xíngwéi,名,pymupdf-native-table,
hsk_exam2025,page:162;sequence:3295,3295,5,5,,形象,,形象,,xíngxiàng,名、形,pymupdf-native-table,
hsk_exam2025,page:162;sequence:3296,3296,5,5,,形状,,形状,,xíngzhuàng,名,pymupdf-native-table,
hsk_exam2025,page:162;sequence:3297,3297,5,5,,行走,,行走,,xíngzǒu,动,pymupdf-native-table,
hsk_exam2025,page:162;sequence:3298,3298,5,5,,幸运,,幸运,,xìngyùn,名、形,pymupdf-native-table,
hsk_exam2025,page:162;sequence:3299,3299,5,5,,性质,,性质,,xìngzhì,名,pymupdf-native-table,
hsk_exam2025,page:162;sequence:3300,3300,5,5,,修改,,修改,,xiūgǎi,动,pymupdf-native-table,
hsk_exam2025,page:162;sequence:3301,3301,5,5,,修建,,修建,,xiūjiàn,动,pymupdf-native-table,
hsk_exam2025,page:162;sequence:3302,3302,5,5,,休闲,,休闲,,xiūxián,动,pymupdf-native-table,
hsk_exam2025,page:162;sequence:3303,3303,5,5,,需,,需,,xū,动,pymupdf-native-table,
hsk_exam2025,page:162;sequence:3304,3304,5,5,,需求,,需求,,xūqiú,名,pymupdf-native-table,
hsk_exam2025,page:162;sequence:3305,3305,5,5,,虚心,,虚心,,xūxīn,形,pymupdf-native-table,
hsk_exam2025,page:162;sequence:3306,3306,5,5,,宣布,,宣布,,xuānbù,动,pymupdf-native-table,
hsk_exam2025,page:162;sequence:3307,3307,5,5,,宣传,,宣传,,xuānchuán,动,pymupdf-native-table,
hsk_exam2025,page:162;sequence:3308,3308,5,5,,选手,,选手,,xuǎnshǒu,名,pymupdf-native-table,
hsk_exam2025,page:162;sequence:3309,3309,5,5,,学分,,学分,,xuéfēn,名,pymupdf-native-table,
hsk_exam2025,page:162;sequence:3310,3310,5,5,,学科,,学科,,xuékē,名,pymupdf-native-table,
hsk_exam2025,page:162;sequence:3311,3311,5,5,,学历,,学历,,xuélì,名,pymupdf-native-table,
hsk_exam2025,page:162;sequence:3312,3312,5,5,,学年,,学年,,xuénián,名,pymupdf-native-table,
hsk_exam2025,page:162;sequence:3313,3313,5,5,,学术,,学术,,xuéshù,名,pymupdf-native-table,
hsk_exam2025,page:162;sequence:3314,3314,5,5,,学者,,学者,,xuézhě,名,pymupdf-native-table,
hsk_exam2025,page:162;sequence:3315,3315,5,5,,雪糕,,雪糕,,xuěgāo,名,pymupdf-native-table,
hsk_exam2025,page:162;sequence:3316,3316,5,5,,询问,,询问,,xúnwèn,动,pymupdf-native-table,
hsk_exam2025,page:162;sequence:3317,3317,5,5,,寻找,,寻找,,xúnzhǎo,动,pymupdf-native-table,
hsk_exam2025,page:162;sequence:3318,3318,5,5,,训练,,训练,,xùnliàn,动,pymupdf-native-table,
hsk_exam2025,page:162;sequence:3319,3319,5,5,,迅速,,迅速,,xùnsù,形,pymupdf-native-table,
hsk_exam2025,page:162;sequence:3320,3320,5,5,,呀,,呀,,yā,叹,pymupdf-native-table,
hsk_exam2025,page:163;sequence:3321,3321,5,5,,押金,,押金,,yājīn,名,pymupdf-native-table,
hsk_exam2025,page:163;sequence:3322,3322,5,5,,压岁钱,,压岁钱,,yāsuìqián,名,pymupdf-native-table,
hsk_exam2025,page:163;sequence:3323,3323,5,5,,鸭子,,鸭子,,yāzi,名,pymupdf-native-table,
hsk_exam2025,page:163;sequence:3324,3324,5,5,,牙齿,,牙齿,,yáchǐ,名,pymupdf-native-table,
hsk_exam2025,page:163;sequence:3325,3325,5,5,,沿,,沿,,yán,介、动、名,pymupdf-native-table,
hsk_exam2025,page:163;sequence:3326,3326,5,5,,延长,,延长,,yáncháng,动,pymupdf-native-table,
hsk_exam2025,page:163;sequence:3327,3327,5,5,,研发,,研发,,yánfā,动,pymupdf-native-table,
hsk_exam2025,page:163;sequence:3328,3328,5,5,,严肃,,严肃,,yánsù,形、动,pymupdf-native-table,
hsk_exam2025,page:163;sequence:3329,3329,5,5,,研制,,研制,,yánzhì,动,pymupdf-native-table,
hsk_exam2025,page:163;sequence:3330,3330,5,5,,眼,,眼,,yǎn,名、量,pymupdf-native-table,
hsk_exam2025,page:163;sequence:3331,3331,5,5,,演讲,,演讲,,yǎnjiǎng,动,pymupdf-native-table,
hsk_exam2025,page:163;sequence:3332,3332,5,5,,眼泪,,眼泪,,yǎnlèi,名,pymupdf-native-table,
hsk_exam2025,page:163;sequence:3333,3333,5,5,,阳台,,阳台,,yángtái,名,pymupdf-native-table,
hsk_exam2025,page:163;sequence:3334,3334,5,5,,样式,,样式,,yàngshì,名,pymupdf-native-table,
hsk_exam2025,page:163;sequence:3335,3335,5,5,,腰,,腰,,yāo,名,pymupdf-native-table,
hsk_exam2025,page:163;sequence:3336,3336,5,5,,摇,,摇,,yáo,动,pymupdf-native-table,
hsk_exam2025,page:163;sequence:3337,3337,5,5,,咬,,咬,,yǎo,动,pymupdf-native-table,
hsk_exam2025,page:163;sequence:3338,3338,5,5,,要不,,要不,,yàobù,连,pymupdf-native-table,
hsk_exam2025,page:163;sequence:3339,3339,5,5,,要不是,,要不是,,yàobúshì,连,pymupdf-native-table,
hsk_exam2025,page:163;sequence:3340,3340,5,5,,药品,,药品,,yàopǐn,名,pymupdf-native-table,
hsk_exam2025,page:163;sequence:3341,3341,5,5,,药物,,药物,,yàowù,名,pymupdf-native-table,
hsk_exam2025,page:163;sequence:3342,3342,5,5,,夜间,,夜间,,yèjiān,名,pymupdf-native-table,
hsk_exam2025,page:163;sequence:3343,3343,5,5,,夜市,,夜市,,yèshì,名,pymupdf-native-table,
hsk_exam2025,page:163;sequence:3344,3344,5,5,,业务,,业务,,yèwù,名,pymupdf-native-table,
hsk_exam2025,page:163;sequence:3345,3345,5,5,,业余,,业余,,yèyú,形,pymupdf-native-table,
hsk_exam2025,page:163;sequence:3346,3346,5,5,,依据,,依据,,yījù,名、动、介,pymupdf-native-table,
hsk_exam2025,page:163;sequence:3347,3347,5,5,,依靠,,依靠,,yīkào,动、名,pymupdf-native-table,
hsk_exam2025,page:163;sequence:3348,3348,5,5,,医疗,,医疗,,yīliáo,动,pymupdf-native-table,
hsk_exam2025,page:163;sequence:3349,3349,5,5,,依然,,依然,,yīrán,副,pymupdf-native-table,
hsk_exam2025,page:163;sequence:3350,3350,5,5,,医学,,医学,,yīxué,名,pymupdf-native-table,
hsk_exam2025,page:163;sequence:3351,3351,5,5,,移,,移,,yí,动,pymupdf-native-table,
hsk_exam2025,page:163;sequence:3352,3352,5,5,,一次性,,一次性,,yícìxìng,形,pymupdf-native-table,
hsk_exam2025,page:163;sequence:3353,3353,5,5,,一代,,一代,,yídài,名,pymupdf-native-table,
hsk_exam2025,page:163;sequence:3354,3354,5,5,,一旦,,一旦,,yídàn,副,pymupdf-native-table,
hsk_exam2025,page:163;sequence:3355,3355,5,5,,移动,,移动,,yídòng,动,pymupdf-native-table,
hsk_exam2025,page:163;sequence:3356,3356,5,5,,遗憾,,遗憾,,yíhàn,名、形,pymupdf-native-table,
hsk_exam2025,page:163;sequence:3357,3357,5,5,,一路,,一路,,yílù,名、副,pymupdf-native-table,
hsk_exam2025,page:163;sequence:3358,3358,5,5,,一路顺风,,一路顺风,,yílù-shùnfēng,,pymupdf-native-table,
hsk_exam2025,page:163;sequence:3359,3359,5,5,,疑问,,疑问,,yíwèn,名,pymupdf-native-table,
hsk_exam2025,page:163;sequence:3360,3360,5,5,,一致,,一致,,yízhì,形、副,pymupdf-native-table,
hsk_exam2025,page:164;sequence:3361,3361,5,5,,乙,,乙,,yǐ,名,pymupdf-native-table,
hsk_exam2025,page:164;sequence:3362,3362,5,5（7-9）,7-9,以,,以,,yǐ,介、（连）,pymupdf-native-table,
hsk_exam2025,page:164;sequence:3363,3363,5,5,,以及,,以及,,yǐjí,连,pymupdf-native-table,
hsk_exam2025,page:164;sequence:3364,3364,5,5,,以来,,以来,,yǐlái,名,pymupdf-native-table,
hsk_exam2025,page:164;sequence:3365,3365,5,5,,亿,,亿,,yì,数,pymupdf-native-table,
hsk_exam2025,page:164;sequence:3366,3366,5,5,,意识,,意识,,yìshí,动、名,pymupdf-native-table,
hsk_exam2025,page:164;sequence:3367,3367,5,5,,意外,,意外,,yìwài,形、名,pymupdf-native-table,
hsk_exam2025,page:164;sequence:3368,3368,5,5,,意味着,,意味着,,yìwèizhe,动,pymupdf-native-table,
hsk_exam2025,page:164;sequence:3369,3369,5,5,,义务,,义务,,yìwù,名、形,pymupdf-native-table,
hsk_exam2025,page:164;sequence:3370,3370,5,5,,意义,,意义,,yìyì,名,pymupdf-native-table,
hsk_exam2025,page:164;sequence:3371,3371,5,5,,因而,,因而,,yīn’ér,连,pymupdf-native-table,
hsk_exam2025,page:164;sequence:3372,3372,5,5,,音量,,音量,,yīnliàng,名,pymupdf-native-table,
hsk_exam2025,page:164;sequence:3373,3373,5,5,,因素,,因素,,yīnsù,名,pymupdf-native-table,
hsk_exam2025,page:164;sequence:3374,3374,5,5,,引进,,引进,,yǐnjìn,动,pymupdf-native-table,
hsk_exam2025,page:164;sequence:3375,3375,5,5,,饮食,,饮食,,yǐnshí,名,pymupdf-native-table,
hsk_exam2025,page:164;sequence:3376,3376,5,5,,印刷,,印刷,,yìnshuā,动,pymupdf-native-table,
hsk_exam2025,page:164;sequence:3377,3377,5,5,,应当,,应当,,yīngdāng,动,pymupdf-native-table,
hsk_exam2025,page:164;sequence:3378,3378,5,5,,迎,,迎,,yíng,动,pymupdf-native-table,
hsk_exam2025,page:164;sequence:3379,3379,5,5,,迎接,,迎接,,yíngjiē,动,pymupdf-native-table,
hsk_exam2025,page:164;sequence:3380,3380,5,5,,营养,,营养,,yíngyǎng,名,pymupdf-native-table,
hsk_exam2025,page:164;sequence:3381,3381,5,5,,营业,,营业,,yíngyè,动,pymupdf-native-table,
hsk_exam2025,page:164;sequence:3382,3382,5,5,,影片,,影片,,yǐngpiàn,名,pymupdf-native-table,
hsk_exam2025,page:164;sequence:3383,3383,5,5,,影视,,影视,,yǐngshì,名,pymupdf-native-table,
hsk_exam2025,page:164;sequence:3384,3384,5,5,,硬,,硬,,yìng,形、副,pymupdf-native-table,
hsk_exam2025,page:164;sequence:3385,3385,5,5,,应对,,应对,,yìngduì,动,pymupdf-native-table,
hsk_exam2025,page:164;sequence:3386,3386,5,5,,硬件,,硬件,,yìngjiàn,名,pymupdf-native-table,
hsk_exam2025,page:164;sequence:3387,3387,5,5,,应用,,应用,,yìngyòng,动、形,pymupdf-native-table,
hsk_exam2025,page:164;sequence:3388,3388,5,5,,拥抱,,拥抱,,yōngbào,动,pymupdf-native-table,
hsk_exam2025,page:164;sequence:3389,3389,5,5,,拥有,,拥有,,yōngyǒu,动,pymupdf-native-table,
hsk_exam2025,page:164;sequence:3390,3390,5,5,,勇气,,勇气,,yǒngqì,名,pymupdf-native-table,
hsk_exam2025,page:164;sequence:3391,3391,5,5,,用法,,用法,,yòngfǎ,名,pymupdf-native-table,
hsk_exam2025,page:164;sequence:3392,3392,5,5,,用户,,用户,,yònghù,名,pymupdf-native-table,
hsk_exam2025,page:164;sequence:3393,3393,5,5,,用力,,用力,,yònglì,动,pymupdf-native-table,
hsk_exam2025,page:164;sequence:3394,3394,5,5,,用品,,用品,,yòngpǐn,名,pymupdf-native-table,
hsk_exam2025,page:164;sequence:3395,3395,5,5,,用途,,用途,,yòngtú,名,pymupdf-native-table,
hsk_exam2025,page:164;sequence:3396,3396,5,5,,优惠,,优惠,,yōuhuì,形,pymupdf-native-table,
hsk_exam2025,page:164;sequence:3397,3397,5,5,,悠久,,悠久,,yōujiǔ,形,pymupdf-native-table,
hsk_exam2025,page:164;sequence:3398,3398,5,5,,优良,,优良,,yōuliáng,形,pymupdf-native-table,
hsk_exam2025,page:164;sequence:3399,3399,5,5,,优美,,优美,,yōuměi,形,pymupdf-native-table,
hsk_exam2025,page:164;sequence:3400,3400,5,5,,优势,,优势,,yōushì,名,pymupdf-native-table,
hsk_exam2025,page:165;sequence:3401,3401,5,5,,优质,,优质,,yōuzhì,形,pymupdf-native-table,
hsk_exam2025,page:165;sequence:3402,3402,5,5,,由此,,由此,,yóu cǐ,,pymupdf-native-table,
hsk_exam2025,page:165;sequence:3403,3403,5,5,,邮寄,,邮寄,,yóujì,动,pymupdf-native-table,
hsk_exam2025,page:165;sequence:3404,3404,5,5,,邮局,,邮局,,yóujú,名,pymupdf-native-table,
hsk_exam2025,page:165;sequence:3405,3405,5,5,,游览,,游览,,yóulǎn,动,pymupdf-native-table,
hsk_exam2025,page:165;sequence:3406,3406,5,5,,邮票,,邮票,,yóupiào,名,pymupdf-native-table,
hsk_exam2025,page:165;sequence:3407,3407,5,5,,油条,,油条,,yóutiáo,名,pymupdf-native-table,
hsk_exam2025,page:165;sequence:3408,3408,5,5,,犹豫,,犹豫,,yóuyù,形,pymupdf-native-table,
hsk_exam2025,page:165;sequence:3409,3409,5,5,,有害,,有害,,yǒu hài,,pymupdf-native-table,
hsk_exam2025,page:165;sequence:3410,3410,5,5,,有力,,有力,,yǒulì,形,pymupdf-native-table,
hsk_exam2025,page:165;sequence:3411,3411,5,5,,有利,,有利,,yǒulì,形,pymupdf-native-table,
hsk_exam2025,page:165;sequence:3412,3412,5,5,,有限,,有限,,yǒuxiàn,形,pymupdf-native-table,
hsk_exam2025,page:165;sequence:3413,3413,5,5,,有益,,有益,,yǒuyì,形,pymupdf-native-table,
hsk_exam2025,page:165;sequence:3414,3414,5,5,,有助于,,有助于,,yǒuzhùyú,动,pymupdf-native-table,
hsk_exam2025,page:165;sequence:3415,3415,5,5,,幼儿园,,幼儿园,,yòu’éryuán,名,pymupdf-native-table,
hsk_exam2025,page:165;sequence:3416,3416,5,5,,娱乐,,娱乐,,yúlè,动、名,pymupdf-native-table,
hsk_exam2025,page:165;sequence:3417,3417,5,5,,语气,,语气,,yǔqì,名,pymupdf-native-table,
hsk_exam2025,page:165;sequence:3418,3418,5,5,,雨水,,雨水,,yǔshuǐ,名,pymupdf-native-table,
hsk_exam2025,page:165;sequence:3419,3419,5,5,,语文,,语文,,yǔwén,名,pymupdf-native-table,
hsk_exam2025,page:165;sequence:3420,3420,5,5,,语音,,语音,,yǔyīn,名,pymupdf-native-table,
hsk_exam2025,page:165;sequence:3421,3421,5,5,,预报,,预报,,yùbào,动、名,pymupdf-native-table,
hsk_exam2025,page:165;sequence:3422,3422,5,5,,预测,,预测,,yùcè,动,pymupdf-native-table,
hsk_exam2025,page:165;sequence:3423,3423,5,5,,预订,,预订,,yùdìng,动,pymupdf-native-table,
hsk_exam2025,page:165;sequence:3424,3424,5,5,,预防,,预防,,yùfáng,动,pymupdf-native-table,
hsk_exam2025,page:165;sequence:3425,3425,5,5,,预计,,预计,,yùjì,动,pymupdf-native-table,
hsk_exam2025,page:165;sequence:3426,3426,5,5,,玉米,,玉米,,yùmǐ,名,pymupdf-native-table,
hsk_exam2025,page:165;sequence:3427,3427,5,5,,预约,,预约,,yùyuē,动,pymupdf-native-table,
hsk_exam2025,page:165;sequence:3428,3428,5,5,,原,,原,,yuán,形,pymupdf-native-table,
hsk_exam2025,page:165;sequence:3429,3429,5,5,,圆,,圆,,yuán,名、形,pymupdf-native-table,
hsk_exam2025,page:165;sequence:3430,3430,5,5,,原有,,原有,,yuán yǒu,,pymupdf-native-table,
hsk_exam2025,page:165;sequence:3431,3431,5,5,,元旦,,元旦,,Yuándàn,名,pymupdf-native-table,
hsk_exam2025,page:165;sequence:3432,3432,5,5,,员工,,员工,,yuángōng,名,pymupdf-native-table,
hsk_exam2025,page:165;sequence:3433,3433,5,5,,原则,,原则,,yuánzé,名,pymupdf-native-table,
hsk_exam2025,page:165;sequence:3434,3434,5,5,,愿,,愿,,yuàn,动,pymupdf-native-table,
hsk_exam2025,page:165;sequence:3435,3435,5,5,,愿望,,愿望,,yuànwàng,名,pymupdf-native-table,
hsk_exam2025,page:165;sequence:3436,3436,5,5,,约定,,约定,,yuēdìng,动,pymupdf-native-table,
hsk_exam2025,page:165;sequence:3437,3437,5,5,,运,,运,,yùn,动,pymupdf-native-table,
hsk_exam2025,page:165;sequence:3438,3438,5,5,,运费,,运费,,yùnfèi,名,pymupdf-native-table,
hsk_exam2025,page:165;sequence:3439,3439,5,5,,运气,,运气,,yùnqi,名,pymupdf-native-table,
hsk_exam2025,page:165;sequence:3440,3440,5,5,,运输,,运输,,yùnshū,动,pymupdf-native-table,
hsk_exam2025,page:166;sequence:3441,3441,5,5,,运用,,运用,,yùnyòng,动,pymupdf-native-table,
hsk_exam2025,page:166;sequence:3442,3442,5,5,,在场,,在场,,zàichǎng,动,pymupdf-native-table,
hsk_exam2025,page:166;sequence:3443,3443,5,5,,在乎,,在乎,,zàihu,动,pymupdf-native-table,
hsk_exam2025,page:166;sequence:3444,3444,5,5,,在内,,在内,,zàinèi,名,pymupdf-native-table,
hsk_exam2025,page:166;sequence:3445,3445,5,5,,在线,,在线,,zàixiàn,动,pymupdf-native-table,
hsk_exam2025,page:166;sequence:3446,3446,5,5,,在于,,在于,,zàiyú,动,pymupdf-native-table,
hsk_exam2025,page:166;sequence:3447,3447,5,5,,赞成,,赞成,,zànchéng,动,pymupdf-native-table,
hsk_exam2025,page:166;sequence:3448,3448,5,5,,糟,,糟,,zāo,形,pymupdf-native-table,
hsk_exam2025,page:166;sequence:3449,3449,5,5,,糟糕,,糟糕,,zāogāo,形,pymupdf-native-table,
hsk_exam2025,page:166;sequence:3450,3450,5,5,,早期,,早期,,zǎoqī,名,pymupdf-native-table,
hsk_exam2025,page:166;sequence:3451,3451,5,5,,早晚,,早晚,,zǎowǎn,名、副,pymupdf-native-table,
hsk_exam2025,page:166;sequence:3452,3452,5,5,,早已,,早已,,zǎoyǐ,副,pymupdf-native-table,
hsk_exam2025,page:166;sequence:3453,3453,5,5,,造,,造,,zào,动,pymupdf-native-table,
hsk_exam2025,page:166;sequence:3454,3454,5,5,,造成,,造成,,zàochéng,动,pymupdf-native-table,
hsk_exam2025,page:166;sequence:3455,3455,5,5,,增,,增,,zēng,动,pymupdf-native-table,
hsk_exam2025,page:166;sequence:3456,3456,5,5,,增进,,增进,,zēngjìn,动,pymupdf-native-table,
hsk_exam2025,page:166;sequence:3457,3457,5,5,,增强,,增强,,zēngqiáng,动,pymupdf-native-table,
hsk_exam2025,page:166;sequence:3458,3458,5,5,,赠,,赠,,zèng,动,pymupdf-native-table,
hsk_exam2025,page:166;sequence:3459,3459,5,5,,赠送,,赠送,,zèngsòng,动,pymupdf-native-table,
hsk_exam2025,page:166;sequence:3460,3460,5,5,,炸,,炸,,zhá,动,pymupdf-native-table,
hsk_exam2025,page:166;sequence:3461,3461,5,5,,摘,,摘,,zhāi,动,pymupdf-native-table,
hsk_exam2025,page:166;sequence:3462,3462,5,5,,窄,,窄,,zhǎi,形,pymupdf-native-table,
hsk_exam2025,page:166;sequence:3463,3463,5,5,,展出,,展出,,zhǎnchū,动,pymupdf-native-table,
hsk_exam2025,page:166;sequence:3464,3464,5,5,,展开,,展开,,zhǎnkāi,动,pymupdf-native-table,
hsk_exam2025,page:166;sequence:3465,3465,5,5,,展览,,展览,,zhǎnlǎn,动,pymupdf-native-table,
hsk_exam2025,page:166;sequence:3466,3466,5,5,,展示,,展示,,zhǎnshì,动,pymupdf-native-table,
hsk_exam2025,page:166;sequence:3467,3467,5,5,,展现,,展现,,zhǎnxiàn,动,pymupdf-native-table,
hsk_exam2025,page:166;sequence:3468,3468,5,5,,占,,占,,zhàn,动,pymupdf-native-table,
hsk_exam2025,page:166;sequence:3469,3469,5,5,,站台,,站台,,zhàntái,名,pymupdf-native-table,
hsk_exam2025,page:166;sequence:3470,3470,5,5,,占线,,占线,,zhànxiàn,动,pymupdf-native-table,
hsk_exam2025,page:166;sequence:3471,3471,5,5,,涨,,涨,,zhǎng,动,pymupdf-native-table,
hsk_exam2025,page:166;sequence:3472,3472,5,5,,涨价,,涨价,,zhǎngjià,动,pymupdf-native-table,
hsk_exam2025,page:166;sequence:3473,3473,5,5,,掌声,,掌声,,zhǎngshēng,名,pymupdf-native-table,
hsk_exam2025,page:166;sequence:3474,3474,5,5,,掌握,,掌握,,zhǎngwò,动,pymupdf-native-table,
hsk_exam2025,page:166;sequence:3475,3475,5,5,,账号,,账号,,zhànghào,名,pymupdf-native-table,
hsk_exam2025,page:166;sequence:3476,3476,5,5,,账户,,账户,,zhànghù,名,pymupdf-native-table,
hsk_exam2025,page:166;sequence:3477,3477,5,5,,着凉,,着凉,,zháoliáng,动,pymupdf-native-table,
hsk_exam2025,page:166;sequence:3478,3478,5,5,,召开,,召开,,zhàokāi,动,pymupdf-native-table,
hsk_exam2025,page:166;sequence:3479,3479,5,5,,折扣,,折扣,,zhékòu,名,pymupdf-native-table,
hsk_exam2025,page:166;sequence:3480,3480,5,5,,哲学,,哲学,,zhéxué,名,pymupdf-native-table,
hsk_exam2025,page:167;sequence:3481,3481,5,5,,真诚,,真诚,,zhēnchéng,形,pymupdf-native-table,
hsk_exam2025,page:167;sequence:3482,3482,5,5,,针对,,针对,,zhēnduì,动,pymupdf-native-table,
hsk_exam2025,page:167;sequence:3483,3483,5,5,,珍贵,,珍贵,,zhēnguì,形,pymupdf-native-table,
hsk_exam2025,page:167;sequence:3484,3484,5,5,,真实,,真实,,zhēnshí,形,pymupdf-native-table,
hsk_exam2025,page:167;sequence:3485,3485,5,5,,珍惜,,珍惜,,zhēnxī,动,pymupdf-native-table,
hsk_exam2025,page:167;sequence:3486,3486,5,5,,诊断,,诊断,,zhěnduàn,动,pymupdf-native-table,
hsk_exam2025,page:167;sequence:3487,3487,5,5,,阵,,阵,,zhèn,量,pymupdf-native-table,
hsk_exam2025,page:167;sequence:3488,3488,5,5,,争,,争,,zhēng,动,pymupdf-native-table,
hsk_exam2025,page:167;sequence:3489,3489,5,5,,争取,,争取,,zhēngqǔ,动,pymupdf-native-table,
hsk_exam2025,page:167;sequence:3490,3490,5,5,,整齐,,整齐,,zhěngqí,形,pymupdf-native-table,
hsk_exam2025,page:167;sequence:3491,3491,5,5,,整体,,整体,,zhěngtǐ,名,pymupdf-native-table,
hsk_exam2025,page:167;sequence:3492,3492,5,5,,整整,,整整,,zhěngzhěng,副,pymupdf-native-table,
hsk_exam2025,page:167;sequence:3493,3493,5,5,,挣,,挣,,zhèng,动,pymupdf-native-table,
hsk_exam2025,page:167;sequence:3494,3494,5,5,,政府,,政府,,zhèngfǔ,名,pymupdf-native-table,
hsk_exam2025,page:167;sequence:3495,3495,5,5,,证据,,证据,,zhèngjù,名,pymupdf-native-table,
hsk_exam2025,page:167;sequence:3496,3496,5,5,,正如,,正如,,zhèngrú,动,pymupdf-native-table,
hsk_exam2025,page:167;sequence:3497,3497,5,5,,证书,,证书,,zhèngshū,名,pymupdf-native-table,
hsk_exam2025,page:167;sequence:3498,3498,5,5,,政治,,政治,,zhèngzhì,名,pymupdf-native-table,
hsk_exam2025,page:167;sequence:3499,3499,5,5,,支,,支1,1,zhī,量,pymupdf-native-table,
hsk_exam2025,page:167;sequence:3500,3500,5,5,,知名,,知名,,zhīmíng,形,pymupdf-native-table,
hsk_exam2025,page:167;sequence:3501,3501,5,5,,直,,直,,zhí,形、动、副,pymupdf-native-table,
hsk_exam2025,page:167;sequence:3502,3502,5,5,,直播,,直播,,zhíbō,动,pymupdf-native-table,
hsk_exam2025,page:167;sequence:3503,3503,5,5,,职场,,职场,,zhíchǎng,名,pymupdf-native-table,
hsk_exam2025,page:167;sequence:3504,3504,5,5,,职工,,职工,,zhígōng,名,pymupdf-native-table,
hsk_exam2025,page:167;sequence:3505,3505,5,5,,执行,,执行,,zhíxíng,动、形,pymupdf-native-table,
hsk_exam2025,page:167;sequence:3506,3506,5,5,,止,,止,,zhǐ,动,pymupdf-native-table,
hsk_exam2025,page:167;sequence:3507,3507,5,5,,指导,,指导,,zhǐdǎo,动,pymupdf-native-table,
hsk_exam2025,page:167;sequence:3508,3508,5,5,,至,,至,,zhì,动,pymupdf-native-table,
hsk_exam2025,page:167;sequence:3509,3509,5,5,,治,,治,,zhì,动,pymupdf-native-table,
hsk_exam2025,page:167;sequence:3510,3510,5,5,,制订,,制订,,zhìdìng,动,pymupdf-native-table,
hsk_exam2025,page:167;sequence:3511,3511,5,5,,制定,,制定,,zhìdìng,动,pymupdf-native-table,
hsk_exam2025,page:167;sequence:3512,3512,5,5,,制度,,制度,,zhìdù,名,pymupdf-native-table,
hsk_exam2025,page:167;sequence:3513,3513,5,5,,智慧,,智慧,,zhìhuì,名,pymupdf-native-table,
hsk_exam2025,page:167;sequence:3514,3514,5,5,,至今,,至今,,zhìjīn,副,pymupdf-native-table,
hsk_exam2025,page:167;sequence:3515,3515,5,5,,治疗,,治疗,,zhìliáo,动,pymupdf-native-table,
hsk_exam2025,page:167;sequence:3516,3516,5,5,,智能,,智能,,zhìnéng,名、形,pymupdf-native-table,
hsk_exam2025,page:167;sequence:3517,3517,5,5,,志愿者,,志愿者,,zhìyuànzhě,名,pymupdf-native-table,
hsk_exam2025,page:167;sequence:3518,3518,5,5,,制造,,制造,,zhìzào,动,pymupdf-native-table,
hsk_exam2025,page:167;sequence:3519,3519,5,5,,制作,,制作,,zhìzuò,动,pymupdf-native-table,
hsk_exam2025,page:167;sequence:3520,3520,5,5,,中华,,中华,,Zhōnghuá,名,pymupdf-native-table,
hsk_exam2025,page:168;sequence:3521,3521,5,5,,中华民族,,中华民族,,Zhōnghuá Mínzú,,pymupdf-native-table,
hsk_exam2025,page:168;sequence:3522,3522,5,5,,中级,,中级,,zhōngjí,形,pymupdf-native-table,
hsk_exam2025,page:168;sequence:3523,3523,5,5,,中介,,中介,,zhōngjiè,名,pymupdf-native-table,
hsk_exam2025,page:168;sequence:3524,3524,5,5,,中期,,中期,,zhōngqī,名,pymupdf-native-table,
hsk_exam2025,page:168;sequence:3525,3525,5,5,,中外,,中外,,zhōngwài,名,pymupdf-native-table,
hsk_exam2025,page:168;sequence:3526,3526,5,5,,中心,,中心,,zhōngxīn,名,pymupdf-native-table,
hsk_exam2025,page:168;sequence:3527,3527,5,5,,中药,,中药,,zhōngyào,名,pymupdf-native-table,
hsk_exam2025,page:168;sequence:3528,3528,5,5,,中医,,中医,,zhōngyī,名,pymupdf-native-table,
hsk_exam2025,page:168;sequence:3529,3529,5,5,,种类,,种类,,zhǒnglèi,名,pymupdf-native-table,
hsk_exam2025,page:168;sequence:3530,3530,5,5,,种子,,种子,,zhǒngzi,名,pymupdf-native-table,
hsk_exam2025,page:168;sequence:3531,3531,5,5,,重大,,重大,,zhòngdà,形,pymupdf-native-table,
hsk_exam2025,page:168;sequence:3532,3532,5,5,,众多,,众多,,zhòngduō,形,pymupdf-native-table,
hsk_exam2025,page:168;sequence:3533,3533,5,5,,重量,,重量,,zhòngliàng,名,pymupdf-native-table,
hsk_exam2025,page:168;sequence:3534,3534,5,5,,种植,,种植,,zhòngzhí,动,pymupdf-native-table,
hsk_exam2025,page:168;sequence:3535,3535,5,5,,周年,,周年,,zhōunián,名,pymupdf-native-table,
hsk_exam2025,page:168;sequence:3536,3536,5,5,,猪,,猪,,zhū,名,pymupdf-native-table,
hsk_exam2025,page:168;sequence:3537,3537,5,5,,逐步,,逐步,,zhúbù,副,pymupdf-native-table,
hsk_exam2025,page:168;sequence:3538,3538,5,5,,逐渐,,逐渐,,zhújiàn,副,pymupdf-native-table,
hsk_exam2025,page:168;sequence:3539,3539,5,5,,竹子,,竹子,,zhúzi,名,pymupdf-native-table,
hsk_exam2025,page:168;sequence:3540,3540,5,5,,煮,,煮,,zhǔ,动,pymupdf-native-table,
hsk_exam2025,page:168;sequence:3541,3541,5,5,,主持,,主持,,zhǔchí,动,pymupdf-native-table,
hsk_exam2025,page:168;sequence:3542,3542,5,5,,主动,,主动,,zhǔdòng,形,pymupdf-native-table,
hsk_exam2025,page:168;sequence:3543,3543,5,5,,主观,,主观,,zhǔguān,形,pymupdf-native-table,
hsk_exam2025,page:168;sequence:3544,3544,5,5,,主人,,主人,,zhǔrén,名,pymupdf-native-table,
hsk_exam2025,page:168;sequence:3545,3545,5,5,,主任,,主任,,zhǔrèn,名,pymupdf-native-table,
hsk_exam2025,page:168;sequence:3546,3546,5,5,,主食,,主食,,zhǔshí,名,pymupdf-native-table,
hsk_exam2025,page:168;sequence:3547,3547,5,5,,主题,,主题,,zhǔtí,名,pymupdf-native-table,
hsk_exam2025,page:168;sequence:3548,3548,5,5,,主席,,主席,,zhǔxí,名,pymupdf-native-table,
hsk_exam2025,page:168;sequence:3549,3549,5,5,,注册,,注册,,zhùcè,动,pymupdf-native-table,
hsk_exam2025,page:168;sequence:3550,3550,5,5,,住房,,住房,,zhùfáng,名,pymupdf-native-table,
hsk_exam2025,page:168;sequence:3551,3551,5,5,,住宿,,住宿,,zhùsù,动,pymupdf-native-table,
hsk_exam2025,page:168;sequence:3552,3552,5,5,,住址,,住址,,zhùzhǐ,名,pymupdf-native-table,
hsk_exam2025,page:168;sequence:3553,3553,5,5,,注重,,注重,,zhùzhòng,动,pymupdf-native-table,
hsk_exam2025,page:168;sequence:3554,3554,5,5,,抓,,抓,,zhuā,动,pymupdf-native-table,
hsk_exam2025,page:168;sequence:3555,3555,5,5,,抓紧,,抓紧,,zhuājǐn,动,pymupdf-native-table,
hsk_exam2025,page:168;sequence:3556,3556,5,5,,专家,,专家,,zhuānjiā,名,pymupdf-native-table,
hsk_exam2025,page:168;sequence:3557,3557,5,5,,专心,,专心,,zhuānxīn,形,pymupdf-native-table,
hsk_exam2025,page:168;sequence:3558,3558,5,5,,转变,,转变,,zhuǎnbiàn,动,pymupdf-native-table,
hsk_exam2025,page:168;sequence:3559,3559,5,5,,转告,,转告,,zhuǎngào,动,pymupdf-native-table,
hsk_exam2025,page:168;sequence:3560,3560,5,5,,装饰,,装饰,,zhuāngshì,动、名,pymupdf-native-table,
hsk_exam2025,page:169;sequence:3561,3561,5,5,,装修,,装修,,zhuāngxiū,动,pymupdf-native-table,
hsk_exam2025,page:169;sequence:3562,3562,5,5,,撞,,撞,,zhuàng,动,pymupdf-native-table,
hsk_exam2025,page:169;sequence:3563,3563,5,5,,状况,,状况,,zhuàngkuàng,名,pymupdf-native-table,
hsk_exam2025,page:169;sequence:3564,3564,5,5,,状态,,状态,,zhuàngtài,名,pymupdf-native-table,
hsk_exam2025,page:169;sequence:3565,3565,5,5,,追,,追,,zhuī,动,pymupdf-native-table,
hsk_exam2025,page:169;sequence:3566,3566,5,5,,追求,,追求,,zhuīqiú,动,pymupdf-native-table,
hsk_exam2025,page:169;sequence:3567,3567,5,5,,资格,,资格,,zīgé,名,pymupdf-native-table,
hsk_exam2025,page:169;sequence:3568,3568,5,5,,资金,,资金,,zījīn,名,pymupdf-native-table,
hsk_exam2025,page:169;sequence:3569,3569,5,5,,姿势,,姿势,,zīshì,名,pymupdf-native-table,
hsk_exam2025,page:169;sequence:3570,3570,5,5,,咨询,,咨询,,zīxún,动,pymupdf-native-table,
hsk_exam2025,page:169;sequence:3571,3571,5,5,,资源,,资源,,zīyuán,名,pymupdf-native-table,
hsk_exam2025,page:169;sequence:3572,3572,5,5,,紫,,紫,,zǐ,形,pymupdf-native-table,
hsk_exam2025,page:169;sequence:3573,3573,5,5,,子女,,子女,,zǐnǚ,名,pymupdf-native-table,
hsk_exam2025,page:169;sequence:3574,3574,5,5,,自从,,自从,,zìcóng,介,pymupdf-native-table,
hsk_exam2025,page:169;sequence:3575,3575,5,5,,自动,,自动,,zìdòng,副、形,pymupdf-native-table,
hsk_exam2025,page:169;sequence:3576,3576,5,5,,自觉,,自觉,,zìjué,动、形,pymupdf-native-table,
hsk_exam2025,page:169;sequence:3577,3577,5,5,,字母,,字母,,zìmǔ,名,pymupdf-native-table,
hsk_exam2025,page:169;sequence:3578,3578,5,5,,自身,,自身,,zìshēn,名,pymupdf-native-table,
hsk_exam2025,page:169;sequence:3579,3579,5,5,,自由,,自由,,zìyóu,形、名,pymupdf-native-table,
hsk_exam2025,page:169;sequence:3580,3580,5,5,,综合,,综合,,zōnghé,动,pymupdf-native-table,
hsk_exam2025,page:169;sequence:3581,3581,5,5,,总部,,总部,,zǒngbù,名,pymupdf-native-table,
hsk_exam2025,page:169;sequence:3582,3582,5,5,,总共,,总共,,zǒnggòng,副,pymupdf-native-table,
hsk_exam2025,page:169;sequence:3583,3583,5,5,,总数,,总数,,zǒngshù,名,pymupdf-native-table,
hsk_exam2025,page:169;sequence:3584,3584,5,5,,总体,,总体,,zǒngtǐ,名,pymupdf-native-table,
hsk_exam2025,page:169;sequence:3585,3585,5,5,,总统,,总统,,zǒngtǒng,名,pymupdf-native-table,
hsk_exam2025,page:169;sequence:3586,3586,5,5,,总之,,总之,,zǒngzhī,连,pymupdf-native-table,
hsk_exam2025,page:169;sequence:3587,3587,5,5,,租金,,租金,,zūjīn,名,pymupdf-native-table,
hsk_exam2025,page:169;sequence:3588,3588,5,5,,族,,族,,zú,后缀,pymupdf-native-table,
hsk_exam2025,page:169;sequence:3589,3589,5,5,,足够,,足够,,zúgòu,动,pymupdf-native-table,
hsk_exam2025,page:169;sequence:3590,3590,5,5,,组成,,组成,,zǔchéng,动,pymupdf-native-table,
hsk_exam2025,page:169;sequence:3591,3591,5,5,,组合,,组合,,zǔhé,动、名,pymupdf-native-table,
hsk_exam2025,page:169;sequence:3592,3592,5,5,,阻止,,阻止,,zǔzhǐ,动,pymupdf-native-table,
hsk_exam2025,page:169;sequence:3593,3593,5,5,,组织,,组织,,zǔzhī,动、名,pymupdf-native-table,
hsk_exam2025,page:169;sequence:3594,3594,5,5,,嘴巴,,嘴巴,,zuǐba,名,pymupdf-native-table,
hsk_exam2025,page:169;sequence:3595,3595,5,5,,醉,,醉,,zuì,动,pymupdf-native-table,
hsk_exam2025,page:169;sequence:3596,3596,5,5,,最初,,最初,,zuìchū,名,pymupdf-native-table,
hsk_exam2025,page:169;sequence:3597,3597,5,5,,最佳,,最佳,,zuìjiā,形,pymupdf-native-table,
hsk_exam2025,page:169;sequence:3598,3598,5,5,,尊敬,,尊敬,,zūnjìng,动、形,pymupdf-native-table,
hsk_exam2025,page:169;sequence:3599,3599,5,5,,遵守,,遵守,,zūnshǒu,动,pymupdf-native-table,
hsk_exam2025,page:169;sequence:3600,3600,5,5,,作出,,作出,,zuòchū,动,pymupdf-native-table,
hsk_exam2025,page:170;sequence:3601,3601,6,6,,岸,,岸,,àn,名,pymupdf-native-table,
hsk_exam2025,page:170;sequence:3602,3602,6,6,,案例,,案例,,ànlì,名,pymupdf-native-table,
hsk_exam2025,page:170;sequence:3603,3603,6,6,,按摩,,按摩,,ànmó,动,pymupdf-native-table,
hsk_exam2025,page:170;sequence:3604,3604,6,6,,暗示,,暗示,,ànshì,动,pymupdf-native-table,
hsk_exam2025,page:170;sequence:3605,3605,6,6,,昂贵,,昂贵,,ángguì,形,pymupdf-native-table,
hsk_exam2025,page:170;sequence:3606,3606,6,6,,白白,,白白,,báibái,副,pymupdf-native-table,
hsk_exam2025,page:170;sequence:3607,3607,6,6,,白领,,白领,,báilǐng,名,pymupdf-native-table,
hsk_exam2025,page:170;sequence:3608,3608,6,6,,摆,,摆,,bǎi,动,pymupdf-native-table,
hsk_exam2025,page:170;sequence:3609,3609,6,6,,摆放,,摆放,,bǎifàng,动,pymupdf-native-table,
hsk_exam2025,page:170;sequence:3610,3610,6,6,,百分点,,百分点,,bǎifēndiǎn,名,pymupdf-native-table,
hsk_exam2025,page:170;sequence:3611,3611,6,6,,百货,,百货,,bǎihuò,名,pymupdf-native-table,
hsk_exam2025,page:170;sequence:3612,3612,6,6,,摆脱,,摆脱,,bǎituō,动,pymupdf-native-table,
hsk_exam2025,page:170;sequence:3613,3613,6,6,,败,,败,,bài,动,pymupdf-native-table,
hsk_exam2025,page:170;sequence:3614,3614,6,6,,拜访,,拜访,,bàifǎng,动,pymupdf-native-table,
hsk_exam2025,page:170;sequence:3615,3615,6,6,,拜年,,拜年,,bàinián,动,pymupdf-native-table,
hsk_exam2025,page:170;sequence:3616,3616,6,6,,版,,版,,bǎn,名、量,pymupdf-native-table,
hsk_exam2025,page:170;sequence:3617,3617,6,6,,版本,,版本,,bǎnběn,名,pymupdf-native-table,
hsk_exam2025,page:170;sequence:3618,3618,6,6,,伴随,,伴随,,bànsuí,动,pymupdf-native-table,
hsk_exam2025,page:170;sequence:3619,3619,6,6,,扮演,,扮演,,bànyǎn,动,pymupdf-native-table,
hsk_exam2025,page:170;sequence:3620,3620,6,6,,榜样,,榜样,,bǎngyàng,名,pymupdf-native-table,
hsk_exam2025,page:170;sequence:3621,3621,6,6,,棒球,,棒球,,bàngqiú,名,pymupdf-native-table,
hsk_exam2025,page:170;sequence:3622,3622,6,6,,保管,,保管,,bǎoguǎn,动,pymupdf-native-table,
hsk_exam2025,page:170;sequence:3623,3623,6,6,,保健,,保健,,bǎojiàn,动,pymupdf-native-table,
hsk_exam2025,page:170;sequence:3624,3624,6,6,,保暖,,保暖,,bǎonuǎn,动,pymupdf-native-table,
hsk_exam2025,page:170;sequence:3625,3625,6,6,,保修,,保修,,bǎoxiū,动,pymupdf-native-table,
hsk_exam2025,page:170;sequence:3626,3626,6,6,,保障,,保障,,bǎozhàng,动、名,pymupdf-native-table,
hsk_exam2025,page:170;sequence:3627,3627,6,6,,爆,,爆,,bào,动,pymupdf-native-table,
hsk_exam2025,page:170;sequence:3628,3628,6,6,,爆发,,爆发,,bàofā,动,pymupdf-native-table,
hsk_exam2025,page:170;sequence:3629,3629,6,6,,报刊,,报刊,,bàokān,名,pymupdf-native-table,
hsk_exam2025,page:170;sequence:3630,3630,6,6,,暴力,,暴力,,bàolì,名,pymupdf-native-table,
hsk_exam2025,page:170;sequence:3631,3631,6,6,,暴露,,暴露,,bàolù,动,pymupdf-native-table,
hsk_exam2025,page:170;sequence:3632,3632,6,6,,报社,,报社,,bàoshè,名,pymupdf-native-table,
hsk_exam2025,page:170;sequence:3633,3633,6,6,,爆炸,,爆炸,,bàozhà,动,pymupdf-native-table,
hsk_exam2025,page:170;sequence:3634,3634,6,6,,悲观,,悲观,,bēiguān,形,pymupdf-native-table,
hsk_exam2025,page:170;sequence:3635,3635,6,6,,悲剧,,悲剧,,bēijù,名,pymupdf-native-table,
hsk_exam2025,page:170;sequence:3636,3636,6,6,,悲伤,,悲伤,,bēishāng,形,pymupdf-native-table,
hsk_exam2025,page:170;sequence:3637,3637,6,6,,北极,,北极,,běijí,名,pymupdf-native-table,
hsk_exam2025,page:170;sequence:3638,3638,6,6,,北美洲,,北美洲,,Běiměizhōu,名,pymupdf-native-table,
hsk_exam2025,page:170;sequence:3639,3639,6,6,,被动,,被动,,bèidòng,形,pymupdf-native-table,
hsk_exam2025,page:170;sequence:3640,3640,6,6,,被迫,,被迫,,bèipò,动,pymupdf-native-table,
hsk_exam2025,page:171;sequence:3641,3641,6,6,,背心,,背心,,bèixīn,名,pymupdf-native-table,
hsk_exam2025,page:171;sequence:3642,3642,6,6,,备用,,备用,,bèiyòng,动,pymupdf-native-table,
hsk_exam2025,page:171;sequence:3643,3643,6,6,,倍增,,倍增,,bèizēng,动,pymupdf-native-table,
hsk_exam2025,page:171;sequence:3644,3644,6,6,,奔跑,,奔跑,,bēnpǎo,动,pymupdf-native-table,
hsk_exam2025,page:171;sequence:3645,3645,6,6,,本能,,本能,,běnnéng,名、副,pymupdf-native-table,
hsk_exam2025,page:171;sequence:3646,3646,6,6,,本身,,本身,,běnshēn,代,pymupdf-native-table,
hsk_exam2025,page:171;sequence:3647,3647,6,6,,本土,,本土,,běntǔ,名,pymupdf-native-table,
hsk_exam2025,page:171;sequence:3648,3648,6,6,,逼,,逼,,bī,动,pymupdf-native-table,
hsk_exam2025,page:171;sequence:3649,3649,6,6,,比方,,比方,,bǐfang,动,pymupdf-native-table,
hsk_exam2025,page:171;sequence:3650,3650,6,6,,比重,,比重,,bǐzhòng,名,pymupdf-native-table,
hsk_exam2025,page:171;sequence:3651,3651,6,6,,闭,,闭,,bì,动,pymupdf-native-table,
hsk_exam2025,page:171;sequence:3652,3652,6,6,,避,,避,,bì,动,pymupdf-native-table,
hsk_exam2025,page:171;sequence:3653,3653,6,6,,必修,,必修,,bìxiū,形,pymupdf-native-table,
hsk_exam2025,page:171;sequence:3654,3654,6,6,,编,,编,,biān,动,pymupdf-native-table,
hsk_exam2025,page:171;sequence:3655,3655,6,6,,编辑,,编辑,,biānjí,动、名,pymupdf-native-table,
hsk_exam2025,page:171;sequence:3656,3656,6,6,,编写,,编写,,biānxiě,动,pymupdf-native-table,
hsk_exam2025,page:171;sequence:3657,3657,6,6,,遍地,,遍地,,biàndì,动、副,pymupdf-native-table,
hsk_exam2025,page:171;sequence:3658,3658,6,6,,便捷,,便捷,,biànjié,形,pymupdf-native-table,
hsk_exam2025,page:171;sequence:3659,3659,6,6,,变质,,变质,,biànzhì,动,pymupdf-native-table,
hsk_exam2025,page:171;sequence:3660,3660,6,6,,兵,,兵,,bīng,名,pymupdf-native-table,
hsk_exam2025,page:171;sequence:3661,3661,6,6,,病毒,,病毒,,bìngdú,名,pymupdf-native-table,
hsk_exam2025,page:171;sequence:3662,3662,6,6,,播,,播,,bō,动,pymupdf-native-table,
hsk_exam2025,page:171;sequence:3663,3663,6,6,,播种,,播种,,bōzhǒng,动,pymupdf-native-table,
hsk_exam2025,page:171;sequence:3664,3664,6,6,,博览会,,博览会,,bólǎnhuì,名,pymupdf-native-table,
hsk_exam2025,page:171;sequence:3665,3665,6,6,,薄弱,,薄弱,,bóruò,形,pymupdf-native-table,
hsk_exam2025,page:171;sequence:3666,3666,6,6,,脖子,,脖子,,bózi,名,pymupdf-native-table,
hsk_exam2025,page:171;sequence:3667,3667,6,6,,不耐烦,,不耐烦,,bú nàifán,,pymupdf-native-table,
hsk_exam2025,page:171;sequence:3668,3668,6,6,,不顾,,不顾,,búgù,动,pymupdf-native-table,
hsk_exam2025,page:171;sequence:3669,3669,6,6,,不料,,不料,,búliào,连,pymupdf-native-table,
hsk_exam2025,page:171;sequence:3670,3670,6,6,,不适,,不适,,búshì,形,pymupdf-native-table,
hsk_exam2025,page:171;sequence:3671,3671,6,6,,不至于,,不至于,,búzhìyú,动,pymupdf-native-table,
hsk_exam2025,page:171;sequence:3672,3672,6,6,,补,,补,,bǔ,动,pymupdf-native-table,
hsk_exam2025,page:171;sequence:3673,3673,6,6,,捕,,捕,,bǔ,动,pymupdf-native-table,
hsk_exam2025,page:171;sequence:3674,3674,6,6,,补偿,,补偿,,bǔcháng,动,pymupdf-native-table,
hsk_exam2025,page:171;sequence:3675,3675,6,6,,补课,,补课,,bǔkè,动,pymupdf-native-table,
hsk_exam2025,page:171;sequence:3676,3676,6,6,,补贴,,补贴,,bǔtiē,动、名,pymupdf-native-table,
hsk_exam2025,page:171;sequence:3677,3677,6,6,,补习,,补习,,bǔxí,动,pymupdf-native-table,
hsk_exam2025,page:171;sequence:3678,3678,6,6,,布,,布,,bù,名,pymupdf-native-table,
hsk_exam2025,page:171;sequence:3679,3679,6,6,,不安,,不安,,bù’ān,形,pymupdf-native-table,
hsk_exam2025,page:171;sequence:3680,3680,6,6,,不曾,,不曾,,bùcéng,副,pymupdf-native-table,
hsk_exam2025,page:172;sequence:3681,3681,6,6,,不成,,不成,,bùchéng,动、形、助,pymupdf-native-table,
hsk_exam2025,page:172;sequence:3682,3682,6,6,,不得,,不得,,bùdé,动,pymupdf-native-table,
hsk_exam2025,page:172;sequence:3683,3683,6,6,,部队,,部队,,bùduì,名,pymupdf-native-table,
hsk_exam2025,page:172;sequence:3684,3684,6,6,,不禁,,不禁,,bùjīn,副,pymupdf-native-table,
hsk_exam2025,page:172;sequence:3685,3685,6,6,,不时,,不时,,bùshí,副、名,pymupdf-native-table,
hsk_exam2025,page:172;sequence:3686,3686,6,6,,部位,,部位,,bùwèi,名,pymupdf-native-table,
hsk_exam2025,page:172;sequence:3687,3687,6,6,,不许,,不许,,bùxǔ,动,pymupdf-native-table,
hsk_exam2025,page:172;sequence:3688,3688,6,6,,不宜,,不宜,,bùyí,动,pymupdf-native-table,
hsk_exam2025,page:172;sequence:3689,3689,6,6,,不已,,不已,,bùyǐ,动,pymupdf-native-table,
hsk_exam2025,page:172;sequence:3690,3690,6,6,,布置,,布置,,bùzhì,动,pymupdf-native-table,
hsk_exam2025,page:172;sequence:3691,3691,6,6,,不止,,不止,,bùzhǐ,动、副,pymupdf-native-table,
hsk_exam2025,page:172;sequence:3692,3692,6,6,,步骤,,步骤,,bùzhòu,名,pymupdf-native-table,
hsk_exam2025,page:172;sequence:3693,3693,6,6,,猜测,,猜测,,cāicè,动,pymupdf-native-table,
hsk_exam2025,page:172;sequence:3694,3694,6,6,,财产,,财产,,cáichǎn,名,pymupdf-native-table,
hsk_exam2025,page:172;sequence:3695,3695,6,6,,财富,,财富,,cáifù,名,pymupdf-native-table,
hsk_exam2025,page:172;sequence:3696,3696,6,6,,才华,,才华,,cáihuá,名,pymupdf-native-table,
hsk_exam2025,page:172;sequence:3697,3697,6,6,,才能,,才能,,cáinéng,名,pymupdf-native-table,
hsk_exam2025,page:172;sequence:3698,3698,6,6,,财务,,财务,,cáiwù,名,pymupdf-native-table,
hsk_exam2025,page:172;sequence:3699,3699,6,6,,财物,,财物,,cáiwù,名,pymupdf-native-table,
hsk_exam2025,page:172;sequence:3700,3700,6,6,,材质,,材质,,cáizhì,名,pymupdf-native-table,
hsk_exam2025,page:172;sequence:3701,3701,6,6,,踩,,踩,,cǎi,动,pymupdf-native-table,
hsk_exam2025,page:172;sequence:3702,3702,6,6,,采购,,采购,,cǎigòu,动、名,pymupdf-native-table,
hsk_exam2025,page:172;sequence:3703,3703,6,6,,彩虹,,彩虹,,cǎihóng,名,pymupdf-native-table,
hsk_exam2025,page:172;sequence:3704,3704,6,6,,采集,,采集,,cǎijí,动,pymupdf-native-table,
hsk_exam2025,page:172;sequence:3705,3705,6,6,,采纳,,采纳,,cǎinà,动,pymupdf-native-table,
hsk_exam2025,page:172;sequence:3706,3706,6,6,,彩票,,彩票,,cǎipiào,名,pymupdf-native-table,
hsk_exam2025,page:172;sequence:3707,3707,6,6,,参展,,参展,,cānzhǎn,动,pymupdf-native-table,
hsk_exam2025,page:172;sequence:3708,3708,6,6,,残疾,,残疾,,cánjí,名,pymupdf-native-table,
hsk_exam2025,page:172;sequence:3709,3709,6,6,,仓库,,仓库,,cāngkù,名,pymupdf-native-table,
hsk_exam2025,page:172;sequence:3710,3710,6,6,,草原,,草原,,cǎoyuán,名,pymupdf-native-table,
hsk_exam2025,page:172;sequence:3711,3711,6,6,,侧,,侧,,cè,名、动,pymupdf-native-table,
hsk_exam2025,page:172;sequence:3712,3712,6,6,,策划,,策划,,cèhuà,动,pymupdf-native-table,
hsk_exam2025,page:172;sequence:3713,3713,6,6,,测量,,测量,,cèliáng,动,pymupdf-native-table,
hsk_exam2025,page:172;sequence:3714,3714,6,6,,策略,,策略,,cèlüè,名,pymupdf-native-table,
hsk_exam2025,page:172;sequence:3715,3715,6,6,,层次,,层次,,céngcì,名,pymupdf-native-table,
hsk_exam2025,page:172;sequence:3716,3716,6,6,,层面,,层面,,céngmiàn,名,pymupdf-native-table,
hsk_exam2025,page:172;sequence:3717,3717,6,6,,叉,,叉,,chā,名、动,pymupdf-native-table,
hsk_exam2025,page:172;sequence:3718,3718,6,6,,差异,,差异,,chāyì,名,pymupdf-native-table,
hsk_exam2025,page:172;sequence:3719,3719,6,6,,插座,,插座,,chāzuò,名,pymupdf-native-table,
hsk_exam2025,page:172;sequence:3720,3720,6,6,,查询,,查询,,cháxún,动,pymupdf-native-table,
hsk_exam2025,page:173;sequence:3721,3721,6,6,,拆除,,拆除,,chāichú,动,pymupdf-native-table,
hsk_exam2025,page:173;sequence:3722,3722,6,6,,产出,,产出,,chǎnchū,动,pymupdf-native-table,
hsk_exam2025,page:173;sequence:3723,3723,6,6,,产地,,产地,,chǎndì,名,pymupdf-native-table,
hsk_exam2025,page:173;sequence:3724,3724,6,6,,肠,,肠,,cháng,名,pymupdf-native-table,
hsk_exam2025,page:173;sequence:3725,3725,6,6,,长短,,长短,,chángduǎn,名,pymupdf-native-table,
hsk_exam2025,page:173;sequence:3726,3726,6,6,,常规,,常规,,chángguī,名、形,pymupdf-native-table,
hsk_exam2025,page:173;sequence:3727,3727,6,6,,常年,,常年,,chángnián,副、名,pymupdf-native-table,
hsk_exam2025,page:173;sequence:3728,3728,6,6,,长寿,,长寿,,chángshòu,形,pymupdf-native-table,
hsk_exam2025,page:173;sequence:3729,3729,6,6,,常温,,常温,,chángwēn,名,pymupdf-native-table,
hsk_exam2025,page:173;sequence:3730,3730,6,6,,场次,,场次,,chǎngcì,名,pymupdf-native-table,
hsk_exam2025,page:173;sequence:3731,3731,6,6,,场地,,场地,,chǎngdì,名,pymupdf-native-table,
hsk_exam2025,page:173;sequence:3732,3732,6,6,,场馆,,场馆,,chǎngguǎn,名,pymupdf-native-table,
hsk_exam2025,page:173;sequence:3733,3733,6,6,,场合,,场合,,chǎnghé,名,pymupdf-native-table,
hsk_exam2025,page:173;sequence:3734,3734,6,6,,厂家,,厂家,,chǎngjiā,名,pymupdf-native-table,
hsk_exam2025,page:173;sequence:3735,3735,6,6,,场景,,场景,,chǎngjǐng,名,pymupdf-native-table,
hsk_exam2025,page:173;sequence:3736,3736,6,6,,场面,,场面,,chǎngmiàn,名,pymupdf-native-table,
hsk_exam2025,page:173;sequence:3737,3737,6,6,,厂商,,厂商,,chǎngshāng,名,pymupdf-native-table,
hsk_exam2025,page:173;sequence:3738,3738,6,6,,畅通,,畅通,,chàngtōng,形,pymupdf-native-table,
hsk_exam2025,page:173;sequence:3739,3739,6,6,,畅销,,畅销,,chàngxiāo,动,pymupdf-native-table,
hsk_exam2025,page:173;sequence:3740,3740,6,6,,抄,,抄,,chāo,动,pymupdf-native-table,
hsk_exam2025,page:173;sequence:3741,3741,6,6,,超越,,超越,,chāoyuè,动,pymupdf-native-table,
hsk_exam2025,page:173;sequence:3742,3742,6,6,,朝代,,朝代,,cháodài,名,pymupdf-native-table,
hsk_exam2025,page:173;sequence:3743,3743,6,6,,潮流,,潮流,,cháoliú,名,pymupdf-native-table,
hsk_exam2025,page:173;sequence:3744,3744,6,6,,潮湿,,潮湿,,cháoshī,形,pymupdf-native-table,
hsk_exam2025,page:173;sequence:3745,3745,6,6,,嘲笑,,嘲笑,,cháoxiào,动,pymupdf-native-table,
hsk_exam2025,page:173;sequence:3746,3746,6,6,,炒股,,炒股,,chǎogǔ,动,pymupdf-native-table,
hsk_exam2025,page:173;sequence:3747,3747,6,6,,吵架,,吵架,,chǎojià,动,pymupdf-native-table,
hsk_exam2025,page:173;sequence:3748,3748,6,6,,撤回,,撤回,,chèhuí,动,pymupdf-native-table,
hsk_exam2025,page:173;sequence:3749,3749,6,6,,撤销,,撤销,,chèxiāo,动,pymupdf-native-table,
hsk_exam2025,page:173;sequence:3750,3750,6,6,,沉重,,沉重,,chénzhòng,形,pymupdf-native-table,
hsk_exam2025,page:173;sequence:3751,3751,6,6,,趁,,趁,,chèn,介,pymupdf-native-table,
hsk_exam2025,page:173;sequence:3752,3752,6,6,,撑,,撑,,chēng,动,pymupdf-native-table,
hsk_exam2025,page:173;sequence:3753,3753,6,6,,称号,,称号,,chēnghào,名,pymupdf-native-table,
hsk_exam2025,page:173;sequence:3754,3754,6,6,,称呼,,称呼,,chēnghu,动、名,pymupdf-native-table,
hsk_exam2025,page:173;sequence:3755,3755,6,6,,称作,,称作,,chēngzuò,动,pymupdf-native-table,
hsk_exam2025,page:173;sequence:3756,3756,6,6,,成,,成,,chéng,量,pymupdf-native-table,
hsk_exam2025,page:173;sequence:3757,3757,6,6,,乘,,乘2,2,chéng,动,pymupdf-native-table,
hsk_exam2025,page:173;sequence:3758,3758,6,6,,盛,,盛,,chéng,动,pymupdf-native-table,
hsk_exam2025,page:173;sequence:3759,3759,6,6,,承办,,承办,,chéngbàn,动,pymupdf-native-table,
hsk_exam2025,page:173;sequence:3760,3760,6,6,,惩罚,,惩罚,,chéngfá,动,pymupdf-native-table,
hsk_exam2025,page:174;sequence:3761,3761,6,6,,成交,,成交,,chéngjiāo,动,pymupdf-native-table,
hsk_exam2025,page:174;sequence:3762,3762,6,6,,承诺,,承诺,,chéngnuò,动,pymupdf-native-table,
hsk_exam2025,page:174;sequence:3763,3763,6,6,,成千上万,,成千上万,,chéngqiān-shàngwàn,,pymupdf-native-table,
hsk_exam2025,page:174;sequence:3764,3764,6,6,,呈现,,呈现,,chéngxiàn,动,pymupdf-native-table,
hsk_exam2025,page:174;sequence:3765,3765,6,6,,成效,,成效,,chéngxiào,名,pymupdf-native-table,
hsk_exam2025,page:174;sequence:3766,3766,6,6,,诚信,,诚信,,chéngxìn,形,pymupdf-native-table,
hsk_exam2025,page:174;sequence:3767,3767,6,6,,成语,,成语,,chéngyǔ,名,pymupdf-native-table,
hsk_exam2025,page:174;sequence:3768,3768,6,6,,城镇,,城镇,,chéngzhèn,名,pymupdf-native-table,
hsk_exam2025,page:174;sequence:3769,3769,6,6,,持久,,持久,,chíjiǔ,形,pymupdf-native-table,
hsk_exam2025,page:174;sequence:3770,3770,6,6,,持有,,持有,,chíyǒu,动,pymupdf-native-table,
hsk_exam2025,page:174;sequence:3771,3771,6,6,,尺,,尺,,chǐ,量、名,pymupdf-native-table,
hsk_exam2025,page:174;sequence:3772,3772,6,6,,尺寸,,尺寸,,chǐcùn,名,pymupdf-native-table,
hsk_exam2025,page:174;sequence:3773,3773,6,6,,冲动,,冲动,,chōngdòng,名、形,pymupdf-native-table,
hsk_exam2025,page:174;sequence:3774,3774,6,6,,冲击,,冲击,,chōngjī,动,pymupdf-native-table,
hsk_exam2025,page:174;sequence:3775,3775,6,6,,充实,,充实,,chōngshí,形、动,pymupdf-native-table,
hsk_exam2025,page:174;sequence:3776,3776,6,6,,冲突,,冲突,,chōngtū,动,pymupdf-native-table,
hsk_exam2025,page:174;sequence:3777,3777,6,6,,崇拜,,崇拜,,chóngbài,动,pymupdf-native-table,
hsk_exam2025,page:174;sequence:3778,3778,6,6,,重建,,重建,,chóngjiàn,动,pymupdf-native-table,
hsk_exam2025,page:174;sequence:3779,3779,6,6,,冲,,冲,,chòng,动、介,pymupdf-native-table,
hsk_exam2025,page:174;sequence:3780,3780,6,6,,抽奖,,抽奖,,chōujiǎng,动,pymupdf-native-table,
hsk_exam2025,page:174;sequence:3781,3781,6,6,,抽象,,抽象,,chōuxiàng,形,pymupdf-native-table,
hsk_exam2025,page:174;sequence:3782,3782,6,6,,愁,,愁,,chóu,动,pymupdf-native-table,
hsk_exam2025,page:174;sequence:3783,3783,6,6,,筹备,,筹备,,chóubèi,动,pymupdf-native-table,
hsk_exam2025,page:174;sequence:3784,3784,6,6,,初步,,初步,,chūbù,形,pymupdf-native-table,
hsk_exam2025,page:174;sequence:3785,3785,6,6,,出场,,出场,,chūchǎng,动,pymupdf-native-table,
hsk_exam2025,page:174;sequence:3786,3786,6,6,,初等,,初等,,chūděng,形,pymupdf-native-table,
hsk_exam2025,page:174;sequence:3787,3787,6,6,,出境,,出境,,chūjìng,动,pymupdf-native-table,
hsk_exam2025,page:174;sequence:3788,3788,6,6,,出力,,出力,,chūlì,动,pymupdf-native-table,
hsk_exam2025,page:174;sequence:3789,3789,6,6,,出名,,出名,,chūmíng,形,pymupdf-native-table,
hsk_exam2025,page:174;sequence:3790,3790,6,6,,出入,,出入,,chūrù,名,pymupdf-native-table,
hsk_exam2025,page:174;sequence:3791,3791,6,6,,出示,,出示,,chūshì,动,pymupdf-native-table,
hsk_exam2025,page:174;sequence:3792,3792,6,6,,出游,,出游,,chūyóu,动,pymupdf-native-table,
hsk_exam2025,page:174;sequence:3793,3793,6,6,,出于,,出于,,chūyú,动,pymupdf-native-table,
hsk_exam2025,page:174;sequence:3794,3794,6,6,,除,,除,,chú,动、介,pymupdf-native-table,
hsk_exam2025,page:174;sequence:3795,3795,6,6,,除非,,除非,,chúfēi,连,pymupdf-native-table,
hsk_exam2025,page:174;sequence:3796,3796,6,6,,储存,,储存,,chǔcún,动,pymupdf-native-table,
hsk_exam2025,page:174;sequence:3797,3797,6,6,,处罚,,处罚,,chǔfá,动,pymupdf-native-table,
hsk_exam2025,page:174;sequence:3798,3798,6,6,,储蓄,,储蓄,,chǔxù,动、名,pymupdf-native-table,
hsk_exam2025,page:174;sequence:3799,3799,6,6,,处处,,处处,,chùchù,副,pymupdf-native-table,
hsk_exam2025,page:174;sequence:3800,3800,6,6,,穿过,,穿过,,chuānguò,动,pymupdf-native-table,
hsk_exam2025,page:175;sequence:3801,3801,6,6,,传承,,传承,,chuánchéng,动,pymupdf-native-table,
hsk_exam2025,page:175;sequence:3802,3802,6,6,,传达,,传达,,chuándá,动,pymupdf-native-table,
hsk_exam2025,page:175;sequence:3803,3803,6,6,,传染,,传染,,chuánrǎn,动,pymupdf-native-table,
hsk_exam2025,page:175;sequence:3804,3804,6,6,,传染病,,传染病,,chuánrǎnbìng,名,pymupdf-native-table,
hsk_exam2025,page:175;sequence:3805,3805,6,6,,传授,,传授,,chuánshòu,动,pymupdf-native-table,
hsk_exam2025,page:175;sequence:3806,3806,6,6,,传输,,传输,,chuánshū,动,pymupdf-native-table,
hsk_exam2025,page:175;sequence:3807,3807,6,6,,传真,,传真,,chuánzhēn,名,pymupdf-native-table,
hsk_exam2025,page:175;sequence:3808,3808,6,6,,船只,,船只,,chuánzhī,名,pymupdf-native-table,
hsk_exam2025,page:175;sequence:3809,3809,6,6,,串,,串,,chuàn,名、量,pymupdf-native-table,
hsk_exam2025,page:175;sequence:3810,3810,6,6,,窗口,,窗口,,chuāngkǒu,名,pymupdf-native-table,
hsk_exam2025,page:175;sequence:3811,3811,6,6,,闯,,闯,,chuǎng,动,pymupdf-native-table,
hsk_exam2025,page:175;sequence:3812,3812,6,6,,创办,,创办,,chuàngbàn,动,pymupdf-native-table,
hsk_exam2025,page:175;sequence:3813,3813,6,6,,创建,,创建,,chuàngjiàn,动,pymupdf-native-table,
hsk_exam2025,page:175;sequence:3814,3814,6,6,,创立,,创立,,chuànglì,动,pymupdf-native-table,
hsk_exam2025,page:175;sequence:3815,3815,6,6,,创意,,创意,,chuàngyì,名、动,pymupdf-native-table,
hsk_exam2025,page:175;sequence:3816,3816,6,6,,垂直,,垂直,,chuízhí,动,pymupdf-native-table,
hsk_exam2025,page:175;sequence:3817,3817,6,6,,纯,,纯,,chún,形、副,pymupdf-native-table,
hsk_exam2025,page:175;sequence:3818,3818,6,6,,瓷器,,瓷器,,cíqì,名,pymupdf-native-table,
hsk_exam2025,page:175;sequence:3819,3819,6,6,,此刻,,此刻,,cǐkè,名,pymupdf-native-table,
hsk_exam2025,page:175;sequence:3820,3820,6,6,,刺,,刺,,cì,动、名,pymupdf-native-table,
hsk_exam2025,page:175;sequence:3821,3821,6,6,,次数,,次数,,cìshù,名,pymupdf-native-table,
hsk_exam2025,page:175;sequence:3822,3822,6,6,,匆匆,,匆匆,,cōngcōng,形,pymupdf-native-table,
hsk_exam2025,page:175;sequence:3823,3823,6,6,,匆忙,,匆忙,,cōngmáng,形,pymupdf-native-table,
hsk_exam2025,page:175;sequence:3824,3824,6,6,,从未,,从未,,cóngwèi,副,pymupdf-native-table,
hsk_exam2025,page:175;sequence:3825,3825,6,6,,从业,,从业,,cóngyè,动,pymupdf-native-table,
hsk_exam2025,page:175;sequence:3826,3826,6,6,,醋,,醋,,cù,名,pymupdf-native-table,
hsk_exam2025,page:175;sequence:3827,3827,6,6,,脆,,脆,,cuì,形,pymupdf-native-table,
hsk_exam2025,page:175;sequence:3828,3828,6,6,,脆弱,,脆弱,,cuìruò,形,pymupdf-native-table,
hsk_exam2025,page:175;sequence:3829,3829,6,6,,村庄,,村庄,,cūnzhuāng,名,pymupdf-native-table,
hsk_exam2025,page:175;sequence:3830,3830,6,6,,存储,,存储,,cúnchǔ,动,pymupdf-native-table,
hsk_exam2025,page:175;sequence:3831,3831,6,6,,寸,,寸,,cùn,量,pymupdf-native-table,
hsk_exam2025,page:175;sequence:3832,3832,6,6,,挫折,,挫折,,cuòzhé,动,pymupdf-native-table,
hsk_exam2025,page:175;sequence:3833,3833,6,6,,搭,,搭,,dā,动,pymupdf-native-table,
hsk_exam2025,page:175;sequence:3834,3834,6,6,,搭配,,搭配,,dāpèi,动、形,pymupdf-native-table,
hsk_exam2025,page:175;sequence:3835,3835,6,6,,答复,,答复,,dáfù,动,pymupdf-native-table,
hsk_exam2025,page:175;sequence:3836,3836,6,6,,打交道,,打交道,,dǎ jiāodao,,pymupdf-native-table,
hsk_exam2025,page:175;sequence:3837,3837,6,6,,打动,,打动,,dǎdòng,动,pymupdf-native-table,
hsk_exam2025,page:175;sequence:3838,3838,6,6,,打击,,打击,,dǎjī,动,pymupdf-native-table,
hsk_exam2025,page:175;sequence:3839,3839,6,6,,打架,,打架,,dǎjià,动,pymupdf-native-table,
hsk_exam2025,page:175;sequence:3840,3840,6,6,,打卡,,打卡,,dǎkǎ,动,pymupdf-native-table,
hsk_exam2025,page:176;sequence:3841,3841,6,6,,打雷,,打雷,,dǎléi,动,pymupdf-native-table,
hsk_exam2025,page:176;sequence:3842,3842,6,6,,打造,,打造,,dǎzào,动,pymupdf-native-table,
hsk_exam2025,page:176;sequence:3843,3843,6,6,,打仗,,打仗,,dǎzhàng,动,pymupdf-native-table,
hsk_exam2025,page:176;sequence:3844,3844,6,6,,大臣,,大臣,,dàchén,名,pymupdf-native-table,
hsk_exam2025,page:176;sequence:3845,3845,6,6,,大吃一惊,,大吃一惊,,dàchī-yìjīng,,pymupdf-native-table,
hsk_exam2025,page:176;sequence:3846,3846,6,6,,大地,,大地,,dàdì,名,pymupdf-native-table,
hsk_exam2025,page:176;sequence:3847,3847,6,6,,大都,,大都,,dàdū,副,pymupdf-native-table,
hsk_exam2025,page:176;sequence:3848,3848,6,6,,大方,,大方,,dàfang,形,pymupdf-native-table,
hsk_exam2025,page:176;sequence:3849,3849,6,6,,大幅,,大幅,,dàfú,副,pymupdf-native-table,
hsk_exam2025,page:176;sequence:3850,3850,6,6,,大伙儿,,大伙儿,,dàhuǒr,代,pymupdf-native-table,
hsk_exam2025,page:176;sequence:3851,3851,6,6,,大使,,大使,,dàshǐ,名,pymupdf-native-table,
hsk_exam2025,page:176;sequence:3852,3852,6,6,,大师,,大师,,dàshī,名,pymupdf-native-table,
hsk_exam2025,page:176;sequence:3853,3853,6,6,,大洋洲,,大洋洲,,Dàyángzhōu,名,pymupdf-native-table,
hsk_exam2025,page:176;sequence:3854,3854,6,6,,大致,,大致,,dàzhì,形、副,pymupdf-native-table,
hsk_exam2025,page:176;sequence:3855,3855,6,6,,呆,,呆,,dāi,形,pymupdf-native-table,
hsk_exam2025,page:176;sequence:3856,3856,6,6,,待,,待,,dài,动,pymupdf-native-table,
hsk_exam2025,page:176;sequence:3857,3857,6,6,,代价,,代价,,dàijià,名,pymupdf-native-table,
hsk_exam2025,page:176;sequence:3858,3858,6,6,,贷款,,贷款,,dàikuǎn,动、名,pymupdf-native-table,
hsk_exam2025,page:176;sequence:3859,3859,6,6,,代理,,代理,,dàilǐ,动,pymupdf-native-table,
hsk_exam2025,page:176;sequence:3860,3860,6,6,,带领,,带领,,dàilǐng,动,pymupdf-native-table,
hsk_exam2025,page:176;sequence:3861,3861,6,6,,单纯,,单纯,,dānchún,形,pymupdf-native-table,
hsk_exam2025,page:176;sequence:3862,3862,6,6,,单调,,单调,,dāndiào,形,pymupdf-native-table,
hsk_exam2025,page:176;sequence:3863,3863,6,6,,耽误,,耽误,,dānwu,动,pymupdf-native-table,
hsk_exam2025,page:176;sequence:3864,3864,6,6,,担忧,,担忧,,dānyōu,动,pymupdf-native-table,
hsk_exam2025,page:176;sequence:3865,3865,6,6,,蛋白质,,蛋白质,,dànbáizhì,名,pymupdf-native-table,
hsk_exam2025,page:176;sequence:3866,3866,6,6,,诞生,,诞生,,dànshēng,动,pymupdf-native-table,
hsk_exam2025,page:176;sequence:3867,3867,6,6,,当场,,当场,,dāngchǎng,副,pymupdf-native-table,
hsk_exam2025,page:176;sequence:3868,3868,6,6,,当初,,当初,,dāngchū,名,pymupdf-native-table,
hsk_exam2025,page:176;sequence:3869,3869,6,6,,当代,,当代,,dāngdài,名,pymupdf-native-table,
hsk_exam2025,page:176;sequence:3870,3870,6,6,,当今,,当今,,dāngjīn,名,pymupdf-native-table,
hsk_exam2025,page:176;sequence:3871,3871,6,6,,当面,,当面,,dāngmiàn,副,pymupdf-native-table,
hsk_exam2025,page:176;sequence:3872,3872,6,6,,当下,,当下,,dāngxià,名、副,pymupdf-native-table,
hsk_exam2025,page:176;sequence:3873,3873,6,6,,当选,,当选,,dāngxuǎn,动,pymupdf-native-table,
hsk_exam2025,page:176;sequence:3874,3874,6,6,,档案,,档案,,dàng’àn,名,pymupdf-native-table,
hsk_exam2025,page:176;sequence:3875,3875,6,6,,当天,,当天,,dàngtiān,名,pymupdf-native-table,
hsk_exam2025,page:176;sequence:3876,3876,6,6,,岛,,岛,,dǎo,名,pymupdf-native-table,
hsk_exam2025,page:176;sequence:3877,3877,6,6,,倒闭,,倒闭,,dǎobì,动,pymupdf-native-table,
hsk_exam2025,page:176;sequence:3878,3878,6,6,,倒车,,倒车,,dǎochē,动,pymupdf-native-table,
hsk_exam2025,page:176;sequence:3879,3879,6,6,,导师,,导师,,dǎoshī,名,pymupdf-native-table,
hsk_exam2025,page:176;sequence:3880,3880,6,6,,道德,,道德,,dàodé,名、形,pymupdf-native-table,
hsk_exam2025,page:177;sequence:3881,3881,6,6,,倒是,,倒是,,dàoshì,副,pymupdf-native-table,
hsk_exam2025,page:177;sequence:3882,3882,6,6,,得了,,得了,,déle,动、助,pymupdf-native-table,
hsk_exam2025,page:177;sequence:3883,3883,6,6,,得以,,得以,,déyǐ,动,pymupdf-native-table,
hsk_exam2025,page:177;sequence:3884,3884,6,6,,得知,,得知,,dézhī,动,pymupdf-native-table,
hsk_exam2025,page:177;sequence:3885,3885,6,6,,灯笼,,灯笼,,dēnglong,名,pymupdf-native-table,
hsk_exam2025,page:177;sequence:3886,3886,6,6,,等级,,等级,,děngjí,名,pymupdf-native-table,
hsk_exam2025,page:177;sequence:3887,3887,6,6,,滴,,滴,,dī,动、量,pymupdf-native-table,
hsk_exam2025,page:177;sequence:3888,3888,6,6,,低碳,,低碳,,dītàn,形,pymupdf-native-table,
hsk_exam2025,page:177;sequence:3889,3889,6,6,,抵达,,抵达,,dǐdá,动,pymupdf-native-table,
hsk_exam2025,page:177;sequence:3890,3890,6,6,,抵抗,,抵抗,,dǐkàng,动,pymupdf-native-table,
hsk_exam2025,page:177;sequence:3891,3891,6,6,,地道,,地道,,dìdao,形,pymupdf-native-table,
hsk_exam2025,page:177;sequence:3892,3892,6,6,,地方,,地方,,dìfāng,名,pymupdf-native-table,
hsk_exam2025,page:177;sequence:3893,3893,6,6,,地形,,地形,,dìxíng,名,pymupdf-native-table,
hsk_exam2025,page:177;sequence:3894,3894,6,6,,地域,,地域,,dìyù,名,pymupdf-native-table,
hsk_exam2025,page:177;sequence:3895,3895,6,6,,地质,,地质,,dìzhì,名,pymupdf-native-table,
hsk_exam2025,page:177;sequence:3896,3896,6,6,,点击,,点击,,diǎnjī,动,pymupdf-native-table,
hsk_exam2025,page:177;sequence:3897,3897,6,6,,典礼,,典礼,,diǎnlǐ,名,pymupdf-native-table,
hsk_exam2025,page:177;sequence:3898,3898,6,6,,点燃,,点燃,,diǎnrán,动,pymupdf-native-table,
hsk_exam2025,page:177;sequence:3899,3899,6,6,,典型,,典型,,diǎnxíng,名、形,pymupdf-native-table,
hsk_exam2025,page:177;sequence:3900,3900,6,6,,电饭锅,,电饭锅,,diànfànguō,名,pymupdf-native-table,
hsk_exam2025,page:177;sequence:3901,3901,6,6,,电力,,电力,,diànlì,名,pymupdf-native-table,
hsk_exam2025,page:177;sequence:3902,3902,6,6,,店铺,,店铺,,diànpù,名,pymupdf-native-table,
hsk_exam2025,page:177;sequence:3903,3903,6,6,,电源,,电源,,diànyuán,名,pymupdf-native-table,
hsk_exam2025,page:177;sequence:3904,3904,6,6,,吊,,吊,,diào,动,pymupdf-native-table,
hsk_exam2025,page:177;sequence:3905,3905,6,6,,调动,,调动,,diàodòng,动,pymupdf-native-table,
hsk_exam2025,page:177;sequence:3906,3906,6,6,,钓鱼,,钓鱼,,diàoyú,动,pymupdf-native-table,
hsk_exam2025,page:177;sequence:3907,3907,6,6,,跌,,跌,,diē,动,pymupdf-native-table,
hsk_exam2025,page:177;sequence:3908,3908,6,6,,顶,,顶,,dǐng,名、动、量,pymupdf-native-table,
hsk_exam2025,page:177;sequence:3909,3909,6,6,,订单,,订单,,dìngdān,名,pymupdf-native-table,
hsk_exam2025,page:177;sequence:3910,3910,6,6,,订婚,,订婚,,dìnghūn,动,pymupdf-native-table,
hsk_exam2025,page:177;sequence:3911,3911,6,6,,定价,,定价,,dìngjià,动、名,pymupdf-native-table,
hsk_exam2025,page:177;sequence:3912,3912,6,6,,定时,,定时,,dìngshí,动、名,pymupdf-native-table,
hsk_exam2025,page:177;sequence:3913,3913,6,6,,定位,,定位,,dìngwèi,动、名,pymupdf-native-table,
hsk_exam2025,page:177;sequence:3914,3914,6,6,,定义,,定义,,dìngyì,名、动,pymupdf-native-table,
hsk_exam2025,page:177;sequence:3915,3915,6,6,,定制,,定制,,dìngzhì,动,pymupdf-native-table,
hsk_exam2025,page:177;sequence:3916,3916,6,6,,栋,,栋,,dòng,量,pymupdf-native-table,
hsk_exam2025,page:177;sequence:3917,3917,6,6,,动机,,动机,,dòngjī,名,pymupdf-native-table,
hsk_exam2025,page:177;sequence:3918,3918,6,6,,动力,,动力,,dònglì,名,pymupdf-native-table,
hsk_exam2025,page:177;sequence:3919,3919,6,6,,动漫,,动漫,,dòngmàn,名,pymupdf-native-table,
hsk_exam2025,page:177;sequence:3920,3920,6,6,,动态,,动态,,dòngtài,名、形,pymupdf-native-table,
hsk_exam2025,page:178;sequence:3921,3921,6,6,,动听,,动听,,dòngtīng,形,pymupdf-native-table,
hsk_exam2025,page:178;sequence:3922,3922,6,6,,逗,,逗,,dòu,动、形,pymupdf-native-table,
hsk_exam2025,page:178;sequence:3923,3923,6,6,,斗争,,斗争,,dòuzhēng,动、名,pymupdf-native-table,
hsk_exam2025,page:178;sequence:3924,3924,6,6,,都市,,都市,,dūshì,名,pymupdf-native-table,
hsk_exam2025,page:178;sequence:3925,3925,6,6,,毒,,毒,,dú,名、动、形,pymupdf-native-table,
hsk_exam2025,page:178;sequence:3926,3926,6,6,,渡,,渡,,dù,动,pymupdf-native-table,
hsk_exam2025,page:178;sequence:3927,3927,6,6,,端,,端,,duān,动,pymupdf-native-table,
hsk_exam2025,page:178;sequence:3928,3928,6,6,,短缺,,短缺,,duǎnquē,动,pymupdf-native-table,
hsk_exam2025,page:178;sequence:3929,3929,6,6,,对称,,对称,,duìchèn,形,pymupdf-native-table,
hsk_exam2025,page:178;sequence:3930,3930,6,6,,对接,,对接,,duìjiē,动,pymupdf-native-table,
hsk_exam2025,page:178;sequence:3931,3931,6,6,,对抗,,对抗,,duìkàng,动,pymupdf-native-table,
hsk_exam2025,page:178;sequence:3932,3932,6,6,,对立,,对立,,duìlì,动,pymupdf-native-table,
hsk_exam2025,page:178;sequence:3933,3933,6,6,,对应,,对应,,duìyìng,动、形,pymupdf-native-table,
hsk_exam2025,page:178;sequence:3934,3934,6,6,,蹲,,蹲,,dūn,动,pymupdf-native-table,
hsk_exam2025,page:178;sequence:3935,3935,6,6,,顿时,,顿时,,dùnshí,副,pymupdf-native-table,
hsk_exam2025,page:178;sequence:3936,3936,6,6,,多才多艺,,多才多艺,,duōcái-duōyì,,pymupdf-native-table,
hsk_exam2025,page:178;sequence:3937,3937,6,6,,多亏,,多亏,,duōkuī,动,pymupdf-native-table,
hsk_exam2025,page:178;sequence:3938,3938,6,6,,多媒体,,多媒体,,duōméitǐ,名,pymupdf-native-table,
hsk_exam2025,page:178;sequence:3939,3939,6,6,,多余,,多余,,duōyú,动、形,pymupdf-native-table,
hsk_exam2025,page:178;sequence:3940,3940,6,6,,多元,,多元,,duōyuán,形,pymupdf-native-table,
hsk_exam2025,page:178;sequence:3941,3941,6,6,,夺,,夺,,duó,动,pymupdf-native-table,
hsk_exam2025,page:178;sequence:3942,3942,6,6,,夺取,,夺取,,duóqǔ,动,pymupdf-native-table,
hsk_exam2025,page:178;sequence:3943,3943,6,6,,躲避,,躲避,,duǒbì,动,pymupdf-native-table,
hsk_exam2025,page:178;sequence:3944,3944,6,6,,恶心,,恶心,,ěxin,形、动,pymupdf-native-table,
hsk_exam2025,page:178;sequence:3945,3945,6,6,,恶劣,,恶劣,,èliè,形,pymupdf-native-table,
hsk_exam2025,page:178;sequence:3946,3946,6,6,,儿科,,儿科,,érkē,名,pymupdf-native-table,
hsk_exam2025,page:178;sequence:3947,3947,6,6,,耳环,,耳环,,ěrhuán,名,pymupdf-native-table,
hsk_exam2025,page:178;sequence:3948,3948,6,6,,二氧化碳,,二氧化碳,,èryǎnghuàtàn,名,pymupdf-native-table,
hsk_exam2025,page:178;sequence:3949,3949,6,6,,发病,,发病,,fābìng,动,pymupdf-native-table,
hsk_exam2025,page:178;sequence:3950,3950,6,6,,发愁,,发愁,,fāchóu,动,pymupdf-native-table,
hsk_exam2025,page:178;sequence:3951,3951,6,6,,发电,,发电,,fādiàn,动,pymupdf-native-table,
hsk_exam2025,page:178;sequence:3952,3952,6,6,,发动,,发动,,fādòng,动,pymupdf-native-table,
hsk_exam2025,page:178;sequence:3953,3953,6,6,,发放,,发放,,fāfàng,动,pymupdf-native-table,
hsk_exam2025,page:178;sequence:3954,3954,6,6,,发光,,发光,,fāguāng,动,pymupdf-native-table,
hsk_exam2025,page:178;sequence:3955,3955,6,6,,发票,,发票,,fāpiào,名,pymupdf-native-table,
hsk_exam2025,page:178;sequence:3956,3956,6,6,,发行,,发行,,fāxíng,动,pymupdf-native-table,
hsk_exam2025,page:178;sequence:3957,3957,6,6,,发炎,,发炎,,fāyán,动,pymupdf-native-table,
hsk_exam2025,page:178;sequence:3958,3958,6,6,,发育,,发育,,fāyù,动,pymupdf-native-table,
hsk_exam2025,page:178;sequence:3959,3959,6,6,,法定,,法定,,fǎdìng,形,pymupdf-native-table,
hsk_exam2025,page:178;sequence:3960,3960,6,6,,法官,,法官,,fǎguān,名,pymupdf-native-table,
hsk_exam2025,page:179;sequence:3961,3961,6,6,,法规,,法规,,fǎguī,名,pymupdf-native-table,
hsk_exam2025,page:179;sequence:3962,3962,6,6,,番,,番,,fān,量,pymupdf-native-table,
hsk_exam2025,page:179;sequence:3963,3963,6,6,,繁忙,,繁忙,,fánmáng,形,pymupdf-native-table,
hsk_exam2025,page:179;sequence:3964,3964,6,6,,凡是,,凡是,,fánshì,副,pymupdf-native-table,
hsk_exam2025,page:179;sequence:3965,3965,6,6,,繁殖,,繁殖,,fánzhí,动,pymupdf-native-table,
hsk_exam2025,page:179;sequence:3966,3966,6,6,,反馈,,反馈,,fǎnkuì,动,pymupdf-native-table,
hsk_exam2025,page:179;sequence:3967,3967,6,6,,反思,,反思,,fǎnsī,动,pymupdf-native-table,
hsk_exam2025,page:179;sequence:3968,3968,6,6,,犯,,犯,,fàn,动,pymupdf-native-table,
hsk_exam2025,page:179;sequence:3969,3969,6,6,,方方面面,,方方面面,,fāngfāngmiànmiàn,名,pymupdf-native-table,
hsk_exam2025,page:179;sequence:3970,3970,6,6,,方位,,方位,,fāngwèi,名,pymupdf-native-table,
hsk_exam2025,page:179;sequence:3971,3971,6,6,,方言,,方言,,fāngyán,名,pymupdf-native-table,
hsk_exam2025,page:179;sequence:3972,3972,6,6,,妨碍,,妨碍,,fáng’ài,动,pymupdf-native-table,
hsk_exam2025,page:179;sequence:3973,3973,6,6,,房价,,房价,,fángjià,名,pymupdf-native-table,
hsk_exam2025,page:179;sequence:3974,3974,6,6,,防治,,防治,,fángzhì,动,pymupdf-native-table,
hsk_exam2025,page:179;sequence:3975,3975,6,6,,访谈,,访谈,,fǎngtán,动,pymupdf-native-table,
hsk_exam2025,page:179;sequence:3976,3976,6,6,,放大,,放大,,fàngdà,动,pymupdf-native-table,
hsk_exam2025,page:179;sequence:3977,3977,6,6,,放飞,,放飞,,fàngfēi,动,pymupdf-native-table,
hsk_exam2025,page:179;sequence:3978,3978,6,6,,飞速,,飞速,,fēisù,副,pymupdf-native-table,
hsk_exam2025,page:179;sequence:3979,3979,6,6,,肥,,肥,,féi,形、动、名,pymupdf-native-table,
hsk_exam2025,page:179;sequence:3980,3980,6,6,,肥胖,,肥胖,,féipàng,形,pymupdf-native-table,
hsk_exam2025,page:179;sequence:3981,3981,6,6,,肥沃,,肥沃,,féiwò,形,pymupdf-native-table,
hsk_exam2025,page:179;sequence:3982,3982,6,6,,肺,,肺,,fèi,名,pymupdf-native-table,
hsk_exam2025,page:179;sequence:3983,3983,6,6,,肺炎,,肺炎,,fèiyán,名,pymupdf-native-table,
hsk_exam2025,page:179;sequence:3984,3984,6,6,,分工,,分工,,fēngōng,动,pymupdf-native-table,
hsk_exam2025,page:179;sequence:3985,3985,6,6,,分级,,分级,,fēnjí,动,pymupdf-native-table,
hsk_exam2025,page:179;sequence:3986,3986,6,6,,分期,,分期,,fēnqī,动,pymupdf-native-table,
hsk_exam2025,page:179;sequence:3987,3987,6,6,,分散,,分散,,fēnsàn,形、动,pymupdf-native-table,
hsk_exam2025,page:179;sequence:3988,3988,6,6,,氛围,,氛围,,fēnwéi,名,pymupdf-native-table,
hsk_exam2025,page:179;sequence:3989,3989,6,6,,粉,,粉,,fěn,名、形,pymupdf-native-table,
hsk_exam2025,page:179;sequence:3990,3990,6,6,,愤怒,,愤怒,,fènnù,形,pymupdf-native-table,
hsk_exam2025,page:179;sequence:3991,3991,6,6,,封闭,,封闭,,fēngbì,动,pymupdf-native-table,
hsk_exam2025,page:179;sequence:3992,3992,6,6,,风光,,风光,,fēngguāng,名,pymupdf-native-table,
hsk_exam2025,page:179;sequence:3993,3993,6,6,,风力,,风力,,fēnglì,名,pymupdf-native-table,
hsk_exam2025,page:179;sequence:3994,3994,6,6,,丰收,,丰收,,fēngshōu,动,pymupdf-native-table,
hsk_exam2025,page:179;sequence:3995,3995,6,6,,风雨,,风雨,,fēngyǔ,名,pymupdf-native-table,
hsk_exam2025,page:179;sequence:3996,3996,6,6,,奉献,,奉献,,fèngxiàn,动,pymupdf-native-table,
hsk_exam2025,page:179;sequence:3997,3997,6,6,,夫人,,夫人,,fūrén,名,pymupdf-native-table,
hsk_exam2025,page:179;sequence:3998,3998,6,6,,服,,服,,fú,动,pymupdf-native-table,
hsk_exam2025,page:179;sequence:3999,3999,6,6,,浮,,浮,,fú,动,pymupdf-native-table,
hsk_exam2025,page:179;sequence:4000,4000,6,6,,服从,,服从,,fúcóng,动,pymupdf-native-table,
hsk_exam2025,page:180;sequence:4001,4001,6,6,,幅度,,幅度,,fúdù,名,pymupdf-native-table,
hsk_exam2025,page:180;sequence:4002,4002,6,6,,符号,,符号,,fúhào,名,pymupdf-native-table,
hsk_exam2025,page:180;sequence:4003,4003,6,6,,福利,,福利,,fúlì,名、动,pymupdf-native-table,
hsk_exam2025,page:180;sequence:4004,4004,6,6,,服用,,服用,,fúyòng,动,pymupdf-native-table,
hsk_exam2025,page:180;sequence:4005,4005,6,6,,辅导,,辅导,,fǔdǎo,动,pymupdf-native-table,
hsk_exam2025,page:180;sequence:4006,4006,6,6,,辅助,,辅助,,fǔzhù,动、形,pymupdf-native-table,
hsk_exam2025,page:180;sequence:4007,4007,6,6,,副,,副2,2,fù,形,pymupdf-native-table,
hsk_exam2025,page:180;sequence:4008,4008,6,6,,覆盖,,覆盖,,fùgài,动,pymupdf-native-table,
hsk_exam2025,page:180;sequence:4009,4009,6,6,,附件,,附件,,fùjiàn,名,pymupdf-native-table,
hsk_exam2025,page:180;sequence:4010,4010,6,6,,负面,,负面,,fùmiàn,形,pymupdf-native-table,
hsk_exam2025,page:180;sequence:4011,4011,6,6,,富裕,,富裕,,fùyù,形、动,pymupdf-native-table,
hsk_exam2025,page:180;sequence:4012,4012,6,6,,赋予,,赋予,,fùyǔ,动,pymupdf-native-table,
hsk_exam2025,page:180;sequence:4013,4013,6,6,,该,,该2,2,gāi,代,pymupdf-native-table,
hsk_exam2025,page:180;sequence:4014,4014,6,6,,改编,,改编,,gǎibiān,动,pymupdf-native-table,
hsk_exam2025,page:180;sequence:4015,4015,6,6,,改造,,改造,,gǎizào,动,pymupdf-native-table,
hsk_exam2025,page:180;sequence:4016,4016,6,6,,概率,,概率,,gàilǜ,名,pymupdf-native-table,
hsk_exam2025,page:180;sequence:4017,4017,6,6,,肝,,肝,,gān,名,pymupdf-native-table,
hsk_exam2025,page:180;sequence:4018,4018,6,6,,干脆,,干脆,,gāncuì,形、副,pymupdf-native-table,
hsk_exam2025,page:180;sequence:4019,4019,6,6,,尴尬,,尴尬,,gāngà,形,pymupdf-native-table,
hsk_exam2025,page:180;sequence:4020,4020,6,6,,干旱,,干旱,,gānhàn,形,pymupdf-native-table,
hsk_exam2025,page:180;sequence:4021,4021,6,6,,干扰,,干扰,,gānrǎo,动,pymupdf-native-table,
hsk_exam2025,page:180;sequence:4022,4022,6,6,,干燥,,干燥,,gānzào,形,pymupdf-native-table,
hsk_exam2025,page:180;sequence:4023,4023,6,6,,感激,,感激,,gǎnjī,动,pymupdf-native-table,
hsk_exam2025,page:180;sequence:4024,4024,6,6,,赶忙,,赶忙,,gǎnmáng,副,pymupdf-native-table,
hsk_exam2025,page:180;sequence:4025,4025,6,6,,感染,,感染,,gǎnrǎn,动,pymupdf-native-table,
hsk_exam2025,page:180;sequence:4026,4026,6,6,,感想,,感想,,gǎnxiǎng,名,pymupdf-native-table,
hsk_exam2025,page:180;sequence:4027,4027,6,6,,钢笔,,钢笔,,gāngbǐ,名,pymupdf-native-table,
hsk_exam2025,page:180;sequence:4028,4028,6,6,,港口,,港口,,gǎngkǒu,名,pymupdf-native-table,
hsk_exam2025,page:180;sequence:4029,4029,6,6,,岗位,,岗位,,gǎngwèi,名,pymupdf-native-table,
hsk_exam2025,page:180;sequence:4030,4030,6,6,,高层,,高层,,gāocéng,名、形,pymupdf-native-table,
hsk_exam2025,page:180;sequence:4031,4031,6,6,,高超,,高超,,gāochāo,形,pymupdf-native-table,
hsk_exam2025,page:180;sequence:4032,4032,6,6,,高等,,高等,,gāoděng,形,pymupdf-native-table,
hsk_exam2025,page:180;sequence:4033,4033,6,6,,高端,,高端,,gāoduān,形、名,pymupdf-native-table,
hsk_exam2025,page:180;sequence:4034,4034,6,6,,高峰,,高峰,,gāofēng,名,pymupdf-native-table,
hsk_exam2025,page:180;sequence:4035,4035,6,6,,高尚,,高尚,,gāoshàng,形,pymupdf-native-table,
hsk_exam2025,page:180;sequence:4036,4036,6,6,,高手,,高手,,gāoshǒu,名,pymupdf-native-table,
hsk_exam2025,page:180;sequence:4037,4037,6,6,,高新技术,,高新技术,,gāoxīn-jìshù,,pymupdf-native-table,
hsk_exam2025,page:180;sequence:4038,4038,6,6,,高原,,高原,,gāoyuán,名,pymupdf-native-table,
hsk_exam2025,page:180;sequence:4039,4039,6,6,,稿件,,稿件,,gǎojiàn,名,pymupdf-native-table,
hsk_exam2025,page:180;sequence:4040,4040,6,6,,稿子,,稿子,,gǎozi,名,pymupdf-native-table,
hsk_exam2025,page:181;sequence:4041,4041,6,6,,割,,割,,gē,动,pymupdf-native-table,
hsk_exam2025,page:181;sequence:4042,4042,6,6,,歌唱,,歌唱,,gēchàng,动,pymupdf-native-table,
hsk_exam2025,page:181;sequence:4043,4043,6,6,,隔壁,,隔壁,,gébì,名,pymupdf-native-table,
hsk_exam2025,page:181;sequence:4044,4044,6,6,,革命,,革命,,gémìng,动、形,pymupdf-native-table,
hsk_exam2025,page:181;sequence:4045,4045,6,6,,个体,,个体,,gètǐ,名,pymupdf-native-table,
hsk_exam2025,page:181;sequence:4046,4046,6,6,,给予,,给予,,jǐyǔ,动,pymupdf-native-table,
hsk_exam2025,page:181;sequence:4047,4047,6,6,,跟前,,跟前,,gēnqián,名,pymupdf-native-table,
hsk_exam2025,page:181;sequence:4048,4048,6,6,,跟随,,跟随,,gēnsuí,动,pymupdf-native-table,
hsk_exam2025,page:181;sequence:4049,4049,6,6,,跟踪,,跟踪,,gēnzōng,动,pymupdf-native-table,
hsk_exam2025,page:181;sequence:4050,4050,6,6,,公,,公,,gōng,形,pymupdf-native-table,
hsk_exam2025,page:181;sequence:4051,4051,6,6,,宫,,宫,,gōng,名,pymupdf-native-table,
hsk_exam2025,page:181;sequence:4052,4052,6,6,,公安,,公安,,gōng’ān,名,pymupdf-native-table,
hsk_exam2025,page:181;sequence:4053,4053,6,6,,工地,,工地,,gōngdì,名,pymupdf-native-table,
hsk_exam2025,page:181;sequence:4054,4054,6,6,,工夫,,工夫,,gōngfu,名,pymupdf-native-table,
hsk_exam2025,page:181;sequence:4055,4055,6,6,,公告,,公告,,gōnggào,动、名,pymupdf-native-table,
hsk_exam2025,page:181;sequence:4056,4056,6,6,,供给,,供给,,gōngjǐ,动,pymupdf-native-table,
hsk_exam2025,page:181;sequence:4057,4057,6,6,,攻击,,攻击,,gōngjī,动,pymupdf-native-table,
hsk_exam2025,page:181;sequence:4058,4058,6,6,,公开,,公开,,gōngkāi,形、动,pymupdf-native-table,
hsk_exam2025,page:181;sequence:4059,4059,6,6,,公民,,公民,,gōngmín,名,pymupdf-native-table,
hsk_exam2025,page:181;sequence:4060,4060,6,6,,公认,,公认,,gōngrèn,动,pymupdf-native-table,
hsk_exam2025,page:181;sequence:4061,4061,6,6,,功效,,功效,,gōngxiào,名,pymupdf-native-table,
hsk_exam2025,page:181;sequence:4062,4062,6,6,,工序,,工序,,gōngxù,名,pymupdf-native-table,
hsk_exam2025,page:181;sequence:4063,4063,6,6,,公益,,公益,,gōngyì,名,pymupdf-native-table,
hsk_exam2025,page:181;sequence:4064,4064,6,6,,供应,,供应,,gōngyìng,动,pymupdf-native-table,
hsk_exam2025,page:181;sequence:4065,4065,6,6,,公元,,公元,,gōngyuán,名,pymupdf-native-table,
hsk_exam2025,page:181;sequence:4066,4066,6,6,,公正,,公正,,gōngzhèng,形,pymupdf-native-table,
hsk_exam2025,page:181;sequence:4067,4067,6,6,,公众,,公众,,gōngzhòng,名,pymupdf-native-table,
hsk_exam2025,page:181;sequence:4068,4068,6,6,,公主,,公主,,gōngzhǔ,名,pymupdf-native-table,
hsk_exam2025,page:181;sequence:4069,4069,6,6,,巩固,,巩固,,gǒnggù,形、动,pymupdf-native-table,
hsk_exam2025,page:181;sequence:4070,4070,6,6,,共计,,共计,,gòngjì,动,pymupdf-native-table,
hsk_exam2025,page:181;sequence:4071,4071,6,6,,沟,,沟,,gōu,名,pymupdf-native-table,
hsk_exam2025,page:181;sequence:4072,4072,6,6,,构造,,构造,,gòuzào,动,pymupdf-native-table,
hsk_exam2025,page:181;sequence:4073,4073,6,6,,孤独,,孤独,,gūdú,形,pymupdf-native-table,
hsk_exam2025,page:181;sequence:4074,4074,6,6,,姑姑,,姑姑,,gūgu,名,pymupdf-native-table,
hsk_exam2025,page:181;sequence:4075,4075,6,6,,古典,,古典,,gǔdiǎn,形,pymupdf-native-table,
hsk_exam2025,page:181;sequence:4076,4076,6,6,,古迹,,古迹,,gǔjì,名,pymupdf-native-table,
hsk_exam2025,page:181;sequence:4077,4077,6,6,,股票,,股票,,gǔpiào,名,pymupdf-native-table,
hsk_exam2025,page:181;sequence:4078,4078,6,6,,古人,,古人,,gǔrén,名,pymupdf-native-table,
hsk_exam2025,page:181;sequence:4079,4079,6,6,,股市,,股市,,gǔshì,名,pymupdf-native-table,
hsk_exam2025,page:181;sequence:4080,4080,6,6,,骨头,,骨头,,gǔtou,名,pymupdf-native-table,
hsk_exam2025,page:182;sequence:4081,4081,6,6,,鼓舞,,鼓舞,,gǔwǔ,动、形,pymupdf-native-table,
hsk_exam2025,page:182;sequence:4082,4082,6,6,,顾,,顾,,gù,动,pymupdf-native-table,
hsk_exam2025,page:182;sequence:4083,4083,6,6,,固体,,固体,,gùtǐ,名,pymupdf-native-table,
hsk_exam2025,page:182;sequence:4084,4084,6,6,,顾问,,顾问,,gùwèn,名,pymupdf-native-table,
hsk_exam2025,page:182;sequence:4085,4085,6,6,,故障,,故障,,gùzhàng,名,pymupdf-native-table,
hsk_exam2025,page:182;sequence:4086,4086,6,6,,拐,,拐,,guǎi,动,pymupdf-native-table,
hsk_exam2025,page:182;sequence:4087,4087,6,6,,拐弯,,拐弯,,guǎiwān,动,pymupdf-native-table,
hsk_exam2025,page:182;sequence:4088,4088,6,6,,官,,官,,guān,名,pymupdf-native-table,
hsk_exam2025,page:182;sequence:4089,4089,6,6,,关爱,,关爱,,guān’ài,动,pymupdf-native-table,
hsk_exam2025,page:182;sequence:4090,4090,6,6,,官方,,官方,,guānfāng,名,pymupdf-native-table,
hsk_exam2025,page:182;sequence:4091,4091,6,6,,观光,,观光,,guānguāng,动,pymupdf-native-table,
hsk_exam2025,page:182;sequence:4092,4092,6,6,,关怀,,关怀,,guānhuái,动,pymupdf-native-table,
hsk_exam2025,page:182;sequence:4093,4093,6,6,,关联,,关联,,guānlián,动,pymupdf-native-table,
hsk_exam2025,page:182;sequence:4094,4094,6,6,,观赏,,观赏,,guānshǎng,动,pymupdf-native-table,
hsk_exam2025,page:182;sequence:4095,4095,6,6,,官员,,官员,,guānyuán,名,pymupdf-native-table,
hsk_exam2025,page:182;sequence:4096,4096,6,6,,管道,,管道,,guǎndào,名,pymupdf-native-table,
hsk_exam2025,page:182;sequence:4097,4097,6,6,,罐,,罐,,guàn,名,pymupdf-native-table,
hsk_exam2025,page:182;sequence:4098,4098,6,6,,广阔,,广阔,,guǎngkuò,形,pymupdf-native-table,
hsk_exam2025,page:182;sequence:4099,4099,6,6,,归,,归,,guī,动、介,pymupdf-native-table,
hsk_exam2025,page:182;sequence:4100,4100,6,6,,规范,,规范,,guīfàn,名、形、动,pymupdf-native-table,
hsk_exam2025,page:182;sequence:4101,4101,6,6,,规划,,规划,,guīhuà,名、动,pymupdf-native-table,
hsk_exam2025,page:182;sequence:4102,4102,6,6,,归还,,归还,,guīhuán,动,pymupdf-native-table,
hsk_exam2025,page:182;sequence:4103,4103,6,6,,规矩,,规矩,,guīju,名、形,pymupdf-native-table,
hsk_exam2025,page:182;sequence:4104,4104,6,6,,轨道,,轨道,,guǐdào,名,pymupdf-native-table,
hsk_exam2025,page:182;sequence:4105,4105,6,6,,跪,,跪,,guì,动,pymupdf-native-table,
hsk_exam2025,page:182;sequence:4106,4106,6,6,,贵重,,贵重,,guìzhòng,形,pymupdf-native-table,
hsk_exam2025,page:182;sequence:4107,4107,6,6,,棍,,棍,,gùn,名,pymupdf-native-table,
hsk_exam2025,page:182;sequence:4108,4108,6,6,,国宝,,国宝,,guóbǎo,名,pymupdf-native-table,
hsk_exam2025,page:182;sequence:4109,4109,6,6,,国产,,国产,,guóchǎn,形,pymupdf-native-table,
hsk_exam2025,page:182;sequence:4110,4110,6,6,,国歌,,国歌,,guógē,名,pymupdf-native-table,
hsk_exam2025,page:182;sequence:4111,4111,6,6,,国旗,,国旗,,guóqí,名,pymupdf-native-table,
hsk_exam2025,page:182;sequence:4112,4112,6,6,,国情,,国情,,guóqíng,名,pymupdf-native-table,
hsk_exam2025,page:182;sequence:4113,4113,6,6,,国王,,国王,,guówáng,名,pymupdf-native-table,
hsk_exam2025,page:182;sequence:4114,4114,6,6,,过渡,,过渡,,guòdù,动,pymupdf-native-table,
hsk_exam2025,page:182;sequence:4115,4115,6,6,,过后,,过后,,guòhòu,名,pymupdf-native-table,
hsk_exam2025,page:182;sequence:4116,4116,6,6,,过时,,过时,,guòshí,动、形,pymupdf-native-table,
hsk_exam2025,page:182;sequence:4117,4117,6,6,,海内外,,海内外,,hǎi nèiwài,,pymupdf-native-table,
hsk_exam2025,page:182;sequence:4118,4118,6,6,,海岸,,海岸,,hǎi’àn,名,pymupdf-native-table,
hsk_exam2025,page:182;sequence:4119,4119,6,6,,海拔,,海拔,,hǎibá,名,pymupdf-native-table,
hsk_exam2025,page:182;sequence:4120,4120,6,6,,海面,,海面,,hǎimiàn,名,pymupdf-native-table,
hsk_exam2025,page:183;sequence:4121,4121,6,6,,海域,,海域,,hǎiyù,名,pymupdf-native-table,
hsk_exam2025,page:183;sequence:4122,4122,6,6,,害,,害,,hài,名、动,pymupdf-native-table,
hsk_exam2025,page:183;sequence:4123,4123,6,6,,寒冬,,寒冬,,hándōng,名,pymupdf-native-table,
hsk_exam2025,page:183;sequence:4124,4124,6,6,,含义,,含义,,hányì,名,pymupdf-native-table,
hsk_exam2025,page:183;sequence:4125,4125,6,6,,罕见,,罕见,,hǎnjiàn,形,pymupdf-native-table,
hsk_exam2025,page:183;sequence:4126,4126,6,6,,旱灾,,旱灾,,hànzāi,名,pymupdf-native-table,
hsk_exam2025,page:183;sequence:4127,4127,6,6,,航空,,航空,,hángkōng,动,pymupdf-native-table,
hsk_exam2025,page:183;sequence:4128,4128,6,6,,毫不,,毫不,,háo bù,,pymupdf-native-table,
hsk_exam2025,page:183;sequence:4129,4129,6,6,,毫无,,毫无,,háo wú,,pymupdf-native-table,
hsk_exam2025,page:183;sequence:4130,4130,6,6,,毫米,,毫米,,háomǐ,量,pymupdf-native-table,
hsk_exam2025,page:183;sequence:4131,4131,6,6,,毫升,,毫升,,háoshēng,量,pymupdf-native-table,
hsk_exam2025,page:183;sequence:4132,4132,6,6,,好不,,好不,,hǎobù,副,pymupdf-native-table,
hsk_exam2025,page:183;sequence:4133,4133,6,6,,好感,,好感,,hǎogǎn,名,pymupdf-native-table,
hsk_exam2025,page:183;sequence:4134,4134,6,6,,好容易,,好容易,,hǎoróngyì,形,pymupdf-native-table,
hsk_exam2025,page:183;sequence:4135,4135,6,6,,好客,,好客,,hàokè,形,pymupdf-native-table,
hsk_exam2025,page:183;sequence:4136,4136,6,6,,好学,,好学,,hàoxué,动,pymupdf-native-table,
hsk_exam2025,page:183;sequence:4137,4137,6,6,,号召,,号召,,hàozhào,动,pymupdf-native-table,
hsk_exam2025,page:183;sequence:4138,4138,6,6,,合并,,合并,,hébìng,动,pymupdf-native-table,
hsk_exam2025,page:183;sequence:4139,4139,6,6,,合成,,合成,,héchéng,动,pymupdf-native-table,
hsk_exam2025,page:183;sequence:4140,4140,6,6,,和平,,和平,,hépíng,名,pymupdf-native-table,
hsk_exam2025,page:183;sequence:4141,4141,6,6,,和谐,,和谐,,héxié,形,pymupdf-native-table,
hsk_exam2025,page:183;sequence:4142,4142,6,6,,核心,,核心,,héxīn,名,pymupdf-native-table,
hsk_exam2025,page:183;sequence:4143,4143,6,6,,嘿,,嘿,,hēi,叹,pymupdf-native-table,
hsk_exam2025,page:183;sequence:4144,4144,6,6,,黑暗,,黑暗,,hēi’àn,形,pymupdf-native-table,
hsk_exam2025,page:183;sequence:4145,4145,6,6,,痕迹,,痕迹,,hénjì,名,pymupdf-native-table,
hsk_exam2025,page:183;sequence:4146,4146,6,6,,狠,,狠,,hěn,形、动、副,pymupdf-native-table,
hsk_exam2025,page:183;sequence:4147,4147,6,6,,恨,,恨,,hèn,动,pymupdf-native-table,
hsk_exam2025,page:183;sequence:4148,4148,6,6,,横,,横,,héng,形、动、名,pymupdf-native-table,
hsk_exam2025,page:183;sequence:4149,4149,6,6,,衡量,,衡量,,héngliáng,动,pymupdf-native-table,
hsk_exam2025,page:183;sequence:4150,4150,6,6,,宏大,,宏大,,hóngdà,形,pymupdf-native-table,
hsk_exam2025,page:183;sequence:4151,4151,6,6,,洪水,,洪水,,hóngshuǐ,名,pymupdf-native-table,
hsk_exam2025,page:183;sequence:4152,4152,6,6,,后代,,后代,,hòudài,名,pymupdf-native-table,
hsk_exam2025,page:183;sequence:4153,4153,6,6,,后期,,后期,,hòuqī,名,pymupdf-native-table,
hsk_exam2025,page:183;sequence:4154,4154,6,6,,后人,,后人,,hòurén,名,pymupdf-native-table,
hsk_exam2025,page:183;sequence:4155,4155,6,6,,后退,,后退,,hòutuì,动,pymupdf-native-table,
hsk_exam2025,page:183;sequence:4156,4156,6,6,,后者,,后者,,hòuzhě,名,pymupdf-native-table,
hsk_exam2025,page:183;sequence:4157,4157,6,6,,忽略,,忽略,,hūlüè,动,pymupdf-native-table,
hsk_exam2025,page:183;sequence:4158,4158,6,6,,壶,,壶,,hú,名,pymupdf-native-table,
hsk_exam2025,page:183;sequence:4159,4159,6,6,,胡子,,胡子,,húzi,名,pymupdf-native-table,
hsk_exam2025,page:183;sequence:4160,4160,6,6,,户,,户,,hù,量,pymupdf-native-table,
hsk_exam2025,page:184;sequence:4161,4161,6,6,,互助,,互助,,hùzhù,动,pymupdf-native-table,
hsk_exam2025,page:184;sequence:4162,4162,6,6,,花朵,,花朵,,huāduǒ,名,pymupdf-native-table,
hsk_exam2025,page:184;sequence:4163,4163,6,6,,花生,,花生,,huāshēng,名,pymupdf-native-table,
hsk_exam2025,page:184;sequence:4164,4164,6,6,,滑冰,,滑冰,,huábīng,动,pymupdf-native-table,
hsk_exam2025,page:184;sequence:4165,4165,6,6,,滑行,,滑行,,huáxíng,动,pymupdf-native-table,
hsk_exam2025,page:184;sequence:4166,4166,6,6,,滑雪,,滑雪,,huáxuě,动,pymupdf-native-table,
hsk_exam2025,page:184;sequence:4167,4167,6,6,,划,,划,,huà,动,pymupdf-native-table,
hsk_exam2025,page:184;sequence:4168,4168,6,6,,划分,,划分,,huàfēn,动,pymupdf-native-table,
hsk_exam2025,page:184;sequence:4169,4169,6,6,,化石,,化石,,huàshí,名,pymupdf-native-table,
hsk_exam2025,page:184;sequence:4170,4170,6,6,,话筒,,话筒,,huàtǒng,名,pymupdf-native-table,
hsk_exam2025,page:184;sequence:4171,4171,6,6,,化妆,,化妆,,huàzhuāng,动,pymupdf-native-table,
hsk_exam2025,page:184;sequence:4172,4172,6,6,,怀,,怀,,huái,名、动,pymupdf-native-table,
hsk_exam2025,page:184;sequence:4173,4173,6,6,,怀念,,怀念,,huáiniàn,动,pymupdf-native-table,
hsk_exam2025,page:184;sequence:4174,4174,6,6,,怀孕,,怀孕,,huáiyùn,动,pymupdf-native-table,
hsk_exam2025,page:184;sequence:4175,4175,6,6,,欢乐,,欢乐,,huānlè,形,pymupdf-native-table,
hsk_exam2025,page:184;sequence:4176,4176,6,6,,环,,环,,huán,名、量、动,pymupdf-native-table,
hsk_exam2025,page:184;sequence:4177,4177,6,6,,还原,,还原,,huányuán,动,pymupdf-native-table,
hsk_exam2025,page:184;sequence:4178,4178,6,6,,患,,患,,huàn,动,pymupdf-native-table,
hsk_exam2025,page:184;sequence:4179,4179,6,6,,幻想,,幻想,,huànxiǎng,动、名,pymupdf-native-table,
hsk_exam2025,page:184;sequence:4180,4180,6,6,,患者,,患者,,huànzhě,名,pymupdf-native-table,
hsk_exam2025,page:184;sequence:4181,4181,6,6,,黄,,黄,,huáng,名,pymupdf-native-table,
hsk_exam2025,page:184;sequence:4182,4182,6,6,,皇帝,,皇帝,,huángdì,名,pymupdf-native-table,
hsk_exam2025,page:184;sequence:4183,4183,6,6,,灰尘,,灰尘,,huīchén,名,pymupdf-native-table,
hsk_exam2025,page:184;sequence:4184,4184,6,6,,灰心,,灰心,,huīxīn,形,pymupdf-native-table,
hsk_exam2025,page:184;sequence:4185,4185,6,6,,回报,,回报,,huíbào,动,pymupdf-native-table,
hsk_exam2025,page:184;sequence:4186,4186,6,6,,回顾,,回顾,,huígù,动,pymupdf-native-table,
hsk_exam2025,page:184;sequence:4187,4187,6,6,,回头,,回头,,huítóu,动、副、连,pymupdf-native-table,
hsk_exam2025,page:184;sequence:4188,4188,6,6,,汇,,汇,,huì,动,pymupdf-native-table,
hsk_exam2025,page:184;sequence:4189,4189,6,6,,汇报,,汇报,,huìbào,动,pymupdf-native-table,
hsk_exam2025,page:184;sequence:4190,4190,6,6,,绘画,,绘画,,huìhuà,动,pymupdf-native-table,
hsk_exam2025,page:184;sequence:4191,4191,6,6,,会见,,会见,,huìjiàn,动,pymupdf-native-table,
hsk_exam2025,page:184;sequence:4192,4192,6,6,,汇款,,汇款,,huìkuǎn,动、名,pymupdf-native-table,
hsk_exam2025,page:184;sequence:4193,4193,6,6,,婚姻,,婚姻,,hūnyīn,名,pymupdf-native-table,
hsk_exam2025,page:184;sequence:4194,4194,6,6,,混,,混,,hùn,动、副,pymupdf-native-table,
hsk_exam2025,page:184;sequence:4195,4195,6,6,,混合,,混合,,hùnhé,动,pymupdf-native-table,
hsk_exam2025,page:184;sequence:4196,4196,6,6,,混乱,,混乱,,hùnluàn,形,pymupdf-native-table,
hsk_exam2025,page:184;sequence:4197,4197,6,6,,活力,,活力,,huólì,名,pymupdf-native-table,
hsk_exam2025,page:184;sequence:4198,4198,6,6,,活跃,,活跃,,huóyuè,形、动,pymupdf-native-table,
hsk_exam2025,page:184;sequence:4199,4199,6,6,,火柴,,火柴,,huǒchái,名,pymupdf-native-table,
hsk_exam2025,page:184;sequence:4200,4200,6,6,,火灾,,火灾,,huǒzāi,名,pymupdf-native-table,
hsk_exam2025,page:185;sequence:4201,4201,6,6,,货币,,货币,,huòbì,名,pymupdf-native-table,
hsk_exam2025,page:185;sequence:4202,4202,6,6,,货车,,货车,,huòchē,名,pymupdf-native-table,
hsk_exam2025,page:185;sequence:4203,4203,6,6,,击败,,击败,,jībài,动,pymupdf-native-table,
hsk_exam2025,page:185;sequence:4204,4204,6,6,,基地,,基地,,jīdì,名,pymupdf-native-table,
hsk_exam2025,page:185;sequence:4205,4205,6,6,,机动车,,机动车,,jīdòngchē,名,pymupdf-native-table,
hsk_exam2025,page:185;sequence:4206,4206,6,6,,饥饿,,饥饿,,jī’è,形,pymupdf-native-table,
hsk_exam2025,page:185;sequence:4207,4207,6,6,,激发,,激发,,jīfā,动,pymupdf-native-table,
hsk_exam2025,page:185;sequence:4208,4208,6,6,,基金,,基金,,jījīn,名,pymupdf-native-table,
hsk_exam2025,page:185;sequence:4209,4209,6,6,,激励,,激励,,jīlì,动,pymupdf-native-table,
hsk_exam2025,page:185;sequence:4210,4210,6,6,,激情,,激情,,jīqíng,名,pymupdf-native-table,
hsk_exam2025,page:185;sequence:4211,4211,6,6,,机械,,机械,,jīxiè,名、形,pymupdf-native-table,
hsk_exam2025,page:185;sequence:4212,4212,6,6,,基因,,基因,,jīyīn,名,pymupdf-native-table,
hsk_exam2025,page:185;sequence:4213,4213,6,6,,机遇,,机遇,,jīyù,名,pymupdf-native-table,
hsk_exam2025,page:185;sequence:4214,4214,6,6,,机制,,机制,,jīzhì,名,pymupdf-native-table,
hsk_exam2025,page:185;sequence:4215,4215,6,6,,即便,,即便,,jíbiàn,连,pymupdf-native-table,
hsk_exam2025,page:185;sequence:4216,4216,6,6,,极端,,极端,,jíduān,名、副、形,pymupdf-native-table,
hsk_exam2025,page:185;sequence:4217,4217,6,6,,急救,,急救,,jíjiù,动,pymupdf-native-table,
hsk_exam2025,page:185;sequence:4218,4218,6,6,,急切,,急切,,jíqiè,形,pymupdf-native-table,
hsk_exam2025,page:185;sequence:4219,4219,6,6,,集团,,集团,,jítuán,名,pymupdf-native-table,
hsk_exam2025,page:185;sequence:4220,4220,6,6,,极为,,极为,,jíwéi,副,pymupdf-native-table,
hsk_exam2025,page:185;sequence:4221,4221,6,6,,吉祥,,吉祥,,jíxiáng,形,pymupdf-native-table,
hsk_exam2025,page:185;sequence:4222,4222,6,6,,继承,,继承,,jìchéng,动,pymupdf-native-table,
hsk_exam2025,page:185;sequence:4223,4223,6,6,,季军,,季军,,jìjūn,名,pymupdf-native-table,
hsk_exam2025,page:185;sequence:4224,4224,6,6,,纪律,,纪律,,jìlǜ,名,pymupdf-native-table,
hsk_exam2025,page:185;sequence:4225,4225,6,6,,寂寞,,寂寞,,jìmò,形,pymupdf-native-table,
hsk_exam2025,page:185;sequence:4226,4226,6,6,,技巧,,技巧,,jìqiǎo,名,pymupdf-native-table,
hsk_exam2025,page:185;sequence:4227,4227,6,6,,技艺,,技艺,,jìyì,名,pymupdf-native-table,
hsk_exam2025,page:185;sequence:4228,4228,6,6,,夹,,夹,,jiā,动,pymupdf-native-table,
hsk_exam2025,page:185;sequence:4229,4229,6,6,,加倍,,加倍,,jiābèi,动、副,pymupdf-native-table,
hsk_exam2025,page:185;sequence:4230,4230,6,6,,家常,,家常,,jiācháng,名,pymupdf-native-table,
hsk_exam2025,page:185;sequence:4231,4231,6,6,,家家户户,,家家户户,,jiājiāhùhù,名,pymupdf-native-table,
hsk_exam2025,page:185;sequence:4232,4232,6,6,,加剧,,加剧,,jiājù,动,pymupdf-native-table,
hsk_exam2025,page:185;sequence:4233,4233,6,6,,家居,,家居,,jiājū,名,pymupdf-native-table,
hsk_exam2025,page:185;sequence:4234,4234,6,6,,家属,,家属,,jiāshǔ,名,pymupdf-native-table,
hsk_exam2025,page:185;sequence:4235,4235,6,6,,加以,,加以,,jiāyǐ,动、连,pymupdf-native-table,
hsk_exam2025,page:185;sequence:4236,4236,6,6,,家园,,家园,,jiāyuán,名,pymupdf-native-table,
hsk_exam2025,page:185;sequence:4237,4237,6,6,,加重,,加重,,jiāzhòng,动,pymupdf-native-table,
hsk_exam2025,page:185;sequence:4238,4238,6,6,,假设,,假设,,jiǎshè,动、名,pymupdf-native-table,
hsk_exam2025,page:185;sequence:4239,4239,6,6,,嫁,,嫁,,jià,动,pymupdf-native-table,
hsk_exam2025,page:185;sequence:4240,4240,6,6,,尖,,尖,,jiān,形、名,pymupdf-native-table,
hsk_exam2025,page:186;sequence:4241,4241,6,6,,肩膀,,肩膀,,jiānbǎng,名,pymupdf-native-table,
hsk_exam2025,page:186;sequence:4242,4242,6,6,,监测,,监测,,jiāncè,动,pymupdf-native-table,
hsk_exam2025,page:186;sequence:4243,4243,6,6,,坚定,,坚定,,jiāndìng,形、动,pymupdf-native-table,
hsk_exam2025,page:186;sequence:4244,4244,6,6,,监督,,监督,,jiāndū,动,pymupdf-native-table,
hsk_exam2025,page:186;sequence:4245,4245,6,6,,坚固,,坚固,,jiāngù,形,pymupdf-native-table,
hsk_exam2025,page:186;sequence:4246,4246,6,6,,坚决,,坚决,,jiānjué,形,pymupdf-native-table,
hsk_exam2025,page:186;sequence:4247,4247,6,6,,艰难,,艰难,,jiānnán,形,pymupdf-native-table,
hsk_exam2025,page:186;sequence:4248,4248,6,6,,艰辛,,艰辛,,jiānxīn,形,pymupdf-native-table,
hsk_exam2025,page:186;sequence:4249,4249,6,6,,坚硬,,坚硬,,jiānyìng,形,pymupdf-native-table,
hsk_exam2025,page:186;sequence:4250,4250,6,6,,兼职,,兼职,,jiānzhí,动、名,pymupdf-native-table,
hsk_exam2025,page:186;sequence:4251,4251,6,6,,检测,,检测,,jiǎncè,动,pymupdf-native-table,
hsk_exam2025,page:186;sequence:4252,4252,6,6,,简化,,简化,,jiǎnhuà,动,pymupdf-native-table,
hsk_exam2025,page:186;sequence:4253,4253,6,6,,简介,,简介,,jiǎnjiè,动、名,pymupdf-native-table,
hsk_exam2025,page:186;sequence:4254,4254,6,6,,减弱,,减弱,,jiǎnruò,动,pymupdf-native-table,
hsk_exam2025,page:186;sequence:4255,4255,6,6,,减压,,减压,,jiǎnyā,动,pymupdf-native-table,
hsk_exam2025,page:186;sequence:4256,4256,6,6,,检验,,检验,,jiǎnyàn,动,pymupdf-native-table,
hsk_exam2025,page:186;sequence:4257,4257,6,6,,剑,,剑,,jiàn,名,pymupdf-native-table,
hsk_exam2025,page:186;sequence:4258,4258,6,6,,箭,,箭,,jiàn,名,pymupdf-native-table,
hsk_exam2025,page:186;sequence:4259,4259,6,6,,鉴定,,鉴定,,jiàndìng,动、名,pymupdf-native-table,
hsk_exam2025,page:186;sequence:4260,4260,6,6,,间隔,,间隔,,jiàngé,名、动,pymupdf-native-table,
hsk_exam2025,page:186;sequence:4261,4261,6,6,,间接,,间接,,jiànjiē,形,pymupdf-native-table,
hsk_exam2025,page:186;sequence:4262,4262,6,6,,健全,,健全,,jiànquán,形、动,pymupdf-native-table,
hsk_exam2025,page:186;sequence:4263,4263,6,6,,建筑物,,建筑物,,jiànzhùwù,名,pymupdf-native-table,
hsk_exam2025,page:186;sequence:4264,4264,6,6,,将军,,将军,,jiāngjūn,名,pymupdf-native-table,
hsk_exam2025,page:186;sequence:4265,4265,6,6,,讲解,,讲解,,jiǎngjiě,动,pymupdf-native-table,
hsk_exam2025,page:186;sequence:4266,4266,6,6,,奖牌,,奖牌,,jiǎngpái,名,pymupdf-native-table,
hsk_exam2025,page:186;sequence:4267,4267,6,6,,奖品,,奖品,,jiǎngpǐn,名,pymupdf-native-table,
hsk_exam2025,page:186;sequence:4268,4268,6,6,,酱,,酱,,jiàng,名、动,pymupdf-native-table,
hsk_exam2025,page:186;sequence:4269,4269,6,6,,酱油,,酱油,,jiàngyóu,名,pymupdf-native-table,
hsk_exam2025,page:186;sequence:4270,4270,6,6,,胶带,,胶带,,jiāodài,名,pymupdf-native-table,
hsk_exam2025,page:186;sequence:4271,4271,6,6,,焦点,,焦点,,jiāodiǎn,名,pymupdf-native-table,
hsk_exam2025,page:186;sequence:4272,4272,6,6,,交际,,交际,,jiāojì,动,pymupdf-native-table,
hsk_exam2025,page:186;sequence:4273,4273,6,6,,焦虑,,焦虑,,jiāolǜ,形,pymupdf-native-table,
hsk_exam2025,page:186;sequence:4274,4274,6,6,,胶水,,胶水,,jiāoshuǐ,名,pymupdf-native-table,
hsk_exam2025,page:186;sequence:4275,4275,6,6,,交谈,,交谈,,jiāotán,动,pymupdf-native-table,
hsk_exam2025,page:186;sequence:4276,4276,6,6,,郊外,,郊外,,jiāowài,名,pymupdf-native-table,
hsk_exam2025,page:186;sequence:4277,4277,6,6,,角落,,角落,,jiǎoluò,名,pymupdf-native-table,
hsk_exam2025,page:186;sequence:4278,4278,6,6,,脚印,,脚印,,jiǎoyìn,名,pymupdf-native-table,
hsk_exam2025,page:186;sequence:4279,4279,6,6,,较为,,较为,,jiàowéi,副,pymupdf-native-table,
hsk_exam2025,page:186;sequence:4280,4280,6,6,,教训,,教训,,jiàoxùn,动、名,pymupdf-native-table,
hsk_exam2025,page:187;sequence:4281,4281,6,6,,结,,结,,jiē,动,pymupdf-native-table,
hsk_exam2025,page:187;sequence:4282,4282,6,6,,结果,,结果,,jiēguǒ,动,pymupdf-native-table,
hsk_exam2025,page:187;sequence:4283,4283,6,6,,接连,,接连,,jiēlián,动、副,pymupdf-native-table,
hsk_exam2025,page:187;sequence:4284,4284,6,6,,结实,,结实,,jiēshi,形,pymupdf-native-table,
hsk_exam2025,page:187;sequence:4285,4285,6,6,,街头,,街头,,jiētóu,名,pymupdf-native-table,
hsk_exam2025,page:187;sequence:4286,4286,6,6,,杰出,,杰出,,jiéchū,形,pymupdf-native-table,
hsk_exam2025,page:187;sequence:4287,4287,6,6,,节能,,节能,,jiénéng,动,pymupdf-native-table,
hsk_exam2025,page:187;sequence:4288,4288,6,6,,结尾,,结尾,,jiéwěi,动、名,pymupdf-native-table,
hsk_exam2025,page:187;sequence:4289,4289,6,6,,截至,,截至,,jiézhì,动,pymupdf-native-table,
hsk_exam2025,page:187;sequence:4290,4290,6,6,,截止,,截止,,jiézhǐ,动,pymupdf-native-table,
hsk_exam2025,page:187;sequence:4291,4291,6,6,,节奏,,节奏,,jiézòu,名,pymupdf-native-table,
hsk_exam2025,page:187;sequence:4292,4292,6,6,,解,,解,,jiě,动,pymupdf-native-table,
hsk_exam2025,page:187;sequence:4293,4293,6,6,,解答,,解答,,jiědá,动,pymupdf-native-table,
hsk_exam2025,page:187;sequence:4294,4294,6,6,,解读,,解读,,jiědú,动,pymupdf-native-table,
hsk_exam2025,page:187;sequence:4295,4295,6,6,,解放,,解放,,jiěfàng,动,pymupdf-native-table,
hsk_exam2025,page:187;sequence:4296,4296,6,6,,解说,,解说,,jiěshuō,动,pymupdf-native-table,
hsk_exam2025,page:187;sequence:4297,4297,6,6,,借鉴,,借鉴,,jièjiàn,动,pymupdf-native-table,
hsk_exam2025,page:187;sequence:4298,4298,6,6,,戒指,,戒指,,jièzhi,名,pymupdf-native-table,
hsk_exam2025,page:187;sequence:4299,4299,6,6,,借助,,借助,,jièzhù,动,pymupdf-native-table,
hsk_exam2025,page:187;sequence:4300,4300,6,6,,金额,,金额,,jīn’é,名,pymupdf-native-table,
hsk_exam2025,page:187;sequence:4301,4301,6,6,,金牌,,金牌,,jīnpái,名,pymupdf-native-table,
hsk_exam2025,page:187;sequence:4302,4302,6,6,,金钱,,金钱,,jīnqián,名,pymupdf-native-table,
hsk_exam2025,page:187;sequence:4303,4303,6,6,,金融,,金融,,jīnróng,名,pymupdf-native-table,
hsk_exam2025,page:187;sequence:4304,4304,6,6,,金属,,金属,,jīnshǔ,名,pymupdf-native-table,
hsk_exam2025,page:187;sequence:4305,4305,6,6,,金子,,金子,,jīnzi,名,pymupdf-native-table,
hsk_exam2025,page:187;sequence:4306,4306,6,6（7-9）,7-9,尽,,尽,,jìn,动、（副）,pymupdf-native-table,
hsk_exam2025,page:187;sequence:4307,4307,6,6,,进而,,进而,,jìn’ér,连,pymupdf-native-table,
hsk_exam2025,page:187;sequence:4308,4308,6,6,,进度,,进度,,jìndù,名,pymupdf-native-table,
hsk_exam2025,page:187;sequence:4309,4309,6,6,,进化,,进化,,jìnhuà,动,pymupdf-native-table,
hsk_exam2025,page:187;sequence:4310,4310,6,6,,近来,,近来,,jìnlái,名,pymupdf-native-table,
hsk_exam2025,page:187;sequence:4311,4311,6,6,,近视,,近视,,jìnshì,形,pymupdf-native-table,
hsk_exam2025,page:187;sequence:4312,4312,6,6,,进展,,进展,,jìnzhǎn,动,pymupdf-native-table,
hsk_exam2025,page:187;sequence:4313,4313,6,6,,精美,,精美,,jīngměi,形,pymupdf-native-table,
hsk_exam2025,page:187;sequence:4314,4314,6,6,,精确,,精确,,jīngquè,形,pymupdf-native-table,
hsk_exam2025,page:187;sequence:4315,4315,6,6,,惊人,,惊人,,jīngrén,形,pymupdf-native-table,
hsk_exam2025,page:187;sequence:4316,4316,6,6,,经商,,经商,,jīngshāng,动,pymupdf-native-table,
hsk_exam2025,page:187;sequence:4317,4317,6,6,,精通,,精通,,jīngtōng,动,pymupdf-native-table,
hsk_exam2025,page:187;sequence:4318,4318,6,6,,精心,,精心,,jīngxīn,形,pymupdf-native-table,
hsk_exam2025,page:187;sequence:4319,4319,6,6,,惊讶,,惊讶,,jīngyà,形,pymupdf-native-table,
hsk_exam2025,page:187;sequence:4320,4320,6,6,,精致,,精致,,jīngzhì,形,pymupdf-native-table,
hsk_exam2025,page:188;sequence:4321,4321,6,6,,精准,,精准,,jīngzhǔn,形,pymupdf-native-table,
hsk_exam2025,page:188;sequence:4322,4322,6,6,,井,,井,,jǐng,名,pymupdf-native-table,
hsk_exam2025,page:188;sequence:4323,4323,6,6,,警告,,警告,,jǐnggào,动,pymupdf-native-table,
hsk_exam2025,page:188;sequence:4324,4324,6,6,,景观,,景观,,jǐngguān,名,pymupdf-native-table,
hsk_exam2025,page:188;sequence:4325,4325,6,6,,景象,,景象,,jǐngxiàng,名,pymupdf-native-table,
hsk_exam2025,page:188;sequence:4326,4326,6,6,,颈椎,,颈椎,,jǐngzhuī,名,pymupdf-native-table,
hsk_exam2025,page:188;sequence:4327,4327,6,6,,净,,净,,jìng,形、副,pymupdf-native-table,
hsk_exam2025,page:188;sequence:4328,4328,6,6,,竞赛,,竞赛,,jìngsài,动,pymupdf-native-table,
hsk_exam2025,page:188;sequence:4329,4329,6,6,,镜头,,镜头,,jìngtóu,名,pymupdf-native-table,
hsk_exam2025,page:188;sequence:4330,4330,6,6,,纠纷,,纠纷,,jiūfēn,名,pymupdf-native-table,
hsk_exam2025,page:188;sequence:4331,4331,6,6,,纠正,,纠正,,jiūzhèng,动,pymupdf-native-table,
hsk_exam2025,page:188;sequence:4332,4332,6,6,,酒精,,酒精,,jiǔjīng,名,pymupdf-native-table,
hsk_exam2025,page:188;sequence:4333,4333,6,6,,酒水,,酒水,,jiǔshuǐ,名,pymupdf-native-table,
hsk_exam2025,page:188;sequence:4334,4334,6,6,,就读,,就读,,jiùdú,动,pymupdf-native-table,
hsk_exam2025,page:188;sequence:4335,4335,6,6,,舅舅,,舅舅,,jiùjiu,名,pymupdf-native-table,
hsk_exam2025,page:188;sequence:4336,4336,6,6,,救命,,救命,,jiùmìng,动,pymupdf-native-table,
hsk_exam2025,page:188;sequence:4337,4337,6,6,,就算,,就算,,jiùsuàn,连,pymupdf-native-table,
hsk_exam2025,page:188;sequence:4338,4338,6,6,,救援,,救援,,jiùyuán,动,pymupdf-native-table,
hsk_exam2025,page:188;sequence:4339,4339,6,6,,救灾,,救灾,,jiùzāi,动,pymupdf-native-table,
hsk_exam2025,page:188;sequence:4340,4340,6,6,,救助,,救助,,jiùzhù,动,pymupdf-native-table,
hsk_exam2025,page:188;sequence:4341,4341,6,6,,局,,局1,1,jú,量,pymupdf-native-table,
hsk_exam2025,page:188;sequence:4342,4342,6,6,,局,,局2,2,jú,名,pymupdf-native-table,
hsk_exam2025,page:188;sequence:4343,4343,6,6,,菊花,,菊花,,júhuā,名,pymupdf-native-table,
hsk_exam2025,page:188;sequence:4344,4344,6,6,,局面,,局面,,júmiàn,名,pymupdf-native-table,
hsk_exam2025,page:188;sequence:4345,4345,6,6,,局限,,局限,,júxiàn,动,pymupdf-native-table,
hsk_exam2025,page:188;sequence:4346,4346,6,6,,举动,,举动,,jǔdòng,名,pymupdf-native-table,
hsk_exam2025,page:188;sequence:4347,4347,6,6,,剧本,,剧本,,jùběn,名,pymupdf-native-table,
hsk_exam2025,page:188;sequence:4348,4348,6,6,,聚集,,聚集,,jùjí,动,pymupdf-native-table,
hsk_exam2025,page:188;sequence:4349,4349,6,6,,俱乐部,,俱乐部,,jùlèbù,名,pymupdf-native-table,
hsk_exam2025,page:188;sequence:4350,4350,6,6,,剧烈,,剧烈,,jùliè,形,pymupdf-native-table,
hsk_exam2025,page:188;sequence:4351,4351,6,6,,捐款,,捐款,,juānkuǎn,动、名,pymupdf-native-table,
hsk_exam2025,page:188;sequence:4352,4352,6,6,,捐赠,,捐赠,,juānzèng,动,pymupdf-native-table,
hsk_exam2025,page:188;sequence:4353,4353,6,6,,卷,,卷,,juǎn,动、名、量,pymupdf-native-table,
hsk_exam2025,page:188;sequence:4354,4354,6,6,,卷,,卷,,juàn,量、名,pymupdf-native-table,
hsk_exam2025,page:188;sequence:4355,4355,6,6,,决策,,决策,,juécè,动、名,pymupdf-native-table,
hsk_exam2025,page:188;sequence:4356,4356,6,6,,绝望,,绝望,,juéwàng,动,pymupdf-native-table,
hsk_exam2025,page:188;sequence:4357,4357,6,6,,军队,,军队,,jūnduì,名,pymupdf-native-table,
hsk_exam2025,page:188;sequence:4358,4358,6,6,,军人,,军人,,jūnrén,名,pymupdf-native-table,
hsk_exam2025,page:188;sequence:4359,4359,6,6,,均匀,,均匀,,jūnyún,形,pymupdf-native-table,
hsk_exam2025,page:188;sequence:4360,4360,6,6,,卡片,,卡片,,kǎpiàn,名,pymupdf-native-table,
hsk_exam2025,page:189;sequence:4361,4361,6,6,,开创,,开创,,kāichuàng,动,pymupdf-native-table,
hsk_exam2025,page:189;sequence:4362,4362,6,6,,开关,,开关,,kāiguān,名,pymupdf-native-table,
hsk_exam2025,page:189;sequence:4363,4363,6,6,,开启,,开启,,kāiqǐ,动,pymupdf-native-table,
hsk_exam2025,page:189;sequence:4364,4364,6,6,,开设,,开设,,kāishè,动,pymupdf-native-table,
hsk_exam2025,page:189;sequence:4365,4365,6,6,,开头,,开头,,kāitóu,动、名,pymupdf-native-table,
hsk_exam2025,page:189;sequence:4366,4366,6,6,,砍,,砍,,kǎn,动,pymupdf-native-table,
hsk_exam2025,page:189;sequence:4367,4367,6,6,,看不起,,看不起,,kànbuqǐ,动,pymupdf-native-table,
hsk_exam2025,page:189;sequence:4368,4368,6,6,,看待,,看待,,kàndài,动,pymupdf-native-table,
hsk_exam2025,page:189;sequence:4369,4369,6,6,,看得起,,看得起,,kàndeqǐ,动,pymupdf-native-table,
hsk_exam2025,page:189;sequence:4370,4370,6,6,,看好,,看好,,kànhǎo,动,pymupdf-native-table,
hsk_exam2025,page:189;sequence:4371,4371,6,6,,看似,,看似,,kànsì,动,pymupdf-native-table,
hsk_exam2025,page:189;sequence:4372,4372,6,6,,看中,,看中,,kànzhòng,动,pymupdf-native-table,
hsk_exam2025,page:189;sequence:4373,4373,6,6,,看重,,看重,,kànzhòng,动,pymupdf-native-table,
hsk_exam2025,page:189;sequence:4374,4374,6,6,,康复,,康复,,kāngfù,动,pymupdf-native-table,
hsk_exam2025,page:189;sequence:4375,4375,6,6,,考察,,考察,,kǎochá,动,pymupdf-native-table,
hsk_exam2025,page:189;sequence:4376,4376,6,6,,考古,,考古,,kǎogǔ,动、名,pymupdf-native-table,
hsk_exam2025,page:189;sequence:4377,4377,6,6,,考核,,考核,,kǎohé,动,pymupdf-native-table,
hsk_exam2025,page:189;sequence:4378,4378,6,6,,考验,,考验,,kǎoyàn,动,pymupdf-native-table,
hsk_exam2025,page:189;sequence:4379,4379,6,6,,科,,科,,kē,名,pymupdf-native-table,
hsk_exam2025,page:189;sequence:4380,4380,6,6,,科幻,,科幻,,kēhuàn,名,pymupdf-native-table,
hsk_exam2025,page:189;sequence:4381,4381,6,6,,科目,,科目,,kēmù,名,pymupdf-native-table,
hsk_exam2025,page:189;sequence:4382,4382,6,6,,科普,,科普,,kēpǔ,动,pymupdf-native-table,
hsk_exam2025,page:189;sequence:4383,4383,6,6,,可口,,可口,,kěkǒu,形,pymupdf-native-table,
hsk_exam2025,page:189;sequence:4384,4384,6,6,,可怜,,可怜,,kělián,形、动,pymupdf-native-table,
hsk_exam2025,page:189;sequence:4385,4385,6,6,,渴望,,渴望,,kěwàng,动,pymupdf-native-table,
hsk_exam2025,page:189;sequence:4386,4386,6,6,,可行,,可行,,kěxíng,形,pymupdf-native-table,
hsk_exam2025,page:189;sequence:4387,4387,6,6,,客车,,客车,,kèchē,名,pymupdf-native-table,
hsk_exam2025,page:189;sequence:4388,4388,6,6,,课题,,课题,,kètí,名,pymupdf-native-table,
hsk_exam2025,page:189;sequence:4389,4389,6,6,,肯,,肯,,kěn,动,pymupdf-native-table,
hsk_exam2025,page:189;sequence:4390,4390,6,6,,恐惧,,恐惧,,kǒngjù,形,pymupdf-native-table,
hsk_exam2025,page:189;sequence:4391,4391,6,6,,空地,,空地,,kòngdì,名,pymupdf-native-table,
hsk_exam2025,page:189;sequence:4392,4392,6,6,,空闲,,空闲,,kòngxián,形、名,pymupdf-native-table,
hsk_exam2025,page:189;sequence:4393,4393,6,6,,口感,,口感,,kǒugǎn,名,pymupdf-native-table,
hsk_exam2025,page:189;sequence:4394,4394,6,6,,口号,,口号,,kǒuhào,名,pymupdf-native-table,
hsk_exam2025,page:189;sequence:4395,4395,6,6,,口腔,,口腔,,kǒuqiāng,名,pymupdf-native-table,
hsk_exam2025,page:189;sequence:4396,4396,6,6,,口头,,口头,,kǒutóu,名、形,pymupdf-native-table,
hsk_exam2025,page:189;sequence:4397,4397,6,6,,扣,,扣,,kòu,动、名,pymupdf-native-table,
hsk_exam2025,page:189;sequence:4398,4398,6,6,,枯燥,,枯燥,,kūzào,形,pymupdf-native-table,
hsk_exam2025,page:189;sequence:4399,4399,6,6,,酷,,酷,,kù,形,pymupdf-native-table,
hsk_exam2025,page:189;sequence:4400,4400,6,6,,夸,,夸,,kuā,动,pymupdf-native-table,
hsk_exam2025,page:190;sequence:4401,4401,6,6,,夸奖,,夸奖,,kuājiǎng,动,pymupdf-native-table,
hsk_exam2025,page:190;sequence:4402,4402,6,6,,夸张,,夸张,,kuāzhāng,形,pymupdf-native-table,
hsk_exam2025,page:190;sequence:4403,4403,6,6,,会计,,会计,,kuàijì,名,pymupdf-native-table,
hsk_exam2025,page:190;sequence:4404,4404,6,6,,快捷,,快捷,,kuàijié,形,pymupdf-native-table,
hsk_exam2025,page:190;sequence:4405,4405,6,6,,款,,款,,kuǎn,名、量,pymupdf-native-table,
hsk_exam2025,page:190;sequence:4406,4406,6,6,,款式,,款式,,kuǎnshì,名,pymupdf-native-table,
hsk_exam2025,page:190;sequence:4407,4407,6,6,,亏损,,亏损,,kuīsǔn,动,pymupdf-native-table,
hsk_exam2025,page:190;sequence:4408,4408,6,6,,困扰,,困扰,,kùnrǎo,动,pymupdf-native-table,
hsk_exam2025,page:190;sequence:4409,4409,6,6,,扩展,,扩展,,kuòzhǎn,动,pymupdf-native-table,
hsk_exam2025,page:190;sequence:4410,4410,6,6,,落,,落,,là,动,pymupdf-native-table,
hsk_exam2025,page:190;sequence:4411,4411,6,6,,辣椒,,辣椒,,làjiāo,名,pymupdf-native-table,
hsk_exam2025,page:190;sequence:4412,4412,6,6,,啦,,啦,,la,助,pymupdf-native-table,
hsk_exam2025,page:190;sequence:4413,4413,6,6,,来临,,来临,,láilín,动,pymupdf-native-table,
hsk_exam2025,page:190;sequence:4414,4414,6,6,,来往,,来往,,láiwǎng,动,pymupdf-native-table,
hsk_exam2025,page:190;sequence:4415,4415,6,6,,赖,,赖,,lài,形、动,pymupdf-native-table,
hsk_exam2025,page:190;sequence:4416,4416,6,6,,拦,,拦,,lán,动,pymupdf-native-table,
hsk_exam2025,page:190;sequence:4417,4417,6,6,,栏,,栏,,lán,名,pymupdf-native-table,
hsk_exam2025,page:190;sequence:4418,4418,6,6,,兰花,,兰花,,lánhuā,名,pymupdf-native-table,
hsk_exam2025,page:190;sequence:4419,4419,6,6,,烂,,烂,,làn,形,pymupdf-native-table,
hsk_exam2025,page:190;sequence:4420,4420,6,6,,狼,,狼,,láng,名,pymupdf-native-table,
hsk_exam2025,page:190;sequence:4421,4421,6,6,,朗读,,朗读,,lǎngdú,动,pymupdf-native-table,
hsk_exam2025,page:190;sequence:4422,4422,6,6,,牢,,牢,,láo,名、形,pymupdf-native-table,
hsk_exam2025,page:190;sequence:4423,4423,6,6,,劳动力,,劳动力,,láodònglì,名,pymupdf-native-table,
hsk_exam2025,page:190;sequence:4424,4424,6,6,,老实,,老实,,lǎoshi,形,pymupdf-native-table,
hsk_exam2025,page:190;sequence:4425,4425,6,6,,老鼠,,老鼠,,lǎoshǔ,名,pymupdf-native-table,
hsk_exam2025,page:190;sequence:4426,4426,6,6,,老太太,,老太太,,lǎotàitai,名,pymupdf-native-table,
hsk_exam2025,page:190;sequence:4427,4427,6,6,,乐于,,乐于,,lèyú,动,pymupdf-native-table,
hsk_exam2025,page:190;sequence:4428,4428,6,6,,雷,,雷,,léi,名,pymupdf-native-table,
hsk_exam2025,page:190;sequence:4429,4429,6,6,,类别,,类别,,lèibié,名,pymupdf-native-table,
hsk_exam2025,page:190;sequence:4430,4430,6,6,,理,,理,,lǐ,名、动,pymupdf-native-table,
hsk_exam2025,page:190;sequence:4431,4431,6,6,,理财,,理财,,lǐcái,动,pymupdf-native-table,
hsk_exam2025,page:190;sequence:4432,4432,6,6,,理科,,理科,,lǐkē,名,pymupdf-native-table,
hsk_exam2025,page:190;sequence:4433,4433,6,6,,理念,,理念,,lǐniàn,名,pymupdf-native-table,
hsk_exam2025,page:190;sequence:4434,4434,6,6,,理性,,理性,,lǐxìng,形、名,pymupdf-native-table,
hsk_exam2025,page:190;sequence:4435,4435,6,6,,立,,立,,lì,动,pymupdf-native-table,
hsk_exam2025,page:190;sequence:4436,4436,6,6,,粒,,粒,,lì,名、量,pymupdf-native-table,
hsk_exam2025,page:190;sequence:4437,4437,6,6,,立场,,立场,,lìchǎng,名,pymupdf-native-table,
hsk_exam2025,page:190;sequence:4438,4438,6,6,,力度,,力度,,lìdù,名,pymupdf-native-table,
hsk_exam2025,page:190;sequence:4439,4439,6,6,,历经,,历经,,lìjīng,动,pymupdf-native-table,
hsk_exam2025,page:190;sequence:4440,4440,6,6,,历年,,历年,,lìnián,名,pymupdf-native-table,
hsk_exam2025,page:191;sequence:4441,4441,6,6,,例外,,例外,,lìwài,动、名,pymupdf-native-table,
hsk_exam2025,page:191;sequence:4442,4442,6,6,,利息,,利息,,lìxī,名,pymupdf-native-table,
hsk_exam2025,page:191;sequence:4443,4443,6,6,,联合国,,联合国,,Liánhéguó,名,pymupdf-native-table,
hsk_exam2025,page:191;sequence:4444,4444,6,6,,联网,,联网,,liánwǎng,动,pymupdf-native-table,
hsk_exam2025,page:191;sequence:4445,4445,6,6,,联想,,联想,,liánxiǎng,动,pymupdf-native-table,
hsk_exam2025,page:191;sequence:4446,4446,6,6,,链接,,链接,,liànjiē,动,pymupdf-native-table,
hsk_exam2025,page:191;sequence:4447,4447,6,6,,两岸,,两岸,,liǎng’àn,名,pymupdf-native-table,
hsk_exam2025,page:191;sequence:4448,4448,6,6,,两极,,两极,,liǎngjí,名,pymupdf-native-table,
hsk_exam2025,page:191;sequence:4449,4449,6,6,,晾,,晾,,liàng,动,pymupdf-native-table,
hsk_exam2025,page:191;sequence:4450,4450,6,6,,料,,料1,1,liào,名,pymupdf-native-table,
hsk_exam2025,page:191;sequence:4451,4451,6,6,,料,,料2,2,liào,动,pymupdf-native-table,
hsk_exam2025,page:191;sequence:4452,4452,6,6,,淋,,淋,,lín,动,pymupdf-native-table,
hsk_exam2025,page:191;sequence:4453,4453,6,6,,凌晨,,凌晨,,língchén,名,pymupdf-native-table,
hsk_exam2025,page:191;sequence:4454,4454,6,6,,流程,,流程,,liúchéng,名,pymupdf-native-table,
hsk_exam2025,page:191;sequence:4455,4455,6,6,,流动,,流动,,liúdòng,动,pymupdf-native-table,
hsk_exam2025,page:191;sequence:4456,4456,6,6,,浏览器,,浏览器,,liúlǎnqì,名,pymupdf-native-table,
hsk_exam2025,page:191;sequence:4457,4457,6,6,,流量,,流量,,liúliàng,名,pymupdf-native-table,
hsk_exam2025,page:191;sequence:4458,4458,6,6,,流入,,流入,,liúrù,动,pymupdf-native-table,
hsk_exam2025,page:191;sequence:4459,4459,6,6,,流通,,流通,,liútōng,动,pymupdf-native-table,
hsk_exam2025,page:191;sequence:4460,4460,6,6,,楼道,,楼道,,lóudào,名,pymupdf-native-table,
hsk_exam2025,page:191;sequence:4461,4461,6,6,,露,,露,,lòu,动,pymupdf-native-table,
hsk_exam2025,page:191;sequence:4462,4462,6,6,,漏洞,,漏洞,,lòudòng,名,pymupdf-native-table,
hsk_exam2025,page:191;sequence:4463,4463,6,6,,露,,露1,1,lù,动,pymupdf-native-table,
hsk_exam2025,page:191;sequence:4464,4464,6,6,,路程,,路程,,lùchéng,名,pymupdf-native-table,
hsk_exam2025,page:191;sequence:4465,4465,6,6,,路况,,路况,,lùkuàng,名,pymupdf-native-table,
hsk_exam2025,page:191;sequence:4466,4466,6,6,,路面,,路面,,lùmiàn,名,pymupdf-native-table,
hsk_exam2025,page:191;sequence:4467,4467,6,6,,录像,,录像,,lùxiàng,动、名,pymupdf-native-table,
hsk_exam2025,page:191;sequence:4468,4468,6,6,,录用,,录用,,lùyòng,动,pymupdf-native-table,
hsk_exam2025,page:191;sequence:4469,4469,6,6,,录制,,录制,,lùzhì,动,pymupdf-native-table,
hsk_exam2025,page:191;sequence:4470,4470,6,6,,旅程,,旅程,,lǚchéng,名,pymupdf-native-table,
hsk_exam2025,page:191;sequence:4471,4471,6,6,,旅途,,旅途,,lǚtú,名,pymupdf-native-table,
hsk_exam2025,page:191;sequence:4472,4472,6,6,,履行,,履行,,lǚxíng,动,pymupdf-native-table,
hsk_exam2025,page:191;sequence:4473,4473,6,6,,率,,率,,lǜ,后缀,pymupdf-native-table,
hsk_exam2025,page:191;sequence:4474,4474,6,6,,绿化,,绿化,,lǜhuà,动,pymupdf-native-table,
hsk_exam2025,page:191;sequence:4475,4475,6,6,,轮,,轮,,lún,名、动、量,pymupdf-native-table,
hsk_exam2025,page:191;sequence:4476,4476,6,6,,轮船,,轮船,,lúnchuán,名,pymupdf-native-table,
hsk_exam2025,page:191;sequence:4477,4477,6,6,,轮流,,轮流,,lúnliú,动,pymupdf-native-table,
hsk_exam2025,page:191;sequence:4478,4478,6,6,,轮椅,,轮椅,,lúnyǐ,名,pymupdf-native-table,
hsk_exam2025,page:191;sequence:4479,4479,6,6,,轮子,,轮子,,lúnzi,名,pymupdf-native-table,
hsk_exam2025,page:191;sequence:4480,4480,6,6,,论坛,,论坛,,lùntán,名,pymupdf-native-table,
hsk_exam2025,page:192;sequence:4481,4481,6,6,,落地,,落地,,luòdì,动,pymupdf-native-table,
hsk_exam2025,page:192;sequence:4482,4482,6,6,,落后,,落后,,luòhòu,动、形,pymupdf-native-table,
hsk_exam2025,page:192;sequence:4483,4483,6,6,,马虎,,马虎,,mǎhu,形,pymupdf-native-table,
hsk_exam2025,page:192;sequence:4484,4484,6,6,,码头,,码头,,mǎtóu,名,pymupdf-native-table,
hsk_exam2025,page:192;sequence:4485,4485,6,6,,蚂蚁,,蚂蚁,,mǎyǐ,名,pymupdf-native-table,
hsk_exam2025,page:192;sequence:4486,4486,6,6,,嘛,,嘛,,ma,助,pymupdf-native-table,
hsk_exam2025,page:192;sequence:4487,4487,6,6,,埋,,埋,,mái,动,pymupdf-native-table,
hsk_exam2025,page:192;sequence:4488,4488,6,6,,迈,,迈,,mài,动,pymupdf-native-table,
hsk_exam2025,page:192;sequence:4489,4489,6,6,,麦克风,,麦克风,,màikèfēng,名,pymupdf-native-table,
hsk_exam2025,page:192;sequence:4490,4490,6,6,,漫长,,漫长,,màncháng,形,pymupdf-native-table,
hsk_exam2025,page:192;sequence:4491,4491,6,6,,漫画,,漫画,,mànhuà,名,pymupdf-native-table,
hsk_exam2025,page:192;sequence:4492,4492,6,6,,盲人,,盲人,,mángrén,名,pymupdf-native-table,
hsk_exam2025,page:192;sequence:4493,4493,6,6,,冒,,冒,,mào,动,pymupdf-native-table,
hsk_exam2025,page:192;sequence:4494,4494,6,6,,冒险,,冒险,,màoxiǎn,动,pymupdf-native-table,
hsk_exam2025,page:192;sequence:4495,4495,6,6,,贸易,,贸易,,màoyì,名,pymupdf-native-table,
hsk_exam2025,page:192;sequence:4496,4496,6,6,,煤,,煤,,méi,名,pymupdf-native-table,
hsk_exam2025,page:192;sequence:4497,4497,6,6,,梅花,,梅花,,méihuā,名,pymupdf-native-table,
hsk_exam2025,page:192;sequence:4498,4498,6,6,,眉毛,,眉毛,,méimao,名,pymupdf-native-table,
hsk_exam2025,page:192;sequence:4499,4499,6,6,,美观,,美观,,měiguān,形,pymupdf-native-table,
hsk_exam2025,page:192;sequence:4500,4500,6,6,,弥补,,弥补,,míbǔ,动,pymupdf-native-table,
hsk_exam2025,page:192;sequence:4501,4501,6,6,,迷人,,迷人,,mírén,形,pymupdf-native-table,
hsk_exam2025,page:192;sequence:4502,4502,6,6,,密,,密,,mì,形,pymupdf-native-table,
hsk_exam2025,page:192;sequence:4503,4503,6,6,,密度,,密度,,mìdù,名,pymupdf-native-table,
hsk_exam2025,page:192;sequence:4504,4504,6,6,,蜜蜂,,蜜蜂,,mìfēng,名,pymupdf-native-table,
hsk_exam2025,page:192;sequence:4505,4505,6,6,,密集,,密集,,mìjí,动、形,pymupdf-native-table,
hsk_exam2025,page:192;sequence:4506,4506,6,6,,棉,,棉,,mián,名,pymupdf-native-table,
hsk_exam2025,page:192;sequence:4507,4507,6,6,,免,,免,,miǎn,动,pymupdf-native-table,
hsk_exam2025,page:192;sequence:4508,4508,6,6,,勉强,,勉强,,miǎnqiǎng,形、动,pymupdf-native-table,
hsk_exam2025,page:192;sequence:4509,4509,6,6,,免税,,免税,,miǎnshuì,动,pymupdf-native-table,
hsk_exam2025,page:192;sequence:4510,4510,6,6,,免疫,,免疫,,miǎnyì,动,pymupdf-native-table,
hsk_exam2025,page:192;sequence:4511,4511,6,6,,面部,,面部,,miànbù,名,pymupdf-native-table,
hsk_exam2025,page:192;sequence:4512,4512,6,6,,面粉,,面粉,,miànfěn,名,pymupdf-native-table,
hsk_exam2025,page:192;sequence:4513,4513,6,6,,面子,,面子,,miànzi,名,pymupdf-native-table,
hsk_exam2025,page:192;sequence:4514,4514,6,6,,描绘,,描绘,,miáohuì,动,pymupdf-native-table,
hsk_exam2025,page:192;sequence:4515,4515,6,6,,描写,,描写,,miáoxiě,动,pymupdf-native-table,
hsk_exam2025,page:192;sequence:4516,4516,6,6,,妙,,妙,,miào,形,pymupdf-native-table,
hsk_exam2025,page:192;sequence:4517,4517,6,6,,灭,,灭,,miè,动,pymupdf-native-table,
hsk_exam2025,page:192;sequence:4518,4518,6,6,,民歌,,民歌,,míngē,名,pymupdf-native-table,
hsk_exam2025,page:192;sequence:4519,4519,6,6,,民间,,民间,,mínjiān,名,pymupdf-native-table,
hsk_exam2025,page:192;sequence:4520,4520,6,6,,民俗,,民俗,,mínsú,名,pymupdf-native-table,
hsk_exam2025,page:193;sequence:4521,4521,6,6,,民宿,,民宿,,mínsù,名,pymupdf-native-table,
hsk_exam2025,page:193;sequence:4522,4522,6,6,,民众,,民众,,mínzhòng,名,pymupdf-native-table,
hsk_exam2025,page:193;sequence:4523,4523,6,6,,民主,,民主,,mínzhǔ,名、形,pymupdf-native-table,
hsk_exam2025,page:193;sequence:4524,4524,6,6,,名额,,名额,,míng’é,名,pymupdf-native-table,
hsk_exam2025,page:193;sequence:4525,4525,6,6,,明亮,,明亮,,míngliàng,形,pymupdf-native-table,
hsk_exam2025,page:193;sequence:4526,4526,6,6,,明明,,明明,,míngmíng,副,pymupdf-native-table,
hsk_exam2025,page:193;sequence:4527,4527,6,6,,名气,,名气,,míngqi,名,pymupdf-native-table,
hsk_exam2025,page:193;sequence:4528,4528,6,6,,名胜,,名胜,,míngshèng,名,pymupdf-native-table,
hsk_exam2025,page:193;sequence:4529,4529,6,6,,命令,,命令,,mìnglìng,动、名,pymupdf-native-table,
hsk_exam2025,page:193;sequence:4530,4530,6,6,,命名,,命名,,mìngmíng,动,pymupdf-native-table,
hsk_exam2025,page:193;sequence:4531,4531,6,6,,模仿,,模仿,,mófǎng,动,pymupdf-native-table,
hsk_exam2025,page:193;sequence:4532,4532,6,6,,模拟,,模拟,,mónǐ,动,pymupdf-native-table,
hsk_exam2025,page:193;sequence:4533,4533,6,6,,模特儿,,模特儿,,mótèr,名,pymupdf-native-table,
hsk_exam2025,page:193;sequence:4534,4534,6,6,,摩托车,,摩托车,,mótuōchē,名,pymupdf-native-table,
hsk_exam2025,page:193;sequence:4535,4535,6,6,,模型,,模型,,móxíng,名,pymupdf-native-table,
hsk_exam2025,page:193;sequence:4536,4536,6,6,,默默,,默默,,mòmò,副,pymupdf-native-table,
hsk_exam2025,page:193;sequence:4537,4537,6,6,,模样,,模样,,múyàng,名,pymupdf-native-table,
hsk_exam2025,page:193;sequence:4538,4538,6,6,,母,,母,,mǔ,形,pymupdf-native-table,
hsk_exam2025,page:193;sequence:4539,4539,6,6,,母语,,母语,,mǔyǔ,名,pymupdf-native-table,
hsk_exam2025,page:193;sequence:4540,4540,6,6,,木材,,木材,,mùcái,名,pymupdf-native-table,
hsk_exam2025,page:193;sequence:4541,4541,6,6,,目录,,目录,,mùlù,名,pymupdf-native-table,
hsk_exam2025,page:193;sequence:4542,4542,6,6,,奶粉,,奶粉,,nǎifěn,名,pymupdf-native-table,
hsk_exam2025,page:193;sequence:4543,4543,6,6,,难点,,难点,,nándiǎn,名,pymupdf-native-table,
hsk_exam2025,page:193;sequence:4544,4544,6,6,,南极洲,,南极洲,,Nánjízhōu,名,pymupdf-native-table,
hsk_exam2025,page:193;sequence:4545,4545,6,6,,南美洲,,南美洲,,Nánměizhōu,名,pymupdf-native-table,
hsk_exam2025,page:193;sequence:4546,4546,6,6,,难免,,难免,,nánmiǎn,形,pymupdf-native-table,
hsk_exam2025,page:193;sequence:4547,4547,6,6,,脑袋,,脑袋,,nǎodai,名,pymupdf-native-table,
hsk_exam2025,page:193;sequence:4548,4548,6,6,,脑子,,脑子,,nǎozi,名,pymupdf-native-table,
hsk_exam2025,page:193;sequence:4549,4549,6,6,,内涵,,内涵,,nèihán,名,pymupdf-native-table,
hsk_exam2025,page:193;sequence:4550,4550,6,6,,内科,,内科,,nèikē,名,pymupdf-native-table,
hsk_exam2025,page:193;sequence:4551,4551,6,6,,内外,,内外,,nèiwài,名,pymupdf-native-table,
hsk_exam2025,page:193;sequence:4552,4552,6,6,,内衣,,内衣,,nèiyī,名,pymupdf-native-table,
hsk_exam2025,page:193;sequence:4553,4553,6,6,,能量,,能量,,néngliàng,名,pymupdf-native-table,
hsk_exam2025,page:193;sequence:4554,4554,6,6,,能源,,能源,,néngyuán,名,pymupdf-native-table,
hsk_exam2025,page:193;sequence:4555,4555,6,6,,泥,,泥,,ní,名,pymupdf-native-table,
hsk_exam2025,page:193;sequence:4556,4556,6,6,,年度,,年度,,niándù,名,pymupdf-native-table,
hsk_exam2025,page:193;sequence:4557,4557,6,6,,年终,,年终,,niánzhōng,名,pymupdf-native-table,
hsk_exam2025,page:193;sequence:4558,4558,6,6,,念书,,念书,,niànshū,动,pymupdf-native-table,
hsk_exam2025,page:193;sequence:4559,4559,6,6,,扭,,扭,,niǔ,动,pymupdf-native-table,
hsk_exam2025,page:193;sequence:4560,4560,6,6,,农产品,,农产品,,nóngchǎnpǐn,名,pymupdf-native-table,
hsk_exam2025,page:194;sequence:4561,4561,6,6,,浓厚,,浓厚,,nónghòu,形,pymupdf-native-table,
hsk_exam2025,page:194;sequence:4562,4562,6,6,,农田,,农田,,nóngtián,名,pymupdf-native-table,
hsk_exam2025,page:194;sequence:4563,4563,6,6,,暖,,暖,,nuǎn,形、动,pymupdf-native-table,
hsk_exam2025,page:194;sequence:4564,4564,6,6,,暖气,,暖气,,nuǎnqì,名,pymupdf-native-table,
hsk_exam2025,page:194;sequence:4565,4565,6,6,,偶像,,偶像,,ǒuxiàng,名,pymupdf-native-table,
hsk_exam2025,page:194;sequence:4566,4566,6,6,,排除,,排除,,páichú,动,pymupdf-native-table,
hsk_exam2025,page:194;sequence:4567,4567,6,6,,排放,,排放,,páifàng,动,pymupdf-native-table,
hsk_exam2025,page:194;sequence:4568,4568,6,6,,排练,,排练,,páiliàn,动,pymupdf-native-table,
hsk_exam2025,page:194;sequence:4569,4569,6,6,,排名,,排名,,páimíng,动,pymupdf-native-table,
hsk_exam2025,page:194;sequence:4570,4570,6,6（7-9）,7-9,盘,,盘,,pán,量、（动）,pymupdf-native-table,
hsk_exam2025,page:194;sequence:4571,4571,6,6,,盼望,,盼望,,pànwàng,动,pymupdf-native-table,
hsk_exam2025,page:194;sequence:4572,4572,6,6,,庞大,,庞大,,pángdà,形,pymupdf-native-table,
hsk_exam2025,page:194;sequence:4573,4573,6,6,,抛,,抛,,pāo,动,pymupdf-native-table,
hsk_exam2025,page:194;sequence:4574,4574,6,6,,泡,,泡,,pào,名、动,pymupdf-native-table,
hsk_exam2025,page:194;sequence:4575,4575,6,6,,赔偿,,赔偿,,péicháng,动,pymupdf-native-table,
hsk_exam2025,page:194;sequence:4576,4576,6,6,,陪同,,陪同,,péitóng,动,pymupdf-native-table,
hsk_exam2025,page:194;sequence:4577,4577,6,6,,培育,,培育,,péiyù,动,pymupdf-native-table,
hsk_exam2025,page:194;sequence:4578,4578,6,6,,配备,,配备,,pèibèi,动、名,pymupdf-native-table,
hsk_exam2025,page:194;sequence:4579,4579,6,6,,佩服,,佩服,,pèifú,动,pymupdf-native-table,
hsk_exam2025,page:194;sequence:4580,4580,6,6,,配套,,配套,,pèitào,动,pymupdf-native-table,
hsk_exam2025,page:194;sequence:4581,4581,6,6,,喷,,喷,,pēn,动,pymupdf-native-table,
hsk_exam2025,page:194;sequence:4582,4582,6,6,,捧,,捧,,pěng,动、量,pymupdf-native-table,
hsk_exam2025,page:194;sequence:4583,4583,6,6,,碰撞,,碰撞,,pèngzhuàng,动,pymupdf-native-table,
hsk_exam2025,page:194;sequence:4584,4584,6,6,,披,,披,,pī,动,pymupdf-native-table,
hsk_exam2025,page:194;sequence:4585,4585,6,6,,皮,,皮,,pí,名、形,pymupdf-native-table,
hsk_exam2025,page:194;sequence:4586,4586,6,6,,疲劳,,疲劳,,píláo,形,pymupdf-native-table,
hsk_exam2025,page:194;sequence:4587,4587,6,6,,片刻,,片刻,,piànkè,名,pymupdf-native-table,
hsk_exam2025,page:194;sequence:4588,4588,6,6,,片面,,片面,,piànmiàn,形,pymupdf-native-table,
hsk_exam2025,page:194;sequence:4589,4589,6,6,,骗子,,骗子,,piànzi,名,pymupdf-native-table,
hsk_exam2025,page:194;sequence:4590,4590,6,6,,飘,,飘,,piāo,动、形,pymupdf-native-table,
hsk_exam2025,page:194;sequence:4591,4591,6,6,,漂,,漂,,piāo,动,pymupdf-native-table,
hsk_exam2025,page:194;sequence:4592,4592,6,6,,频道,,频道,,píndào,名,pymupdf-native-table,
hsk_exam2025,page:194;sequence:4593,4593,6,6,,频繁,,频繁,,pínfán,形,pymupdf-native-table,
hsk_exam2025,page:194;sequence:4594,4594,6,6,,贫困,,贫困,,pínkùn,形,pymupdf-native-table,
hsk_exam2025,page:194;sequence:4595,4595,6,6,,频率,,频率,,pínlǜ,名,pymupdf-native-table,
hsk_exam2025,page:194;sequence:4596,4596,6,6,,品尝,,品尝,,pǐncháng,动,pymupdf-native-table,
hsk_exam2025,page:194;sequence:4597,4597,6,6,,平等,,平等,,píngděng,形,pymupdf-native-table,
hsk_exam2025,page:194;sequence:4598,4598,6,6,,平凡,,平凡,,píngfán,形,pymupdf-native-table,
hsk_exam2025,page:194;sequence:4599,4599,6,6,,平方,,平方,,píngfāng,名、量,pymupdf-native-table,
hsk_exam2025,page:194;sequence:4600,4600,6,6,,平方米,,平方米,,píngfāngmǐ,量,pymupdf-native-table,
hsk_exam2025,page:195;sequence:4601,4601,6,6,,评估,,评估,,pínggū,动,pymupdf-native-table,
hsk_exam2025,page:195;sequence:4602,4602,6,6,,评论,,评论,,pínglùn,动、名,pymupdf-native-table,
hsk_exam2025,page:195;sequence:4603,4603,6,6,,评选,,评选,,píngxuǎn,动,pymupdf-native-table,
hsk_exam2025,page:195;sequence:4604,4604,6,6,,坡,,坡,,pō,名、形,pymupdf-native-table,
hsk_exam2025,page:195;sequence:4605,4605,6,6,,泼,,泼,,pō,动,pymupdf-native-table,
hsk_exam2025,page:195;sequence:4606,4606,6,6,,破产,,破产,,pòchǎn,动,pymupdf-native-table,
hsk_exam2025,page:195;sequence:4607,4607,6,6,,迫切,,迫切,,pòqiè,形,pymupdf-native-table,
hsk_exam2025,page:195;sequence:4608,4608,6,6,,扑,,扑,,pū,动,pymupdf-native-table,
hsk_exam2025,page:195;sequence:4609,4609,6,6,,铺,,铺,,pū,动,pymupdf-native-table,
hsk_exam2025,page:195;sequence:4610,4610,6,6,,扑灭,,扑灭,,pūmiè,动,pymupdf-native-table,
hsk_exam2025,page:195;sequence:4611,4611,6,6,,朴素,,朴素,,pǔsù,形,pymupdf-native-table,
hsk_exam2025,page:195;sequence:4612,4612,6,6,,欺骗,,欺骗,,qīpiàn,动,pymupdf-native-table,
hsk_exam2025,page:195;sequence:4613,4613,6,6,,期望,,期望,,qīwàng,动,pymupdf-native-table,
hsk_exam2025,page:195;sequence:4614,4614,6,6,,期限,,期限,,qīxiàn,名,pymupdf-native-table,
hsk_exam2025,page:195;sequence:4615,4615,6,6,,其间,,其间,,qíjiān,名,pymupdf-native-table,
hsk_exam2025,page:195;sequence:4616,4616,6,6,,齐全,,齐全,,qíquán,形,pymupdf-native-table,
hsk_exam2025,page:195;sequence:4617,4617,6,6,,棋子,,棋子,,qízǐ,名,pymupdf-native-table,
hsk_exam2025,page:195;sequence:4618,4618,6,6,,起初,,起初,,qǐchū,名,pymupdf-native-table,
hsk_exam2025,page:195;sequence:4619,4619,6,6,,起点,,起点,,qǐdiǎn,名,pymupdf-native-table,
hsk_exam2025,page:195;sequence:4620,4620,6,6,,启动,,启动,,qǐdòng,动,pymupdf-native-table,
hsk_exam2025,page:195;sequence:4621,4621,6,6,,启发,,启发,,qǐfā,动,pymupdf-native-table,
hsk_exam2025,page:195;sequence:4622,4622,6,6,,启示,,启示,,qǐshì,动、名,pymupdf-native-table,
hsk_exam2025,page:195;sequence:4623,4623,6,6,,启事,,启事,,qǐshì,名,pymupdf-native-table,
hsk_exam2025,page:195;sequence:4624,4624,6,6,,起源,,起源,,qǐyuán,动、名,pymupdf-native-table,
hsk_exam2025,page:195;sequence:4625,4625,6,6,,气氛,,气氛,,qìfēn,名,pymupdf-native-table,
hsk_exam2025,page:195;sequence:4626,4626,6,6,,气体,,气体,,qìtǐ,名,pymupdf-native-table,
hsk_exam2025,page:195;sequence:4627,4627,6,6,,气味,,气味,,qìwèi,名,pymupdf-native-table,
hsk_exam2025,page:195;sequence:4628,4628,6,6,,气质,,气质,,qìzhì,名,pymupdf-native-table,
hsk_exam2025,page:195;sequence:4629,4629,6,6,,恰当,,恰当,,qiàdàng,形,pymupdf-native-table,
hsk_exam2025,page:195;sequence:4630,4630,6,6,,恰好,,恰好,,qiàhǎo,副,pymupdf-native-table,
hsk_exam2025,page:195;sequence:4631,4631,6,6,,恰恰,,恰恰,,qiàqià,副,pymupdf-native-table,
hsk_exam2025,page:195;sequence:4632,4632,6,6,,牵,,牵,,qiān,动,pymupdf-native-table,
hsk_exam2025,page:195;sequence:4633,4633,6,6,,千家万户,,千家万户,,qiānjiā-wànhù,,pymupdf-native-table,
hsk_exam2025,page:195;sequence:4634,4634,6,6,,谦虚,,谦虚,,qiānxū,形、动,pymupdf-native-table,
hsk_exam2025,page:195;sequence:4635,4635,6,6,,前景,,前景,,qiánjǐng,名,pymupdf-native-table,
hsk_exam2025,page:195;sequence:4636,4636,6,6,,潜力,,潜力,,qiánlì,名,pymupdf-native-table,
hsk_exam2025,page:195;sequence:4637,4637,6,6,,前期,,前期,,qiánqī,名,pymupdf-native-table,
hsk_exam2025,page:195;sequence:4638,4638,6,6,,前提,,前提,,qiántí,名,pymupdf-native-table,
hsk_exam2025,page:195;sequence:4639,4639,6,6,,前者,,前者,,qiánzhě,名,pymupdf-native-table,
hsk_exam2025,page:195;sequence:4640,4640,6,6,,枪,,枪,,qiāng,名,pymupdf-native-table,
hsk_exam2025,page:196;sequence:4641,4641,6,6,,墙壁,,墙壁,,qiángbì,名,pymupdf-native-table,
hsk_exam2025,page:196;sequence:4642,4642,6,6,,强化,,强化,,qiánghuà,动,pymupdf-native-table,
hsk_exam2025,page:196;sequence:4643,4643,6,6,,强壮,,强壮,,qiángzhuàng,形、动,pymupdf-native-table,
hsk_exam2025,page:196;sequence:4644,4644,6,6,,强迫,,强迫,,qiǎngpò,动,pymupdf-native-table,
hsk_exam2025,page:196;sequence:4645,4645,6,6,,瞧,,瞧,,qiáo,动,pymupdf-native-table,
hsk_exam2025,page:196;sequence:4646,4646,6,6,,桥梁,,桥梁,,qiáoliáng,名,pymupdf-native-table,
hsk_exam2025,page:196;sequence:4647,4647,6,6,,巧妙,,巧妙,,qiǎomiào,形,pymupdf-native-table,
hsk_exam2025,page:196;sequence:4648,4648,6,6,,切实,,切实,,qièshí,形,pymupdf-native-table,
hsk_exam2025,page:196;sequence:4649,4649,6,6,,亲密,,亲密,,qīnmì,形,pymupdf-native-table,
hsk_exam2025,page:196;sequence:4650,4650,6,6,,亲属,,亲属,,qīnshǔ,名,pymupdf-native-table,
hsk_exam2025,page:196;sequence:4651,4651,6,6,,勤劳,,勤劳,,qínláo,形,pymupdf-native-table,
hsk_exam2025,page:196;sequence:4652,4652,6,6,,清,,清,,qīng,形、动,pymupdf-native-table,
hsk_exam2025,page:196;sequence:4653,4653,6,6,,清晨,,清晨,,qīngchén,名,pymupdf-native-table,
hsk_exam2025,page:196;sequence:4654,4654,6,6,,青春,,青春,,qīngchūn,名,pymupdf-native-table,
hsk_exam2025,page:196;sequence:4655,4655,6,6,,青春期,,青春期,,qīngchūnqī,名,pymupdf-native-table,
hsk_exam2025,page:196;sequence:4656,4656,6,6,,清淡,,清淡,,qīngdàn,形,pymupdf-native-table,
hsk_exam2025,page:196;sequence:4657,4657,6,6,,清洁,,清洁,,qīngjié,形,pymupdf-native-table,
hsk_exam2025,page:196;sequence:4658,4658,6,6,,清理,,清理,,qīnglǐ,动,pymupdf-native-table,
hsk_exam2025,page:196;sequence:4659,4659,6,6,,清扫,,清扫,,qīngsǎo,动,pymupdf-native-table,
hsk_exam2025,page:196;sequence:4660,4660,6,6,,倾听,,倾听,,qīngtīng,动,pymupdf-native-table,
hsk_exam2025,page:196;sequence:4661,4661,6,6,,清洗,,清洗,,qīngxǐ,动,pymupdf-native-table,
hsk_exam2025,page:196;sequence:4662,4662,6,6,,清晰,,清晰,,qīngxī,形,pymupdf-native-table,
hsk_exam2025,page:196;sequence:4663,4663,6,6,,倾向,,倾向,,qīngxiàng,动、名,pymupdf-native-table,
hsk_exam2025,page:196;sequence:4664,4664,6,6,,清醒,,清醒,,qīngxǐng,形、动,pymupdf-native-table,
hsk_exam2025,page:196;sequence:4665,4665,6,6,,情节,,情节,,qíngjié,名,pymupdf-native-table,
hsk_exam2025,page:196;sequence:4666,4666,6,6,,晴朗,,晴朗,,qínglǎng,形,pymupdf-native-table,
hsk_exam2025,page:196;sequence:4667,4667,6,6,,情形,,情形,,qíngxing,名,pymupdf-native-table,
hsk_exam2025,page:196;sequence:4668,4668,6,6,,求,,求,,qiú,动,pymupdf-native-table,
hsk_exam2025,page:196;sequence:4669,4669,6,6,,求婚,,求婚,,qiúhūn,动,pymupdf-native-table,
hsk_exam2025,page:196;sequence:4670,4670,6,6,,求救,,求救,,qiújiù,动,pymupdf-native-table,
hsk_exam2025,page:196;sequence:4671,4671,6,6,,求职,,求职,,qiúzhí,动,pymupdf-native-table,
hsk_exam2025,page:196;sequence:4672,4672,6,6,,求助,,求助,,qiúzhù,动,pymupdf-native-table,
hsk_exam2025,page:196;sequence:4673,4673,6,6,,区分,,区分,,qūfēn,动,pymupdf-native-table,
hsk_exam2025,page:196;sequence:4674,4674,6,6,,渠道,,渠道,,qúdào,名,pymupdf-native-table,
hsk_exam2025,page:196;sequence:4675,4675,6,6,,曲,,曲,,qǔ,名,pymupdf-native-table,
hsk_exam2025,page:196;sequence:4676,4676,6,6,,娶,,娶,,qǔ,动,pymupdf-native-table,
hsk_exam2025,page:196;sequence:4677,4677,6,6,,取代,,取代,,qǔdài,动,pymupdf-native-table,
hsk_exam2025,page:196;sequence:4678,4678,6,6,,趣味,,趣味,,qùwèi,名,pymupdf-native-table,
hsk_exam2025,page:196;sequence:4679,4679,6,6,,圈,,圈,,quān,名、动,pymupdf-native-table,
hsk_exam2025,page:196;sequence:4680,4680,6,6,,全程,,全程,,quánchéng,名,pymupdf-native-table,
hsk_exam2025,page:197;sequence:4681,4681,6,6,,权力,,权力,,quánlì,名,pymupdf-native-table,
hsk_exam2025,page:197;sequence:4682,4682,6,6,,券,,券,,quàn,名,pymupdf-native-table,
hsk_exam2025,page:197;sequence:4683,4683,6,6,,缺陷,,缺陷,,quēxiàn,名,pymupdf-native-table,
hsk_exam2025,page:197;sequence:4684,4684,6,6,,确立,,确立,,quèlì,动,pymupdf-native-table,
hsk_exam2025,page:197;sequence:4685,4685,6,6,,群众,,群众,,qúnzhòng,名,pymupdf-native-table,
hsk_exam2025,page:197;sequence:4686,4686,6,6,,燃料,,燃料,,ránliào,名,pymupdf-native-table,
hsk_exam2025,page:197;sequence:4687,4687,6,6,,染,,染,,rǎn,动,pymupdf-native-table,
hsk_exam2025,page:197;sequence:4688,4688,6,6,,热点,,热点,,rèdiǎn,名,pymupdf-native-table,
hsk_exam2025,page:197;sequence:4689,4689,6,6,,热度,,热度,,rèdù,名,pymupdf-native-table,
hsk_exam2025,page:197;sequence:4690,4690,6,6,,热门,,热门,,rèmén,名,pymupdf-native-table,
hsk_exam2025,page:197;sequence:4691,4691,6,6,,热水器,,热水器,,rèshuǐqì,名,pymupdf-native-table,
hsk_exam2025,page:197;sequence:4692,4692,6,6,,热线,,热线,,rèxiàn,名,pymupdf-native-table,
hsk_exam2025,page:197;sequence:4693,4693,6,6,,热议,,热议,,rèyì,动,pymupdf-native-table,
hsk_exam2025,page:197;sequence:4694,4694,6,6,,人工智能,,人工智能,,réngōng zhìnéng,,pymupdf-native-table,
hsk_exam2025,page:197;sequence:4695,4695,6,6,,人家,,人家,,rénjia,代,pymupdf-native-table,
hsk_exam2025,page:197;sequence:4696,4696,6,6,,人均,,人均,,rénjūn,动,pymupdf-native-table,
hsk_exam2025,page:197;sequence:4697,4697,6,6,,人山人海,,人山人海,,rénshān-rénhǎi,,pymupdf-native-table,
hsk_exam2025,page:197;sequence:4698,4698,6,6,,人士,,人士,,rénshì,名,pymupdf-native-table,
hsk_exam2025,page:197;sequence:4699,4699,6,6,,人事,,人事,,rénshì,名,pymupdf-native-table,
hsk_exam2025,page:197;sequence:4700,4700,6,6,,人为,,人为,,rénwéi,形,pymupdf-native-table,
hsk_exam2025,page:197;sequence:4701,4701,6,6,,人行道,,人行道,,rénxíngdào,名,pymupdf-native-table,
hsk_exam2025,page:197;sequence:4702,4702,6,6,,忍受,,忍受,,rěnshòu,动,pymupdf-native-table,
hsk_exam2025,page:197;sequence:4703,4703,6,6,,认错,,认错,,rèncuò,动,pymupdf-native-table,
hsk_exam2025,page:197;sequence:4704,4704,6,6,,认定,,认定,,rèndìng,动,pymupdf-native-table,
hsk_exam2025,page:197;sequence:4705,4705,6,6,,认可,,认可,,rènkě,动,pymupdf-native-table,
hsk_exam2025,page:197;sequence:4706,4706,6,6,,认同,,认同,,rèntóng,动,pymupdf-native-table,
hsk_exam2025,page:197;sequence:4707,4707,6,6,,认知,,认知,,rènzhī,动,pymupdf-native-table,
hsk_exam2025,page:197;sequence:4708,4708,6,6,,仍旧,,仍旧,,réngjiù,副,pymupdf-native-table,
hsk_exam2025,page:197;sequence:4709,4709,6,6,,日后,,日后,,rìhòu,名,pymupdf-native-table,
hsk_exam2025,page:197;sequence:4710,4710,6,6,,日前,,日前,,rìqián,名,pymupdf-native-table,
hsk_exam2025,page:197;sequence:4711,4711,6,6,,日夜,,日夜,,rìyè,名,pymupdf-native-table,
hsk_exam2025,page:197;sequence:4712,4712,6,6,,日益,,日益,,rìyì,副,pymupdf-native-table,
hsk_exam2025,page:197;sequence:4713,4713,6,6,,融合,,融合,,rónghé,动,pymupdf-native-table,
hsk_exam2025,page:197;sequence:4714,4714,6,6,,融化,,融化,,rónghuà,动,pymupdf-native-table,
hsk_exam2025,page:197;sequence:4715,4715,6,6,,容量,,容量,,róngliàng,名,pymupdf-native-table,
hsk_exam2025,page:197;sequence:4716,4716,6,6,,融入,,融入,,róngrù,动,pymupdf-native-table,
hsk_exam2025,page:197;sequence:4717,4717,6,6,,荣誉,,荣誉,,róngyù,名,pymupdf-native-table,
hsk_exam2025,page:197;sequence:4718,4718,6,6,,柔软,,柔软,,róuruǎn,形,pymupdf-native-table,
hsk_exam2025,page:197;sequence:4719,4719,6,6,,入境,,入境,,rùjìng,动,pymupdf-native-table,
hsk_exam2025,page:197;sequence:4720,4720,6,6,,入门,,入门,,rùmén,动、名,pymupdf-native-table,
hsk_exam2025,page:198;sequence:4721,4721,6,6,,入选,,入选,,rùxuǎn,动,pymupdf-native-table,
hsk_exam2025,page:198;sequence:4722,4722,6,6,,弱点,,弱点,,ruòdiǎn,名,pymupdf-native-table,
hsk_exam2025,page:198;sequence:4723,4723,6,6,,撒,,撒,,sǎ,动,pymupdf-native-table,
hsk_exam2025,page:198;sequence:4724,4724,6,6,,塞,,塞,,sāi,动、名,pymupdf-native-table,
hsk_exam2025,page:198;sequence:4725,4725,6,6,,赛事,,赛事,,sàishì,名,pymupdf-native-table,
hsk_exam2025,page:198;sequence:4726,4726,6,6,,散,,散,,sǎn,动,pymupdf-native-table,
hsk_exam2025,page:198;sequence:4727,4727,6,6,,散文,,散文,,sǎnwén,名,pymupdf-native-table,
hsk_exam2025,page:198;sequence:4728,4728,6,6,,散,,散,,sàn,动,pymupdf-native-table,
hsk_exam2025,page:198;sequence:4729,4729,6,6,,散发,,散发,,sànfā,动,pymupdf-native-table,
hsk_exam2025,page:198;sequence:4730,4730,6,6,,嗓子,,嗓子,,sǎngzi,名,pymupdf-native-table,
hsk_exam2025,page:198;sequence:4731,4731,6,6,,丧失,,丧失,,sàngshī,动,pymupdf-native-table,
hsk_exam2025,page:198;sequence:4732,4732,6,6,,扫描,,扫描,,sǎomiáo,动,pymupdf-native-table,
hsk_exam2025,page:198;sequence:4733,4733,6,6,,杀,,杀,,shā,动,pymupdf-native-table,
hsk_exam2025,page:198;sequence:4734,4734,6,6,,刹车,,刹车,,shāchē,动、名,pymupdf-native-table,
hsk_exam2025,page:198;sequence:4735,4735,6,6,,鲨鱼,,鲨鱼,,shāyú,名,pymupdf-native-table,
hsk_exam2025,page:198;sequence:4736,4736,6,6,,筛选,,筛选,,shāixuǎn,动,pymupdf-native-table,
hsk_exam2025,page:198;sequence:4737,4737,6,6,,山顶,,山顶,,shāndǐng,名,pymupdf-native-table,
hsk_exam2025,page:198;sequence:4738,4738,6,6,,山峰,,山峰,,shānfēng,名,pymupdf-native-table,
hsk_exam2025,page:198;sequence:4739,4739,6,6,,山坡,,山坡,,shānpō,名,pymupdf-native-table,
hsk_exam2025,page:198;sequence:4740,4740,6,6,,闪,,闪,,shǎn,动,pymupdf-native-table,
hsk_exam2025,page:198;sequence:4741,4741,6,6,,闪电,,闪电,,shǎndiàn,名,pymupdf-native-table,
hsk_exam2025,page:198;sequence:4742,4742,6,6,,扇,,扇,,shàn,量,pymupdf-native-table,
hsk_exam2025,page:198;sequence:4743,4743,6,6,,商标,,商标,,shāngbiāo,名,pymupdf-native-table,
hsk_exam2025,page:198;sequence:4744,4744,6,6,,伤口,,伤口,,shāngkǒu,名,pymupdf-native-table,
hsk_exam2025,page:198;sequence:4745,4745,6,6,,伤亡,,伤亡,,shāngwáng,动、名,pymupdf-native-table,
hsk_exam2025,page:198;sequence:4746,4746,6,6,,伤员,,伤员,,shāngyuán,名,pymupdf-native-table,
hsk_exam2025,page:198;sequence:4747,4747,6,6,,上当,,上当,,shàngdàng,动,pymupdf-native-table,
hsk_exam2025,page:198;sequence:4748,4748,6,6,,上级,,上级,,shàngjí,名,pymupdf-native-table,
hsk_exam2025,page:198;sequence:4749,4749,6,6,,上进,,上进,,shàngjìn,动,pymupdf-native-table,
hsk_exam2025,page:198;sequence:4750,4750,6,6,,上市,,上市,,shàngshì,动,pymupdf-native-table,
hsk_exam2025,page:198;sequence:4751,4751,6,6,,上述,,上述,,shàngshù,形,pymupdf-native-table,
hsk_exam2025,page:198;sequence:4752,4752,6,6,,上台,,上台,,shàngtái,动,pymupdf-native-table,
hsk_exam2025,page:198;sequence:4753,4753,6,6,,上旬,,上旬,,shàngxún,名,pymupdf-native-table,
hsk_exam2025,page:198;sequence:4754,4754,6,6,,少儿,,少儿,,shào’ér,名,pymupdf-native-table,
hsk_exam2025,page:198;sequence:4755,4755,6,6,,舌头,,舌头,,shétou,名,pymupdf-native-table,
hsk_exam2025,page:198;sequence:4756,4756,6,6,,社,,社,,shè,名,pymupdf-native-table,
hsk_exam2025,page:198;sequence:4757,4757,6,6,,射,,射,,shè,动,pymupdf-native-table,
hsk_exam2025,page:198;sequence:4758,4758,6,6,,涉及,,涉及,,shèjí,动,pymupdf-native-table,
hsk_exam2025,page:198;sequence:4759,4759,6,6,,射击,,射击,,shèjī,动,pymupdf-native-table,
hsk_exam2025,page:198;sequence:4760,4760,6,6,,摄像,,摄像,,shèxiàng,动,pymupdf-native-table,
hsk_exam2025,page:199;sequence:4761,4761,6,6,,设想,,设想,,shèxiǎng,动,pymupdf-native-table,
hsk_exam2025,page:199;sequence:4762,4762,6,6,,摄像头,,摄像头,,shèxiàngtóu,名,pymupdf-native-table,
hsk_exam2025,page:199;sequence:4763,4763,6,6,,身心,,身心,,shēnxīn,名,pymupdf-native-table,
hsk_exam2025,page:199;sequence:4764,4764,6,6,,深夜,,深夜,,shēnyè,名,pymupdf-native-table,
hsk_exam2025,page:199;sequence:4765,4765,6,6,,神,,神,,shén,名、形,pymupdf-native-table,
hsk_exam2025,page:199;sequence:4766,4766,6,6,,神经,,神经,,shénjīng,名,pymupdf-native-table,
hsk_exam2025,page:199;sequence:4767,4767,6,6,,神奇,,神奇,,shénqí,形,pymupdf-native-table,
hsk_exam2025,page:199;sequence:4768,4768,6,6,,审美,,审美,,shěnměi,动,pymupdf-native-table,
hsk_exam2025,page:199;sequence:4769,4769,6,6,,升,,升2,2,shēng,量,pymupdf-native-table,
hsk_exam2025,page:199;sequence:4770,4770,6,6,,生成,,生成,,shēngchéng,动,pymupdf-native-table,
hsk_exam2025,page:199;sequence:4771,4771,6,6,,声调,,声调,,shēngdiào,名,pymupdf-native-table,
hsk_exam2025,page:199;sequence:4772,4772,6,6,,生命力,,生命力,,shēngmìnglì,名,pymupdf-native-table,
hsk_exam2025,page:199;sequence:4773,4773,6,6,,生态,,生态,,shēngtài,名,pymupdf-native-table,
hsk_exam2025,page:199;sequence:4774,4774,6,6,,升学,,升学,,shēngxué,动,pymupdf-native-table,
hsk_exam2025,page:199;sequence:4775,4775,6,6,,剩余,,剩余,,shèngyú,动,pymupdf-native-table,
hsk_exam2025,page:199;sequence:4776,4776,6,6,,诗词,,诗词,,shīcí,名,pymupdf-native-table,
hsk_exam2025,page:199;sequence:4777,4777,6,6,,湿度,,湿度,,shīdù,名,pymupdf-native-table,
hsk_exam2025,page:199;sequence:4778,4778,6,6,,师父,,师父,,shīfu,名,pymupdf-native-table,
hsk_exam2025,page:199;sequence:4779,4779,6,6,,诗歌,,诗歌,,shīgē,名,pymupdf-native-table,
hsk_exam2025,page:199;sequence:4780,4780,6,6,,狮子,,狮子,,shīzi,名,pymupdf-native-table,
hsk_exam2025,page:199;sequence:4781,4781,6,6,,识,,识,,shí,动,pymupdf-native-table,
hsk_exam2025,page:199;sequence:4782,4782,6,6,,拾,,拾,,shí,动,pymupdf-native-table,
hsk_exam2025,page:199;sequence:4783,4783,6,6,,识别,,识别,,shíbié,动,pymupdf-native-table,
hsk_exam2025,page:199;sequence:4784,4784,6,6,,时光,,时光,,shíguāng,名,pymupdf-native-table,
hsk_exam2025,page:199;sequence:4785,4785,6,6,,实话,,实话,,shíhuà,名,pymupdf-native-table,
hsk_exam2025,page:199;sequence:4786,4786,6,6,,实惠,,实惠,,shíhuì,名、形,pymupdf-native-table,
hsk_exam2025,page:199;sequence:4787,4787,6,6,,时机,,时机,,shíjī,名,pymupdf-native-table,
hsk_exam2025,page:199;sequence:4788,4788,6,6,,时尚,,时尚,,shíshàng,名、形,pymupdf-native-table,
hsk_exam2025,page:199;sequence:4789,4789,6,6,,实时,,实时,,shíshí,副,pymupdf-native-table,
hsk_exam2025,page:199;sequence:4790,4790,6,6,,时速,,时速,,shísù,名,pymupdf-native-table,
hsk_exam2025,page:199;sequence:4791,4791,6,6,,石油,,石油,,shíyóu,名,pymupdf-native-table,
hsk_exam2025,page:199;sequence:4792,4792,6,6,,食欲,,食欲,,shíyù,名,pymupdf-native-table,
hsk_exam2025,page:199;sequence:4793,4793,6,6,,实质,,实质,,shízhì,名,pymupdf-native-table,
hsk_exam2025,page:199;sequence:4794,4794,6,6,,十足,,十足,,shízú,形,pymupdf-native-table,
hsk_exam2025,page:199;sequence:4795,4795,6,6,,使劲,,使劲,,shǐjìn,动,pymupdf-native-table,
hsk_exam2025,page:199;sequence:4796,4796,6,6,,士兵,,士兵,,shìbīng,名,pymupdf-native-table,
hsk_exam2025,page:199;sequence:4797,4797,6,6,,适度,,适度,,shìdù,形,pymupdf-native-table,
hsk_exam2025,page:199;sequence:4798,4798,6,6,,示范,,示范,,shìfàn,动,pymupdf-native-table,
hsk_exam2025,page:199;sequence:4799,4799,6,6,,释放,,释放,,shìfàng,动,pymupdf-native-table,
hsk_exam2025,page:199;sequence:4800,4800,6,6,,事后,,事后,,shìhòu,名,pymupdf-native-table,
hsk_exam2025,page:200;sequence:4801,4801,6,6,,视觉,,视觉,,shìjué,名,pymupdf-native-table,
hsk_exam2025,page:200;sequence:4802,4802,6,6,,势力,,势力,,shìlì,名,pymupdf-native-table,
hsk_exam2025,page:200;sequence:4803,4803,6,6,,视力,,视力,,shìlì,名,pymupdf-native-table,
hsk_exam2025,page:200;sequence:4804,4804,6,6,,试图,,试图,,shìtú,动,pymupdf-native-table,
hsk_exam2025,page:200;sequence:4805,4805,6,6,,事务,,事务,,shìwù,名,pymupdf-native-table,
hsk_exam2025,page:200;sequence:4806,4806,6,6,,事项,,事项,,shìxiàng,名,pymupdf-native-table,
hsk_exam2025,page:200;sequence:4807,4807,6,6,,适宜,,适宜,,shìyí,形,pymupdf-native-table,
hsk_exam2025,page:200;sequence:4808,4808,6,6,,收藏,,收藏,,shōucáng,动,pymupdf-native-table,
hsk_exam2025,page:200;sequence:4809,4809,6,6,,收购,,收购,,shōugòu,动,pymupdf-native-table,
hsk_exam2025,page:200;sequence:4810,4810,6,6,,收取,,收取,,shōuqǔ,动,pymupdf-native-table,
hsk_exam2025,page:200;sequence:4811,4811,6,6,,收益,,收益,,shōuyì,名,pymupdf-native-table,
hsk_exam2025,page:200;sequence:4812,4812,6,6,,手臂,,手臂,,shǒubì,名,pymupdf-native-table,
hsk_exam2025,page:200;sequence:4813,4813,6,6,,手法,,手法,,shǒufǎ,名,pymupdf-native-table,
hsk_exam2025,page:200;sequence:4814,4814,6,6,,手势,,手势,,shǒushì,名,pymupdf-native-table,
hsk_exam2025,page:200;sequence:4815,4815,6,6,,首要,,首要,,shǒuyào,形,pymupdf-native-table,
hsk_exam2025,page:200;sequence:4816,4816,6,6,,寿命,,寿命,,shòumìng,名,pymupdf-native-table,
hsk_exam2025,page:200;sequence:4817,4817,6,6,,受灾,,受灾,,shòuzāi,动,pymupdf-native-table,
hsk_exam2025,page:200;sequence:4818,4818,6,6,,输出,,输出,,shūchū,动,pymupdf-native-table,
hsk_exam2025,page:200;sequence:4819,4819,6,6,,书画,,书画,,shūhuà,名,pymupdf-native-table,
hsk_exam2025,page:200;sequence:4820,4820,6,6,,书籍,,书籍,,shūjí,名,pymupdf-native-table,
hsk_exam2025,page:200;sequence:4821,4821,6,6,,书面,,书面,,shūmiàn,形,pymupdf-native-table,
hsk_exam2025,page:200;sequence:4822,4822,6,6,,输送,,输送,,shūsòng,动,pymupdf-native-table,
hsk_exam2025,page:200;sequence:4823,4823,6,6,,书写,,书写,,shūxiě,动,pymupdf-native-table,
hsk_exam2025,page:200;sequence:4824,4824,6,6,,属,,属,,shǔ,动,pymupdf-native-table,
hsk_exam2025,page:200;sequence:4825,4825,6,6,,薯片,,薯片,,shǔpiàn,名,pymupdf-native-table,
hsk_exam2025,page:200;sequence:4826,4826,6,6,,竖,,竖,,shù,形、动、名,pymupdf-native-table,
hsk_exam2025,page:200;sequence:4827,4827,6,6,,树立,,树立,,shùlì,动,pymupdf-native-table,
hsk_exam2025,page:200;sequence:4828,4828,6,6,,数目,,数目,,shùmù,名,pymupdf-native-table,
hsk_exam2025,page:200;sequence:4829,4829,6,6,,数字化,,数字化,,shùzìhuà,动,pymupdf-native-table,
hsk_exam2025,page:200;sequence:4830,4830,6,6,,衰老,,衰老,,shuāilǎo,形,pymupdf-native-table,
hsk_exam2025,page:200;sequence:4831,4831,6,6,,率领,,率领,,shuàilǐng,动,pymupdf-native-table,
hsk_exam2025,page:200;sequence:4832,4832,6,6,,率先,,率先,,shuàixiān,副,pymupdf-native-table,
hsk_exam2025,page:200;sequence:4833,4833,6,6,,水稻,,水稻,,shuǐdào,名,pymupdf-native-table,
hsk_exam2025,page:200;sequence:4834,4834,6,6,,水库,,水库,,shuǐkù,名,pymupdf-native-table,
hsk_exam2025,page:200;sequence:4835,4835,6,6,,水流,,水流,,shuǐliú,名,pymupdf-native-table,
hsk_exam2025,page:200;sequence:4836,4836,6,6,,水面,,水面,,shuǐmiàn,名,pymupdf-native-table,
hsk_exam2025,page:200;sequence:4837,4837,6,6,,水泥,,水泥,,shuǐní,名,pymupdf-native-table,
hsk_exam2025,page:200;sequence:4838,4838,6,6,,瞬间,,瞬间,,shùnjiān,名,pymupdf-native-table,
hsk_exam2025,page:200;sequence:4839,4839,6,6,,思路,,思路,,sīlù,名,pymupdf-native-table,
hsk_exam2025,page:200;sequence:4840,4840,6,6,,思念,,思念,,sīniàn,动,pymupdf-native-table,
hsk_exam2025,page:201;sequence:4841,4841,6,6,,死亡,,死亡,,sǐwáng,动,pymupdf-native-table,
hsk_exam2025,page:201;sequence:4842,4842,6,6,,松,,松,,sōng,形、动,pymupdf-native-table,
hsk_exam2025,page:201;sequence:4843,4843,6,6,,艘,,艘,,sōu,量,pymupdf-native-table,
hsk_exam2025,page:201;sequence:4844,4844,6,6,,搜集,,搜集,,sōují,动,pymupdf-native-table,
hsk_exam2025,page:201;sequence:4845,4845,6,6,,塑造,,塑造,,sùzào,动,pymupdf-native-table,
hsk_exam2025,page:201;sequence:4846,4846,6,6,,素质,,素质,,sùzhì,名,pymupdf-native-table,
hsk_exam2025,page:201;sequence:4847,4847,6,6,,算了,,算了,,suànle,动、助,pymupdf-native-table,
hsk_exam2025,page:201;sequence:4848,4848,6,6,,算是,,算是,,suànshì,动、副,pymupdf-native-table,
hsk_exam2025,page:201;sequence:4849,4849,6,6,,虽,,虽,,suī,连,pymupdf-native-table,
hsk_exam2025,page:201;sequence:4850,4850,6,6,,岁数,,岁数,,suìshu,名,pymupdf-native-table,
hsk_exam2025,page:201;sequence:4851,4851,6,6,,岁月,,岁月,,suìyuè,名,pymupdf-native-table,
hsk_exam2025,page:201;sequence:4852,4852,6,6,,损坏,,损坏,,sǔnhuài,动,pymupdf-native-table,
hsk_exam2025,page:201;sequence:4853,4853,6,6,,损伤,,损伤,,sǔnshāng,动,pymupdf-native-table,
hsk_exam2025,page:201;sequence:4854,4854,6,6,,所,,所2,2,suǒ,助,pymupdf-native-table,
hsk_exam2025,page:201;sequence:4855,4855,6,6,,踏实,,踏实,,tāshi,形,pymupdf-native-table,
hsk_exam2025,page:201;sequence:4856,4856,6,6,,塔,,塔,,tǎ,名,pymupdf-native-table,
hsk_exam2025,page:201;sequence:4857,4857,6,6,,台风,,台风,,táifēng,名,pymupdf-native-table,
hsk_exam2025,page:201;sequence:4858,4858,6,6,,台球,,台球,,táiqiú,名,pymupdf-native-table,
hsk_exam2025,page:201;sequence:4859,4859,6,6,,太空,,太空,,tàikōng,名,pymupdf-native-table,
hsk_exam2025,page:201;sequence:4860,4860,6,6,,太阳能,,太阳能,,tàiyángnéng,名,pymupdf-native-table,
hsk_exam2025,page:201;sequence:4861,4861,6,6,,谈论,,谈论,,tánlùn,动,pymupdf-native-table,
hsk_exam2025,page:201;sequence:4862,4862,6,6,,谈判,,谈判,,tánpàn,动,pymupdf-native-table,
hsk_exam2025,page:201;sequence:4863,4863,6,6,,弹性,,弹性,,tánxìng,名,pymupdf-native-table,
hsk_exam2025,page:201;sequence:4864,4864,6,6,,探索,,探索,,tànsuǒ,动,pymupdf-native-table,
hsk_exam2025,page:201;sequence:4865,4865,6,6,,探讨,,探讨,,tàntǎo,动,pymupdf-native-table,
hsk_exam2025,page:201;sequence:4866,4866,6,6,,汤圆,,汤圆,,tāngyuán,名,pymupdf-native-table,
hsk_exam2025,page:201;sequence:4867,4867,6,6,,糖果,,糖果,,tángguǒ,名,pymupdf-native-table,
hsk_exam2025,page:201;sequence:4868,4868,6,6,,烫,,烫,,tàng,动、形,pymupdf-native-table,
hsk_exam2025,page:201;sequence:4869,4869,6,6,,掏,,掏,,tāo,动,pymupdf-native-table,
hsk_exam2025,page:201;sequence:4870,4870,6,6,,逃,,逃,,táo,动,pymupdf-native-table,
hsk_exam2025,page:201;sequence:4871,4871,6,6,,逃跑,,逃跑,,táopǎo,动,pymupdf-native-table,
hsk_exam2025,page:201;sequence:4872,4872,6,6,,淘气,,淘气,,táoqì,形,pymupdf-native-table,
hsk_exam2025,page:201;sequence:4873,4873,6,6,,淘汰,,淘汰,,táotài,动,pymupdf-native-table,
hsk_exam2025,page:201;sequence:4874,4874,6,6,,套餐,,套餐,,tàocān,名,pymupdf-native-table,
hsk_exam2025,page:201;sequence:4875,4875,6,6,,特,,特,,tè,副,pymupdf-native-table,
hsk_exam2025,page:201;sequence:4876,4876,6,6,,特长,,特长,,tècháng,名,pymupdf-native-table,
hsk_exam2025,page:201;sequence:4877,4877,6,6,,特地,,特地,,tèdì,副,pymupdf-native-table,
hsk_exam2025,page:201;sequence:4878,4878,6,6,,特定,,特定,,tèdìng,形,pymupdf-native-table,
hsk_exam2025,page:201;sequence:4879,4879,6,6,,特性,,特性,,tèxìng,名,pymupdf-native-table,
hsk_exam2025,page:201;sequence:4880,4880,6,6,,特意,,特意,,tèyì,副,pymupdf-native-table,
hsk_exam2025,page:202;sequence:4881,4881,6,6,,题材,,题材,,tícái,名,pymupdf-native-table,
hsk_exam2025,page:202;sequence:4882,4882,6,6,,提取,,提取,,tíqǔ,动,pymupdf-native-table,
hsk_exam2025,page:202;sequence:4883,4883,6,6,,提示,,提示,,tíshì,动,pymupdf-native-table,
hsk_exam2025,page:202;sequence:4884,4884,6,6,,体操,,体操,,tǐcāo,名,pymupdf-native-table,
hsk_exam2025,page:202;sequence:4885,4885,6,6,,体积,,体积,,tǐjī,名,pymupdf-native-table,
hsk_exam2025,page:202;sequence:4886,4886,6,6,,体系,,体系,,tǐxì,名,pymupdf-native-table,
hsk_exam2025,page:202;sequence:4887,4887,6,6,,添,,添,,tiān,动,pymupdf-native-table,
hsk_exam2025,page:202;sequence:4888,4888,6,6,,天才,,天才,,tiāncái,名,pymupdf-native-table,
hsk_exam2025,page:202;sequence:4889,4889,6,6,,添加,,添加,,tiānjiā,动,pymupdf-native-table,
hsk_exam2025,page:202;sequence:4890,4890,6,6,,天然,,天然,,tiānrán,形,pymupdf-native-table,
hsk_exam2025,page:202;sequence:4891,4891,6,6,,天然气,,天然气,,tiānránqì,名,pymupdf-native-table,
hsk_exam2025,page:202;sequence:4892,4892,6,6,,天文,,天文,,tiānwén,名,pymupdf-native-table,
hsk_exam2025,page:202;sequence:4893,4893,6,6,,天下,,天下,,tiānxià,名,pymupdf-native-table,
hsk_exam2025,page:202;sequence:4894,4894,6,6,,天真,,天真,,tiānzhēn,形,pymupdf-native-table,
hsk_exam2025,page:202;sequence:4895,4895,6,6,,田,,田,,tián,名,pymupdf-native-table,
hsk_exam2025,page:202;sequence:4896,4896,6,6,,田径,,田径,,tiánjìng,名,pymupdf-native-table,
hsk_exam2025,page:202;sequence:4897,4897,6,6,,调节,,调节,,tiáojié,动,pymupdf-native-table,
hsk_exam2025,page:202;sequence:4898,4898,6,6,,跳水,,跳水,,tiàoshuǐ,动,pymupdf-native-table,
hsk_exam2025,page:202;sequence:4899,4899,6,6,,贴近,,贴近,,tiējìn,动、形,pymupdf-native-table,
hsk_exam2025,page:202;sequence:4900,4900,6,6,,听话,,听话,,tīnghuà,形,pymupdf-native-table,
hsk_exam2025,page:202;sequence:4901,4901,6,6,,听觉,,听觉,,tīngjué,名,pymupdf-native-table,
hsk_exam2025,page:202;sequence:4902,4902,6,6,,听取,,听取,,tīngqǔ,动,pymupdf-native-table,
hsk_exam2025,page:202;sequence:4903,4903,6,6,,通道,,通道,,tōngdào,名,pymupdf-native-table,
hsk_exam2025,page:202;sequence:4904,4904,6,6,,通风,,通风,,tōngfēng,动,pymupdf-native-table,
hsk_exam2025,page:202;sequence:4905,4905,6,6,,通话,,通话,,tōnghuà,动,pymupdf-native-table,
hsk_exam2025,page:202;sequence:4906,4906,6,6,,通信,,通信,,tōngxìn,动,pymupdf-native-table,
hsk_exam2025,page:202;sequence:4907,4907,6,6,,通讯,,通讯,,tōngxùn,名,pymupdf-native-table,
hsk_exam2025,page:202;sequence:4908,4908,6,6,,通用,,通用,,tōngyòng,动,pymupdf-native-table,
hsk_exam2025,page:202;sequence:4909,4909,6,6,,铜,,铜,,tóng,名,pymupdf-native-table,
hsk_exam2025,page:202;sequence:4910,4910,6,6,,同伴,,同伴,,tóngbàn,名,pymupdf-native-table,
hsk_exam2025,page:202;sequence:4911,4911,6,6,,同行,,同行,,tóngháng,动、名,pymupdf-native-table,
hsk_exam2025,page:202;sequence:4912,4912,6,6,,童话,,童话,,tónghuà,名,pymupdf-native-table,
hsk_exam2025,page:202;sequence:4913,4913,6,6,,同类,,同类,,tónglèi,形、名,pymupdf-native-table,
hsk_exam2025,page:202;sequence:4914,4914,6,6,,铜牌,,铜牌,,tóngpái,名,pymupdf-native-table,
hsk_exam2025,page:202;sequence:4915,4915,6,6,,痛快,,痛快,,tòngkuài,形,pymupdf-native-table,
hsk_exam2025,page:202;sequence:4916,4916,6,6,,偷,,偷,,tōu,动、副,pymupdf-native-table,
hsk_exam2025,page:202;sequence:4917,4917,6,6,,偷偷,,偷偷,,tōutōu,副,pymupdf-native-table,
hsk_exam2025,page:202;sequence:4918,4918,6,6,,头脑,,头脑,,tóunǎo,名,pymupdf-native-table,
hsk_exam2025,page:202;sequence:4919,4919,6,6,,投票,,投票,,tóupiào,动,pymupdf-native-table,
hsk_exam2025,page:202;sequence:4920,4920,6,6,,投诉,,投诉,,tóusù,动,pymupdf-native-table,
hsk_exam2025,page:203;sequence:4921,4921,6,6,,投资,,投资,,tóuzī,动、名,pymupdf-native-table,
hsk_exam2025,page:203;sequence:4922,4922,6,6,,透,,透,,tòu,动、形,pymupdf-native-table,
hsk_exam2025,page:203;sequence:4923,4923,6,6,,透过,,透过,,tòuguò,动,pymupdf-native-table,
hsk_exam2025,page:203;sequence:4924,4924,6,6,,透露,,透露,,tòulù,动,pymupdf-native-table,
hsk_exam2025,page:203;sequence:4925,4925,6,6,,透明,,透明,,tòumíng,形,pymupdf-native-table,
hsk_exam2025,page:203;sequence:4926,4926,6,6,,突发,,突发,,tūfā,动,pymupdf-native-table,
hsk_exam2025,page:203;sequence:4927,4927,6,6,,突破,,突破,,tūpò,动,pymupdf-native-table,
hsk_exam2025,page:203;sequence:4928,4928,6,6,,图案,,图案,,tú’àn,名,pymupdf-native-table,
hsk_exam2025,page:203;sequence:4929,4929,6,6,,图表,,图表,,túbiǎo,名,pymupdf-native-table,
hsk_exam2025,page:203;sequence:4930,4930,6,6,,徒弟,,徒弟,,túdì,名,pymupdf-native-table,
hsk_exam2025,page:203;sequence:4931,4931,6,6,,途径,,途径,,tújìng,名,pymupdf-native-table,
hsk_exam2025,page:203;sequence:4932,4932,6,6,,图像,,图像,,túxiàng,名,pymupdf-native-table,
hsk_exam2025,page:203;sequence:4933,4933,6,6,,吐,,吐,,tǔ,动,pymupdf-native-table,
hsk_exam2025,page:203;sequence:4934,4934,6,6,,土壤,,土壤,,tǔrǎng,名,pymupdf-native-table,
hsk_exam2025,page:203;sequence:4935,4935,6,6,,吐,,吐,,tù,动,pymupdf-native-table,
hsk_exam2025,page:203;sequence:4936,4936,6,6,,团结,,团结,,tuánjié,动、形,pymupdf-native-table,
hsk_exam2025,page:203;sequence:4937,4937,6,6,,团体,,团体,,tuántǐ,名,pymupdf-native-table,
hsk_exam2025,page:203;sequence:4938,4938,6,6,,团圆,,团圆,,tuányuán,动,pymupdf-native-table,
hsk_exam2025,page:203;sequence:4939,4939,6,6,,推测,,推测,,tuīcè,动,pymupdf-native-table,
hsk_exam2025,page:203;sequence:4940,4940,6,6,,推销,,推销,,tuīxiāo,动,pymupdf-native-table,
hsk_exam2025,page:203;sequence:4941,4941,6,6,,推行,,推行,,tuīxíng,动,pymupdf-native-table,
hsk_exam2025,page:203;sequence:4942,4942,6,6,,退税,,退税,,tuìshuì,动,pymupdf-native-table,
hsk_exam2025,page:203;sequence:4943,4943,6,6,,吞,,吞,,tūn,动,pymupdf-native-table,
hsk_exam2025,page:203;sequence:4944,4944,6,6,,拖,,拖,,tuō,动,pymupdf-native-table,
hsk_exam2025,page:203;sequence:4945,4945,6,6,,拖延,,拖延,,tuōyán,动,pymupdf-native-table,
hsk_exam2025,page:203;sequence:4946,4946,6,6,,托运,,托运,,tuōyùn,动,pymupdf-native-table,
hsk_exam2025,page:203;sequence:4947,4947,6,6,,挖,,挖,,wā,动,pymupdf-native-table,
hsk_exam2025,page:203;sequence:4948,4948,6,6,,哇,,哇,,wā,拟声,pymupdf-native-table,
hsk_exam2025,page:203;sequence:4949,4949,6,6,,娃娃,,娃娃,,wáwa,名,pymupdf-native-table,
hsk_exam2025,page:203;sequence:4950,4950,6,6,,歪,,歪,,wāi,形,pymupdf-native-table,
hsk_exam2025,page:203;sequence:4951,4951,6,6,,外表,,外表,,wàibiǎo,名,pymupdf-native-table,
hsk_exam2025,page:203;sequence:4952,4952,6,6,,外交,,外交,,wàijiāo,名,pymupdf-native-table,
hsk_exam2025,page:203;sequence:4953,4953,6,6,,外界,,外界,,wàijiè,名,pymupdf-native-table,
hsk_exam2025,page:203;sequence:4954,4954,6,6,,外科,,外科,,wàikē,名,pymupdf-native-table,
hsk_exam2025,page:203;sequence:4955,4955,6,6,,外来,,外来,,wàilái,形,pymupdf-native-table,
hsk_exam2025,page:203;sequence:4956,4956,6,6,,外甥,,外甥,,wàisheng,名,pymupdf-native-table,
hsk_exam2025,page:203;sequence:4957,4957,6,6,,弯曲,,弯曲,,wānqū,形,pymupdf-native-table,
hsk_exam2025,page:203;sequence:4958,4958,6,6,,顽强,,顽强,,wánqiáng,形,pymupdf-native-table,
hsk_exam2025,page:203;sequence:4959,4959,6,6,,万物,,万物,,wànwù,名,pymupdf-native-table,
hsk_exam2025,page:203;sequence:4960,4960,6,6,,王子,,王子,,wángzǐ,名,pymupdf-native-table,
hsk_exam2025,page:204;sequence:4961,4961,6,6,,网,,网,,wǎng,名、动,pymupdf-native-table,
hsk_exam2025,page:204;sequence:4962,4962,6,6,,往后,,往后,,wǎnghòu,名,pymupdf-native-table,
hsk_exam2025,page:204;sequence:4963,4963,6,6,,往来,,往来,,wǎnglái,动,pymupdf-native-table,
hsk_exam2025,page:204;sequence:4964,4964,6,6,,往年,,往年,,wǎngnián,名,pymupdf-native-table,
hsk_exam2025,page:204;sequence:4965,4965,6,6,,望,,望,,wàng,动,pymupdf-native-table,
hsk_exam2025,page:204;sequence:4966,4966,6,6,,危机,,危机,,wēijī,名,pymupdf-native-table,
hsk_exam2025,page:204;sequence:4967,4967,6,6,,微小,,微小,,wēixiǎo,形,pymupdf-native-table,
hsk_exam2025,page:204;sequence:4968,4968,6,6,,违规,,违规,,wéiguī,动,pymupdf-native-table,
hsk_exam2025,page:204;sequence:4969,4969,6,6,,维护,,维护,,wéihù,动,pymupdf-native-table,
hsk_exam2025,page:204;sequence:4970,4970,6,6,,为难,,为难,,wéinán,形、动,pymupdf-native-table,
hsk_exam2025,page:204;sequence:4971,4971,6,6,,围棋,,围棋,,wéiqí,名,pymupdf-native-table,
hsk_exam2025,page:204;sequence:4972,4972,6,6,,为期,,为期,,wéiqī,动,pymupdf-native-table,
hsk_exam2025,page:204;sequence:4973,4973,6,6,,维生素,,维生素,,wéishēngsù,名,pymupdf-native-table,
hsk_exam2025,page:204;sequence:4974,4974,6,6,,为止,,为止,,wéizhǐ,动,pymupdf-native-table,
hsk_exam2025,page:204;sequence:4975,4975,6,6,,委屈,,委屈,,wěiqu,形、动,pymupdf-native-table,
hsk_exam2025,page:204;sequence:4976,4976,6,6,,委托,,委托,,wěituō,动,pymupdf-native-table,
hsk_exam2025,page:204;sequence:4977,4977,6,6,,未,,未,,wèi,副,pymupdf-native-table,
hsk_exam2025,page:204;sequence:4978,4978,6,6,,未必,,未必,,wèibì,副,pymupdf-native-table,
hsk_exam2025,page:204;sequence:4979,4979,6,6,,未成年人,,未成年人,,wèichéngniánrén,名,pymupdf-native-table,
hsk_exam2025,page:204;sequence:4980,4980,6,6,,为此,,为此,,wèicǐ,连,pymupdf-native-table,
hsk_exam2025,page:204;sequence:4981,4981,6,6,,为何,,为何,,wèihé,副,pymupdf-native-table,
hsk_exam2025,page:204;sequence:4982,4982,6,6,,味觉,,味觉,,wèijué,名,pymupdf-native-table,
hsk_exam2025,page:204;sequence:4983,4983,6,6,,胃口,,胃口,,wèikǒu,名,pymupdf-native-table,
hsk_exam2025,page:204;sequence:4984,4984,6,6,,温和,,温和,,wēnhé,形,pymupdf-native-table,
hsk_exam2025,page:204;sequence:4985,4985,6,6,,温柔,,温柔,,wēnróu,形,pymupdf-native-table,
hsk_exam2025,page:204;sequence:4986,4986,6,6,,文档,,文档,,wéndàng,名,pymupdf-native-table,
hsk_exam2025,page:204;sequence:4987,4987,6,6,,文具,,文具,,wénjù,名,pymupdf-native-table,
hsk_exam2025,page:204;sequence:4988,4988,6,6,,文科,,文科,,wénkē,名,pymupdf-native-table,
hsk_exam2025,page:204;sequence:4989,4989,6,6,,文明,,文明,,wénmíng,名、形,pymupdf-native-table,
hsk_exam2025,page:204;sequence:4990,4990,6,6,,闻名,,闻名,,wénmíng,动,pymupdf-native-table,
hsk_exam2025,page:204;sequence:4991,4991,6,6,,文物,,文物,,wénwù,名,pymupdf-native-table,
hsk_exam2025,page:204;sequence:4992,4992,6,6,,文献,,文献,,wénxiàn,名,pymupdf-native-table,
hsk_exam2025,page:204;sequence:4993,4993,6,6,,文艺,,文艺,,wényì,名,pymupdf-native-table,
hsk_exam2025,page:204;sequence:4994,4994,6,6,,乌龟,,乌龟,,wūguī,名,pymupdf-native-table,
hsk_exam2025,page:204;sequence:4995,4995,6,6,,污水,,污水,,wūshuǐ,名,pymupdf-native-table,
hsk_exam2025,page:204;sequence:4996,4996,6,6,,无所谓,,无所谓,,wúsuǒwèi,动,pymupdf-native-table,
hsk_exam2025,page:204;sequence:4997,4997,6,6,,无疑,,无疑,,wúyí,动,pymupdf-native-table,
hsk_exam2025,page:204;sequence:4998,4998,6,6,,武器,,武器,,wǔqì,名,pymupdf-native-table,
hsk_exam2025,page:204;sequence:4999,4999,6,6,,误,,误,,wù,动,pymupdf-native-table,
hsk_exam2025,page:204;sequence:5000,5000,6,6,,误解,,误解,,wùjiě,动、名,pymupdf-native-table,
hsk_exam2025,page:205;sequence:5001,5001,6,6,,物体,,物体,,wùtǐ,名,pymupdf-native-table,
hsk_exam2025,page:205;sequence:5002,5002,6,6,,吸取,,吸取,,xīqǔ,动,pymupdf-native-table,
hsk_exam2025,page:205;sequence:5003,5003,6,6,,媳妇,,媳妇,,xífu,名,pymupdf-native-table,
hsk_exam2025,page:205;sequence:5004,5004,6,6,,习俗,,习俗,,xísú,名,pymupdf-native-table,
hsk_exam2025,page:205;sequence:5005,5005,6,6,,喜剧,,喜剧,,xǐjù,名,pymupdf-native-table,
hsk_exam2025,page:205;sequence:5006,5006,6,6,,喜事,,喜事,,xǐshì,名,pymupdf-native-table,
hsk_exam2025,page:205;sequence:5007,5007,6,6,,洗漱,,洗漱,,xǐshù,动,pymupdf-native-table,
hsk_exam2025,page:205;sequence:5008,5008,6,6,,细胞,,细胞,,xìbāo,名,pymupdf-native-table,
hsk_exam2025,page:205;sequence:5009,5009,6,6,,细菌,,细菌,,xìjūn,名,pymupdf-native-table,
hsk_exam2025,page:205;sequence:5010,5010,6,6,,系列,,系列,,xìliè,名,pymupdf-native-table,
hsk_exam2025,page:205;sequence:5011,5011,6,6,,戏曲,,戏曲,,xìqǔ,名,pymupdf-native-table,
hsk_exam2025,page:205;sequence:5012,5012,6,6,,细致,,细致,,xìzhì,形,pymupdf-native-table,
hsk_exam2025,page:205;sequence:5013,5013,6,6,,吓,,吓,,xià,动,pymupdf-native-table,
hsk_exam2025,page:205;sequence:5014,5014,6,6,,下功夫,,下功夫,,xià gōngfu,,pymupdf-native-table,
hsk_exam2025,page:205;sequence:5015,5015,6,6,,下单,,下单,,xiàdān,动,pymupdf-native-table,
hsk_exam2025,page:205;sequence:5016,5016,6,6,,夏令营,,夏令营,,xiàlìngyíng,名,pymupdf-native-table,
hsk_exam2025,page:205;sequence:5017,5017,6,6,,下线,,下线,,xiàxiàn,动,pymupdf-native-table,
hsk_exam2025,page:205;sequence:5018,5018,6,6,,下旬,,下旬,,xiàxún,名,pymupdf-native-table,
hsk_exam2025,page:205;sequence:5019,5019,6,6,,鲜明,,鲜明,,xiānmíng,形,pymupdf-native-table,
hsk_exam2025,page:205;sequence:5020,5020,6,6,,先前,,先前,,xiānqián,名,pymupdf-native-table,
hsk_exam2025,page:205;sequence:5021,5021,6,6,,鲜艳,,鲜艳,,xiānyàn,形,pymupdf-native-table,
hsk_exam2025,page:205;sequence:5022,5022,6,6,,嫌,,嫌,,xián,动,pymupdf-native-table,
hsk_exam2025,page:205;sequence:5023,5023,6,6,,显,,显,,xiǎn,形、动,pymupdf-native-table,
hsk_exam2025,page:205;sequence:5024,5024,6,6,,险,,险,,xiǎn,形、副,pymupdf-native-table,
hsk_exam2025,page:205;sequence:5025,5025,6,6,,显著,,显著,,xiǎnzhù,形,pymupdf-native-table,
hsk_exam2025,page:205;sequence:5026,5026,6,6,,限,,限,,xiàn,动,pymupdf-native-table,
hsk_exam2025,page:205;sequence:5027,5027,6,6,,线,,线,,xiàn,名、量,pymupdf-native-table,
hsk_exam2025,page:205;sequence:5028,5028,6,6,,现存,,现存,,xiàncún,动,pymupdf-native-table,
hsk_exam2025,page:205;sequence:5029,5029,6,6,,限度,,限度,,xiàndù,名,pymupdf-native-table,
hsk_exam2025,page:205;sequence:5030,5030,6,6,,现货,,现货,,xiànhuò,名,pymupdf-native-table,
hsk_exam2025,page:205;sequence:5031,5031,6,6,,陷入,,陷入,,xiànrù,动,pymupdf-native-table,
hsk_exam2025,page:205;sequence:5032,5032,6,6,,线索,,线索,,xiànsuǒ,名,pymupdf-native-table,
hsk_exam2025,page:205;sequence:5033,5033,6,6,,限于,,限于,,xiànyú,动,pymupdf-native-table,
hsk_exam2025,page:205;sequence:5034,5034,6,6,,相差,,相差,,xiāngchà,动,pymupdf-native-table,
hsk_exam2025,page:205;sequence:5035,5035,6,6,,香肠,,香肠,,xiāngcháng,名,pymupdf-native-table,
hsk_exam2025,page:205;sequence:5036,5036,6,6,,相传,,相传,,xiāngchuán,动,pymupdf-native-table,
hsk_exam2025,page:205;sequence:5037,5037,6,6,,相等,,相等,,xiāngděng,动,pymupdf-native-table,
hsk_exam2025,page:205;sequence:5038,5038,6,6,,相连,,相连,,xiānglián,动,pymupdf-native-table,
hsk_exam2025,page:205;sequence:5039,5039,6,6,,香水,,香水,,xiāngshuǐ,名,pymupdf-native-table,
hsk_exam2025,page:205;sequence:5040,5040,6,6,,相应,,相应,,xiāngyìng,动,pymupdf-native-table,
hsk_exam2025,page:206;sequence:5041,5041,6,6,,项链,,项链,,xiàngliàn,名,pymupdf-native-table,
hsk_exam2025,page:206;sequence:5042,5042,6,6,,象棋,,象棋,,xiàngqí,名,pymupdf-native-table,
hsk_exam2025,page:206;sequence:5043,5043,6,6,,相声,,相声,,xiàngsheng,名,pymupdf-native-table,
hsk_exam2025,page:206;sequence:5044,5044,6,6,,向往,,向往,,xiàngwǎng,动,pymupdf-native-table,
hsk_exam2025,page:206;sequence:5045,5045,6,6,,消除,,消除,,xiāochú,动,pymupdf-native-table,
hsk_exam2025,page:206;sequence:5046,5046,6,6,,消毒,,消毒,,xiāodú,动,pymupdf-native-table,
hsk_exam2025,page:206;sequence:5047,5047,6,6,,消防,,消防,,xiāofáng,动,pymupdf-native-table,
hsk_exam2025,page:206;sequence:5048,5048,6,6,,消耗,,消耗,,xiāohào,动,pymupdf-native-table,
hsk_exam2025,page:206;sequence:5049,5049,6,6,,消灭,,消灭,,xiāomiè,动,pymupdf-native-table,
hsk_exam2025,page:206;sequence:5050,5050,6,6,,小麦,,小麦,,xiǎomài,名,pymupdf-native-table,
hsk_exam2025,page:206;sequence:5051,5051,6,6,,小气,,小气,,xiǎoqi,形,pymupdf-native-table,
hsk_exam2025,page:206;sequence:5052,5052,6,6,,小偷儿,,小偷儿,,xiǎotōur,名,pymupdf-native-table,
hsk_exam2025,page:206;sequence:5053,5053,6,6,,笑容,,笑容,,xiàoróng,名,pymupdf-native-table,
hsk_exam2025,page:206;sequence:5054,5054,6,6,,效应,,效应,,xiàoyìng,名,pymupdf-native-table,
hsk_exam2025,page:206;sequence:5055,5055,6,6,,歇,,歇,,xiē,动,pymupdf-native-table,
hsk_exam2025,page:206;sequence:5056,5056,6,6,,携带,,携带,,xiédài,动,pymupdf-native-table,
hsk_exam2025,page:206;sequence:5057,5057,6,6,,协会,,协会,,xiéhuì,名,pymupdf-native-table,
hsk_exam2025,page:206;sequence:5058,5058,6,6,,协调,,协调,,xiétiáo,形、动,pymupdf-native-table,
hsk_exam2025,page:206;sequence:5059,5059,6,6,,协助,,协助,,xiézhù,动,pymupdf-native-table,
hsk_exam2025,page:206;sequence:5060,5060,6,6,,心爱,,心爱,,xīn’ài,形,pymupdf-native-table,
hsk_exam2025,page:206;sequence:5061,5061,6,6,,心底,,心底,,xīndǐ,名,pymupdf-native-table,
hsk_exam2025,page:206;sequence:5062,5062,6,6,,新款,,新款,,xīnkuǎn,名,pymupdf-native-table,
hsk_exam2025,page:206;sequence:5063,5063,6,6,,心灵,,心灵,,xīnlíng,名,pymupdf-native-table,
hsk_exam2025,page:206;sequence:5064,5064,6,6,,新媒体,,新媒体,,xīnméitǐ,名,pymupdf-native-table,
hsk_exam2025,page:206;sequence:5065,5065,6,6,,心目,,心目,,xīnmù,名,pymupdf-native-table,
hsk_exam2025,page:206;sequence:5066,5066,6,6,,新能源,,新能源,,xīnnéngyuán,名,pymupdf-native-table,
hsk_exam2025,page:206;sequence:5067,5067,6,6,,薪水,,薪水,,xīnshui,名,pymupdf-native-table,
hsk_exam2025,page:206;sequence:5068,5068,6,6,,心疼,,心疼,,xīnténg,动,pymupdf-native-table,
hsk_exam2025,page:206;sequence:5069,5069,6,6,,新兴,,新兴,,xīnxīng,形,pymupdf-native-table,
hsk_exam2025,page:206;sequence:5070,5070,6,6,,新颖,,新颖,,xīnyǐng,形,pymupdf-native-table,
hsk_exam2025,page:206;sequence:5071,5071,6,6,,心愿,,心愿,,xīnyuàn,名,pymupdf-native-table,
hsk_exam2025,page:206;sequence:5072,5072,6,6,,心脏,,心脏,,xīnzàng,名,pymupdf-native-table,
hsk_exam2025,page:206;sequence:5073,5073,6,6,,信赖,,信赖,,xìnlài,动,pymupdf-native-table,
hsk_exam2025,page:206;sequence:5074,5074,6,6,,信念,,信念,,xìnniàn,名,pymupdf-native-table,
hsk_exam2025,page:206;sequence:5075,5075,6,6,,兴起,,兴起,,xīngqǐ,动,pymupdf-native-table,
hsk_exam2025,page:206;sequence:5076,5076,6,6,,型号,,型号,,xínghào,名,pymupdf-native-table,
hsk_exam2025,page:206;sequence:5077,5077,6,6,,形态,,形态,,xíngtài,名,pymupdf-native-table,
hsk_exam2025,page:206;sequence:5078,5078,6,6,,性价比,,性价比,,xìngjiàbǐ,名,pymupdf-native-table,
hsk_exam2025,page:206;sequence:5079,5079,6,6,,性能,,性能,,xìngnéng,名,pymupdf-native-table,
hsk_exam2025,page:206;sequence:5080,5080,6,6,,胸,,胸,,xiōng,名,pymupdf-native-table,
hsk_exam2025,page:207;sequence:5081,5081,6,6,,修订,,修订,,xiūdìng,动,pymupdf-native-table,
hsk_exam2025,page:207;sequence:5082,5082,6,6,,修复,,修复,,xiūfù,动,pymupdf-native-table,
hsk_exam2025,page:207;sequence:5083,5083,6,6,,袖子,,袖子,,xiùzi,名,pymupdf-native-table,
hsk_exam2025,page:207;sequence:5084,5084,6,6,,许可,,许可,,xǔkě,动,pymupdf-native-table,
hsk_exam2025,page:207;sequence:5085,5085,6,6,,叙述,,叙述,,xùshù,动,pymupdf-native-table,
hsk_exam2025,page:207;sequence:5086,5086,6,6,,旋转,,旋转,,xuánzhuǎn,动,pymupdf-native-table,
hsk_exam2025,page:207;sequence:5087,5087,6,6,,选拔,,选拔,,xuǎnbá,动,pymupdf-native-table,
hsk_exam2025,page:207;sequence:5088,5088,6,6,,选修,,选修,,xuǎnxiū,动,pymupdf-native-table,
hsk_exam2025,page:207;sequence:5089,5089,6,6,,学会,,学会,,xuéhuì,名,pymupdf-native-table,
hsk_exam2025,page:207;sequence:5090,5090,6,6,,学位,,学位,,xuéwèi,名,pymupdf-native-table,
hsk_exam2025,page:207;sequence:5091,5091,6,6,,学问,,学问,,xuéwen,名,pymupdf-native-table,
hsk_exam2025,page:207;sequence:5092,5092,6,6,,学员,,学员,,xuéyuán,名,pymupdf-native-table,
hsk_exam2025,page:207;sequence:5093,5093,6,6,,血管,,血管,,xuèguǎn,名,pymupdf-native-table,
hsk_exam2025,page:207;sequence:5094,5094,6,6,,血型,,血型,,xuèxíng,名,pymupdf-native-table,
hsk_exam2025,page:207;sequence:5095,5095,6,6,,血压,,血压,,xuèyā,名,pymupdf-native-table,
hsk_exam2025,page:207;sequence:5096,5096,6,6,,血液,,血液,,xuèyè,名,pymupdf-native-table,
hsk_exam2025,page:207;sequence:5097,5097,6,6,,循环,,循环,,xúnhuán,动,pymupdf-native-table,
hsk_exam2025,page:207;sequence:5098,5098,6,6,,寻求,,寻求,,xúnqiú,动,pymupdf-native-table,
hsk_exam2025,page:207;sequence:5099,5099,6,6,,压缩,,压缩,,yāsuō,动,pymupdf-native-table,
hsk_exam2025,page:207;sequence:5100,5100,6,6,,亚军,,亚军,,yàjūn,名,pymupdf-native-table,
hsk_exam2025,page:207;sequence:5101,5101,6,6,,淹,,淹,,yān,动,pymupdf-native-table,
hsk_exam2025,page:207;sequence:5102,5102,6,6,,淹没,,淹没,,yānmò,动,pymupdf-native-table,
hsk_exam2025,page:207;sequence:5103,5103,6,6,,严,,严,,yán,形,pymupdf-native-table,
hsk_exam2025,page:207;sequence:5104,5104,6,6,,沿海,,沿海,,yánhǎi,名,pymupdf-native-table,
hsk_exam2025,page:207;sequence:5105,5105,6,6,,严寒,,严寒,,yánhán,形,pymupdf-native-table,
hsk_exam2025,page:207;sequence:5106,5106,6,6,,严禁,,严禁,,yánjìn,动,pymupdf-native-table,
hsk_exam2025,page:207;sequence:5107,5107,6,6,,严厉,,严厉,,yánlì,形,pymupdf-native-table,
hsk_exam2025,page:207;sequence:5108,5108,6,6,,延期,,延期,,yánqī,动,pymupdf-native-table,
hsk_exam2025,page:207;sequence:5109,5109,6,6,,炎热,,炎热,,yánrè,形,pymupdf-native-table,
hsk_exam2025,page:207;sequence:5110,5110,6,6,,延伸,,延伸,,yánshēn,动,pymupdf-native-table,
hsk_exam2025,page:207;sequence:5111,5111,6,6,,研讨,,研讨,,yántǎo,动,pymupdf-native-table,
hsk_exam2025,page:207;sequence:5112,5112,6,6,,延续,,延续,,yánxù,动,pymupdf-native-table,
hsk_exam2025,page:207;sequence:5113,5113,6,6,,言语,,言语,,yányǔ,名,pymupdf-native-table,
hsk_exam2025,page:207;sequence:5114,5114,6,6,,炎症,,炎症,,yánzhèng,名,pymupdf-native-table,
hsk_exam2025,page:207;sequence:5115,5115,6,6,,眼光,,眼光,,yǎnguāng,名,pymupdf-native-table,
hsk_exam2025,page:207;sequence:5116,5116,6,6,,眼看,,眼看,,yǎnkàn,副、动,pymupdf-native-table,
hsk_exam2025,page:207;sequence:5117,5117,6,6,,演奏,,演奏,,yǎnzòu,动,pymupdf-native-table,
hsk_exam2025,page:207;sequence:5118,5118,6,6,,宴会,,宴会,,yànhuì,名,pymupdf-native-table,
hsk_exam2025,page:207;sequence:5119,5119,6,6,,验证,,验证,,yànzhèng,动,pymupdf-native-table,
hsk_exam2025,page:207;sequence:5120,5120,6,6,,仰,,仰,,yǎng,动,pymupdf-native-table,
hsk_exam2025,page:208;sequence:5121,5121,6,6,,痒,,痒,,yǎng,形,pymupdf-native-table,
hsk_exam2025,page:208;sequence:5122,5122,6,6,,养老,,养老,,yǎnglǎo,动,pymupdf-native-table,
hsk_exam2025,page:208;sequence:5123,5123,6,6,,养老院,,养老院,,yǎnglǎoyuàn,名,pymupdf-native-table,
hsk_exam2025,page:208;sequence:5124,5124,6,6,,氧气,,氧气,,yǎngqì,名,pymupdf-native-table,
hsk_exam2025,page:208;sequence:5125,5125,6,6,,样,,样,,yàng,量,pymupdf-native-table,
hsk_exam2025,page:208;sequence:5126,5126,6,6,,遥远,,遥远,,yáoyuǎn,形,pymupdf-native-table,
hsk_exam2025,page:208;sequence:5127,5127,6,6,,要点,,要点,,yàodiǎn,名,pymupdf-native-table,
hsk_exam2025,page:208;sequence:5128,5128,6,6,,要么,,要么,,yàome,连,pymupdf-native-table,
hsk_exam2025,page:208;sequence:5129,5129,6,6,,要素,,要素,,yàosù,名,pymupdf-native-table,
hsk_exam2025,page:208;sequence:5130,5130,6,6,,野,,野,,yě,形,pymupdf-native-table,
hsk_exam2025,page:208;sequence:5131,5131,6,6,,也好,,也好,,yěhǎo,助,pymupdf-native-table,
hsk_exam2025,page:208;sequence:5132,5132,6,6,,野生,,野生,,yěshēng,形,pymupdf-native-table,
hsk_exam2025,page:208;sequence:5133,5133,6,6,,野外,,野外,,yěwài,名,pymupdf-native-table,
hsk_exam2025,page:208;sequence:5134,5134,6,6,,业,,业,,yè,后缀,pymupdf-native-table,
hsk_exam2025,page:208;sequence:5135,5135,6,6,,液体,,液体,,yètǐ,名,pymupdf-native-table,
hsk_exam2025,page:208;sequence:5136,5136,6,6,,依旧,,依旧,,yījiù,动、副,pymupdf-native-table,
hsk_exam2025,page:208;sequence:5137,5137,6,6,,依赖,,依赖,,yīlài,动,pymupdf-native-table,
hsk_exam2025,page:208;sequence:5138,5138,6,6,,一流,,一流,,yīliú,形,pymupdf-native-table,
hsk_exam2025,page:208;sequence:5139,5139,6,6,,衣食住行,,衣食住行,,yī-shí-zhù-xíng,,pymupdf-native-table,
hsk_exam2025,page:208;sequence:5140,5140,6,6,,医药,,医药,,yīyào,名,pymupdf-native-table,
hsk_exam2025,page:208;sequence:5141,5141,6,6,,一一,,一一,,yīyī,副,pymupdf-native-table,
hsk_exam2025,page:208;sequence:5142,5142,6,6,,姨,,姨,,yí,名,pymupdf-native-table,
hsk_exam2025,page:208;sequence:5143,5143,6,6,,一辈子,,一辈子,,yíbèizi,名,pymupdf-native-table,
hsk_exam2025,page:208;sequence:5144,5144,6,6,,遗产,,遗产,,yíchǎn,名,pymupdf-native-table,
hsk_exam2025,page:208;sequence:5145,5145,6,6,,遗传,,遗传,,yíchuán,动,pymupdf-native-table,
hsk_exam2025,page:208;sequence:5146,5146,6,6,,一带,,一带,,yídài,名,pymupdf-native-table,
hsk_exam2025,page:208;sequence:5147,5147,6,6,,一道,,一道,,yídào,副,pymupdf-native-table,
hsk_exam2025,page:208;sequence:5148,5148,6,6,,一贯,,一贯,,yíguàn,形,pymupdf-native-table,
hsk_exam2025,page:208;sequence:5149,5149,6,6,,疑惑,,疑惑,,yíhuò,动、名,pymupdf-native-table,
hsk_exam2025,page:208;sequence:5150,5150,6,6,,一律,,一律,,yílǜ,副,pymupdf-native-table,
hsk_exam2025,page:208;sequence:5151,5151,6,6,,移民,,移民,,yímín,动、名,pymupdf-native-table,
hsk_exam2025,page:208;sequence:5152,5152,6,6,,仪器,,仪器,,yíqì,名,pymupdf-native-table,
hsk_exam2025,page:208;sequence:5153,5153,6,6,,仪式,,仪式,,yíshì,名,pymupdf-native-table,
hsk_exam2025,page:208;sequence:5154,5154,6,6,,一向,,一向,,yíxiàng,副,pymupdf-native-table,
hsk_exam2025,page:208;sequence:5155,5155,6,6,,一系列,,一系列,,yíxìliè,形,pymupdf-native-table,
hsk_exam2025,page:208;sequence:5156,5156,6,6,,一再,,一再,,yízài,副,pymupdf-native-table,
hsk_exam2025,page:208;sequence:5157,5157,6,6,,一阵,,一阵,,yízhèn,数量,pymupdf-native-table,
hsk_exam2025,page:208;sequence:5158,5158,6,6,,遗址,,遗址,,yízhǐ,名,pymupdf-native-table,
hsk_exam2025,page:208;sequence:5159,5159,6,6,,以便,,以便,,yǐbiàn,连,pymupdf-native-table,
hsk_exam2025,page:208;sequence:5160,5160,6,6,,以免,,以免,,yǐmiǎn,连,pymupdf-native-table,
hsk_exam2025,page:209;sequence:5161,5161,6,6,,以往,,以往,,yǐwǎng,名,pymupdf-native-table,
hsk_exam2025,page:209;sequence:5162,5162,6,6,,异常,,异常,,yìcháng,形、副,pymupdf-native-table,
hsk_exam2025,page:209;sequence:5163,5163,6,6,,益处,,益处,,yìchù,名,pymupdf-native-table,
hsk_exam2025,page:209;sequence:5164,5164,6,6,,一帆风顺,,一帆风顺,,yìfān-fēngshùn,,pymupdf-native-table,
hsk_exam2025,page:209;sequence:5165,5165,6,6,,一口气,,一口气,,yìkǒuqì,副,pymupdf-native-table,
hsk_exam2025,page:209;sequence:5166,5166,6,6,,议论,,议论,,yìlùn,动、名,pymupdf-native-table,
hsk_exam2025,page:209;sequence:5167,5167,6,6,,一模一样,,一模一样,,yìmú-yíyàng,,pymupdf-native-table,
hsk_exam2025,page:209;sequence:5168,5168,6,6,,艺人,,艺人,,yìrén,名,pymupdf-native-table,
hsk_exam2025,page:209;sequence:5169,5169,6,6,,一身,,一身,,yìshēn,名,pymupdf-native-table,
hsk_exam2025,page:209;sequence:5170,5170,6,6,,一时,,一时,,yìshí,名、副,pymupdf-native-table,
hsk_exam2025,page:209;sequence:5171,5171,6,6,,一同,,一同,,yìtóng,副,pymupdf-native-table,
hsk_exam2025,page:209;sequence:5172,5172,6,6,,易于,,易于,,yìyú,动,pymupdf-native-table,
hsk_exam2025,page:209;sequence:5173,5173,6,6,,抑制,,抑制,,yìzhì,动,pymupdf-native-table,
hsk_exam2025,page:209;sequence:5174,5174,6,6,,因,,因,,yīn,介、连,pymupdf-native-table,
hsk_exam2025,page:209;sequence:5175,5175,6,6,,音节,,音节,,yīnjié,名,pymupdf-native-table,
hsk_exam2025,page:209;sequence:5176,5176,6,6,,银,,银,,yín,名,pymupdf-native-table,
hsk_exam2025,page:209;sequence:5177,5177,6,6,,银牌,,银牌,,yínpái,名,pymupdf-native-table,
hsk_exam2025,page:209;sequence:5178,5178,6,6,,引,,引,,yǐn,动,pymupdf-native-table,
hsk_exam2025,page:209;sequence:5179,5179,6,6,,隐藏,,隐藏,,yǐncáng,动,pymupdf-native-table,
hsk_exam2025,page:209;sequence:5180,5180,6,6,,引导,,引导,,yǐndǎo,动,pymupdf-native-table,
hsk_exam2025,page:209;sequence:5181,5181,6,6,,引发,,引发,,yǐnfā,动,pymupdf-native-table,
hsk_exam2025,page:209;sequence:5182,5182,6,6,,引入,,引入,,yǐnrù,动,pymupdf-native-table,
hsk_exam2025,page:209;sequence:5183,5183,6,6,,隐私,,隐私,,yǐnsī,名,pymupdf-native-table,
hsk_exam2025,page:209;sequence:5184,5184,6,6,,饮用水,,饮用水,,yǐnyòngshuǐ,名,pymupdf-native-table,
hsk_exam2025,page:209;sequence:5185,5185,6,6,,印,,印,,yìn,名、动,pymupdf-native-table,
hsk_exam2025,page:209;sequence:5186,5186,6,6,,婴儿,,婴儿,,yīng’ér,名,pymupdf-native-table,
hsk_exam2025,page:209;sequence:5187,5187,6,6,,英雄,,英雄,,yīngxióng,名,pymupdf-native-table,
hsk_exam2025,page:209;sequence:5188,5188,6,6,,影子,,影子,,yǐngzi,名,pymupdf-native-table,
hsk_exam2025,page:209;sequence:5189,5189,6,6,,拥挤,,拥挤,,yōngjǐ,动、形,pymupdf-native-table,
hsk_exam2025,page:209;sequence:5190,5190,6,6,,涌现,,涌现,,yǒngxiàn,动,pymupdf-native-table,
hsk_exam2025,page:209;sequence:5191,5191,6,6,,勇于,,勇于,,yǒngyú,动,pymupdf-native-table,
hsk_exam2025,page:209;sequence:5192,5192,6,6,,用餐,,用餐,,yòngcān,动,pymupdf-native-table,
hsk_exam2025,page:209;sequence:5193,5193,6,6,,用处,,用处,,yòngchù,名,pymupdf-native-table,
hsk_exam2025,page:209;sequence:5194,5194,6,6,,用功,,用功,,yònggōng,动、形,pymupdf-native-table,
hsk_exam2025,page:209;sequence:5195,5195,6,6,,用人,,用人,,yòngrén,动,pymupdf-native-table,
hsk_exam2025,page:209;sequence:5196,5196,6,6,,用心,,用心,,yòngxīn,形,pymupdf-native-table,
hsk_exam2025,page:209;sequence:5197,5197,6,6,,优化,,优化,,yōuhuà,动,pymupdf-native-table,
hsk_exam2025,page:209;sequence:5198,5198,6,6,,优先,,优先,,yōuxiān,动,pymupdf-native-table,
hsk_exam2025,page:209;sequence:5199,5199,6,6,,优异,,优异,,yōuyì,形,pymupdf-native-table,
hsk_exam2025,page:209;sequence:5200,5200,6,6,,由来,,由来,,yóulái,名,pymupdf-native-table,
hsk_exam2025,page:210;sequence:5201,5201,6,6,,游人,,游人,,yóurén,名,pymupdf-native-table,
hsk_exam2025,page:210;sequence:5202,5202,6,6,,犹如,,犹如,,yóurú,动,pymupdf-native-table,
hsk_exam2025,page:210;sequence:5203,5203,6,6,,有机,,有机,,yǒujī,形,pymupdf-native-table,
hsk_exam2025,page:210;sequence:5204,5204,6,6,,有劲,,有劲,,yǒujìn,动、形,pymupdf-native-table,
hsk_exam2025,page:210;sequence:5205,5205,6,6,,有序,,有序,,yǒuxù,形,pymupdf-native-table,
hsk_exam2025,page:210;sequence:5206,5206,6,6,,于,,于,,yú,介,pymupdf-native-table,
hsk_exam2025,page:210;sequence:5207,5207,6,6,,余额,,余额,,yú’é,名,pymupdf-native-table,
hsk_exam2025,page:210;sequence:5208,5208,6,6,,与其,,与其,,yǔqí,连,pymupdf-native-table,
hsk_exam2025,page:210;sequence:5209,5209,6,6,,羽绒服,,羽绒服,,yǔróngfú,名,pymupdf-native-table,
hsk_exam2025,page:210;sequence:5210,5210,6,6,,预定,,预定,,yùdìng,动,pymupdf-native-table,
hsk_exam2025,page:210;sequence:5211,5211,6,6,,预料,,预料,,yùliào,动、名,pymupdf-native-table,
hsk_exam2025,page:210;sequence:5212,5212,6,6,,预期,,预期,,yùqī,动,pymupdf-native-table,
hsk_exam2025,page:210;sequence:5213,5213,6,6,,浴室,,浴室,,yùshì,名,pymupdf-native-table,
hsk_exam2025,page:210;sequence:5214,5214,6,6,,欲望,,欲望,,yùwàng,名,pymupdf-native-table,
hsk_exam2025,page:210;sequence:5215,5215,6,6,,原本,,原本,,yuánběn,副,pymupdf-native-table,
hsk_exam2025,page:210;sequence:5216,5216,6,6,,原材料,,原材料,,yuáncáiliào,名,pymupdf-native-table,
hsk_exam2025,page:210;sequence:5217,5217,6,6,,原理,,原理,,yuánlǐ,名,pymupdf-native-table,
hsk_exam2025,page:210;sequence:5218,5218,6,6,,原料,,原料,,yuánliào,名,pymupdf-native-table,
hsk_exam2025,page:210;sequence:5219,5219,6,6,,园林,,园林,,yuánlín,名,pymupdf-native-table,
hsk_exam2025,page:210;sequence:5220,5220,6,6,,圆满,,圆满,,yuánmǎn,形,pymupdf-native-table,
hsk_exam2025,page:210;sequence:5221,5221,6,6,,原始,,原始,,yuánshǐ,形,pymupdf-native-table,
hsk_exam2025,page:210;sequence:5222,5222,6,6,,元素,,元素,,yuánsù,名,pymupdf-native-table,
hsk_exam2025,page:210;sequence:5223,5223,6,6,,原先,,原先,,yuánxiān,名,pymupdf-native-table,
hsk_exam2025,page:210;sequence:5224,5224,6,6,,元宵,,元宵,,yuánxiāo,名,pymupdf-native-table,
hsk_exam2025,page:210;sequence:5225,5225,6,6,,源于,,源于,,yuányú,动,pymupdf-native-table,
hsk_exam2025,page:210;sequence:5226,5226,6,6,,远程,,远程,,yuǎnchéng,形,pymupdf-native-table,
hsk_exam2025,page:210;sequence:5227,5227,6,6,,远方,,远方,,yuǎnfāng,名,pymupdf-native-table,
hsk_exam2025,page:210;sequence:5228,5228,6,6,,约束,,约束,,yuēshù,动,pymupdf-native-table,
hsk_exam2025,page:210;sequence:5229,5229,6,6,,月光,,月光,,yuèguāng,名,pymupdf-native-table,
hsk_exam2025,page:210;sequence:5230,5230,6,6,,乐器,,乐器,,yuèqì,名,pymupdf-native-table,
hsk_exam2025,page:210;sequence:5231,5231,6,6,,月球,,月球,,yuèqiú,名,pymupdf-native-table,
hsk_exam2025,page:210;sequence:5232,5232,6,6,,乐曲,,乐曲,,yuèqǔ,名,pymupdf-native-table,
hsk_exam2025,page:210;sequence:5233,5233,6,6,,晕,,晕,,yūn,形、动,pymupdf-native-table,
hsk_exam2025,page:210;sequence:5234,5234,6,6,,晕车,,晕车,,yùnchē,动,pymupdf-native-table,
hsk_exam2025,page:210;sequence:5235,5235,6,6,,运送,,运送,,yùnsòng,动,pymupdf-native-table,
hsk_exam2025,page:210;sequence:5236,5236,6,6,,运行,,运行,,yùnxíng,动,pymupdf-native-table,
hsk_exam2025,page:210;sequence:5237,5237,6,6,,运营,,运营,,yùnyíng,动,pymupdf-native-table,
hsk_exam2025,page:210;sequence:5238,5238,6,6,,杂,,杂,,zá,形,pymupdf-native-table,
hsk_exam2025,page:210;sequence:5239,5239,6,6,,灾,,灾,,zāi,名,pymupdf-native-table,
hsk_exam2025,page:210;sequence:5240,5240,6,6,,灾害,,灾害,,zāihài,名,pymupdf-native-table,
hsk_exam2025,page:211;sequence:5241,5241,6,6,,灾难,,灾难,,zāinàn,名,pymupdf-native-table,
hsk_exam2025,page:211;sequence:5242,5242,6,6,,灾区,,灾区,,zāiqū,名,pymupdf-native-table,
hsk_exam2025,page:211;sequence:5243,5243,6,6,,再三,,再三,,zàisān,副,pymupdf-native-table,
hsk_exam2025,page:211;sequence:5244,5244,6,6,,再生,,再生,,zàishēng,动,pymupdf-native-table,
hsk_exam2025,page:211;sequence:5245,5245,6,6,,在意,,在意,,zàiyì,动,pymupdf-native-table,
hsk_exam2025,page:211;sequence:5246,5246,6,6,,赞赏,,赞赏,,zànshǎng,动,pymupdf-native-table,
hsk_exam2025,page:211;sequence:5247,5247,6,6,,赞同,,赞同,,zàntóng,动,pymupdf-native-table,
hsk_exam2025,page:211;sequence:5248,5248,6,6,,遭到,,遭到,,zāodào,动,pymupdf-native-table,
hsk_exam2025,page:211;sequence:5249,5249,6,6,,遭受,,遭受,,zāoshòu,动,pymupdf-native-table,
hsk_exam2025,page:211;sequence:5250,5250,6,6,,遭遇,,遭遇,,zāoyù,动、名,pymupdf-native-table,
hsk_exam2025,page:211;sequence:5251,5251,6,6,,噪声,,噪声,,zàoshēng,名,pymupdf-native-table,
hsk_exam2025,page:211;sequence:5252,5252,6,6,,造型,,造型,,zàoxíng,动、名,pymupdf-native-table,
hsk_exam2025,page:211;sequence:5253,5253,6,6（7-9）,7-9,则,,则1,1,zé,连、（助）,pymupdf-native-table,
hsk_exam2025,page:211;sequence:5254,5254,6,6,,扎,,扎,,zhā,动,pymupdf-native-table,
hsk_exam2025,page:211;sequence:5255,5255,6,6,,炸,,炸,,zhà,动,pymupdf-native-table,
hsk_exam2025,page:211;sequence:5256,5256,6,6,,粘,,粘,,zhān,动,pymupdf-native-table,
hsk_exam2025,page:211;sequence:5257,5257,6,6,,粘贴,,粘贴,,zhāntiē,动,pymupdf-native-table,
hsk_exam2025,page:211;sequence:5258,5258,6,6,,崭新,,崭新,,zhǎnxīn,形,pymupdf-native-table,
hsk_exam2025,page:211;sequence:5259,5259,6,6,,占比,,占比,,zhànbǐ,名,pymupdf-native-table,
hsk_exam2025,page:211;sequence:5260,5260,6,6,,战斗,,战斗,,zhàndòu,名、动,pymupdf-native-table,
hsk_exam2025,page:211;sequence:5261,5261,6,6,,占据,,占据,,zhànjù,动,pymupdf-native-table,
hsk_exam2025,page:211;sequence:5262,5262,6,6,,战胜,,战胜,,zhànshèng,动,pymupdf-native-table,
hsk_exam2025,page:211;sequence:5263,5263,6,6,,占有,,占有,,zhànyǒu,动,pymupdf-native-table,
hsk_exam2025,page:211;sequence:5264,5264,6,6,,战争,,战争,,zhànzhēng,名,pymupdf-native-table,
hsk_exam2025,page:211;sequence:5265,5265,6,6,,章,,章,,zhāng,量,pymupdf-native-table,
hsk_exam2025,page:211;sequence:5266,5266,6,6,,长辈,,长辈,,zhǎngbèi,名,pymupdf-native-table,
hsk_exam2025,page:211;sequence:5267,5267,6,6,,障碍,,障碍,,zhàng’ài,名、动,pymupdf-native-table,
hsk_exam2025,page:211;sequence:5268,5268,6,6,,账单,,账单,,zhàngdān,名,pymupdf-native-table,
hsk_exam2025,page:211;sequence:5269,5269,6,6,,招,,招,,zhāo,动,pymupdf-native-table,
hsk_exam2025,page:211;sequence:5270,5270,6,6,,招待,,招待,,zhāodài,动,pymupdf-native-table,
hsk_exam2025,page:211;sequence:5271,5271,6,6,,招生,,招生,,zhāoshēng,动,pymupdf-native-table,
hsk_exam2025,page:211;sequence:5272,5272,6,6,,招手,,招手,,zhāoshǒu,动,pymupdf-native-table,
hsk_exam2025,page:211;sequence:5273,5273,6,6,,招收,,招收,,zhāoshōu,动,pymupdf-native-table,
hsk_exam2025,page:211;sequence:5274,5274,6,6,,照明,,照明,,zhàomíng,动,pymupdf-native-table,
hsk_exam2025,page:211;sequence:5275,5275,6,6,,折,,折,,zhé,动,pymupdf-native-table,
hsk_exam2025,page:211;sequence:5276,5276,6,6,,针,,针,,zhēn,名,pymupdf-native-table,
hsk_exam2025,page:211;sequence:5277,5277,6,6,,真相,,真相,,zhēnxiàng,名,pymupdf-native-table,
hsk_exam2025,page:211;sequence:5278,5278,6,6,,珍珠,,珍珠,,zhēnzhū,名,pymupdf-native-table,
hsk_exam2025,page:211;sequence:5279,5279,6,6,,枕头,,枕头,,zhěntou,名,pymupdf-native-table,
hsk_exam2025,page:211;sequence:5280,5280,6,6,,镇,,镇,,zhèn,动、名,pymupdf-native-table,
hsk_exam2025,page:212;sequence:5281,5281,6,6,,阵雨,,阵雨,,zhènyǔ,名,pymupdf-native-table,
hsk_exam2025,page:212;sequence:5282,5282,6,6,,睁,,睁,,zhēng,动,pymupdf-native-table,
hsk_exam2025,page:212;sequence:5283,5283,6,6,,争吵,,争吵,,zhēngchǎo,动,pymupdf-native-table,
hsk_exam2025,page:212;sequence:5284,5284,6,6,,争夺,,争夺,,zhēngduó,动,pymupdf-native-table,
hsk_exam2025,page:212;sequence:5285,5285,6,6,,争论,,争论,,zhēnglùn,动,pymupdf-native-table,
hsk_exam2025,page:212;sequence:5286,5286,6,6,,征求,,征求,,zhēngqiú,动,pymupdf-native-table,
hsk_exam2025,page:212;sequence:5287,5287,6,6,,争议,,争议,,zhēngyì,动,pymupdf-native-table,
hsk_exam2025,page:212;sequence:5288,5288,6,6,,政策,,政策,,zhèngcè,名,pymupdf-native-table,
hsk_exam2025,page:212;sequence:5289,5289,6,6,,正规,,正规,,zhèngguī,形,pymupdf-native-table,
hsk_exam2025,page:212;sequence:5290,5290,6,6,,正面,,正面,,zhèngmiàn,名、形,pymupdf-native-table,
hsk_exam2025,page:212;sequence:5291,5291,6,6,,证实,,证实,,zhèngshí,动,pymupdf-native-table,
hsk_exam2025,page:212;sequence:5292,5292,6,6,,正义,,正义,,zhèngyì,名、形,pymupdf-native-table,
hsk_exam2025,page:212;sequence:5293,5293,6,6,,症状,,症状,,zhèngzhuàng,名,pymupdf-native-table,
hsk_exam2025,page:212;sequence:5294,5294,6,6,,支,,支2,2,zhī,动,pymupdf-native-table,
hsk_exam2025,page:212;sequence:5295,5295,6,6,,枝,,枝,,zhī,名、量,pymupdf-native-table,
hsk_exam2025,page:212;sequence:5296,5296,6,6,,支撑,,支撑,,zhīchēng,动,pymupdf-native-table,
hsk_exam2025,page:212;sequence:5297,5297,6,6,,支出,,支出,,zhīchū,动、名,pymupdf-native-table,
hsk_exam2025,page:212;sequence:5298,5298,6,6,,脂肪,,脂肪,,zhīfáng,名,pymupdf-native-table,
hsk_exam2025,page:212;sequence:5299,5299,6,6,,之所以,,之所以,,zhīsuǒyǐ,连,pymupdf-native-table,
hsk_exam2025,page:212;sequence:5300,5300,6,6,,值班,,值班,,zhíbān,动,pymupdf-native-table,
hsk_exam2025,page:212;sequence:5301,5301,6,6,,职位,,职位,,zhíwèi,名,pymupdf-native-table,
hsk_exam2025,page:212;sequence:5302,5302,6,6,,职务,,职务,,zhíwù,名,pymupdf-native-table,
hsk_exam2025,page:212;sequence:5303,5303,6,6,,职员,,职员,,zhíyuán,名,pymupdf-native-table,
hsk_exam2025,page:212;sequence:5304,5304,6,6,,职责,,职责,,zhízé,名,pymupdf-native-table,
hsk_exam2025,page:212;sequence:5305,5305,6,6,,侄子,,侄子,,zhízi,名,pymupdf-native-table,
hsk_exam2025,page:212;sequence:5306,5306,6,6,,只得,,只得,,zhǐdé,副,pymupdf-native-table,
hsk_exam2025,page:212;sequence:5307,5307,6,6,,指定,,指定,,zhǐdìng,动,pymupdf-native-table,
hsk_exam2025,page:212;sequence:5308,5308,6,6,,只顾,,只顾,,zhǐgù,副,pymupdf-native-table,
hsk_exam2025,page:212;sequence:5309,5309,6,6,,指挥,,指挥,,zhǐhuī,动、名,pymupdf-native-table,
hsk_exam2025,page:212;sequence:5310,5310,6,6,,指示,,指示,,zhǐshì,动、名,pymupdf-native-table,
hsk_exam2025,page:212;sequence:5311,5311,6,6,,指责,,指责,,zhǐzé,动,pymupdf-native-table,
hsk_exam2025,page:212;sequence:5312,5312,6,6,,制,,制,,zhì,动,pymupdf-native-table,
hsk_exam2025,page:212;sequence:5313,5313,6,6,,至关重要,,至关重要,,zhìguān-zhòngyào,,pymupdf-native-table,
hsk_exam2025,page:212;sequence:5314,5314,6,6,,智力,,智力,,zhìlì,名,pymupdf-native-table,
hsk_exam2025,page:212;sequence:5315,5315,6,6,,治理,,治理,,zhìlǐ,动,pymupdf-native-table,
hsk_exam2025,page:212;sequence:5316,5316,6,6,,制品,,制品,,zhìpǐn,名,pymupdf-native-table,
hsk_exam2025,page:212;sequence:5317,5317,6,6,,秩序,,秩序,,zhìxù,名,pymupdf-native-table,
hsk_exam2025,page:212;sequence:5318,5318,6,6,,质疑,,质疑,,zhìyí,动,pymupdf-native-table,
hsk_exam2025,page:212;sequence:5319,5319,6,6,,至于,,至于,,zhìyú,动、介,pymupdf-native-table,
hsk_exam2025,page:212;sequence:5320,5320,6,6,,中等,,中等,,zhōngděng,形,pymupdf-native-table,
hsk_exam2025,page:213;sequence:5321,5321,6,6,,终点,,终点,,zhōngdiǎn,名,pymupdf-native-table,
hsk_exam2025,page:213;sequence:5322,5322,6,6,,中断,,中断,,zhōngduàn,动,pymupdf-native-table,
hsk_exam2025,page:213;sequence:5323,5323,6,6,,终身,,终身,,zhōngshēn,名,pymupdf-native-table,
hsk_exam2025,page:213;sequence:5324,5324,6,6,,钟头,,钟头,,zhōngtóu,名,pymupdf-native-table,
hsk_exam2025,page:213;sequence:5325,5325,6,6,,中旬,,中旬,,zhōngxún,名,pymupdf-native-table,
hsk_exam2025,page:213;sequence:5326,5326,6,6,,中央,,中央,,zhōngyāng,名,pymupdf-native-table,
hsk_exam2025,page:213;sequence:5327,5327,6,6,,肿,,肿,,zhǒng,动,pymupdf-native-table,
hsk_exam2025,page:213;sequence:5328,5328,6,6,,中,,中,,zhòng,动,pymupdf-native-table,
hsk_exam2025,page:213;sequence:5329,5329,6,6,,种地,,种地,,zhòngdì,动,pymupdf-native-table,
hsk_exam2025,page:213;sequence:5330,5330,6,6,,中毒,,中毒,,zhòngdú,动,pymupdf-native-table,
hsk_exam2025,page:213;sequence:5331,5331,6,6,,中奖,,中奖,,zhòngjiǎng,动,pymupdf-native-table,
hsk_exam2025,page:213;sequence:5332,5332,6,6,,众人,,众人,,zhòngrén,名,pymupdf-native-table,
hsk_exam2025,page:213;sequence:5333,5333,6,6,,中暑,,中暑,,zhòngshǔ,名、动,pymupdf-native-table,
hsk_exam2025,page:213;sequence:5334,5334,6,6,,众所周知,,众所周知,,zhòngsuǒzhōuzhī,,pymupdf-native-table,
hsk_exam2025,page:213;sequence:5335,5335,6,6,,重心,,重心,,zhòngxīn,名,pymupdf-native-table,
hsk_exam2025,page:213;sequence:5336,5336,6,6,,州,,州,,zhōu,名,pymupdf-native-table,
hsk_exam2025,page:213;sequence:5337,5337,6,6,,粥,,粥,,zhōu,名,pymupdf-native-table,
hsk_exam2025,page:213;sequence:5338,5338,6,6,,周边,,周边,,zhōubiān,名,pymupdf-native-table,
hsk_exam2025,page:213;sequence:5339,5339,6,6,,周到,,周到,,zhōudào,形,pymupdf-native-table,
hsk_exam2025,page:213;sequence:5340,5340,6,6,,周期,,周期,,zhōuqī,名,pymupdf-native-table,
hsk_exam2025,page:213;sequence:5341,5341,6,6,,株,,株,,zhū,量,pymupdf-native-table,
hsk_exam2025,page:213;sequence:5342,5342,6,6,,珠宝,,珠宝,,zhūbǎo,名,pymupdf-native-table,
hsk_exam2025,page:213;sequence:5343,5343,6,6,,诸多,,诸多,,zhūduō,形,pymupdf-native-table,
hsk_exam2025,page:213;sequence:5344,5344,6,6,,主办,,主办,,zhǔbàn,动,pymupdf-native-table,
hsk_exam2025,page:213;sequence:5345,5345,6,6,,主播,,主播,,zhǔbō,动、名,pymupdf-native-table,
hsk_exam2025,page:213;sequence:5346,5346,6,6,,主导,,主导,,zhǔdǎo,动、名,pymupdf-native-table,
hsk_exam2025,page:213;sequence:5347,5347,6,6,,主管,,主管,,zhǔguǎn,动、名,pymupdf-native-table,
hsk_exam2025,page:213;sequence:5348,5348,6,6,,主角,,主角,,zhǔjué,名,pymupdf-native-table,
hsk_exam2025,page:213;sequence:5349,5349,6,6,,主流,,主流,,zhǔliú,名,pymupdf-native-table,
hsk_exam2025,page:213;sequence:5350,5350,6,6,,主演,,主演,,zhǔyǎn,动、名,pymupdf-native-table,
hsk_exam2025,page:213;sequence:5351,5351,6,6,,主张,,主张,,zhǔzhāng,动、名,pymupdf-native-table,
hsk_exam2025,page:213;sequence:5352,5352,6,6,,祝福,,祝福,,zhùfú,动,pymupdf-native-table,
hsk_exam2025,page:213;sequence:5353,5353,6,6,,助理,,助理,,zhùlǐ,形、名,pymupdf-native-table,
hsk_exam2025,page:213;sequence:5354,5354,6,6,,助手,,助手,,zhùshǒu,名,pymupdf-native-table,
hsk_exam2025,page:213;sequence:5355,5355,6,6,,祝愿,,祝愿,,zhùyuàn,动,pymupdf-native-table,
hsk_exam2025,page:213;sequence:5356,5356,6,6,,住宅,,住宅,,zhùzhái,名,pymupdf-native-table,
hsk_exam2025,page:213;sequence:5357,5357,6,6,,著作,,著作,,zhùzuò,名,pymupdf-native-table,
hsk_exam2025,page:213;sequence:5358,5358,6,6,,砖,,砖,,zhuān,名,pymupdf-native-table,
hsk_exam2025,page:213;sequence:5359,5359,6,6,,专科,,专科,,zhuānkē,名,pymupdf-native-table,
hsk_exam2025,page:213;sequence:5360,5360,6,6,,专利,,专利,,zhuānlì,名,pymupdf-native-table,
hsk_exam2025,page:214;sequence:5361,5361,6,6,,专题,,专题,,zhuāntí,名,pymupdf-native-table,
hsk_exam2025,page:214;sequence:5362,5362,6,6,,专用,,专用,,zhuānyòng,动,pymupdf-native-table,
hsk_exam2025,page:214;sequence:5363,5363,6,6,,专注,,专注,,zhuānzhù,形,pymupdf-native-table,
hsk_exam2025,page:214;sequence:5364,5364,6,6,,转换,,转换,,zhuǎnhuàn,动,pymupdf-native-table,
hsk_exam2025,page:214;sequence:5365,5365,6,6,,转交,,转交,,zhuǎnjiāo,动,pymupdf-native-table,
hsk_exam2025,page:214;sequence:5366,5366,6,6,,转让,,转让,,zhuǎnràng,动,pymupdf-native-table,
hsk_exam2025,page:214;sequence:5367,5367,6,6,,转身,,转身,,zhuǎnshēn,动,pymupdf-native-table,
hsk_exam2025,page:214;sequence:5368,5368,6,6,,转移,,转移,,zhuǎnyí,动,pymupdf-native-table,
hsk_exam2025,page:214;sequence:5369,5369,6,6,,转,,转,,zhuàn,动,pymupdf-native-table,
hsk_exam2025,page:214;sequence:5370,5370,6,6,,转动,,转动,,zhuàndòng,动,pymupdf-native-table,
hsk_exam2025,page:214;sequence:5371,5371,6,6,,装备,,装备,,zhuāngbèi,动、名,pymupdf-native-table,
hsk_exam2025,page:214;sequence:5372,5372,6,6,,庄稼,,庄稼,,zhuāngjia,名,pymupdf-native-table,
hsk_exam2025,page:214;sequence:5373,5373,6,6,,追究,,追究,,zhuījiū,动,pymupdf-native-table,
hsk_exam2025,page:214;sequence:5374,5374,6,6,,捉,,捉,,zhuō,动,pymupdf-native-table,
hsk_exam2025,page:214;sequence:5375,5375,6,6,,资本,,资本,,zīběn,名,pymupdf-native-table,
hsk_exam2025,page:214;sequence:5376,5376,6,6,,资产,,资产,,zīchǎn,名,pymupdf-native-table,
hsk_exam2025,page:214;sequence:5377,5377,6,6,,自豪,,自豪,,zìháo,形,pymupdf-native-table,
hsk_exam2025,page:214;sequence:5378,5378,6,6,,自来水,,自来水,,zìláishuǐ,名,pymupdf-native-table,
hsk_exam2025,page:214;sequence:5379,5379,6,6,,自律,,自律,,zìlǜ,动,pymupdf-native-table,
hsk_exam2025,page:214;sequence:5380,5380,6,6,,字幕,,字幕,,zìmù,名,pymupdf-native-table,
hsk_exam2025,page:214;sequence:5381,5381,6,6,,自杀,,自杀,,zìshā,动,pymupdf-native-table,
hsk_exam2025,page:214;sequence:5382,5382,6,6,,自我,,自我,,zìwǒ,代,pymupdf-native-table,
hsk_exam2025,page:214;sequence:5383,5383,6,6,,自言自语,,自言自语,,zìyán-zìyǔ,,pymupdf-native-table,
hsk_exam2025,page:214;sequence:5384,5384,6,6,,自愿,,自愿,,zìyuàn,动,pymupdf-native-table,
hsk_exam2025,page:214;sequence:5385,5385,6,6,,自助,,自助,,zìzhù,动,pymupdf-native-table,
hsk_exam2025,page:214;sequence:5386,5386,6,6,,棕色,,棕色,,zōngsè,名,pymupdf-native-table,
hsk_exam2025,page:214;sequence:5387,5387,6,6,,总裁,,总裁,,zǒngcái,名,pymupdf-native-table,
hsk_exam2025,page:214;sequence:5388,5388,6,6,,总计,,总计,,zǒngjì,动,pymupdf-native-table,
hsk_exam2025,page:214;sequence:5389,5389,6,6,,总理,,总理,,zǒnglǐ,名,pymupdf-native-table,
hsk_exam2025,page:214;sequence:5390,5390,6,6,,总算,,总算,,zǒngsuàn,副,pymupdf-native-table,
hsk_exam2025,page:214;sequence:5391,5391,6,6,,粽子,,粽子,,zòngzi,名,pymupdf-native-table,
hsk_exam2025,page:214;sequence:5392,5392,6,6,,走廊,,走廊,,zǒuláng,名,pymupdf-native-table,
hsk_exam2025,page:214;sequence:5393,5393,6,6,,足,,足,,zú,形、副,pymupdf-native-table,
hsk_exam2025,page:214;sequence:5394,5394,6,6,,足以,,足以,,zúyǐ,动,pymupdf-native-table,
hsk_exam2025,page:214;sequence:5395,5395,6,6,,阻碍,,阻碍,,zǔ’ài,动、名,pymupdf-native-table,
hsk_exam2025,page:214;sequence:5396,5396,6,6,,阻挡,,阻挡,,zǔdǎng,动,pymupdf-native-table,
hsk_exam2025,page:214;sequence:5397,5397,6,6,,祖国,,祖国,,zǔguó,名,pymupdf-native-table,
hsk_exam2025,page:214;sequence:5398,5398,6,6,,祖先,,祖先,,zǔxiān,名,pymupdf-native-table,
hsk_exam2025,page:214;sequence:5399,5399,6,6,,钻,,钻,,zuān,动,pymupdf-native-table,
hsk_exam2025,page:214;sequence:5400,5400,6,6,,罪,,罪,,zuì,名,pymupdf-native-table,
hsk_exam2025,page:215;sequence:5401,5401,7-9,7-9,,挨,,挨,,āi,动、介,pymupdf-native-table,
hsk_exam2025,page:215;sequence:5402,5402,7-9,7-9,,挨家挨户,,挨家挨户,,āijiā-āihù,,pymupdf-native-table,
hsk_exam2025,page:215;sequence:5403,5403,7-9,7-9,,哀求,,哀求,,āiqiú,动,pymupdf-native-table,
hsk_exam2025,page:215;sequence:5404,5404,7-9,7-9,,挨,,挨,,ái,动,pymupdf-native-table,
hsk_exam2025,page:215;sequence:5405,5405,7-9,7-9,,癌,,癌,,ái,名,pymupdf-native-table,
hsk_exam2025,page:215;sequence:5406,5406,7-9,7-9,,癌症,,癌症,,áizhèng,名,pymupdf-native-table,
hsk_exam2025,page:215;sequence:5407,5407,7-9,7-9,,爱不释手,,爱不释手,,àibúshìshǒu,,pymupdf-native-table,
hsk_exam2025,page:215;sequence:5408,5408,7-9,7-9,,爱戴,,爱戴,,àidài,动,pymupdf-native-table,
hsk_exam2025,page:215;sequence:5409,5409,7-9,7-9,,暧昧,,暧昧,,àimèi,形,pymupdf-native-table,
hsk_exam2025,page:215;sequence:5410,5410,7-9,7-9,,爱慕,,爱慕,,àimù,动,pymupdf-native-table,
hsk_exam2025,page:215;sequence:5411,5411,7-9,7-9,,碍事,,碍事,,àishì,动、形,pymupdf-native-table,
hsk_exam2025,page:215;sequence:5412,5412,7-9,7-9,,爱惜,,爱惜,,àixī,动,pymupdf-native-table,
hsk_exam2025,page:215;sequence:5413,5413,7-9,7-9,,艾滋病,,艾滋病,,àizībìng,名,pymupdf-native-table,
hsk_exam2025,page:215;sequence:5414,5414,7-9,7-9,,安定,,安定,,āndìng,形、动,pymupdf-native-table,
hsk_exam2025,page:215;sequence:5415,5415,7-9,7-9,,安抚,,安抚,,ānfǔ,动,pymupdf-native-table,
hsk_exam2025,page:215;sequence:5416,5416,7-9,7-9,,安眠药,,安眠药,,ānmiányào,名,pymupdf-native-table,
hsk_exam2025,page:215;sequence:5417,5417,7-9,7-9,,安宁,,安宁,,ānníng,形,pymupdf-native-table,
hsk_exam2025,page:215;sequence:5418,5418,7-9,7-9,,安稳,,安稳,,ānwěn,形,pymupdf-native-table,
hsk_exam2025,page:215;sequence:5419,5419,7-9,7-9,,安详,,安详,,ānxiáng,形,pymupdf-native-table,
hsk_exam2025,page:215;sequence:5420,5420,7-9,7-9,,安心,,安心,,ānxīn,形,pymupdf-native-table,
hsk_exam2025,page:215;sequence:5421,5421,7-9,7-9,,安逸,,安逸,,ānyì,形,pymupdf-native-table,
hsk_exam2025,page:215;sequence:5422,5422,7-9,7-9,,安置,,安置,,ānzhì,动,pymupdf-native-table,
hsk_exam2025,page:215;sequence:5423,5423,7-9,7-9,,暗地里,,暗地里,,àndìlǐ,名,pymupdf-native-table,
hsk_exam2025,page:215;sequence:5424,5424,7-9,7-9,,案件,,案件,,ànjiàn,名,pymupdf-native-table,
hsk_exam2025,page:215;sequence:5425,5425,7-9,7-9,,按理,,按理,,ànlǐ,副,pymupdf-native-table,
hsk_exam2025,page:215;sequence:5426,5426,7-9,7-9,,按钮,,按钮,,ànniǔ,名,pymupdf-native-table,
hsk_exam2025,page:215;sequence:5427,5427,7-9,7-9,,按说,,按说,,ànshuō,副,pymupdf-native-table,
hsk_exam2025,page:215;sequence:5428,5428,7-9,7-9,,暗中,,暗中,,ànzhōng,名,pymupdf-native-table,
hsk_exam2025,page:215;sequence:5429,5429,7-9,7-9,,凹,,凹,,āo,形,pymupdf-native-table,
hsk_exam2025,page:215;sequence:5430,5430,7-9,7-9,,熬,,熬,,áo,动,pymupdf-native-table,
hsk_exam2025,page:215;sequence:5431,5431,7-9,7-9,,傲,,傲,,ào,形,pymupdf-native-table,
hsk_exam2025,page:215;sequence:5432,5432,7-9,7-9,,傲慢,,傲慢,,àomàn,形,pymupdf-native-table,
hsk_exam2025,page:215;sequence:5433,5433,7-9,7-9,,奥秘,,奥秘,,àomì,名,pymupdf-native-table,
hsk_exam2025,page:215;sequence:5434,5434,7-9,7-9,,扒,,扒,,bā,动,pymupdf-native-table,
hsk_exam2025,page:215;sequence:5435,5435,7-9,7-9,,疤,,疤,,bā,名,pymupdf-native-table,
hsk_exam2025,page:215;sequence:5436,5436,7-9,7-9,,巴不得,,巴不得,,bābudé,动,pymupdf-native-table,
hsk_exam2025,page:215;sequence:5437,5437,7-9,7-9,,八成,,八成,,bāchéng,数量、副,pymupdf-native-table,
hsk_exam2025,page:215;sequence:5438,5438,7-9,7-9,,八卦,,八卦,,bāguà,名、形,pymupdf-native-table,
hsk_exam2025,page:215;sequence:5439,5439,7-9,7-9,,巴结,,巴结,,bājie,动,pymupdf-native-table,
hsk_exam2025,page:215;sequence:5440,5440,7-9,7-9,,芭蕾,,芭蕾,,bālěi,名,pymupdf-native-table,
hsk_exam2025,page:216;sequence:5441,5441,7-9,7-9,,巴掌,,巴掌,,bāzhang,名,pymupdf-native-table,
hsk_exam2025,page:216;sequence:5442,5442,7-9,7-9,,拔,,拔,,bá,动,pymupdf-native-table,
hsk_exam2025,page:216;sequence:5443,5443,7-9,7-9,,把柄,,把柄,,bǎbǐng,名,pymupdf-native-table,
hsk_exam2025,page:216;sequence:5444,5444,7-9,7-9,,把关,,把关,,bǎguān,动,pymupdf-native-table,
hsk_exam2025,page:216;sequence:5445,5445,7-9,7-9,,把手,,把手,,bǎshou,名,pymupdf-native-table,
hsk_exam2025,page:216;sequence:5446,5446,7-9,7-9,,靶子,,靶子,,bǎzi,名,pymupdf-native-table,
hsk_exam2025,page:216;sequence:5447,5447,7-9,7-9,,坝,,坝,,bà,名,pymupdf-native-table,
hsk_exam2025,page:216;sequence:5448,5448,7-9,7-9,,霸道,,霸道,,bàdào,形,pymupdf-native-table,
hsk_exam2025,page:216;sequence:5449,5449,7-9,7-9,,罢工,,罢工,,bàgōng,动,pymupdf-native-table,
hsk_exam2025,page:216;sequence:5450,5450,7-9,7-9,,罢了,,罢了,,bàle,助,pymupdf-native-table,
hsk_exam2025,page:216;sequence:5451,5451,7-9,7-9,,罢免,,罢免,,bàmiǎn,动,pymupdf-native-table,
hsk_exam2025,page:216;sequence:5452,5452,7-9,7-9,,罢休,,罢休,,bàxiū,动,pymupdf-native-table,
hsk_exam2025,page:216;sequence:5453,5453,7-9,7-9,,霸占,,霸占,,bàzhàn,动,pymupdf-native-table,
hsk_exam2025,page:216;sequence:5454,5454,7-9,7-9,,掰,,掰,,bāi,动,pymupdf-native-table,
hsk_exam2025,page:216;sequence:5455,5455,7-9,7-9,,百般,,百般,,bǎibān,副、数量,pymupdf-native-table,
hsk_exam2025,page:216;sequence:5456,5456,7-9,7-9,,摆动,,摆动,,bǎidòng,动,pymupdf-native-table,
hsk_exam2025,page:216;sequence:5457,5457,7-9,7-9,,百分比,,百分比,,bǎifēnbǐ,名,pymupdf-native-table,
hsk_exam2025,page:216;sequence:5458,5458,7-9,7-9,,百合,,百合,,bǎihé,名,pymupdf-native-table,
hsk_exam2025,page:216;sequence:5459,5459,7-9,7-9,,百科全书,,百科全书,,bǎikē quánshū,,pymupdf-native-table,
hsk_exam2025,page:216;sequence:5460,5460,7-9,7-9,,摆平,,摆平,,bǎipíng,动,pymupdf-native-table,
hsk_exam2025,page:216;sequence:5461,5461,7-9,7-9,,摆设,,摆设,,bǎishe,名,pymupdf-native-table,
hsk_exam2025,page:216;sequence:5462,5462,7-9,7-9,,柏树,,柏树,,bǎishù,名,pymupdf-native-table,
hsk_exam2025,page:216;sequence:5463,5463,7-9,7-9,,败坏,,败坏,,bàihuài,动、形,pymupdf-native-table,
hsk_exam2025,page:216;sequence:5464,5464,7-9,7-9,,拜会,,拜会,,bàihuì,动,pymupdf-native-table,
hsk_exam2025,page:216;sequence:5465,5465,7-9,7-9,,拜见,,拜见,,bàijiàn,动,pymupdf-native-table,
hsk_exam2025,page:216;sequence:5466,5466,7-9,7-9,,拜托,,拜托,,bàituō,动,pymupdf-native-table,
hsk_exam2025,page:216;sequence:5467,5467,7-9,7-9,,扳,,扳,,bān,动,pymupdf-native-table,
hsk_exam2025,page:216;sequence:5468,5468,7-9,7-9,,颁布,,颁布,,bānbù,动,pymupdf-native-table,
hsk_exam2025,page:216;sequence:5469,5469,7-9,7-9,,斑点,,斑点,,bāndiǎn,名,pymupdf-native-table,
hsk_exam2025,page:216;sequence:5470,5470,7-9,7-9,,颁发,,颁发,,bānfā,动,pymupdf-native-table,
hsk_exam2025,page:216;sequence:5471,5471,7-9,7-9,,颁奖,,颁奖,,bānjiǎng,动,pymupdf-native-table,
hsk_exam2025,page:216;sequence:5472,5472,7-9,7-9,,斑马线,,斑马线,,bānmǎxiàn,名,pymupdf-native-table,
hsk_exam2025,page:216;sequence:5473,5473,7-9,7-9,,搬迁,,搬迁,,bānqiān,动,pymupdf-native-table,
hsk_exam2025,page:216;sequence:5474,5474,7-9,7-9,,板块,,板块,,bǎnkuài,名,pymupdf-native-table,
hsk_exam2025,page:216;sequence:5475,5475,7-9,7-9,,版权,,版权,,bǎnquán,名,pymupdf-native-table,
hsk_exam2025,page:216;sequence:5476,5476,7-9,7-9,,扮,,扮,,bàn,动,pymupdf-native-table,
hsk_exam2025,page:216;sequence:5477,5477,7-9,7-9,,伴,,伴,,bàn,名、动,pymupdf-native-table,
hsk_exam2025,page:216;sequence:5478,5478,7-9,7-9,,拌,,拌,,bàn,动,pymupdf-native-table,
hsk_exam2025,page:216;sequence:5479,5479,7-9,7-9,,绊,,绊,,bàn,动,pymupdf-native-table,
hsk_exam2025,page:216;sequence:5480,5480,7-9,7-9,,半边天,,半边天,,bànbiāntiān,名,pymupdf-native-table,
hsk_exam2025,page:217;sequence:5481,5481,7-9,7-9,,半岛,,半岛,,bàndǎo,名,pymupdf-native-table,
hsk_exam2025,page:217;sequence:5482,5482,7-9,7-9,,半导体,,半导体,,bàndǎotǐ,名,pymupdf-native-table,
hsk_exam2025,page:217;sequence:5483,5483,7-9,7-9,,绊脚石,,绊脚石,,bànjiǎoshí,名,pymupdf-native-table,
hsk_exam2025,page:217;sequence:5484,5484,7-9,7-9,,半径,,半径,,bànjìng,名,pymupdf-native-table,
hsk_exam2025,page:217;sequence:5485,5485,7-9,7-9,,伴侣,,伴侣,,bànlǚ,名,pymupdf-native-table,
hsk_exam2025,page:217;sequence:5486,5486,7-9,7-9,,办事处,,办事处,,bànshìchù,名,pymupdf-native-table,
hsk_exam2025,page:217;sequence:5487,5487,7-9,7-9,,半数,,半数,,bànshù,名,pymupdf-native-table,
hsk_exam2025,page:217;sequence:5488,5488,7-9,7-9,,半途而废,,半途而废,,bàntú’érfèi,,pymupdf-native-table,
hsk_exam2025,page:217;sequence:5489,5489,7-9,7-9,,半信半疑,,半信半疑,,bànxìn-bànyí,,pymupdf-native-table,
hsk_exam2025,page:217;sequence:5490,5490,7-9,7-9,,办学,,办学,,bànxué,动,pymupdf-native-table,
hsk_exam2025,page:217;sequence:5491,5491,7-9,7-9,,伴奏,,伴奏,,bànzòu,动,pymupdf-native-table,
hsk_exam2025,page:217;sequence:5492,5492,7-9,7-9,,帮手,,帮手,,bāngshou,名,pymupdf-native-table,
hsk_exam2025,page:217;sequence:5493,5493,7-9,7-9,,绑,,绑,,bǎng,动,pymupdf-native-table,
hsk_exam2025,page:217;sequence:5494,5494,7-9,7-9,,绑架,,绑架,,bǎngjià,动,pymupdf-native-table,
hsk_exam2025,page:217;sequence:5495,5495,7-9,7-9,,磅,,磅,,bàng,量、名,pymupdf-native-table,
hsk_exam2025,page:217;sequence:5496,5496,7-9,7-9,,煲,,煲,,bāo,名、动,pymupdf-native-table,
hsk_exam2025,page:217;sequence:5497,5497,7-9,7-9,,剥,,剥,,bāo,动,pymupdf-native-table,
hsk_exam2025,page:217;sequence:5498,5498,7-9,7-9,,包庇,,包庇,,bāobì,动,pymupdf-native-table,
hsk_exam2025,page:217;sequence:5499,5499,7-9,7-9,,褒贬,,褒贬,,bāobiǎn,动,pymupdf-native-table,
hsk_exam2025,page:217;sequence:5500,5500,7-9,7-9,,包袱,,包袱,,bāofu,名,pymupdf-native-table,
hsk_exam2025,page:217;sequence:5501,5501,7-9,7-9,,包罗万象,,包罗万象,,bāoluó-wànxiàng,,pymupdf-native-table,
hsk_exam2025,page:217;sequence:5502,5502,7-9,7-9,,包容,,包容,,bāoróng,动,pymupdf-native-table,
hsk_exam2025,page:217;sequence:5503,5503,7-9,7-9,,包围,,包围,,bāowéi,动,pymupdf-native-table,
hsk_exam2025,page:217;sequence:5504,5504,7-9,7-9,,包扎,,包扎,,bāozā,动,pymupdf-native-table,
hsk_exam2025,page:217;sequence:5505,5505,7-9,7-9,,饱和,,饱和,,bǎohé,动,pymupdf-native-table,
hsk_exam2025,page:217;sequence:5506,5506,7-9,7-9,,饱经沧桑,,饱经沧桑,,bǎojīng-cāngsāng,,pymupdf-native-table,
hsk_exam2025,page:217;sequence:5507,5507,7-9,7-9,,宝库,,宝库,,bǎokù,名,pymupdf-native-table,
hsk_exam2025,page:217;sequence:5508,5508,7-9,7-9,,堡垒,,堡垒,,bǎolěi,名,pymupdf-native-table,
hsk_exam2025,page:217;sequence:5509,5509,7-9,7-9,,饱满,,饱满,,bǎomǎn,形,pymupdf-native-table,
hsk_exam2025,page:217;sequence:5510,5510,7-9,7-9,,保密,,保密,,bǎomì,动,pymupdf-native-table,
hsk_exam2025,page:217;sequence:5511,5511,7-9,7-9,,保姆,,保姆,,bǎomǔ,名,pymupdf-native-table,
hsk_exam2025,page:217;sequence:5512,5512,7-9,7-9,,宝石,,宝石,,bǎoshí,名,pymupdf-native-table,
hsk_exam2025,page:217;sequence:5513,5513,7-9,7-9,,保守,,保守,,bǎoshǒu,动、形,pymupdf-native-table,
hsk_exam2025,page:217;sequence:5514,5514,7-9,7-9,,保卫,,保卫,,bǎowèi,动,pymupdf-native-table,
hsk_exam2025,page:217;sequence:5515,5515,7-9,7-9,,保鲜,,保鲜,,bǎoxiān,动,pymupdf-native-table,
hsk_exam2025,page:217;sequence:5516,5516,7-9,7-9,,保养,,保养,,bǎoyǎng,动,pymupdf-native-table,
hsk_exam2025,page:217;sequence:5517,5517,7-9,7-9,,保佑,,保佑,,bǎoyòu,动,pymupdf-native-table,
hsk_exam2025,page:217;sequence:5518,5518,7-9,7-9,,宝藏,,宝藏,,bǎozàng,名,pymupdf-native-table,
hsk_exam2025,page:217;sequence:5519,5519,7-9,7-9,,保重,,保重,,bǎozhòng,动,pymupdf-native-table,
hsk_exam2025,page:217;sequence:5520,5520,7-9,7-9,,报,,报,,bào,动,pymupdf-native-table,
hsk_exam2025,page:218;sequence:5521,5521,7-9,7-9,,豹,,豹,,bào,名,pymupdf-native-table,
hsk_exam2025,page:218;sequence:5522,5522,7-9,7-9,,报案,,报案,,bào’àn,动,pymupdf-native-table,
hsk_exam2025,page:218;sequence:5523,5523,7-9,7-9,,报酬,,报酬,,bàochou,名,pymupdf-native-table,
hsk_exam2025,page:218;sequence:5524,5524,7-9,7-9,,报仇,,报仇,,bàochóu,动,pymupdf-native-table,
hsk_exam2025,page:218;sequence:5525,5525,7-9,7-9,,报答,,报答,,bàodá,动,pymupdf-native-table,
hsk_exam2025,page:218;sequence:5526,5526,7-9,7-9,,报废,,报废,,bàofèi,动,pymupdf-native-table,
hsk_exam2025,page:218;sequence:5527,5527,7-9,7-9,,暴风骤雨,,暴风骤雨,,bàofēng-zhòuyǔ,,pymupdf-native-table,
hsk_exam2025,page:218;sequence:5528,5528,7-9,7-9,,报复,,报复,,bàofù,动,pymupdf-native-table,
hsk_exam2025,page:218;sequence:5529,5529,7-9,7-9,,抱负,,抱负,,bàofù,名,pymupdf-native-table,
hsk_exam2025,page:218;sequence:5530,5530,7-9,7-9,,曝光,,曝光,,bàoguāng,动,pymupdf-native-table,
hsk_exam2025,page:218;sequence:5531,5531,7-9,7-9,,暴利,,暴利,,bàolì,名,pymupdf-native-table,
hsk_exam2025,page:218;sequence:5532,5532,7-9,7-9,,爆满,,爆满,,bàomǎn,动,pymupdf-native-table,
hsk_exam2025,page:218;sequence:5533,5533,7-9,7-9,,报销,,报销,,bàoxiāo,动,pymupdf-native-table,
hsk_exam2025,page:218;sequence:5534,5534,7-9,7-9,,暴躁,,暴躁,,bàozào,形,pymupdf-native-table,
hsk_exam2025,page:218;sequence:5535,5535,7-9,7-9,,爆竹,,爆竹,,bàozhú,名,pymupdf-native-table,
hsk_exam2025,page:218;sequence:5536,5536,7-9,7-9,,碑,,碑,,bēi,名,pymupdf-native-table,
hsk_exam2025,page:218;sequence:5537,5537,7-9,7-9,,悲哀,,悲哀,,bēi’āi,形,pymupdf-native-table,
hsk_exam2025,page:218;sequence:5538,5538,7-9,7-9,,卑鄙,,卑鄙,,bēibǐ,形,pymupdf-native-table,
hsk_exam2025,page:218;sequence:5539,5539,7-9,7-9,,悲惨,,悲惨,,bēicǎn,形,pymupdf-native-table,
hsk_exam2025,page:218;sequence:5540,5540,7-9,7-9,,背负,,背负,,bēifù,动,pymupdf-native-table,
hsk_exam2025,page:218;sequence:5541,5541,7-9,7-9,,悲欢离合,,悲欢离合,,bēihuān-líhé,,pymupdf-native-table,
hsk_exam2025,page:218;sequence:5542,5542,7-9,7-9,,悲痛,,悲痛,,bēitòng,形,pymupdf-native-table,
hsk_exam2025,page:218;sequence:5543,5543,7-9,7-9,,卑微,,卑微,,bēiwēi,形,pymupdf-native-table,
hsk_exam2025,page:218;sequence:5544,5544,7-9,7-9,,备,,备,,bèi,动、副,pymupdf-native-table,
hsk_exam2025,page:218;sequence:5545,5545,7-9,7-9,,备份,,备份,,bèifèn,名、动,pymupdf-native-table,
hsk_exam2025,page:218;sequence:5546,5546,7-9,7-9,,被告,,被告,,bèigào,名,pymupdf-native-table,
hsk_exam2025,page:218;sequence:5547,5547,7-9,7-9,,贝壳,,贝壳,,bèiké,名,pymupdf-native-table,
hsk_exam2025,page:218;sequence:5548,5548,7-9,7-9,,备课,,备课,,bèikè,动,pymupdf-native-table,
hsk_exam2025,page:218;sequence:5549,5549,7-9,7-9,,背面,,背面,,bèimiàn,名,pymupdf-native-table,
hsk_exam2025,page:218;sequence:5550,5550,7-9,7-9,,背叛,,背叛,,bèipàn,动,pymupdf-native-table,
hsk_exam2025,page:218;sequence:5551,5551,7-9,7-9,,背诵,,背诵,,bèisòng,动,pymupdf-native-table,
hsk_exam2025,page:218;sequence:5552,5552,7-9,7-9,,备忘录,,备忘录,,bèiwànglù,名,pymupdf-native-table,
hsk_exam2025,page:218;sequence:5553,5553,7-9,7-9,,背影,,背影,,bèiyǐng,名,pymupdf-native-table,
hsk_exam2025,page:218;sequence:5554,5554,7-9,7-9,,备战,,备战,,bèizhàn,动,pymupdf-native-table,
hsk_exam2025,page:218;sequence:5555,5555,7-9,7-9,,奔波,,奔波,,bēnbō,动,pymupdf-native-table,
hsk_exam2025,page:218;sequence:5556,5556,7-9,7-9,,奔驰,,奔驰,,bēnchí,动,pymupdf-native-table,
hsk_exam2025,page:218;sequence:5557,5557,7-9,7-9,,奔赴,,奔赴,,bēnfù,动,pymupdf-native-table,
hsk_exam2025,page:218;sequence:5558,5558,7-9,7-9,,本分,,本分,,běnfèn,名、形,pymupdf-native-table,
hsk_exam2025,page:218;sequence:5559,5559,7-9,7-9,,本钱,,本钱,,běnqián,名,pymupdf-native-table,
hsk_exam2025,page:218;sequence:5560,5560,7-9,7-9,,本色,,本色,,běnsè,名,pymupdf-native-table,
hsk_exam2025,page:219;sequence:5561,5561,7-9,7-9,,本事,,本事,,běnshi,名,pymupdf-native-table,
hsk_exam2025,page:219;sequence:5562,5562,7-9,7-9,,本性,,本性,,běnxìng,名,pymupdf-native-table,
hsk_exam2025,page:219;sequence:5563,5563,7-9,7-9,,本意,,本意,,běnyì,名,pymupdf-native-table,
hsk_exam2025,page:219;sequence:5564,5564,7-9,7-9,,本着,,本着,,běnzhe,介,pymupdf-native-table,
hsk_exam2025,page:219;sequence:5565,5565,7-9,7-9,,奔,,奔,,bèn,动,pymupdf-native-table,
hsk_exam2025,page:219;sequence:5566,5566,7-9,7-9,,笨蛋,,笨蛋,,bèndàn,名,pymupdf-native-table,
hsk_exam2025,page:219;sequence:5567,5567,7-9,7-9,,笨重,,笨重,,bènzhòng,形,pymupdf-native-table,
hsk_exam2025,page:219;sequence:5568,5568,7-9,7-9,,笨拙,,笨拙,,bènzhuō,形,pymupdf-native-table,
hsk_exam2025,page:219;sequence:5569,5569,7-9,7-9,,绷,,绷,,bēng,动,pymupdf-native-table,
hsk_exam2025,page:219;sequence:5570,5570,7-9,7-9,,绷带,,绷带,,bēngdài,名,pymupdf-native-table,
hsk_exam2025,page:219;sequence:5571,5571,7-9,7-9,,崩溃,,崩溃,,bēngkuì,动,pymupdf-native-table,
hsk_exam2025,page:219;sequence:5572,5572,7-9,7-9,,蹦,,蹦,,bèng,动,pymupdf-native-table,
hsk_exam2025,page:219;sequence:5573,5573,7-9,7-9,,迸发,,迸发,,bèngfā,动,pymupdf-native-table,
hsk_exam2025,page:219;sequence:5574,5574,7-9,7-9,,逼近,,逼近,,bījìn,动,pymupdf-native-table,
hsk_exam2025,page:219;sequence:5575,5575,7-9,7-9,,逼迫,,逼迫,,bīpò,动,pymupdf-native-table,
hsk_exam2025,page:219;sequence:5576,5576,7-9,7-9,,逼真,,逼真,,bīzhēn,形,pymupdf-native-table,
hsk_exam2025,page:219;sequence:5577,5577,7-9,7-9,,鼻涕,,鼻涕,,bítì,名,pymupdf-native-table,
hsk_exam2025,page:219;sequence:5578,5578,7-9,7-9,,比比皆是,,比比皆是,,bǐbǐ-jiēshì,,pymupdf-native-table,
hsk_exam2025,page:219;sequence:5579,5579,7-9,7-9,,笔墨,,笔墨,,bǐmò,名,pymupdf-native-table,
hsk_exam2025,page:219;sequence:5580,5580,7-9,7-9,,比试,,比试,,bǐshi,动,pymupdf-native-table,
hsk_exam2025,page:219;sequence:5581,5581,7-9,7-9,,鄙视,,鄙视,,bǐshì,动,pymupdf-native-table,
hsk_exam2025,page:219;sequence:5582,5582,7-9,7-9,,弊病,,弊病,,bìbìng,名,pymupdf-native-table,
hsk_exam2025,page:219;sequence:5583,5583,7-9,7-9,,必不可少,,必不可少,,bìbùkěshǎo,,pymupdf-native-table,
hsk_exam2025,page:219;sequence:5584,5584,7-9,7-9,,必定,,必定,,bìdìng,副,pymupdf-native-table,
hsk_exam2025,page:219;sequence:5585,5585,7-9,7-9,,弊端,,弊端,,bìduān,名,pymupdf-native-table,
hsk_exam2025,page:219;sequence:5586,5586,7-9,7-9,,壁画,,壁画,,bìhuà,名,pymupdf-native-table,
hsk_exam2025,page:219;sequence:5587,5587,7-9,7-9,,必将,,必将,,bìjiāng,副,pymupdf-native-table,
hsk_exam2025,page:219;sequence:5588,5588,7-9,7-9,,壁垒,,壁垒,,bìlěi,名,pymupdf-native-table,
hsk_exam2025,page:219;sequence:5589,5589,7-9,7-9,,碧绿,,碧绿,,bìlǜ,形,pymupdf-native-table,
hsk_exam2025,page:219;sequence:5590,5590,7-9,7-9,,避难,,避难,,bìnàn,动,pymupdf-native-table,
hsk_exam2025,page:219;sequence:5591,5591,7-9,7-9,,避让,,避让,,bìràng,动,pymupdf-native-table,
hsk_exam2025,page:219;sequence:5592,5592,7-9,7-9,,毕生,,毕生,,bìshēng,名,pymupdf-native-table,
hsk_exam2025,page:219;sequence:5593,5593,7-9,7-9,,避暑,,避暑,,bìshǔ,动,pymupdf-native-table,
hsk_exam2025,page:219;sequence:5594,5594,7-9,7-9,,鞭策,,鞭策,,biāncè,动,pymupdf-native-table,
hsk_exam2025,page:219;sequence:5595,5595,7-9,7-9,,编程,,编程,,biānchéng,动,pymupdf-native-table,
hsk_exam2025,page:219;sequence:5596,5596,7-9,7-9,,编号,,编号,,biānhào,动、名,pymupdf-native-table,
hsk_exam2025,page:219;sequence:5597,5597,7-9,7-9,,边疆,,边疆,,biānjiāng,名,pymupdf-native-table,
hsk_exam2025,page:219;sequence:5598,5598,7-9,7-9,,边界,,边界,,biānjiè,名,pymupdf-native-table,
hsk_exam2025,page:219;sequence:5599,5599,7-9,7-9,,边境,,边境,,biānjìng,名,pymupdf-native-table,
hsk_exam2025,page:219;sequence:5600,5600,7-9,7-9,,编剧,,编剧,,biānjù,动、名,pymupdf-native-table,
hsk_exam2025,page:220;sequence:5601,5601,7-9,7-9,,编排,,编排,,biānpái,动,pymupdf-native-table,
hsk_exam2025,page:220;sequence:5602,5602,7-9,7-9,,鞭炮,,鞭炮,,biānpào,名,pymupdf-native-table,
hsk_exam2025,page:220;sequence:5603,5603,7-9,7-9,,边缘,,边缘,,biānyuán,名、形,pymupdf-native-table,
hsk_exam2025,page:220;sequence:5604,5604,7-9,7-9,,边远,,边远,,biānyuǎn,形,pymupdf-native-table,
hsk_exam2025,page:220;sequence:5605,5605,7-9,7-9,,编造,,编造,,biānzào,动,pymupdf-native-table,
hsk_exam2025,page:220;sequence:5606,5606,7-9,7-9,,编制,,编制,,biānzhì,动,pymupdf-native-table,
hsk_exam2025,page:220;sequence:5607,5607,7-9,7-9,,编织,,编织,,biānzhī,动,pymupdf-native-table,
hsk_exam2025,page:220;sequence:5608,5608,7-9,7-9,,扁,,扁,,biǎn,形,pymupdf-native-table,
hsk_exam2025,page:220;sequence:5609,5609,7-9,7-9,,贬低,,贬低,,biǎndī,动,pymupdf-native-table,
hsk_exam2025,page:220;sequence:5610,5610,7-9,7-9,,贬值,,贬值,,biǎnzhí,动,pymupdf-native-table,
hsk_exam2025,page:220;sequence:5611,5611,7-9,7-9,,辩,,辩,,biàn,动,pymupdf-native-table,
hsk_exam2025,page:220;sequence:5612,5612,7-9,7-9,,辨别,,辨别,,biànbié,动,pymupdf-native-table,
hsk_exam2025,page:220;sequence:5613,5613,7-9,7-9,,遍布,,遍布,,biànbù,动,pymupdf-native-table,
hsk_exam2025,page:220;sequence:5614,5614,7-9,7-9,,便饭,,便饭,,biànfàn,名,pymupdf-native-table,
hsk_exam2025,page:220;sequence:5615,5615,7-9,7-9,,变革,,变革,,biàngé,动,pymupdf-native-table,
hsk_exam2025,page:220;sequence:5616,5616,7-9,7-9,,变更,,变更,,biàngēng,动,pymupdf-native-table,
hsk_exam2025,page:220;sequence:5617,5617,7-9,7-9,,变故,,变故,,biàngù,名,pymupdf-native-table,
hsk_exam2025,page:220;sequence:5618,5618,7-9,7-9,,辩护,,辩护,,biànhù,动,pymupdf-native-table,
hsk_exam2025,page:220;sequence:5619,5619,7-9,7-9,,变换,,变换,,biànhuàn,动,pymupdf-native-table,
hsk_exam2025,page:220;sequence:5620,5620,7-9,7-9,,变幻莫测,,变幻莫测,,biànhuàn-mòcè,,pymupdf-native-table,
hsk_exam2025,page:220;sequence:5621,5621,7-9,7-9,,辩解,,辩解,,biànjiě,动,pymupdf-native-table,
hsk_exam2025,page:220;sequence:5622,5622,7-9,7-9,,辩论,,辩论,,biànlùn,动,pymupdf-native-table,
hsk_exam2025,page:220;sequence:5623,5623,7-9,7-9,,变迁,,变迁,,biànqiān,动,pymupdf-native-table,
hsk_exam2025,page:220;sequence:5624,5624,7-9,7-9,,辨认,,辨认,,biànrèn,动,pymupdf-native-table,
hsk_exam2025,page:220;sequence:5625,5625,7-9,7-9,,变通,,变通,,biàntōng,动,pymupdf-native-table,
hsk_exam2025,page:220;sequence:5626,5626,7-9,7-9,,便携式,,便携式,,biànxiéshì,形,pymupdf-native-table,
hsk_exam2025,page:220;sequence:5627,5627,7-9,7-9,,变形,,变形,,biànxíng,动,pymupdf-native-table,
hsk_exam2025,page:220;sequence:5628,5628,7-9,7-9,,变异,,变异,,biànyì,动,pymupdf-native-table,
hsk_exam2025,page:220;sequence:5629,5629,7-9,7-9,,辩证,,辩证,,biànzhèng,动、形,pymupdf-native-table,
hsk_exam2025,page:220;sequence:5630,5630,7-9,7-9,,辫子,,辫子,,biànzi,名,pymupdf-native-table,
hsk_exam2025,page:220;sequence:5631,5631,7-9,7-9,,标,,标,,biāo,动,pymupdf-native-table,
hsk_exam2025,page:220;sequence:5632,5632,7-9,7-9,,标榜,,标榜,,biāobǎng,动,pymupdf-native-table,
hsk_exam2025,page:220;sequence:5633,5633,7-9,7-9,,标本,,标本,,biāoběn,名,pymupdf-native-table,
hsk_exam2025,page:220;sequence:5634,5634,7-9,7-9,,标点,,标点,,biāodiǎn,名,pymupdf-native-table,
hsk_exam2025,page:220;sequence:5635,5635,7-9,7-9,,标记,,标记,,biāojì,动、名,pymupdf-native-table,
hsk_exam2025,page:220;sequence:5636,5636,7-9,7-9,,标签,,标签,,biāoqiān,名,pymupdf-native-table,
hsk_exam2025,page:220;sequence:5637,5637,7-9,7-9,,飙升,,飙升,,biāoshēng,动,pymupdf-native-table,
hsk_exam2025,page:220;sequence:5638,5638,7-9,7-9,,标识,,标识,,biāoshí,动、名,pymupdf-native-table,
hsk_exam2025,page:220;sequence:5639,5639,7-9,7-9,,标示,,标示,,biāoshì,动,pymupdf-native-table,
hsk_exam2025,page:220;sequence:5640,5640,7-9,7-9,,标语,,标语,,biāoyǔ,名,pymupdf-native-table,
hsk_exam2025,page:221;sequence:5641,5641,7-9,7-9,,标致,,标致,,biāozhì,形,pymupdf-native-table,
hsk_exam2025,page:221;sequence:5642,5642,7-9,7-9,,表白,,表白,,biǎobái,动,pymupdf-native-table,
hsk_exam2025,page:221;sequence:5643,5643,7-9,7-9,,表决,,表决,,biǎojué,动,pymupdf-native-table,
hsk_exam2025,page:221;sequence:5644,5644,7-9,7-9,,表述,,表述,,biǎoshù,动,pymupdf-native-table,
hsk_exam2025,page:221;sequence:5645,5645,7-9,7-9,,表率,,表率,,biǎoshuài,名,pymupdf-native-table,
hsk_exam2025,page:221;sequence:5646,5646,7-9,7-9,,表态,,表态,,biǎotài,动,pymupdf-native-table,
hsk_exam2025,page:221;sequence:5647,5647,7-9,7-9,,表彰,,表彰,,biǎozhāng,动,pymupdf-native-table,
hsk_exam2025,page:221;sequence:5648,5648,7-9,7-9,,憋,,憋,,biē,动、形,pymupdf-native-table,
hsk_exam2025,page:221;sequence:5649,5649,7-9,7-9,,别具匠心,,别具匠心,,biéjù-jiàngxīn,,pymupdf-native-table,
hsk_exam2025,page:221;sequence:5650,5650,7-9,7-9,,别看,,别看,,biékàn,连,pymupdf-native-table,
hsk_exam2025,page:221;sequence:5651,5651,7-9,7-9,,别墅,,别墅,,biéshù,名,pymupdf-native-table,
hsk_exam2025,page:221;sequence:5652,5652,7-9,7-9,,别说,,别说,,biéshuō,连,pymupdf-native-table,
hsk_exam2025,page:221;sequence:5653,5653,7-9,7-9,,别致,,别致,,biézhì,形,pymupdf-native-table,
hsk_exam2025,page:221;sequence:5654,5654,7-9,7-9,,别扭,,别扭,,bièniu,形,pymupdf-native-table,
hsk_exam2025,page:221;sequence:5655,5655,7-9,7-9,,彬彬有礼,,彬彬有礼,,bīnbīn-yǒulǐ,,pymupdf-native-table,
hsk_exam2025,page:221;sequence:5656,5656,7-9,7-9,,缤纷,,缤纷,,bīnfēn,形,pymupdf-native-table,
hsk_exam2025,page:221;sequence:5657,5657,7-9,7-9,,濒临,,濒临,,bīnlín,动,pymupdf-native-table,
hsk_exam2025,page:221;sequence:5658,5658,7-9,7-9,,濒危,,濒危,,bīnwēi,动,pymupdf-native-table,
hsk_exam2025,page:221;sequence:5659,5659,7-9,7-9,,冰雹,,冰雹,,bīngbáo,名,pymupdf-native-table,
hsk_exam2025,page:221;sequence:5660,5660,7-9,7-9,,冰棍儿,,冰棍儿,,bīnggùnr,名,pymupdf-native-table,
hsk_exam2025,page:221;sequence:5661,5661,7-9,7-9,,冰山一角,,冰山一角,,bīngshān-yìjiǎo,,pymupdf-native-table,
hsk_exam2025,page:221;sequence:5662,5662,7-9,7-9,,冰天雪地,,冰天雪地,,bīngtiān-xuědì,,pymupdf-native-table,
hsk_exam2025,page:221;sequence:5663,5663,7-9,7-9,,丙,,丙,,bǐng,名,pymupdf-native-table,
hsk_exam2025,page:221;sequence:5664,5664,7-9,7-9,,秉承,,秉承,,bǐngchéng,动,pymupdf-native-table,
hsk_exam2025,page:221;sequence:5665,5665,7-9,7-9,,秉持,,秉持,,bǐngchí,动,pymupdf-native-table,
hsk_exam2025,page:221;sequence:5666,5666,7-9,7-9,,并发症,,并发症,,bìngfāzhèng,名,pymupdf-native-table,
hsk_exam2025,page:221;sequence:5667,5667,7-9,7-9,,并非,,并非,,bìngfēi,动,pymupdf-native-table,
hsk_exam2025,page:221;sequence:5668,5668,7-9,7-9,,并购,,并购,,bìnggòu,动,pymupdf-native-table,
hsk_exam2025,page:221;sequence:5669,5669,7-9,7-9,,并肩,,并肩,,bìngjiān,动、副,pymupdf-native-table,
hsk_exam2025,page:221;sequence:5670,5670,7-9,7-9,,病历,,病历,,bìnglì,名,pymupdf-native-table,
hsk_exam2025,page:221;sequence:5671,5671,7-9,7-9,,并列,,并列,,bìngliè,动,pymupdf-native-table,
hsk_exam2025,page:221;sequence:5672,5672,7-9,7-9,,并行,,并行,,bìngxíng,动,pymupdf-native-table,
hsk_exam2025,page:221;sequence:5673,5673,7-9,7-9,,病症,,病症,,bìngzhèng,名,pymupdf-native-table,
hsk_exam2025,page:221;sequence:5674,5674,7-9,7-9,,拨,,拨,,bō,动、量,pymupdf-native-table,
hsk_exam2025,page:221;sequence:5675,5675,7-9,7-9,,波动,,波动,,bōdòng,动,pymupdf-native-table,
hsk_exam2025,page:221;sequence:5676,5676,7-9,7-9,,剥夺,,剥夺,,bōduó,动,pymupdf-native-table,
hsk_exam2025,page:221;sequence:5677,5677,7-9,7-9,,波及,,波及,,bōjí,动,pymupdf-native-table,
hsk_exam2025,page:221;sequence:5678,5678,7-9,7-9,,拨款,,拨款,,bōkuǎn,动、名,pymupdf-native-table,
hsk_exam2025,page:221;sequence:5679,5679,7-9,7-9,,波澜,,波澜,,bōlán,名,pymupdf-native-table,
hsk_exam2025,page:221;sequence:5680,5680,7-9,7-9,,波浪,,波浪,,bōlàng,名,pymupdf-native-table,
hsk_exam2025,page:222;sequence:5681,5681,7-9,7-9,,波涛,,波涛,,bōtāo,名,pymupdf-native-table,
hsk_exam2025,page:222;sequence:5682,5682,7-9,7-9,,剥削,,剥削,,bōxuē,动,pymupdf-native-table,
hsk_exam2025,page:222;sequence:5683,5683,7-9,7-9,,波折,,波折,,bōzhé,名,pymupdf-native-table,
hsk_exam2025,page:222;sequence:5684,5684,7-9,7-9,,伯伯,,伯伯,,bóbo,名,pymupdf-native-table,
hsk_exam2025,page:222;sequence:5685,5685,7-9,7-9,,博大精深,,博大精深,,bódà-jīngshēn,,pymupdf-native-table,
hsk_exam2025,page:222;sequence:5686,5686,7-9,7-9,,搏斗,,搏斗,,bódòu,动,pymupdf-native-table,
hsk_exam2025,page:222;sequence:5687,5687,7-9,7-9,,伯父,,伯父,,bófù,名,pymupdf-native-table,
hsk_exam2025,page:222;sequence:5688,5688,7-9,7-9,,驳回,,驳回,,bóhuí,动,pymupdf-native-table,
hsk_exam2025,page:222;sequence:5689,5689,7-9,7-9,,伯母,,伯母,,bómǔ,名,pymupdf-native-table,
hsk_exam2025,page:222;sequence:5690,5690,7-9,7-9,,博学,,博学,,bóxué,形,pymupdf-native-table,
hsk_exam2025,page:222;sequence:5691,5691,7-9,7-9,,博弈,,博弈,,bóyì,动,pymupdf-native-table,
hsk_exam2025,page:222;sequence:5692,5692,7-9,7-9,,不算,,不算,,bú suàn,,pymupdf-native-table,
hsk_exam2025,page:222;sequence:5693,5693,7-9,7-9,,不当,,不当,,búdàng,形,pymupdf-native-table,
hsk_exam2025,page:222;sequence:5694,5694,7-9,7-9,,不定,,不定,,búdìng,形、副,pymupdf-native-table,
hsk_exam2025,page:222;sequence:5695,5695,7-9,7-9,,不动产,,不动产,,búdòngchǎn,名,pymupdf-native-table,
hsk_exam2025,page:222;sequence:5696,5696,7-9,7-9,,不见得,,不见得,,bújiàndé,副,pymupdf-native-table,
hsk_exam2025,page:222;sequence:5697,5697,7-9,7-9,,不愧,,不愧,,búkuì,副,pymupdf-native-table,
hsk_exam2025,page:222;sequence:5698,5698,7-9,7-9,,不力,,不力,,búlì,形,pymupdf-native-table,
hsk_exam2025,page:222;sequence:5699,5699,7-9,7-9,,不妙,,不妙,,búmiào,形,pymupdf-native-table,
hsk_exam2025,page:222;sequence:5700,5700,7-9,7-9,,不慎,,不慎,,búshèn,形,pymupdf-native-table,
hsk_exam2025,page:222;sequence:5701,5701,7-9,7-9,,不下,,不下,,búxià,动,pymupdf-native-table,
hsk_exam2025,page:222;sequence:5702,5702,7-9,7-9,,不像话,,不像话,,búxiànghuà,形,pymupdf-native-table,
hsk_exam2025,page:222;sequence:5703,5703,7-9,7-9,,不肖,,不肖,,búxiào,形,pymupdf-native-table,
hsk_exam2025,page:222;sequence:5704,5704,7-9,7-9,,不屑,,不屑,,búxiè,动,pymupdf-native-table,
hsk_exam2025,page:222;sequence:5705,5705,7-9,7-9,,不懈,,不懈,,búxiè,形,pymupdf-native-table,
hsk_exam2025,page:222;sequence:5706,5706,7-9,7-9,,不厌其烦,,不厌其烦,,búyàn-qífán,,pymupdf-native-table,
hsk_exam2025,page:222;sequence:5707,5707,7-9,7-9,,不亚于,,不亚于,,búyàyú,动,pymupdf-native-table,
hsk_exam2025,page:222;sequence:5708,5708,7-9,7-9,,不翼而飞,,不翼而飞,,búyì’érfēi,,pymupdf-native-table,
hsk_exam2025,page:222;sequence:5709,5709,7-9,7-9,,不亦乐乎,,不亦乐乎,,búyìlèhū,,pymupdf-native-table,
hsk_exam2025,page:222;sequence:5710,5710,7-9,7-9,,不正之风,,不正之风,,búzhèngzhīfēng,,pymupdf-native-table,
hsk_exam2025,page:222;sequence:5711,5711,7-9,7-9,,捕获,,捕获,,bǔhuò,动,pymupdf-native-table,
hsk_exam2025,page:222;sequence:5712,5712,7-9,7-9,,补给,,补给,,bǔjǐ,动、名,pymupdf-native-table,
hsk_exam2025,page:222;sequence:5713,5713,7-9,7-9,,补救,,补救,,bǔjiù,动,pymupdf-native-table,
hsk_exam2025,page:222;sequence:5714,5714,7-9,7-9,,哺乳,,哺乳,,bǔrǔ,动,pymupdf-native-table,
hsk_exam2025,page:222;sequence:5715,5715,7-9,7-9,,捕食,,捕食,,bǔshí,动,pymupdf-native-table,
hsk_exam2025,page:222;sequence:5716,5716,7-9,7-9,,哺育,,哺育,,bǔyù,动,pymupdf-native-table,
hsk_exam2025,page:222;sequence:5717,5717,7-9,7-9,,补助,,补助,,bǔzhù,动、名,pymupdf-native-table,
hsk_exam2025,page:222;sequence:5718,5718,7-9,7-9,,捕捉,,捕捉,,bǔzhuō,动,pymupdf-native-table,
hsk_exam2025,page:222;sequence:5719,5719,7-9,7-9,,不经意,,不经意,,bù jīngyì,,pymupdf-native-table,
hsk_exam2025,page:222;sequence:5720,5720,7-9,7-9,,不予,,不予,,bù yǔ,,pymupdf-native-table,
hsk_exam2025,page:223;sequence:5721,5721,7-9,7-9,,不准,,不准,,bù zhǔn,,pymupdf-native-table,
hsk_exam2025,page:223;sequence:5722,5722,7-9,7-9,,不耻下问,,不耻下问,,bùchǐ-xiàwèn,,pymupdf-native-table,
hsk_exam2025,page:223;sequence:5723,5723,7-9,7-9,,不辞而别,,不辞而别,,bùcí’érbié,,pymupdf-native-table,
hsk_exam2025,page:223;sequence:5724,5724,7-9,7-9,,不得而知,,不得而知,,bùdé’érzhī,,pymupdf-native-table,
hsk_exam2025,page:223;sequence:5725,5725,7-9,7-9,,不得已,,不得已,,bùdéyǐ,形,pymupdf-native-table,
hsk_exam2025,page:223;sequence:5726,5726,7-9,7-9,,不乏,,不乏,,bùfá,动,pymupdf-native-table,
hsk_exam2025,page:223;sequence:5727,5727,7-9,7-9,,步伐,,步伐,,bùfá,名,pymupdf-native-table,
hsk_exam2025,page:223;sequence:5728,5728,7-9,7-9,,不法,,不法,,bùfǎ,形,pymupdf-native-table,
hsk_exam2025,page:223;sequence:5729,5729,7-9,7-9,,不妨,,不妨,,bùfáng,副,pymupdf-native-table,
hsk_exam2025,page:223;sequence:5730,5730,7-9,7-9,,不服,,不服,,bùfú,动,pymupdf-native-table,
hsk_exam2025,page:223;sequence:5731,5731,7-9,7-9,,不敢当,,不敢当,,bùgǎndāng,动,pymupdf-native-table,
hsk_exam2025,page:223;sequence:5732,5732,7-9,7-9,,不及,,不及,,bùjí,动,pymupdf-native-table,
hsk_exam2025,page:223;sequence:5733,5733,7-9,7-9,,部件,,部件,,bùjiàn,名,pymupdf-native-table,
hsk_exam2025,page:223;sequence:5734,5734,7-9,7-9,,不假思索,,不假思索,,bùjiǎ-sīsuǒ,,pymupdf-native-table,
hsk_exam2025,page:223;sequence:5735,5735,7-9,7-9,,不解,,不解,,bùjiě,动,pymupdf-native-table,
hsk_exam2025,page:223;sequence:5736,5736,7-9,7-9,,不景气,,不景气,,bùjǐngqì,形,pymupdf-native-table,
hsk_exam2025,page:223;sequence:5737,5737,7-9,7-9,,布局,,布局,,bùjú,动、名,pymupdf-native-table,
hsk_exam2025,page:223;sequence:5738,5738,7-9,7-9,,不堪,,不堪,,bùkān,动、形,pymupdf-native-table,
hsk_exam2025,page:223;sequence:5739,5739,7-9,7-9,,不可或缺,,不可或缺,,bùkě-huòquē,,pymupdf-native-table,
hsk_exam2025,page:223;sequence:5740,5740,7-9,7-9,,不可思议,,不可思议,,bùkě-sīyì,,pymupdf-native-table,
hsk_exam2025,page:223;sequence:5741,5741,7-9,7-9,,不了了之,,不了了之,,bùliǎo-liǎozhī,,pymupdf-native-table,
hsk_exam2025,page:223;sequence:5742,5742,7-9,7-9,,不免,,不免,,bùmiǎn,副,pymupdf-native-table,
hsk_exam2025,page:223;sequence:5743,5743,7-9,7-9,,不平,,不平,,bùpíng,形,pymupdf-native-table,
hsk_exam2025,page:223;sequence:5744,5744,7-9,7-9,,不容,,不容,,bùróng,动,pymupdf-native-table,
hsk_exam2025,page:223;sequence:5745,5745,7-9,7-9,,步入,,步入,,bùrù,动,pymupdf-native-table,
hsk_exam2025,page:223;sequence:5746,5746,7-9,7-9,,部首,,部首,,bùshǒu,名,pymupdf-native-table,
hsk_exam2025,page:223;sequence:5747,5747,7-9,7-9,,部署,,部署,,bùshǔ,动,pymupdf-native-table,
hsk_exam2025,page:223;sequence:5748,5748,7-9,7-9,,不惜,,不惜,,bùxī,动,pymupdf-native-table,
hsk_exam2025,page:223;sequence:5749,5749,7-9,7-9,,不相上下,,不相上下,,bùxiāng-shàngxià,,pymupdf-native-table,
hsk_exam2025,page:223;sequence:5750,5750,7-9,7-9,,不言而喻,,不言而喻,,bùyán’éryù,,pymupdf-native-table,
hsk_exam2025,page:223;sequence:5751,5751,7-9,7-9,,不以为然,,不以为然,,bùyǐwéirán,,pymupdf-native-table,
hsk_exam2025,page:223;sequence:5752,5752,7-9,7-9,,不由得,,不由得,,bùyóude,动、副,pymupdf-native-table,
hsk_exam2025,page:223;sequence:5753,5753,7-9,7-9,,不由自主,,不由自主,,bùyóuzìzhǔ,,pymupdf-native-table,
hsk_exam2025,page:223;sequence:5754,5754,7-9,7-9,,不约而同,,不约而同,,bùyuē’értóng,,pymupdf-native-table,
hsk_exam2025,page:223;sequence:5755,5755,7-9,7-9,,不折不扣,,不折不扣,,bùzhé-búkòu,,pymupdf-native-table,
hsk_exam2025,page:223;sequence:5756,5756,7-9,7-9,,不知不觉,,不知不觉,,bùzhī-bùjué,,pymupdf-native-table,
hsk_exam2025,page:223;sequence:5757,5757,7-9,7-9,,不知所措,,不知所措,,bùzhī-suǒcuò,,pymupdf-native-table,
hsk_exam2025,page:223;sequence:5758,5758,7-9,7-9,,猜想,,猜想,,cāixiǎng,动,pymupdf-native-table,
hsk_exam2025,page:223;sequence:5759,5759,7-9,7-9,,裁,,裁,,cái,动,pymupdf-native-table,
hsk_exam2025,page:223;sequence:5760,5760,7-9,7-9,,裁定,,裁定,,cáidìng,动,pymupdf-native-table,
hsk_exam2025,page:224;sequence:5761,5761,7-9,7-9,,裁缝,,裁缝,,cáifeng,名,pymupdf-native-table,
hsk_exam2025,page:224;sequence:5762,5762,7-9,7-9,,才干,,才干,,cáigàn,名,pymupdf-native-table,
hsk_exam2025,page:224;sequence:5763,5763,7-9,7-9,,财经,,财经,,cáijīng,名,pymupdf-native-table,
hsk_exam2025,page:224;sequence:5764,5764,7-9,7-9,,裁决,,裁决,,cáijué,动,pymupdf-native-table,
hsk_exam2025,page:224;sequence:5765,5765,7-9,7-9,,财力,,财力,,cáilì,名,pymupdf-native-table,
hsk_exam2025,page:224;sequence:5766,5766,7-9,7-9,,裁员,,裁员,,cáiyuán,动,pymupdf-native-table,
hsk_exam2025,page:224;sequence:5767,5767,7-9,7-9,,财政,,财政,,cáizhèng,名,pymupdf-native-table,
hsk_exam2025,page:224;sequence:5768,5768,7-9,7-9,,采,,采,,cǎi,动,pymupdf-native-table,
hsk_exam2025,page:224;sequence:5769,5769,7-9,7-9,,采矿,,采矿,,cǎikuàng,动,pymupdf-native-table,
hsk_exam2025,page:224;sequence:5770,5770,7-9,7-9,,采摘,,采摘,,cǎizhāi,动,pymupdf-native-table,
hsk_exam2025,page:224;sequence:5771,5771,7-9,7-9,,菜肴,,菜肴,,càiyáo,名,pymupdf-native-table,
hsk_exam2025,page:224;sequence:5772,5772,7-9,7-9,,参见,,参见,,cānjiàn,动,pymupdf-native-table,
hsk_exam2025,page:224;sequence:5773,5773,7-9,7-9,,参谋,,参谋,,cānmóu,名、动,pymupdf-native-table,
hsk_exam2025,page:224;sequence:5774,5774,7-9,7-9,,参照,,参照,,cānzhào,动,pymupdf-native-table,
hsk_exam2025,page:224;sequence:5775,5775,7-9,7-9,,残,,残,,cán,动,pymupdf-native-table,
hsk_exam2025,page:224;sequence:5776,5776,7-9,7-9,,残酷,,残酷,,cánkù,形,pymupdf-native-table,
hsk_exam2025,page:224;sequence:5777,5777,7-9,7-9,,惭愧,,惭愧,,cánkuì,形,pymupdf-native-table,
hsk_exam2025,page:224;sequence:5778,5778,7-9,7-9,,残留,,残留,,cánliú,动,pymupdf-native-table,
hsk_exam2025,page:224;sequence:5779,5779,7-9,7-9,,残缺,,残缺,,cánquē,动,pymupdf-native-table,
hsk_exam2025,page:224;sequence:5780,5780,7-9,7-9,,残忍,,残忍,,cánrěn,形,pymupdf-native-table,
hsk_exam2025,page:224;sequence:5781,5781,7-9,7-9,,惨,,惨,,cǎn,形,pymupdf-native-table,
hsk_exam2025,page:224;sequence:5782,5782,7-9,7-9,,惨白,,惨白,,cǎnbái,形,pymupdf-native-table,
hsk_exam2025,page:224;sequence:5783,5783,7-9,7-9,,惨痛,,惨痛,,cǎntòng,形,pymupdf-native-table,
hsk_exam2025,page:224;sequence:5784,5784,7-9,7-9,,惨重,,惨重,,cǎnzhòng,形,pymupdf-native-table,
hsk_exam2025,page:224;sequence:5785,5785,7-9,7-9,,灿烂,,灿烂,,cànlàn,形,pymupdf-native-table,
hsk_exam2025,page:224;sequence:5786,5786,7-9,7-9,,舱,,舱,,cāng,名,pymupdf-native-table,
hsk_exam2025,page:224;sequence:5787,5787,7-9,7-9,,苍白,,苍白,,cāngbái,形,pymupdf-native-table,
hsk_exam2025,page:224;sequence:5788,5788,7-9,7-9,,仓促,,仓促,,cāngcù,形,pymupdf-native-table,
hsk_exam2025,page:224;sequence:5789,5789,7-9,7-9,,沧桑,,沧桑,,cāngsāng,名,pymupdf-native-table,
hsk_exam2025,page:224;sequence:5790,5790,7-9,7-9,,苍蝇,,苍蝇,,cāngying,名,pymupdf-native-table,
hsk_exam2025,page:224;sequence:5791,5791,7-9,7-9,,藏匿,,藏匿,,cángnì,动,pymupdf-native-table,
hsk_exam2025,page:224;sequence:5792,5792,7-9,7-9,,藏品,,藏品,,cángpǐn,名,pymupdf-native-table,
hsk_exam2025,page:224;sequence:5793,5793,7-9,7-9,,藏身,,藏身,,cángshēn,动,pymupdf-native-table,
hsk_exam2025,page:224;sequence:5794,5794,7-9,7-9,,操控,,操控,,cāokòng,动,pymupdf-native-table,
hsk_exam2025,page:224;sequence:5795,5795,7-9,7-9,,操劳,,操劳,,cāoláo,动,pymupdf-native-table,
hsk_exam2025,page:224;sequence:5796,5796,7-9,7-9,,操练,,操练,,cāoliàn,动,pymupdf-native-table,
hsk_exam2025,page:224;sequence:5797,5797,7-9,7-9,,操心,,操心,,cāoxīn,动,pymupdf-native-table,
hsk_exam2025,page:224;sequence:5798,5798,7-9,7-9,,操纵,,操纵,,cāozòng,动,pymupdf-native-table,
hsk_exam2025,page:224;sequence:5799,5799,7-9,7-9,,嘈杂,,嘈杂,,cáozá,形,pymupdf-native-table,
hsk_exam2025,page:224;sequence:5800,5800,7-9,7-9,,草案,,草案,,cǎo’àn,名,pymupdf-native-table,
hsk_exam2025,page:225;sequence:5801,5801,7-9,7-9,,草丛,,草丛,,cǎocóng,名,pymupdf-native-table,
hsk_exam2025,page:225;sequence:5802,5802,7-9,7-9,,草坪,,草坪,,cǎopíng,名,pymupdf-native-table,
hsk_exam2025,page:225;sequence:5803,5803,7-9,7-9,,草率,,草率,,cǎoshuài,形,pymupdf-native-table,
hsk_exam2025,page:225;sequence:5804,5804,7-9,7-9,,草药,,草药,,cǎoyào,名,pymupdf-native-table,
hsk_exam2025,page:225;sequence:5805,5805,7-9,7-9,,测定,,测定,,cèdìng,动,pymupdf-native-table,
hsk_exam2025,page:225;sequence:5806,5806,7-9,7-9,,侧面,,侧面,,cèmiàn,名,pymupdf-native-table,
hsk_exam2025,page:225;sequence:5807,5807,7-9,7-9,,测算,,测算,,cèsuàn,动,pymupdf-native-table,
hsk_exam2025,page:225;sequence:5808,5808,7-9,7-9,,测验,,测验,,cèyàn,动、名,pymupdf-native-table,
hsk_exam2025,page:225;sequence:5809,5809,7-9,7-9,,侧重,,侧重,,cèzhòng,动,pymupdf-native-table,
hsk_exam2025,page:225;sequence:5810,5810,7-9,7-9,,层出不穷,,层出不穷,,céngchū-bùqióng,,pymupdf-native-table,
hsk_exam2025,page:225;sequence:5811,5811,7-9,7-9,,蹭,,蹭,,cèng,动,pymupdf-native-table,
hsk_exam2025,page:225;sequence:5812,5812,7-9,7-9,,差错,,差错,,chācuò,名,pymupdf-native-table,
hsk_exam2025,page:225;sequence:5813,5813,7-9,7-9,,差额,,差额,,chā’é,名、形,pymupdf-native-table,
hsk_exam2025,page:225;sequence:5814,5814,7-9,7-9,,插曲,,插曲,,chāqǔ,名,pymupdf-native-table,
hsk_exam2025,page:225;sequence:5815,5815,7-9,7-9,,插手,,插手,,chāshǒu,动,pymupdf-native-table,
hsk_exam2025,page:225;sequence:5816,5816,7-9,7-9,,插图,,插图,,chātú,名,pymupdf-native-table,
hsk_exam2025,page:225;sequence:5817,5817,7-9,7-9,,插嘴,,插嘴,,chāzuǐ,动,pymupdf-native-table,
hsk_exam2025,page:225;sequence:5818,5818,7-9,7-9,,查处,,查处,,cháchǔ,动,pymupdf-native-table,
hsk_exam2025,page:225;sequence:5819,5819,7-9,7-9,,查获,,查获,,cháhuò,动,pymupdf-native-table,
hsk_exam2025,page:225;sequence:5820,5820,7-9,7-9,,察觉,,察觉,,chájué,动,pymupdf-native-table,
hsk_exam2025,page:225;sequence:5821,5821,7-9,7-9,,察看,,察看,,chákàn,动,pymupdf-native-table,
hsk_exam2025,page:225;sequence:5822,5822,7-9,7-9,,查明,,查明,,chámíng,动,pymupdf-native-table,
hsk_exam2025,page:225;sequence:5823,5823,7-9,7-9,,岔,,岔,,chà,名、动,pymupdf-native-table,
hsk_exam2025,page:225;sequence:5824,5824,7-9,7-9,,刹那,,刹那,,chànà,名,pymupdf-native-table,
hsk_exam2025,page:225;sequence:5825,5825,7-9,7-9,,诧异,,诧异,,chàyì,形,pymupdf-native-table,
hsk_exam2025,page:225;sequence:5826,5826,7-9,7-9,,拆迁,,拆迁,,chāiqiān,动,pymupdf-native-table,
hsk_exam2025,page:225;sequence:5827,5827,7-9,7-9,,柴油,,柴油,,cháiyóu,名,pymupdf-native-table,
hsk_exam2025,page:225;sequence:5828,5828,7-9,7-9,,掺,,掺,,chān,动,pymupdf-native-table,
hsk_exam2025,page:225;sequence:5829,5829,7-9,7-9,,搀,,搀,,chān,动,pymupdf-native-table,
hsk_exam2025,page:225;sequence:5830,5830,7-9,7-9,,馋,,馋,,chán,形、动,pymupdf-native-table,
hsk_exam2025,page:225;sequence:5831,5831,7-9,7-9,,缠,,缠,,chán,动,pymupdf-native-table,
hsk_exam2025,page:225;sequence:5832,5832,7-9,7-9,,缠绕,,缠绕,,chánrào,动,pymupdf-native-table,
hsk_exam2025,page:225;sequence:5833,5833,7-9,7-9,,铲,,铲,,chǎn,名、动,pymupdf-native-table,
hsk_exam2025,page:225;sequence:5834,5834,7-9,7-9,,产权,,产权,,chǎnquán,名,pymupdf-native-table,
hsk_exam2025,page:225;sequence:5835,5835,7-9,7-9,,阐释,,阐释,,chǎnshì,动,pymupdf-native-table,
hsk_exam2025,page:225;sequence:5836,5836,7-9,7-9,,阐述,,阐述,,chǎnshù,动,pymupdf-native-table,
hsk_exam2025,page:225;sequence:5837,5837,7-9,7-9,,产物,,产物,,chǎnwù,名,pymupdf-native-table,
hsk_exam2025,page:225;sequence:5838,5838,7-9,7-9,,产业链,,产业链,,chǎnyèliàn,名,pymupdf-native-table,
hsk_exam2025,page:225;sequence:5839,5839,7-9,7-9,,产值,,产值,,chǎnzhí,名,pymupdf-native-table,
hsk_exam2025,page:225;sequence:5840,5840,7-9,7-9,,颤抖,,颤抖,,chàndǒu,动,pymupdf-native-table,
hsk_exam2025,page:226;sequence:5841,5841,7-9,7-9,,猖狂,,猖狂,,chāngkuáng,形,pymupdf-native-table,
hsk_exam2025,page:226;sequence:5842,5842,7-9,7-9,,昌盛,,昌盛,,chāngshèng,形,pymupdf-native-table,
hsk_exam2025,page:226;sequence:5843,5843,7-9,7-9,,偿还,,偿还,,chánghuán,动,pymupdf-native-table,
hsk_exam2025,page:226;sequence:5844,5844,7-9,7-9,,常理,,常理,,chánglǐ,名,pymupdf-native-table,
hsk_exam2025,page:226;sequence:5845,5845,7-9,7-9,,长期以来,,长期以来,,chángqī yǐlái,,pymupdf-native-table,
hsk_exam2025,page:226;sequence:5846,5846,7-9,7-9,,常人,,常人,,chángrén,名,pymupdf-native-table,
hsk_exam2025,page:226;sequence:5847,5847,7-9,7-9,,常态,,常态,,chángtài,名,pymupdf-native-table,
hsk_exam2025,page:226;sequence:5848,5848,7-9,7-9,,长效,,长效,,chángxiào,名、形,pymupdf-native-table,
hsk_exam2025,page:226;sequence:5849,5849,7-9,7-9,,长征,,长征,,chángzhēng,动、名,pymupdf-native-table,
hsk_exam2025,page:226;sequence:5850,5850,7-9,7-9,,长足,,长足,,chángzú,形,pymupdf-native-table,
hsk_exam2025,page:226;sequence:5851,5851,7-9,7-9,,敞开,,敞开,,chǎngkāi,动、副,pymupdf-native-table,
hsk_exam2025,page:226;sequence:5852,5852,7-9,7-9,,倡导,,倡导,,chàngdǎo,动,pymupdf-native-table,
hsk_exam2025,page:226;sequence:5853,5853,7-9,7-9,,唱片,,唱片,,chàngpiàn,名,pymupdf-native-table,
hsk_exam2025,page:226;sequence:5854,5854,7-9,7-9,,畅谈,,畅谈,,chàngtán,动,pymupdf-native-table,
hsk_exam2025,page:226;sequence:5855,5855,7-9,7-9,,倡议,,倡议,,chàngyì,动、名,pymupdf-native-table,
hsk_exam2025,page:226;sequence:5856,5856,7-9,7-9,,超标,,超标,,chāobiāo,动,pymupdf-native-table,
hsk_exam2025,page:226;sequence:5857,5857,7-9,7-9,,钞票,,钞票,,chāopiào,名,pymupdf-native-table,
hsk_exam2025,page:226;sequence:5858,5858,7-9,7-9,,超前,,超前,,chāoqián,形、动,pymupdf-native-table,
hsk_exam2025,page:226;sequence:5859,5859,7-9,7-9,,抄袭,,抄袭,,chāoxí,动,pymupdf-native-table,
hsk_exam2025,page:226;sequence:5860,5860,7-9,7-9,,潮,,潮,,cháo,名、形,pymupdf-native-table,
hsk_exam2025,page:226;sequence:5861,5861,7-9,7-9,,嘲弄,,嘲弄,,cháonòng,动,pymupdf-native-table,
hsk_exam2025,page:226;sequence:5862,5862,7-9,7-9,,潮水,,潮水,,cháoshuǐ,名,pymupdf-native-table,
hsk_exam2025,page:226;sequence:5863,5863,7-9,7-9,,巢穴,,巢穴,,cháoxué,名,pymupdf-native-table,
hsk_exam2025,page:226;sequence:5864,5864,7-9,7-9,,炒作,,炒作,,chǎozuò,动,pymupdf-native-table,
hsk_exam2025,page:226;sequence:5865,5865,7-9,7-9,,车间,,车间,,chējiān,名,pymupdf-native-table,
hsk_exam2025,page:226;sequence:5866,5866,7-9,7-9,,扯,,扯,,chě,动,pymupdf-native-table,
hsk_exam2025,page:226;sequence:5867,5867,7-9,7-9,,撤,,撤,,chè,动,pymupdf-native-table,
hsk_exam2025,page:226;sequence:5868,5868,7-9,7-9,,撤离,,撤离,,chèlí,动,pymupdf-native-table,
hsk_exam2025,page:226;sequence:5869,5869,7-9,7-9,,撤退,,撤退,,chètuì,动,pymupdf-native-table,
hsk_exam2025,page:226;sequence:5870,5870,7-9,7-9,,彻夜,,彻夜,,chèyè,副,pymupdf-native-table,
hsk_exam2025,page:226;sequence:5871,5871,7-9,7-9,,沉淀,,沉淀,,chéndiàn,动、名,pymupdf-native-table,
hsk_exam2025,page:226;sequence:5872,5872,7-9,7-9,,沉甸甸,,沉甸甸,,chéndiàndiàn,形,pymupdf-native-table,
hsk_exam2025,page:226;sequence:5873,5873,7-9,7-9,,沉浸,,沉浸,,chénjìn,动,pymupdf-native-table,
hsk_exam2025,page:226;sequence:5874,5874,7-9,7-9,,陈旧,,陈旧,,chénjiù,形,pymupdf-native-table,
hsk_exam2025,page:226;sequence:5875,5875,7-9,7-9,,陈列,,陈列,,chénliè,动,pymupdf-native-table,
hsk_exam2025,page:226;sequence:5876,5876,7-9,7-9,,沉闷,,沉闷,,chénmèn,形,pymupdf-native-table,
hsk_exam2025,page:226;sequence:5877,5877,7-9,7-9,,沉迷,,沉迷,,chénmí,动,pymupdf-native-table,
hsk_exam2025,page:226;sequence:5878,5878,7-9,7-9,,陈述,,陈述,,chénshù,动,pymupdf-native-table,
hsk_exam2025,page:226;sequence:5879,5879,7-9,7-9,,沉睡,,沉睡,,chénshuì,动,pymupdf-native-table,
hsk_exam2025,page:226;sequence:5880,5880,7-9,7-9,,沉思,,沉思,,chénsī,动,pymupdf-native-table,
hsk_exam2025,page:227;sequence:5881,5881,7-9,7-9,,沉稳,,沉稳,,chénwěn,形,pymupdf-native-table,
hsk_exam2025,page:227;sequence:5882,5882,7-9,7-9,,沉着,,沉着,,chénzhuó,形,pymupdf-native-table,
hsk_exam2025,page:227;sequence:5883,5883,7-9,7-9,,趁机,,趁机,,chènjī,副,pymupdf-native-table,
hsk_exam2025,page:227;sequence:5884,5884,7-9,7-9,,衬托,,衬托,,chèntuō,动,pymupdf-native-table,
hsk_exam2025,page:227;sequence:5885,5885,7-9,7-9,,称心如意,,称心如意,,chènxīn-rúyì,,pymupdf-native-table,
hsk_exam2025,page:227;sequence:5886,5886,7-9,7-9,,趁早,,趁早,,chènzǎo,副,pymupdf-native-table,
hsk_exam2025,page:227;sequence:5887,5887,7-9,7-9,,呈,,呈,,chéng,动,pymupdf-native-table,
hsk_exam2025,page:227;sequence:5888,5888,7-9,7-9,,承包,,承包,,chéngbāo,动,pymupdf-native-table,
hsk_exam2025,page:227;sequence:5889,5889,7-9,7-9,,成才,,成才,,chéngcái,动,pymupdf-native-table,
hsk_exam2025,page:227;sequence:5890,5890,7-9,7-9,,成家,,成家,,chéngjiā,动,pymupdf-native-table,
hsk_exam2025,page:227;sequence:5891,5891,7-9,7-9,,成家立业,,成家立业,,chéngjiā-lìyè,,pymupdf-native-table,
hsk_exam2025,page:227;sequence:5892,5892,7-9,7-9,,承接,,承接,,chéngjiē,动,pymupdf-native-table,
hsk_exam2025,page:227;sequence:5893,5893,7-9,7-9,,诚恳,,诚恳,,chéngkěn,形,pymupdf-native-table,
hsk_exam2025,page:227;sequence:5894,5894,7-9,7-9,,成年,,成年2,2,chéngnián,副,pymupdf-native-table,
hsk_exam2025,page:227;sequence:5895,5895,7-9,7-9,,成品,,成品,,chéngpǐn,名,pymupdf-native-table,
hsk_exam2025,page:227;sequence:5896,5896,7-9,7-9,,城墙,,城墙,,chéngqiáng,名,pymupdf-native-table,
hsk_exam2025,page:227;sequence:5897,5897,7-9,7-9,,澄清,,澄清,,chéngqīng,形、动,pymupdf-native-table,
hsk_exam2025,page:227;sequence:5898,5898,7-9,7-9,,成全,,成全,,chéngquán,动,pymupdf-native-table,
hsk_exam2025,page:227;sequence:5899,5899,7-9,7-9,,成群结队,,成群结队,,chéngqún-jiéduì,,pymupdf-native-table,
hsk_exam2025,page:227;sequence:5900,5900,7-9,7-9,,成天,,成天,,chéngtiān,副,pymupdf-native-table,
hsk_exam2025,page:227;sequence:5901,5901,7-9,7-9,,成心,,成心,,chéngxīn,副,pymupdf-native-table,
hsk_exam2025,page:227;sequence:5902,5902,7-9,7-9,,成型,,成型,,chéngxíng,动,pymupdf-native-table,
hsk_exam2025,page:227;sequence:5903,5903,7-9,7-9,,诚意,,诚意,,chéngyì,名,pymupdf-native-table,
hsk_exam2025,page:227;sequence:5904,5904,7-9,7-9,,承载,,承载,,chéngzài,动,pymupdf-native-table,
hsk_exam2025,page:227;sequence:5905,5905,7-9,7-9,,诚挚,,诚挚,,chéngzhì,形,pymupdf-native-table,
hsk_exam2025,page:227;sequence:5906,5906,7-9,7-9,,逞强,,逞强,,chěngqiáng,动,pymupdf-native-table,
hsk_exam2025,page:227;sequence:5907,5907,7-9,7-9,,秤,,秤,,chèng,名,pymupdf-native-table,
hsk_exam2025,page:227;sequence:5908,5908,7-9,7-9,,痴呆,,痴呆,,chīdāi,形,pymupdf-native-table,
hsk_exam2025,page:227;sequence:5909,5909,7-9,7-9,,吃喝玩乐,,吃喝玩乐,,chī-hē-wán-lè,,pymupdf-native-table,
hsk_exam2025,page:227;sequence:5910,5910,7-9,7-9,,吃苦,,吃苦,,chīkǔ,动,pymupdf-native-table,
hsk_exam2025,page:227;sequence:5911,5911,7-9,7-9,,吃亏,,吃亏,,chīkuī,动,pymupdf-native-table,
hsk_exam2025,page:227;sequence:5912,5912,7-9,7-9,,吃力,,吃力,,chīlì,形,pymupdf-native-table,
hsk_exam2025,page:227;sequence:5913,5913,7-9,7-9,,痴迷,,痴迷,,chīmí,动,pymupdf-native-table,
hsk_exam2025,page:227;sequence:5914,5914,7-9,7-9,,痴心,,痴心,,chīxīn,名、形,pymupdf-native-table,
hsk_exam2025,page:227;sequence:5915,5915,7-9,7-9,,持,,持,,chí,动,pymupdf-native-table,
hsk_exam2025,page:227;sequence:5916,5916,7-9,7-9,,迟迟,,迟迟,,chíchí,副,pymupdf-native-table,
hsk_exam2025,page:227;sequence:5917,5917,7-9,7-9,,迟钝,,迟钝,,chídùn,形,pymupdf-native-table,
hsk_exam2025,page:227;sequence:5918,5918,7-9,7-9,,迟缓,,迟缓,,chíhuǎn,形,pymupdf-native-table,
hsk_exam2025,page:227;sequence:5919,5919,7-9,7-9,,驰名,,驰名,,chímíng,动,pymupdf-native-table,
hsk_exam2025,page:227;sequence:5920,5920,7-9,7-9,,持平,,持平,,chípíng,动,pymupdf-native-table,
hsk_exam2025,page:228;sequence:5921,5921,7-9,7-9,,池塘,,池塘,,chítáng,名,pymupdf-native-table,
hsk_exam2025,page:228;sequence:5922,5922,7-9,7-9,,迟疑,,迟疑,,chíyí,形,pymupdf-native-table,
hsk_exam2025,page:228;sequence:5923,5923,7-9,7-9,,迟早,,迟早,,chízǎo,副,pymupdf-native-table,
hsk_exam2025,page:228;sequence:5924,5924,7-9,7-9,,持之以恒,,持之以恒,,chízhī-yǐhéng,,pymupdf-native-table,
hsk_exam2025,page:228;sequence:5925,5925,7-9,7-9,,尺度,,尺度,,chǐdù,名,pymupdf-native-table,
hsk_exam2025,page:228;sequence:5926,5926,7-9,7-9,,耻辱,,耻辱,,chǐrǔ,名,pymupdf-native-table,
hsk_exam2025,page:228;sequence:5927,5927,7-9,7-9,,耻笑,,耻笑,,chǐxiào,动,pymupdf-native-table,
hsk_exam2025,page:228;sequence:5928,5928,7-9,7-9,,赤道,,赤道,,chìdào,名,pymupdf-native-table,
hsk_exam2025,page:228;sequence:5929,5929,7-9,7-9,,赤字,,赤字,,chìzì,名,pymupdf-native-table,
hsk_exam2025,page:228;sequence:5930,5930,7-9,7-9,,充,,充,,chōng,动,pymupdf-native-table,
hsk_exam2025,page:228;sequence:5931,5931,7-9,7-9,,充斥,,充斥,,chōngchì,动,pymupdf-native-table,
hsk_exam2025,page:228;sequence:5932,5932,7-9,7-9,,冲刺,,冲刺,,chōngcì,动,pymupdf-native-table,
hsk_exam2025,page:228;sequence:5933,5933,7-9,7-9,,充当,,充当,,chōngdāng,动,pymupdf-native-table,
hsk_exam2025,page:228;sequence:5934,5934,7-9,7-9,,憧憬,,憧憬,,chōngjǐng,动,pymupdf-native-table,
hsk_exam2025,page:228;sequence:5935,5935,7-9,7-9,,冲浪,,冲浪,,chōnglàng,动,pymupdf-native-table,
hsk_exam2025,page:228;sequence:5936,5936,7-9,7-9,,充沛,,充沛,,chōngpèi,形,pymupdf-native-table,
hsk_exam2025,page:228;sequence:5937,5937,7-9,7-9,,冲洗,,冲洗,,chōngxǐ,动,pymupdf-native-table,
hsk_exam2025,page:228;sequence:5938,5938,7-9,7-9,,充裕,,充裕,,chōngyù,形,pymupdf-native-table,
hsk_exam2025,page:228;sequence:5939,5939,7-9,7-9,,冲撞,,冲撞,,chōngzhuàng,动,pymupdf-native-table,
hsk_exam2025,page:228;sequence:5940,5940,7-9,7-9,,重重,,重重,,chóngchóng,形,pymupdf-native-table,
hsk_exam2025,page:228;sequence:5941,5941,7-9,7-9,,重叠,,重叠,,chóngdié,动、名,pymupdf-native-table,
hsk_exam2025,page:228;sequence:5942,5942,7-9,7-9,,重返,,重返,,chóngfǎn,动,pymupdf-native-table,
hsk_exam2025,page:228;sequence:5943,5943,7-9,7-9,,崇高,,崇高,,chónggāo,形,pymupdf-native-table,
hsk_exam2025,page:228;sequence:5944,5944,7-9,7-9,,重合,,重合,,chónghé,动,pymupdf-native-table,
hsk_exam2025,page:228;sequence:5945,5945,7-9,7-9,,崇敬,,崇敬,,chóngjìng,动,pymupdf-native-table,
hsk_exam2025,page:228;sequence:5946,5946,7-9,7-9,,崇尚,,崇尚,,chóngshàng,动,pymupdf-native-table,
hsk_exam2025,page:228;sequence:5947,5947,7-9,7-9,,重申,,重申,,chóngshēn,动,pymupdf-native-table,
hsk_exam2025,page:228;sequence:5948,5948,7-9,7-9,,重现,,重现,,chóngxiàn,动,pymupdf-native-table,
hsk_exam2025,page:228;sequence:5949,5949,7-9,7-9,,重组,,重组,,chóngzǔ,动,pymupdf-native-table,
hsk_exam2025,page:228;sequence:5950,5950,7-9,7-9,,宠,,宠,,chǒng,动,pymupdf-native-table,
hsk_exam2025,page:228;sequence:5951,5951,7-9,7-9,,宠爱,,宠爱,,chǒng’ài,动,pymupdf-native-table,
hsk_exam2025,page:228;sequence:5952,5952,7-9,7-9,,抽查,,抽查,,chōuchá,动,pymupdf-native-table,
hsk_exam2025,page:228;sequence:5953,5953,7-9,7-9,,抽签,,抽签,,chōuqiān,动,pymupdf-native-table,
hsk_exam2025,page:228;sequence:5954,5954,7-9,7-9,,抽屉,,抽屉,,chōuti,名,pymupdf-native-table,
hsk_exam2025,page:228;sequence:5955,5955,7-9,7-9,,抽样,,抽样,,chōuyàng,动,pymupdf-native-table,
hsk_exam2025,page:228;sequence:5956,5956,7-9,7-9,,仇,,仇,,chóu,名,pymupdf-native-table,
hsk_exam2025,page:228;sequence:5957,5957,7-9,7-9,,稠,,稠,,chóu,形,pymupdf-native-table,
hsk_exam2025,page:228;sequence:5958,5958,7-9,7-9,,筹,,筹,,chóu,动,pymupdf-native-table,
hsk_exam2025,page:228;sequence:5959,5959,7-9,7-9,,筹办,,筹办,,chóubàn,动,pymupdf-native-table,
hsk_exam2025,page:228;sequence:5960,5960,7-9,7-9,,筹措,,筹措,,chóucuò,动,pymupdf-native-table,
hsk_exam2025,page:229;sequence:5961,5961,7-9,7-9,,仇恨,,仇恨,,chóuhèn,动、名,pymupdf-native-table,
hsk_exam2025,page:229;sequence:5962,5962,7-9,7-9,,筹划,,筹划,,chóuhuà,动,pymupdf-native-table,
hsk_exam2025,page:229;sequence:5963,5963,7-9,7-9,,筹集,,筹集,,chóují,动,pymupdf-native-table,
hsk_exam2025,page:229;sequence:5964,5964,7-9,7-9,,筹码,,筹码,,chóumǎ,名,pymupdf-native-table,
hsk_exam2025,page:229;sequence:5965,5965,7-9,7-9,,愁眉苦脸,,愁眉苦脸,,chóuméi-kǔliǎn,,pymupdf-native-table,
hsk_exam2025,page:229;sequence:5966,5966,7-9,7-9,,稠密,,稠密,,chóumì,形,pymupdf-native-table,
hsk_exam2025,page:229;sequence:5967,5967,7-9,7-9,,仇人,,仇人,,chóurén,名,pymupdf-native-table,
hsk_exam2025,page:229;sequence:5968,5968,7-9,7-9,,瞅,,瞅,,chǒu,动,pymupdf-native-table,
hsk_exam2025,page:229;sequence:5969,5969,7-9,7-9,,丑恶,,丑恶,,chǒu’è,形,pymupdf-native-table,
hsk_exam2025,page:229;sequence:5970,5970,7-9,7-9,,丑陋,,丑陋,,chǒulòu,形,pymupdf-native-table,
hsk_exam2025,page:229;sequence:5971,5971,7-9,7-9,,丑闻,,丑闻,,chǒuwén,名,pymupdf-native-table,
hsk_exam2025,page:229;sequence:5972,5972,7-9,7-9,,出厂,,出厂,,chūchǎng,动,pymupdf-native-table,
hsk_exam2025,page:229;sequence:5973,5973,7-9,7-9,,出丑,,出丑,,chūchǒu,动,pymupdf-native-table,
hsk_exam2025,page:229;sequence:5974,5974,7-9,7-9,,出动,,出动,,chūdòng,动,pymupdf-native-table,
hsk_exam2025,page:229;sequence:5975,5975,7-9,7-9,,出发点,,出发点,,chūfādiǎn,名,pymupdf-native-table,
hsk_exam2025,page:229;sequence:5976,5976,7-9,7-9,,出访,,出访,,chūfǎng,动,pymupdf-native-table,
hsk_exam2025,page:229;sequence:5977,5977,7-9,7-9,,出局,,出局,,chūjú,动,pymupdf-native-table,
hsk_exam2025,page:229;sequence:5978,5978,7-9,7-9,,出具,,出具,,chūjù,动,pymupdf-native-table,
hsk_exam2025,page:229;sequence:5979,5979,7-9,7-9,,出口成章,,出口成章,,chūkǒu-chéngzhāng,,pymupdf-native-table,
hsk_exam2025,page:229;sequence:5980,5980,7-9,7-9,,出路,,出路,,chūlù,名,pymupdf-native-table,
hsk_exam2025,page:229;sequence:5981,5981,7-9,7-9,,出卖,,出卖,,chūmài,动,pymupdf-native-table,
hsk_exam2025,page:229;sequence:5982,5982,7-9,7-9,,出面,,出面,,chūmiàn,动,pymupdf-native-table,
hsk_exam2025,page:229;sequence:5983,5983,7-9,7-9,,出任,,出任,,chūrèn,动,pymupdf-native-table,
hsk_exam2025,page:229;sequence:5984,5984,7-9,7-9,,出人意料,,出人意料,,chūrényìliào,,pymupdf-native-table,
hsk_exam2025,page:229;sequence:5985,5985,7-9,7-9,,出神,,出神,,chūshén,动,pymupdf-native-table,
hsk_exam2025,page:229;sequence:5986,5986,7-9,7-9,,出身,,出身,,chūshēn,动、名,pymupdf-native-table,
hsk_exam2025,page:229;sequence:5987,5987,7-9,7-9,,出手,,出手,,chūshǒu,动、名,pymupdf-native-table,
hsk_exam2025,page:229;sequence:5988,5988,7-9,7-9,,出台,,出台,,chūtái,动,pymupdf-native-table,
hsk_exam2025,page:229;sequence:5989,5989,7-9,7-9,,出头,,出头,,chūtóu,动,pymupdf-native-table,
hsk_exam2025,page:229;sequence:5990,5990,7-9,7-9,,出土,,出土,,chūtǔ,动,pymupdf-native-table,
hsk_exam2025,page:229;sequence:5991,5991,7-9,7-9,,出息,,出息,,chūxi,名,pymupdf-native-table,
hsk_exam2025,page:229;sequence:5992,5992,7-9,7-9,,出征,,出征,,chūzhēng,动,pymupdf-native-table,
hsk_exam2025,page:229;sequence:5993,5993,7-9,7-9,,出众,,出众,,chūzhòng,形,pymupdf-native-table,
hsk_exam2025,page:229;sequence:5994,5994,7-9,7-9,,初衷,,初衷,,chūzhōng,名,pymupdf-native-table,
hsk_exam2025,page:229;sequence:5995,5995,7-9,7-9,,出资,,出资,,chūzī,动,pymupdf-native-table,
hsk_exam2025,page:229;sequence:5996,5996,7-9,7-9,,出走,,出走,,chūzǒu,动,pymupdf-native-table,
hsk_exam2025,page:229;sequence:5997,5997,7-9,7-9,,锄,,锄,,chú,名、动,pymupdf-native-table,
hsk_exam2025,page:229;sequence:5998,5998,7-9,7-9,,橱窗,,橱窗,,chúchuāng,名,pymupdf-native-table,
hsk_exam2025,page:229;sequence:5999,5999,7-9,7-9,,除去,,除去,,chúqù,动、介,pymupdf-native-table,
hsk_exam2025,page:229;sequence:6000,6000,7-9,7-9,,除外,,除外,,chúwài,动,pymupdf-native-table,
hsk_exam2025,page:230;sequence:6001,6001,7-9,7-9,,储备,,储备,,chǔbèi,动、名,pymupdf-native-table,
hsk_exam2025,page:230;sequence:6002,6002,7-9,7-9,,处方,,处方,,chǔfāng,动、名,pymupdf-native-table,
hsk_exam2025,page:230;sequence:6003,6003,7-9,7-9,,处分,,处分,,chǔfèn,动、名,pymupdf-native-table,
hsk_exam2025,page:230;sequence:6004,6004,7-9,7-9,,处境,,处境,,chǔjìng,名,pymupdf-native-table,
hsk_exam2025,page:230;sequence:6005,6005,7-9,7-9,,储量,,储量,,chǔliàng,名,pymupdf-native-table,
hsk_exam2025,page:230;sequence:6006,6006,7-9,7-9,,处事,,处事,,chǔshì,动,pymupdf-native-table,
hsk_exam2025,page:230;sequence:6007,6007,7-9,7-9,,处置,,处置,,chǔzhì,动,pymupdf-native-table,
hsk_exam2025,page:230;sequence:6008,6008,7-9,7-9,,触动,,触动,,chùdòng,动,pymupdf-native-table,
hsk_exam2025,page:230;sequence:6009,6009,7-9,7-9,,触犯,,触犯,,chùfàn,动,pymupdf-native-table,
hsk_exam2025,page:230;sequence:6010,6010,7-9,7-9,,触觉,,触觉,,chùjué,名,pymupdf-native-table,
hsk_exam2025,page:230;sequence:6011,6011,7-9,7-9,,矗立,,矗立,,chùlì,动,pymupdf-native-table,
hsk_exam2025,page:230;sequence:6012,6012,7-9,7-9,,触摸,,触摸,,chùmō,动,pymupdf-native-table,
hsk_exam2025,page:230;sequence:6013,6013,7-9,7-9,,触目惊心,,触目惊心,,chùmù-jīngxīn,,pymupdf-native-table,
hsk_exam2025,page:230;sequence:6014,6014,7-9,7-9,,揣,,揣,,chuāi,动,pymupdf-native-table,
hsk_exam2025,page:230;sequence:6015,6015,7-9,7-9,,揣测,,揣测,,chuǎicè,动,pymupdf-native-table,
hsk_exam2025,page:230;sequence:6016,6016,7-9,7-9,,揣摩,,揣摩,,chuǎimó,动,pymupdf-native-table,
hsk_exam2025,page:230;sequence:6017,6017,7-9,7-9,,踹,,踹,,chuài,动,pymupdf-native-table,
hsk_exam2025,page:230;sequence:6018,6018,7-9,7-9,,川流不息,,川流不息,,chuānliú-bùxī,,pymupdf-native-table,
hsk_exam2025,page:230;sequence:6019,6019,7-9,7-9,,穿梭,,穿梭,,chuānsuō,动,pymupdf-native-table,
hsk_exam2025,page:230;sequence:6020,6020,7-9,7-9,,穿越,,穿越,,chuānyuè,动,pymupdf-native-table,
hsk_exam2025,page:230;sequence:6021,6021,7-9,7-9,,穿着,,穿着,,chuānzhuó,名,pymupdf-native-table,
hsk_exam2025,page:230;sequence:6022,6022,7-9,7-9,,船舶,,船舶,,chuánbó,名,pymupdf-native-table,
hsk_exam2025,page:230;sequence:6023,6023,7-9,7-9,,传单,,传单,,chuándān,名,pymupdf-native-table,
hsk_exam2025,page:230;sequence:6024,6024,7-9,7-9,,传媒,,传媒,,chuánméi,名,pymupdf-native-table,
hsk_exam2025,page:230;sequence:6025,6025,7-9,7-9,,传奇,,传奇,,chuánqí,名,pymupdf-native-table,
hsk_exam2025,page:230;sequence:6026,6026,7-9,7-9,,传人,,传人,,chuánrén,动、名,pymupdf-native-table,
hsk_exam2025,page:230;sequence:6027,6027,7-9,7-9,,传闻,,传闻,,chuánwén,动、名,pymupdf-native-table,
hsk_exam2025,page:230;sequence:6028,6028,7-9,7-9,,传言,,传言,,chuányán,名、动,pymupdf-native-table,
hsk_exam2025,page:230;sequence:6029,6029,7-9,7-9,,喘,,喘,,chuǎn,动,pymupdf-native-table,
hsk_exam2025,page:230;sequence:6030,6030,7-9,7-9,,喘息,,喘息,,chuǎnxī,动,pymupdf-native-table,
hsk_exam2025,page:230;sequence:6031,6031,7-9,7-9,,串门,,串门,,chuànmén,动,pymupdf-native-table,
hsk_exam2025,page:230;sequence:6032,6032,7-9,7-9,,窗帘,,窗帘,,chuānglián,名,pymupdf-native-table,
hsk_exam2025,page:230;sequence:6033,6033,7-9,7-9,,创伤,,创伤,,chuāngshāng,名,pymupdf-native-table,
hsk_exam2025,page:230;sequence:6034,6034,7-9,7-9,,床位,,床位,,chuángwèi,名,pymupdf-native-table,
hsk_exam2025,page:230;sequence:6035,6035,7-9,7-9,,创,,创,,chuàng,动,pymupdf-native-table,
hsk_exam2025,page:230;sequence:6036,6036,7-9,7-9,,创始人,,创始人,,chuàngshǐrén,名,pymupdf-native-table,
hsk_exam2025,page:230;sequence:6037,6037,7-9,7-9,,吹牛,,吹牛,,chuīniú,动,pymupdf-native-table,
hsk_exam2025,page:230;sequence:6038,6038,7-9,7-9,,吹捧,,吹捧,,chuīpěng,动,pymupdf-native-table,
hsk_exam2025,page:230;sequence:6039,6039,7-9,7-9,,炊烟,,炊烟,,chuīyān,名,pymupdf-native-table,
hsk_exam2025,page:230;sequence:6040,6040,7-9,7-9,,垂,,垂,,chuí,动,pymupdf-native-table,
hsk_exam2025,page:231;sequence:6041,6041,7-9,7-9,,捶,,捶,,chuí,动,pymupdf-native-table,
hsk_exam2025,page:231;sequence:6042,6042,7-9,7-9,,锤,,锤,,chuí,名、动,pymupdf-native-table,
hsk_exam2025,page:231;sequence:6043,6043,7-9,7-9,,垂头丧气,,垂头丧气,,chuítóu-sàngqì,,pymupdf-native-table,
hsk_exam2025,page:231;sequence:6044,6044,7-9,7-9,,纯粹,,纯粹,,chúncuì,形、副,pymupdf-native-table,
hsk_exam2025,page:231;sequence:6045,6045,7-9,7-9,,醇厚,,醇厚,,chúnhòu,形,pymupdf-native-table,
hsk_exam2025,page:231;sequence:6046,6046,7-9,7-9,,纯洁,,纯洁,,chúnjié,形、动,pymupdf-native-table,
hsk_exam2025,page:231;sequence:6047,6047,7-9,7-9,,纯朴,,纯朴,,chúnpǔ,形,pymupdf-native-table,
hsk_exam2025,page:231;sequence:6048,6048,7-9,7-9,,淳朴,,淳朴,,chúnpǔ,形,pymupdf-native-table,
hsk_exam2025,page:231;sequence:6049,6049,7-9,7-9,,蠢,,蠢,,chǔn,形,pymupdf-native-table,
hsk_exam2025,page:231;sequence:6050,6050,7-9,7-9,,戳,,戳,,chuō,动、名,pymupdf-native-table,
hsk_exam2025,page:231;sequence:6051,6051,7-9,7-9,,绰号,,绰号,,chuòhào,名,pymupdf-native-table,
hsk_exam2025,page:231;sequence:6052,6052,7-9,7-9,,辞,,辞,,cí,动,pymupdf-native-table,
hsk_exam2025,page:231;sequence:6053,6053,7-9,7-9,,辞呈,,辞呈,,cíchéng,名,pymupdf-native-table,
hsk_exam2025,page:231;sequence:6054,6054,7-9,7-9,,磁带,,磁带,,cídài,名,pymupdf-native-table,
hsk_exam2025,page:231;sequence:6055,6055,7-9,7-9,,辞典,,辞典,,cídiǎn,名,pymupdf-native-table,
hsk_exam2025,page:231;sequence:6056,6056,7-9,7-9,,慈善,,慈善,,císhàn,形,pymupdf-native-table,
hsk_exam2025,page:231;sequence:6057,6057,7-9,7-9,,磁铁,,磁铁,,cítiě,名,pymupdf-native-table,
hsk_exam2025,page:231;sequence:6058,6058,7-9,7-9,,辞退,,辞退,,cítuì,动,pymupdf-native-table,
hsk_exam2025,page:231;sequence:6059,6059,7-9,7-9,,慈祥,,慈祥,,cíxiáng,形,pymupdf-native-table,
hsk_exam2025,page:231;sequence:6060,6060,7-9,7-9,,雌性,,雌性,,cíxìng,名,pymupdf-native-table,
hsk_exam2025,page:231;sequence:6061,6061,7-9,7-9,,此起彼伏,,此起彼伏,,cǐqǐ-bǐfú,,pymupdf-native-table,
hsk_exam2025,page:231;sequence:6062,6062,7-9,7-9,,此致,,此致,,cǐzhì,动,pymupdf-native-table,
hsk_exam2025,page:231;sequence:6063,6063,7-9,7-9,,赐,,赐,,cì,动,pymupdf-native-table,
hsk_exam2025,page:231;sequence:6064,6064,7-9,7-9,,刺耳,,刺耳,,cì’ěr,形,pymupdf-native-table,
hsk_exam2025,page:231;sequence:6065,6065,7-9,7-9,,刺骨,,刺骨,,cìgǔ,动,pymupdf-native-table,
hsk_exam2025,page:231;sequence:6066,6066,7-9,7-9,,伺候,,伺候,,cìhou,动,pymupdf-native-table,
hsk_exam2025,page:231;sequence:6067,6067,7-9,7-9,,赐教,,赐教,,cìjiào,动,pymupdf-native-table,
hsk_exam2025,page:231;sequence:6068,6068,7-9,7-9,,次品,,次品,,cìpǐn,名,pymupdf-native-table,
hsk_exam2025,page:231;sequence:6069,6069,7-9,7-9,,次日,,次日,,cìrì,名,pymupdf-native-table,
hsk_exam2025,page:231;sequence:6070,6070,7-9,7-9,,刺绣,,刺绣,,cìxiù,动、名,pymupdf-native-table,
hsk_exam2025,page:231;sequence:6071,6071,7-9,7-9,,次序,,次序,,cìxù,名,pymupdf-native-table,
hsk_exam2025,page:231;sequence:6072,6072,7-9,7-9,,刺眼,,刺眼,,cìyǎn,形,pymupdf-native-table,
hsk_exam2025,page:231;sequence:6073,6073,7-9,7-9,,次要,,次要,,cìyào,形,pymupdf-native-table,
hsk_exam2025,page:231;sequence:6074,6074,7-9,7-9,,葱,,葱,,cōng,名,pymupdf-native-table,
hsk_exam2025,page:231;sequence:6075,6075,7-9,7-9,,丛,,丛,,cóng,量,pymupdf-native-table,
hsk_exam2025,page:231;sequence:6076,6076,7-9,7-9,,丛林,,丛林,,cónglín,名,pymupdf-native-table,
hsk_exam2025,page:231;sequence:6077,6077,7-9,7-9,,从容,,从容,,cóngróng,形,pymupdf-native-table,
hsk_exam2025,page:231;sequence:6078,6078,7-9,7-9,,从容不迫,,从容不迫,,cóngróng-búpò,,pymupdf-native-table,
hsk_exam2025,page:231;sequence:6079,6079,7-9,7-9,,从头,,从头,,cóngtóu,副,pymupdf-native-table,
hsk_exam2025,page:231;sequence:6080,6080,7-9,7-9,,凑,,凑,,còu,动,pymupdf-native-table,
hsk_exam2025,page:232;sequence:6081,6081,7-9,7-9,,凑合,,凑合,,còuhe,动,pymupdf-native-table,
hsk_exam2025,page:232;sequence:6082,6082,7-9,7-9,,凑巧,,凑巧,,còuqiǎo,形,pymupdf-native-table,
hsk_exam2025,page:232;sequence:6083,6083,7-9,7-9,,粗暴,,粗暴,,cūbào,形,pymupdf-native-table,
hsk_exam2025,page:232;sequence:6084,6084,7-9,7-9,,粗糙,,粗糙,,cūcāo,形,pymupdf-native-table,
hsk_exam2025,page:232;sequence:6085,6085,7-9,7-9,,粗鲁,,粗鲁,,cūlǔ,形,pymupdf-native-table,
hsk_exam2025,page:232;sequence:6086,6086,7-9,7-9,,粗略,,粗略,,cūlüè,形,pymupdf-native-table,
hsk_exam2025,page:232;sequence:6087,6087,7-9,7-9,,粗心大意,,粗心大意,,cūxīn-dàyì,,pymupdf-native-table,
hsk_exam2025,page:232;sequence:6088,6088,7-9,7-9,,促成,,促成,,cùchéng,动,pymupdf-native-table,
hsk_exam2025,page:232;sequence:6089,6089,7-9,7-9,,簇拥,,簇拥,,cùyōng,动,pymupdf-native-table,
hsk_exam2025,page:232;sequence:6090,6090,7-9,7-9,,窜,,窜,,cuàn,动,pymupdf-native-table,
hsk_exam2025,page:232;sequence:6091,6091,7-9,7-9,,摧残,,摧残,,cuīcán,动,pymupdf-native-table,
hsk_exam2025,page:232;sequence:6092,6092,7-9,7-9,,催促,,催促,,cuīcù,动,pymupdf-native-table,
hsk_exam2025,page:232;sequence:6093,6093,7-9,7-9,,摧毁,,摧毁,,cuīhuǐ,动,pymupdf-native-table,
hsk_exam2025,page:232;sequence:6094,6094,7-9,7-9,,催眠,,催眠,,cuīmián,动,pymupdf-native-table,
hsk_exam2025,page:232;sequence:6095,6095,7-9,7-9,,璀璨,,璀璨,,cuǐcàn,形,pymupdf-native-table,
hsk_exam2025,page:232;sequence:6096,6096,7-9,7-9,,翠绿,,翠绿,,cuìlǜ,形,pymupdf-native-table,
hsk_exam2025,page:232;sequence:6097,6097,7-9,7-9,,存活,,存活,,cúnhuó,动,pymupdf-native-table,
hsk_exam2025,page:232;sequence:6098,6098,7-9,7-9,,存货,,存货,,cúnhuò,动、名,pymupdf-native-table,
hsk_exam2025,page:232;sequence:6099,6099,7-9,7-9,,存心,,存心,,cúnxīn,动、副,pymupdf-native-table,
hsk_exam2025,page:232;sequence:6100,6100,7-9,7-9,,存折,,存折,,cúnzhé,名,pymupdf-native-table,
hsk_exam2025,page:232;sequence:6101,6101,7-9,7-9,,搓,,搓,,cuō,动,pymupdf-native-table,
hsk_exam2025,page:232;sequence:6102,6102,7-9,7-9,,磋商,,磋商,,cuōshāng,动,pymupdf-native-table,
hsk_exam2025,page:232;sequence:6103,6103,7-9,7-9,,挫败,,挫败,,cuòbài,动,pymupdf-native-table,
hsk_exam2025,page:232;sequence:6104,6104,7-9,7-9,,错别字,,错别字,,cuòbiézì,名,pymupdf-native-table,
hsk_exam2025,page:232;sequence:6105,6105,7-9,7-9,,错觉,,错觉,,cuòjué,名,pymupdf-native-table,
hsk_exam2025,page:232;sequence:6106,6106,7-9,7-9,,措手不及,,措手不及,,cuòshǒu-bùjí,,pymupdf-native-table,
hsk_exam2025,page:232;sequence:6107,6107,7-9,7-9,,错位,,错位,,cuòwèi,动,pymupdf-native-table,
hsk_exam2025,page:232;sequence:6108,6108,7-9,7-9,,错综复杂,,错综复杂,,cuòzōng-fùzá,,pymupdf-native-table,
hsk_exam2025,page:232;sequence:6109,6109,7-9,7-9,,搭乘,,搭乘,,dāchéng,动,pymupdf-native-table,
hsk_exam2025,page:232;sequence:6110,6110,7-9,7-9,,搭档,,搭档,,dādàng,动、名,pymupdf-native-table,
hsk_exam2025,page:232;sequence:6111,6111,7-9,7-9,,搭建,,搭建,,dājiàn,动,pymupdf-native-table,
hsk_exam2025,page:232;sequence:6112,6112,7-9,7-9,,答辩,,答辩,,dábiàn,动,pymupdf-native-table,
hsk_exam2025,page:232;sequence:6113,6113,7-9,7-9,,达标,,达标,,dábiāo,动,pymupdf-native-table,
hsk_exam2025,page:232;sequence:6114,6114,7-9,7-9,,打,,打2,2,dǎ,介,pymupdf-native-table,
hsk_exam2025,page:232;sequence:6115,6115,7-9,7-9,,打喷嚏,,打喷嚏,,dǎ pēntì,,pymupdf-native-table,
hsk_exam2025,page:232;sequence:6116,6116,7-9,7-9,,打下手,,打下手,,dǎ xiàshǒu,,pymupdf-native-table,
hsk_exam2025,page:232;sequence:6117,6117,7-9,7-9,,打岔,,打岔,,dǎchà,动,pymupdf-native-table,
hsk_exam2025,page:232;sequence:6118,6118,7-9,7-9,,打倒,,打倒,,dǎdǎo,动,pymupdf-native-table,
hsk_exam2025,page:232;sequence:6119,6119,7-9,7-9,,打赌,,打赌,,dǎdǔ,动,pymupdf-native-table,
hsk_exam2025,page:232;sequence:6120,6120,7-9,7-9,,打盹儿,,打盹儿,,dǎdǔnr,动,pymupdf-native-table,
hsk_exam2025,page:233;sequence:6121,6121,7-9,7-9,,打发,,打发,,dǎfa,动,pymupdf-native-table,
hsk_exam2025,page:233;sequence:6122,6122,7-9,7-9,,打搅,,打搅,,dǎjiǎo,动,pymupdf-native-table,
hsk_exam2025,page:233;sequence:6123,6123,7-9,7-9,,打捞,,打捞,,dǎlāo,动,pymupdf-native-table,
hsk_exam2025,page:233;sequence:6124,6124,7-9,7-9,,打量,,打量,,dǎliang,动,pymupdf-native-table,
hsk_exam2025,page:233;sequence:6125,6125,7-9,7-9,,打猎,,打猎,,dǎliè,动,pymupdf-native-table,
hsk_exam2025,page:233;sequence:6126,6126,7-9,7-9,,打磨,,打磨,,dǎmó,动,pymupdf-native-table,
hsk_exam2025,page:233;sequence:6127,6127,7-9,7-9,,打消,,打消,,dǎxiāo,动,pymupdf-native-table,
hsk_exam2025,page:233;sequence:6128,6128,7-9,7-9,,大不了,,大不了,,dàbuliǎo,形、副,pymupdf-native-table,
hsk_exam2025,page:233;sequence:6129,6129,7-9,7-9,,大大咧咧,,大大咧咧,,dàdaliēliē,形,pymupdf-native-table,
hsk_exam2025,page:233;sequence:6130,6130,7-9,7-9,,大纲,,大纲,,dàgāng,名,pymupdf-native-table,
hsk_exam2025,page:233;sequence:6131,6131,7-9,7-9,,大公无私,,大公无私,,dàgōng-wúsī,,pymupdf-native-table,
hsk_exam2025,page:233;sequence:6132,6132,7-9,7-9,,大街小巷,,大街小巷,,dàjiē-xiǎoxiàng,,pymupdf-native-table,
hsk_exam2025,page:233;sequence:6133,6133,7-9,7-9,,大惊小怪,,大惊小怪,,dàjīng-xiǎoguài,,pymupdf-native-table,
hsk_exam2025,page:233;sequence:6134,6134,7-9,7-9,,大局,,大局,,dàjú,名,pymupdf-native-table,
hsk_exam2025,page:233;sequence:6135,6135,7-9,7-9,,大陆,,大陆,,dàlù,名,pymupdf-native-table,
hsk_exam2025,page:233;sequence:6136,6136,7-9,7-9,,大名鼎鼎,,大名鼎鼎,,dàmíng-dǐngdǐng,,pymupdf-native-table,
hsk_exam2025,page:233;sequence:6137,6137,7-9,7-9,,大片,,大片,,dàpiàn,名,pymupdf-native-table,
hsk_exam2025,page:233;sequence:6138,6138,7-9,7-9,,大气,,大气,,dàqì,名、形,pymupdf-native-table,
hsk_exam2025,page:233;sequence:6139,6139,7-9,7-9,,大数据,,大数据,,dàshùjù,名,pymupdf-native-table,
hsk_exam2025,page:233;sequence:6140,6140,7-9,7-9,,大肆,,大肆,,dàsì,副,pymupdf-native-table,
hsk_exam2025,page:233;sequence:6141,6141,7-9,7-9,,大体,,大体,,dàtǐ,名、副,pymupdf-native-table,
hsk_exam2025,page:233;sequence:6142,6142,7-9,7-9,,大同小异,,大同小异,,dàtóng-xiǎoyì,,pymupdf-native-table,
hsk_exam2025,page:233;sequence:6143,6143,7-9,7-9,,大为,,大为,,dàwéi,副,pymupdf-native-table,
hsk_exam2025,page:233;sequence:6144,6144,7-9,7-9,,大雁,,大雁,,dàyàn,名,pymupdf-native-table,
hsk_exam2025,page:233;sequence:6145,6145,7-9,7-9,,大意,,大意,,dàyi,形,pymupdf-native-table,
hsk_exam2025,page:233;sequence:6146,6146,7-9,7-9,,大意,,大意,,dàyì,名,pymupdf-native-table,
hsk_exam2025,page:233;sequence:6147,6147,7-9,7-9,,大有可为,,大有可为,,dàyǒu-kěwéi,,pymupdf-native-table,
hsk_exam2025,page:233;sequence:6148,6148,7-9,7-9,,大宗,,大宗,,dàzōng,形、名,pymupdf-native-table,
hsk_exam2025,page:233;sequence:6149,6149,7-9,7-9,,逮,,逮,,dǎi,动,pymupdf-native-table,
hsk_exam2025,page:233;sequence:6150,6150,7-9,7-9,,歹徒,,歹徒,,dǎitú,名,pymupdf-native-table,
hsk_exam2025,page:233;sequence:6151,6151,7-9,7-9,,逮捕,,逮捕,,dàibǔ,动,pymupdf-native-table,
hsk_exam2025,page:233;sequence:6152,6152,7-9,7-9,,带队,,带队,,dàiduì,动,pymupdf-native-table,
hsk_exam2025,page:233;sequence:6153,6153,7-9,7-9,,怠工,,怠工,,dàigōng,动,pymupdf-native-table,
hsk_exam2025,page:233;sequence:6154,6154,7-9,7-9,,代号,,代号,,dàihào,名,pymupdf-native-table,
hsk_exam2025,page:233;sequence:6155,6155,7-9,7-9,,代理人,,代理人,,dàilǐrén,名,pymupdf-native-table,
hsk_exam2025,page:233;sequence:6156,6156,7-9,7-9,,带路,,带路,,dàilù,动,pymupdf-native-table,
hsk_exam2025,page:233;sequence:6157,6157,7-9,7-9,,怠慢,,怠慢,,dàimàn,动,pymupdf-native-table,
hsk_exam2025,page:233;sequence:6158,6158,7-9,7-9,,带头,,带头,,dàitóu,动,pymupdf-native-table,
hsk_exam2025,page:233;sequence:6159,6159,7-9,7-9,,代言,,代言,,dàiyán,动,pymupdf-native-table,
hsk_exam2025,page:233;sequence:6160,6160,7-9,7-9,,担,,担,,dān,动,pymupdf-native-table,
hsk_exam2025,page:234;sequence:6161,6161,7-9,7-9,,担保,,担保,,dānbǎo,动,pymupdf-native-table,
hsk_exam2025,page:234;sequence:6162,6162,7-9,7-9,,单边,,单边,,dānbiān,形,pymupdf-native-table,
hsk_exam2025,page:234;sequence:6163,6163,7-9,7-9,,单薄,,单薄,,dānbó,形,pymupdf-native-table,
hsk_exam2025,page:234;sequence:6164,6164,7-9,7-9,,担当,,担当,,dāndāng,动,pymupdf-native-table,
hsk_exam2025,page:234;sequence:6165,6165,7-9,7-9,,单方面,,单方面,,dānfāngmiàn,名,pymupdf-native-table,
hsk_exam2025,page:234;sequence:6166,6166,7-9,7-9,,担负,,担负,,dānfù,动,pymupdf-native-table,
hsk_exam2025,page:234;sequence:6167,6167,7-9,7-9,,耽搁,,耽搁,,dānge,动,pymupdf-native-table,
hsk_exam2025,page:234;sequence:6168,6168,7-9,7-9,,单价,,单价,,dānjià,名,pymupdf-native-table,
hsk_exam2025,page:234;sequence:6169,6169,7-9,7-9,,单身,,单身,,dānshēn,动、名、副,pymupdf-native-table,
hsk_exam2025,page:234;sequence:6170,6170,7-9,7-9,,胆量,,胆量,,dǎnliàng,名,pymupdf-native-table,
hsk_exam2025,page:234;sequence:6171,6171,7-9,7-9,,胆怯,,胆怯,,dǎnqiè,形,pymupdf-native-table,
hsk_exam2025,page:234;sequence:6172,6172,7-9,7-9,,胆小鬼,,胆小鬼,,dǎnxiǎoguǐ,名,pymupdf-native-table,
hsk_exam2025,page:234;sequence:6173,6173,7-9,7-9,,担,,担,,dàn,名、量,pymupdf-native-table,
hsk_exam2025,page:234;sequence:6174,6174,7-9,7-9,,诞辰,,诞辰,,dànchén,名,pymupdf-native-table,
hsk_exam2025,page:234;sequence:6175,6175,7-9,7-9,,淡化,,淡化,,dànhuà,动,pymupdf-native-table,
hsk_exam2025,page:234;sequence:6176,6176,7-9,7-9,,淡季,,淡季,,dànjì,名,pymupdf-native-table,
hsk_exam2025,page:234;sequence:6177,6177,7-9,7-9,,淡水,,淡水,,dànshuǐ,名,pymupdf-native-table,
hsk_exam2025,page:234;sequence:6178,6178,7-9,7-9,,但愿,,但愿,,dànyuàn,动,pymupdf-native-table,
hsk_exam2025,page:234;sequence:6179,6179,7-9,7-9,,担子,,担子,,dànzi,名,pymupdf-native-table,
hsk_exam2025,page:234;sequence:6180,6180,7-9,7-9,,当即,,当即,,dāngjí,副,pymupdf-native-table,
hsk_exam2025,page:234;sequence:6181,6181,7-9,7-9,,当机立断,,当机立断,,dāngjī-lìduàn,,pymupdf-native-table,
hsk_exam2025,page:234;sequence:6182,6182,7-9,7-9,,当日,,当日,,dāngrì,名,pymupdf-native-table,
hsk_exam2025,page:234;sequence:6183,6183,7-9,7-9,,当事人,,当事人,,dāngshìrén,名,pymupdf-native-table,
hsk_exam2025,page:234;sequence:6184,6184,7-9,7-9,,当务之急,,当务之急,,dāngwùzhījí,,pymupdf-native-table,
hsk_exam2025,page:234;sequence:6185,6185,7-9,7-9,,当心,,当心,,dāngxīn,动,pymupdf-native-table,
hsk_exam2025,page:234;sequence:6186,6186,7-9,7-9,,当之无愧,,当之无愧,,dāngzhīwúkuì,,pymupdf-native-table,
hsk_exam2025,page:234;sequence:6187,6187,7-9,7-9,,当众,,当众,,dāngzhòng,副,pymupdf-native-table,
hsk_exam2025,page:234;sequence:6188,6188,7-9,7-9,,党,,党,,dǎng,名,pymupdf-native-table,
hsk_exam2025,page:234;sequence:6189,6189,7-9,7-9,,档次,,档次,,dàngcì,名,pymupdf-native-table,
hsk_exam2025,page:234;sequence:6190,6190,7-9,7-9,,当晚,,当晚,,dàngwǎn,名,pymupdf-native-table,
hsk_exam2025,page:234;sequence:6191,6191,7-9,7-9,,荡漾,,荡漾,,dàngyàng,动,pymupdf-native-table,
hsk_exam2025,page:234;sequence:6192,6192,7-9,7-9,,当真,,当真,,dàngzhēn,动、副,pymupdf-native-table,
hsk_exam2025,page:234;sequence:6193,6193,7-9,7-9,,导弹,,导弹,,dǎodàn,名,pymupdf-native-table,
hsk_exam2025,page:234;sequence:6194,6194,7-9,7-9,,导航,,导航,,dǎoháng,动,pymupdf-native-table,
hsk_exam2025,page:234;sequence:6195,6195,7-9,7-9,,导火索,,导火索,,dǎohuǒsuǒ,名,pymupdf-native-table,
hsk_exam2025,page:234;sequence:6196,6196,7-9,7-9,,捣乱,,捣乱,,dǎoluàn,动,pymupdf-native-table,
hsk_exam2025,page:234;sequence:6197,6197,7-9,7-9,,倒霉,,倒霉,,dǎoméi,形,pymupdf-native-table,
hsk_exam2025,page:234;sequence:6198,6198,7-9,7-9,,倒塌,,倒塌,,dǎotā,动,pymupdf-native-table,
hsk_exam2025,page:234;sequence:6199,6199,7-9,7-9,,导向,,导向,,dǎoxiàng,动、名,pymupdf-native-table,
hsk_exam2025,page:234;sequence:6200,6200,7-9,7-9,,岛屿,,岛屿,,dǎoyǔ,名,pymupdf-native-table,
hsk_exam2025,page:235;sequence:6201,6201,7-9,7-9,,盗,,盗,,dào,动,pymupdf-native-table,
hsk_exam2025,page:235;sequence:6202,6202,7-9,7-9,,盗版,,盗版,,dàobǎn,动、名,pymupdf-native-table,
hsk_exam2025,page:235;sequence:6203,6203,7-9,7-9,,道别,,道别,,dàobié,动,pymupdf-native-table,
hsk_exam2025,page:235;sequence:6204,6204,7-9,7-9,,稻草,,稻草,,dàocǎo,名,pymupdf-native-table,
hsk_exam2025,page:235;sequence:6205,6205,7-9,7-9,,倒计时,,倒计时,,dàojìshí,动,pymupdf-native-table,
hsk_exam2025,page:235;sequence:6206,6206,7-9,7-9,,道具,,道具,,dàojù,名,pymupdf-native-table,
hsk_exam2025,page:235;sequence:6207,6207,7-9,7-9,,悼念,,悼念,,dàoniàn,动,pymupdf-native-table,
hsk_exam2025,page:235;sequence:6208,6208,7-9,7-9,,盗窃,,盗窃,,dàoqiè,动,pymupdf-native-table,
hsk_exam2025,page:235;sequence:6209,6209,7-9,7-9,,倒数,,倒数,,dàoshǔ,动,pymupdf-native-table,
hsk_exam2025,page:235;sequence:6210,6210,7-9,7-9,,到头来,,到头来,,dàotóulái,副,pymupdf-native-table,
hsk_exam2025,page:235;sequence:6211,6211,7-9,7-9,,倒退,,倒退,,dàotuì,动,pymupdf-native-table,
hsk_exam2025,page:235;sequence:6212,6212,7-9,7-9,,到位,,到位,,dàowèi,动、形,pymupdf-native-table,
hsk_exam2025,page:235;sequence:6213,6213,7-9,7-9,,得不偿失,,得不偿失,,débùchángshī,,pymupdf-native-table,
hsk_exam2025,page:235;sequence:6214,6214,7-9,7-9,,德才兼备,,德才兼备,,décái-jiānbèi,,pymupdf-native-table,
hsk_exam2025,page:235;sequence:6215,6215,7-9,7-9,,得当,,得当,,dédàng,形,pymupdf-native-table,
hsk_exam2025,page:235;sequence:6216,6216,7-9,7-9,,得力,,得力,,délì,形,pymupdf-native-table,
hsk_exam2025,page:235;sequence:6217,6217,7-9,7-9,,得失,,得失,,déshī,名,pymupdf-native-table,
hsk_exam2025,page:235;sequence:6218,6218,7-9,7-9,,得手,,得手,,déshǒu,形,pymupdf-native-table,
hsk_exam2025,page:235;sequence:6219,6219,7-9,7-9,,得体,,得体,,détǐ,形,pymupdf-native-table,
hsk_exam2025,page:235;sequence:6220,6220,7-9,7-9,,得天独厚,,得天独厚,,détiāndúhòu,,pymupdf-native-table,
hsk_exam2025,page:235;sequence:6221,6221,7-9,7-9,,得心应手,,得心应手,,déxīn-yìngshǒu,,pymupdf-native-table,
hsk_exam2025,page:235;sequence:6222,6222,7-9,7-9,,得益,,得益,,déyì,动,pymupdf-native-table,
hsk_exam2025,page:235;sequence:6223,6223,7-9,7-9,,得意扬扬,,得意扬扬,,déyì-yángyáng,,pymupdf-native-table,
hsk_exam2025,page:235;sequence:6224,6224,7-9,7-9,,得罪,,得罪,,dézuì,动,pymupdf-native-table,
hsk_exam2025,page:235;sequence:6225,6225,7-9,7-9,,蹬,,蹬,,dēng,动,pymupdf-native-table,
hsk_exam2025,page:235;sequence:6226,6226,7-9,7-9,,登场,,登场,,dēngchǎng,动,pymupdf-native-table,
hsk_exam2025,page:235;sequence:6227,6227,7-9,7-9,,登顶,,登顶,,dēngdǐng,动,pymupdf-native-table,
hsk_exam2025,page:235;sequence:6228,6228,7-9,7-9,,登陆,,登陆,,dēnglù,动,pymupdf-native-table,
hsk_exam2025,page:235;sequence:6229,6229,7-9,7-9,,灯泡,,灯泡,,dēngpào,名,pymupdf-native-table,
hsk_exam2025,page:235;sequence:6230,6230,7-9,7-9,,瞪,,瞪,,dèng,动,pymupdf-native-table,
hsk_exam2025,page:235;sequence:6231,6231,7-9,7-9,,凳子,,凳子,,dèngzi,名,pymupdf-native-table,
hsk_exam2025,page:235;sequence:6232,6232,7-9,7-9,,堤,,堤,,dī,名,pymupdf-native-table,
hsk_exam2025,page:235;sequence:6233,6233,7-9,7-9,,堤坝,,堤坝,,dībà,名,pymupdf-native-table,
hsk_exam2025,page:235;sequence:6234,6234,7-9,7-9,,低调,,低调,,dīdiào,名、形,pymupdf-native-table,
hsk_exam2025,page:235;sequence:6235,6235,7-9,7-9,,提防,,提防,,dīfang,动,pymupdf-native-table,
hsk_exam2025,page:235;sequence:6236,6236,7-9,7-9,,低谷,,低谷,,dīgǔ,名,pymupdf-native-table,
hsk_exam2025,page:235;sequence:6237,6237,7-9,7-9,,低估,,低估,,dīgū,动,pymupdf-native-table,
hsk_exam2025,page:235;sequence:6238,6238,7-9,7-9,,低落,,低落,,dīluò,形,pymupdf-native-table,
hsk_exam2025,page:235;sequence:6239,6239,7-9,7-9,,低迷,,低迷,,dīmí,形,pymupdf-native-table,
hsk_exam2025,page:235;sequence:6240,6240,7-9,7-9,,低下,,低下,,dīxià,形,pymupdf-native-table,
hsk_exam2025,page:236;sequence:6241,6241,7-9,7-9,,嘀咕,,嘀咕,,dígu,动,pymupdf-native-table,
hsk_exam2025,page:236;sequence:6242,6242,7-9,7-9,,敌视,,敌视,,díshì,动,pymupdf-native-table,
hsk_exam2025,page:236;sequence:6243,6243,7-9,7-9,,笛子,,笛子,,dízi,名,pymupdf-native-table,
hsk_exam2025,page:236;sequence:6244,6244,7-9,7-9,,抵,,抵,,dǐ,动,pymupdf-native-table,
hsk_exam2025,page:236;sequence:6245,6245,7-9,7-9,,底层,,底层,,dǐcéng,名,pymupdf-native-table,
hsk_exam2025,page:236;sequence:6246,6246,7-9,7-9,,抵触,,抵触,,dǐchù,动,pymupdf-native-table,
hsk_exam2025,page:236;sequence:6247,6247,7-9,7-9,,抵挡,,抵挡,,dǐdǎng,动,pymupdf-native-table,
hsk_exam2025,page:236;sequence:6248,6248,7-9,7-9,,底线,,底线,,dǐxiàn,名,pymupdf-native-table,
hsk_exam2025,page:236;sequence:6249,6249,7-9,7-9,,抵消,,抵消,,dǐxiāo,动,pymupdf-native-table,
hsk_exam2025,page:236;sequence:6250,6250,7-9,7-9,,抵押,,抵押,,dǐyā,动,pymupdf-native-table,
hsk_exam2025,page:236;sequence:6251,6251,7-9,7-9,,抵御,,抵御,,dǐyù,动,pymupdf-native-table,
hsk_exam2025,page:236;sequence:6252,6252,7-9,7-9,,底蕴,,底蕴,,dǐyùn,名,pymupdf-native-table,
hsk_exam2025,page:236;sequence:6253,6253,7-9,7-9,,抵制,,抵制,,dǐzhì,动,pymupdf-native-table,
hsk_exam2025,page:236;sequence:6254,6254,7-9,7-9,,底子,,底子,,dǐzi,名,pymupdf-native-table,
hsk_exam2025,page:236;sequence:6255,6255,7-9,7-9,,地板,,地板,,dìbǎn,名,pymupdf-native-table,
hsk_exam2025,page:236;sequence:6256,6256,7-9,7-9,,地步,,地步,,dìbù,名,pymupdf-native-table,
hsk_exam2025,page:236;sequence:6257,6257,7-9,7-9,,地带,,地带,,dìdài,名,pymupdf-native-table,
hsk_exam2025,page:236;sequence:6258,6258,7-9,7-9,,地道,,地道,,dìdào,名,pymupdf-native-table,
hsk_exam2025,page:236;sequence:6259,6259,7-9,7-9,,地段,,地段,,dìduàn,名,pymupdf-native-table,
hsk_exam2025,page:236;sequence:6260,6260,7-9,7-9,,帝国,,帝国,,dìguó,名,pymupdf-native-table,
hsk_exam2025,page:236;sequence:6261,6261,7-9,7-9,,递交,,递交,,dìjiāo,动,pymupdf-native-table,
hsk_exam2025,page:236;sequence:6262,6262,7-9,7-9,,地势,,地势,,dìshì,名,pymupdf-native-table,
hsk_exam2025,page:236;sequence:6263,6263,7-9,7-9,,地毯,,地毯,,dìtǎn,名,pymupdf-native-table,
hsk_exam2025,page:236;sequence:6264,6264,7-9,7-9,,地下水,,地下水,,dìxiàshuǐ,名,pymupdf-native-table,
hsk_exam2025,page:236;sequence:6265,6265,7-9,7-9,,第一手,,第一手,,dìyīshǒu,形,pymupdf-native-table,
hsk_exam2025,page:236;sequence:6266,6266,7-9,7-9,,地狱,,地狱,,dìyù,名,pymupdf-native-table,
hsk_exam2025,page:236;sequence:6267,6267,7-9,7-9,,递增,,递增,,dìzēng,动,pymupdf-native-table,
hsk_exam2025,page:236;sequence:6268,6268,7-9,7-9,,弟子,,弟子,,dìzǐ,名,pymupdf-native-table,
hsk_exam2025,page:236;sequence:6269,6269,7-9,7-9,,颠簸,,颠簸,,diānbǒ,动,pymupdf-native-table,
hsk_exam2025,page:236;sequence:6270,6270,7-9,7-9,,颠倒,,颠倒,,diāndǎo,动,pymupdf-native-table,
hsk_exam2025,page:236;sequence:6271,6271,7-9,7-9,,颠倒黑白,,颠倒黑白,,diāndǎo-hēibái,,pymupdf-native-table,
hsk_exam2025,page:236;sequence:6272,6272,7-9,7-9,,巅峰,,巅峰,,diānfēng,名,pymupdf-native-table,
hsk_exam2025,page:236;sequence:6273,6273,7-9,7-9,,颠覆,,颠覆,,diānfù,动,pymupdf-native-table,
hsk_exam2025,page:236;sequence:6274,6274,7-9,7-9,,典范,,典范,,diǎnfàn,名,pymupdf-native-table,
hsk_exam2025,page:236;sequence:6275,6275,7-9,7-9,,点火,,点火,,diǎnhuǒ,动,pymupdf-native-table,
hsk_exam2025,page:236;sequence:6276,6276,7-9,7-9,,点评,,点评,,diǎnpíng,动、名,pymupdf-native-table,
hsk_exam2025,page:236;sequence:6277,6277,7-9,7-9,,点缀,,点缀,,diǎnzhuì,动,pymupdf-native-table,
hsk_exam2025,page:236;sequence:6278,6278,7-9,7-9,,点子,,点子,,diǎnzi,名,pymupdf-native-table,
hsk_exam2025,page:236;sequence:6279,6279,7-9,7-9,,垫,,垫,,diàn,动、名,pymupdf-native-table,
hsk_exam2025,page:236;sequence:6280,6280,7-9,7-9,,垫底,,垫底,,diàndǐ,动,pymupdf-native-table,
hsk_exam2025,page:237;sequence:6281,6281,7-9,7-9,,奠定,,奠定,,diàndìng,动,pymupdf-native-table,
hsk_exam2025,page:237;sequence:6282,6282,7-9,7-9,,淀粉,,淀粉,,diànfěn,名,pymupdf-native-table,
hsk_exam2025,page:237;sequence:6283,6283,7-9,7-9,,惦记,,惦记,,diànjì,动,pymupdf-native-table,
hsk_exam2025,page:237;sequence:6284,6284,7-9,7-9,,电台,,电台,,diàntái,名,pymupdf-native-table,
hsk_exam2025,page:237;sequence:6285,6285,7-9,7-9,,殿堂,,殿堂,,diàntáng,名,pymupdf-native-table,
hsk_exam2025,page:237;sequence:6286,6286,7-9,7-9,,电网,,电网,,diànwǎng,名,pymupdf-native-table,
hsk_exam2025,page:237;sequence:6287,6287,7-9,7-9,,电线,,电线,,diànxiàn,名,pymupdf-native-table,
hsk_exam2025,page:237;sequence:6288,6288,7-9,7-9,,电信,,电信,,diànxìn,名,pymupdf-native-table,
hsk_exam2025,page:237;sequence:6289,6289,7-9,7-9,,电讯,,电讯,,diànxùn,名,pymupdf-native-table,
hsk_exam2025,page:237;sequence:6290,6290,7-9,7-9,,垫子,,垫子,,diànzi,名,pymupdf-native-table,
hsk_exam2025,page:237;sequence:6291,6291,7-9,7-9,,叼,,叼,,diāo,动,pymupdf-native-table,
hsk_exam2025,page:237;sequence:6292,6292,7-9,7-9,,雕,,雕,,diāo,动,pymupdf-native-table,
hsk_exam2025,page:237;sequence:6293,6293,7-9,7-9,,雕刻,,雕刻,,diāokè,动、名,pymupdf-native-table,
hsk_exam2025,page:237;sequence:6294,6294,7-9,7-9,,刁难,,刁难,,diāonàn,动,pymupdf-native-table,
hsk_exam2025,page:237;sequence:6295,6295,7-9,7-9,,雕塑,,雕塑,,diāosù,动、名,pymupdf-native-table,
hsk_exam2025,page:237;sequence:6296,6296,7-9,7-9,,雕像,,雕像,,diāoxiàng,名,pymupdf-native-table,
hsk_exam2025,page:237;sequence:6297,6297,7-9,7-9,,凋谢,,凋谢,,diāoxiè,动,pymupdf-native-table,
hsk_exam2025,page:237;sequence:6298,6298,7-9,7-9,,调,,调2,2,diào,名,pymupdf-native-table,
hsk_exam2025,page:237;sequence:6299,6299,7-9,7-9,,调度,,调度,,diàodù,动、名,pymupdf-native-table,
hsk_exam2025,page:237;sequence:6300,6300,7-9,7-9,,掉队,,掉队,,diàoduì,动,pymupdf-native-table,
hsk_exam2025,page:237;sequence:6301,6301,7-9,7-9,,掉头,,掉头,,diàotóu,动,pymupdf-native-table,
hsk_exam2025,page:237;sequence:6302,6302,7-9,7-9,,吊销,,吊销,,diàoxiāo,动,pymupdf-native-table,
hsk_exam2025,page:237;sequence:6303,6303,7-9,7-9,,爹,,爹,,diē,名,pymupdf-native-table,
hsk_exam2025,page:237;sequence:6304,6304,7-9,7-9,,跌幅,,跌幅,,diēfú,名,pymupdf-native-table,
hsk_exam2025,page:237;sequence:6305,6305,7-9,7-9,,叠,,叠,,dié,动,pymupdf-native-table,
hsk_exam2025,page:237;sequence:6306,6306,7-9,7-9,,碟,,碟,,dié,名,pymupdf-native-table,
hsk_exam2025,page:237;sequence:6307,6307,7-9,7-9,,迭起,,迭起,,diéqǐ,动,pymupdf-native-table,
hsk_exam2025,page:237;sequence:6308,6308,7-9,7-9,,丁,,丁,,dīng,名,pymupdf-native-table,
hsk_exam2025,page:237;sequence:6309,6309,7-9,7-9,,盯,,盯,,dīng,动,pymupdf-native-table,
hsk_exam2025,page:237;sequence:6310,6310,7-9,7-9,,叮嘱,,叮嘱,,dīngzhǔ,动,pymupdf-native-table,
hsk_exam2025,page:237;sequence:6311,6311,7-9,7-9,,钉子,,钉子,,dīngzi,名,pymupdf-native-table,
hsk_exam2025,page:237;sequence:6312,6312,7-9,7-9,,顶多,,顶多,,dǐngduō,副,pymupdf-native-table,
hsk_exam2025,page:237;sequence:6313,6313,7-9,7-9,,顶级,,顶级,,dǐngjí,形,pymupdf-native-table,
hsk_exam2025,page:237;sequence:6314,6314,7-9,7-9,,顶尖,,顶尖,,dǐngjiān,名、形,pymupdf-native-table,
hsk_exam2025,page:237;sequence:6315,6315,7-9,7-9,,钉,,钉,,dìng,动,pymupdf-native-table,
hsk_exam2025,page:237;sequence:6316,6316,7-9,7-9,,订购,,订购,,dìnggòu,动,pymupdf-native-table,
hsk_exam2025,page:237;sequence:6317,6317,7-9,7-9,,定金,,定金,,dìngjīn,名,pymupdf-native-table,
hsk_exam2025,page:237;sequence:6318,6318,7-9,7-9,,定居,,定居,,dìngjū,动,pymupdf-native-table,
hsk_exam2025,page:237;sequence:6319,6319,7-9,7-9,,订立,,订立,,dìnglì,动,pymupdf-native-table,
hsk_exam2025,page:237;sequence:6320,6320,7-9,7-9,,定律,,定律,,dìnglǜ,名,pymupdf-native-table,
hsk_exam2025,page:238;sequence:6321,6321,7-9,7-9,,定论,,定论,,dìnglùn,名,pymupdf-native-table,
hsk_exam2025,page:238;sequence:6322,6322,7-9,7-9,,定向,,定向,,dìngxiàng,动,pymupdf-native-table,
hsk_exam2025,page:238;sequence:6323,6323,7-9,7-9,,定心丸,,定心丸,,dìngxīnwán,名,pymupdf-native-table,
hsk_exam2025,page:238;sequence:6324,6324,7-9,7-9,,订阅,,订阅,,dìngyuè,动,pymupdf-native-table,
hsk_exam2025,page:238;sequence:6325,6325,7-9,7-9,,定做,,定做,,dìngzuò,动,pymupdf-native-table,
hsk_exam2025,page:238;sequence:6326,6326,7-9,7-9,,丢脸,,丢脸,,diūliǎn,动,pymupdf-native-table,
hsk_exam2025,page:238;sequence:6327,6327,7-9,7-9,,丢弃,,丢弃,,diūqì,动,pymupdf-native-table,
hsk_exam2025,page:238;sequence:6328,6328,7-9,7-9,,丢人,,丢人,,diūrén,动,pymupdf-native-table,
hsk_exam2025,page:238;sequence:6329,6329,7-9,7-9,,丢三落四,,丢三落四,,diūsān-làsì,,pymupdf-native-table,
hsk_exam2025,page:238;sequence:6330,6330,7-9,7-9,,东奔西走,,东奔西走,,dōngbēn-xīzǒu,,pymupdf-native-table,
hsk_exam2025,page:238;sequence:6331,6331,7-9,7-9,,东道主,,东道主,,dōngdàozhǔ,名,pymupdf-native-table,
hsk_exam2025,page:238;sequence:6332,6332,7-9,7-9,,东张西望,,东张西望,,dōngzhāng-xīwàng,,pymupdf-native-table,
hsk_exam2025,page:238;sequence:6333,6333,7-9,7-9,,董事,,董事,,dǒngshì,名,pymupdf-native-table,
hsk_exam2025,page:238;sequence:6334,6334,7-9,7-9,,懂事,,懂事,,dǒngshì,形,pymupdf-native-table,
hsk_exam2025,page:238;sequence:6335,6335,7-9,7-9,,董事会,,董事会,,dǒngshìhuì,名,pymupdf-native-table,
hsk_exam2025,page:238;sequence:6336,6336,7-9,7-9,,董事长,,董事长,,dǒngshìzhǎng,名,pymupdf-native-table,
hsk_exam2025,page:238;sequence:6337,6337,7-9,7-9,,动不动,,动不动,,dòngbudòng,副,pymupdf-native-table,
hsk_exam2025,page:238;sequence:6338,6338,7-9,7-9,,动荡,,动荡,,dòngdàng,动、形,pymupdf-native-table,
hsk_exam2025,page:238;sequence:6339,6339,7-9,7-9,,动感,,动感,,dònggǎn,名,pymupdf-native-table,
hsk_exam2025,page:238;sequence:6340,6340,7-9,7-9,,动工,,动工,,dònggōng,动,pymupdf-native-table,
hsk_exam2025,page:238;sequence:6341,6341,7-9,7-9,,冻结,,冻结,,dòngjié,动,pymupdf-native-table,
hsk_exam2025,page:238;sequence:6342,6342,7-9,7-9,,动静,,动静,,dòngjing,名,pymupdf-native-table,
hsk_exam2025,page:238;sequence:6343,6343,7-9,7-9,,栋梁,,栋梁,,dòngliáng,名,pymupdf-native-table,
hsk_exam2025,page:238;sequence:6344,6344,7-9,7-9,,动脉,,动脉,,dòngmài,名,pymupdf-native-table,
hsk_exam2025,page:238;sequence:6345,6345,7-9,7-9,,动身,,动身,,dòngshēn,动,pymupdf-native-table,
hsk_exam2025,page:238;sequence:6346,6346,7-9,7-9,,动弹,,动弹,,dòngtan,动,pymupdf-native-table,
hsk_exam2025,page:238;sequence:6347,6347,7-9,7-9,,动向,,动向,,dòngxiàng,名,pymupdf-native-table,
hsk_exam2025,page:238;sequence:6348,6348,7-9,7-9,,洞穴,,洞穴,,dòngxué,名,pymupdf-native-table,
hsk_exam2025,page:238;sequence:6349,6349,7-9,7-9,,动摇,,动摇,,dòngyáo,形、动,pymupdf-native-table,
hsk_exam2025,page:238;sequence:6350,6350,7-9,7-9,,动用,,动用,,dòngyòng,动,pymupdf-native-table,
hsk_exam2025,page:238;sequence:6351,6351,7-9,7-9,,动员,,动员,,dòngyuán,动,pymupdf-native-table,
hsk_exam2025,page:238;sequence:6352,6352,7-9,7-9,,兜,,兜,,dōu,名、动,pymupdf-native-table,
hsk_exam2025,page:238;sequence:6353,6353,7-9,7-9,,兜售,,兜售,,dōushòu,动,pymupdf-native-table,
hsk_exam2025,page:238;sequence:6354,6354,7-9,7-9,,抖,,抖,,dǒu,动,pymupdf-native-table,
hsk_exam2025,page:238;sequence:6355,6355,7-9,7-9,,陡,,陡,,dǒu,形,pymupdf-native-table,
hsk_exam2025,page:238;sequence:6356,6356,7-9,7-9,,陡峭,,陡峭,,dǒuqiào,形,pymupdf-native-table,
hsk_exam2025,page:238;sequence:6357,6357,7-9,7-9,,斗,,斗,,dòu,动,pymupdf-native-table,
hsk_exam2025,page:238;sequence:6358,6358,7-9,7-9,,逗留,,逗留,,dòuliú,动,pymupdf-native-table,
hsk_exam2025,page:238;sequence:6359,6359,7-9,7-9,,斗志,,斗志,,dòuzhì,名,pymupdf-native-table,
hsk_exam2025,page:238;sequence:6360,6360,7-9,7-9,,豆子,,豆子,,dòuzi,名,pymupdf-native-table,
hsk_exam2025,page:239;sequence:6361,6361,7-9,7-9,,督促,,督促,,dūcù,动,pymupdf-native-table,
hsk_exam2025,page:239;sequence:6362,6362,7-9,7-9,,都会,,都会,,dūhuì,名,pymupdf-native-table,
hsk_exam2025,page:239;sequence:6363,6363,7-9,7-9,,独,,独,,dú,副,pymupdf-native-table,
hsk_exam2025,page:239;sequence:6364,6364,7-9,7-9,,独家,,独家,,dújiā,名,pymupdf-native-table,
hsk_exam2025,page:239;sequence:6365,6365,7-9,7-9,,毒品,,毒品,,dúpǐn,名,pymupdf-native-table,
hsk_exam2025,page:239;sequence:6366,6366,7-9,7-9,,独身,,独身,,dúshēn,动,pymupdf-native-table,
hsk_exam2025,page:239;sequence:6367,6367,7-9,7-9,,读物,,读物,,dúwù,名,pymupdf-native-table,
hsk_exam2025,page:239;sequence:6368,6368,7-9,7-9,,独一无二,,独一无二,,dúyī-wú’èr,,pymupdf-native-table,
hsk_exam2025,page:239;sequence:6369,6369,7-9,7-9,,赌,,赌,,dǔ,动,pymupdf-native-table,
hsk_exam2025,page:239;sequence:6370,6370,7-9,7-9,,赌博,,赌博,,dǔbó,动,pymupdf-native-table,
hsk_exam2025,page:239;sequence:6371,6371,7-9,7-9,,堵塞,,堵塞,,dǔsè,动,pymupdf-native-table,
hsk_exam2025,page:239;sequence:6372,6372,7-9,7-9,,杜绝,,杜绝,,dùjué,动,pymupdf-native-table,
hsk_exam2025,page:239;sequence:6373,6373,7-9,7-9,,端正,,端正,,duānzhèng,形、动,pymupdf-native-table,
hsk_exam2025,page:239;sequence:6374,6374,7-9,7-9,,短暂,,短暂,,duǎnzàn,形,pymupdf-native-table,
hsk_exam2025,page:239;sequence:6375,6375,7-9,7-9,,断定,,断定,,duàndìng,动,pymupdf-native-table,
hsk_exam2025,page:239;sequence:6376,6376,7-9,7-9,,断断续续,,断断续续,,duànduànxùxù,形,pymupdf-native-table,
hsk_exam2025,page:239;sequence:6377,6377,7-9,7-9,,断绝,,断绝,,duànjué,动,pymupdf-native-table,
hsk_exam2025,page:239;sequence:6378,6378,7-9,7-9,,断裂,,断裂,,duànliè,动,pymupdf-native-table,
hsk_exam2025,page:239;sequence:6379,6379,7-9,7-9,,段落,,段落,,duànluò,名,pymupdf-native-table,
hsk_exam2025,page:239;sequence:6380,6380,7-9,7-9,,断然,,断然,,duànrán,形、副,pymupdf-native-table,
hsk_exam2025,page:239;sequence:6381,6381,7-9,7-9,,断章取义,,断章取义,,duànzhāng-qǔyì,,pymupdf-native-table,
hsk_exam2025,page:239;sequence:6382,6382,7-9,7-9,,堆积,,堆积,,duījī,动,pymupdf-native-table,
hsk_exam2025,page:239;sequence:6383,6383,7-9,7-9,,堆砌,,堆砌,,duīqì,动,pymupdf-native-table,
hsk_exam2025,page:239;sequence:6384,6384,7-9,7-9,,兑,,兑,,duì,动,pymupdf-native-table,
hsk_exam2025,page:239;sequence:6385,6385,7-9,7-9,,对岸,,对岸,,duì’àn,名,pymupdf-native-table,
hsk_exam2025,page:239;sequence:6386,6386,7-9,7-9,,对白,,对白,,duìbái,名,pymupdf-native-table,
hsk_exam2025,page:239;sequence:6387,6387,7-9,7-9,,对策,,对策,,duìcè,名,pymupdf-native-table,
hsk_exam2025,page:239;sequence:6388,6388,7-9,7-9,,对得起,,对得起,,duìdeqǐ,动,pymupdf-native-table,
hsk_exam2025,page:239;sequence:6389,6389,7-9,7-9,,对付,,对付,,duìfu,动,pymupdf-native-table,
hsk_exam2025,page:239;sequence:6390,6390,7-9,7-9,,兑换,,兑换,,duìhuàn,动,pymupdf-native-table,
hsk_exam2025,page:239;sequence:6391,6391,7-9,7-9,,对联,,对联,,duìlián,名,pymupdf-native-table,
hsk_exam2025,page:239;sequence:6392,6392,7-9,7-9,,对流,,对流,,duìliú,动,pymupdf-native-table,
hsk_exam2025,page:239;sequence:6393,6393,7-9,7-9,,对牛弹琴,,对牛弹琴,,duìniú-tánqín,,pymupdf-native-table,
hsk_exam2025,page:239;sequence:6394,6394,7-9,7-9,,兑现,,兑现,,duìxiàn,动,pymupdf-native-table,
hsk_exam2025,page:239;sequence:6395,6395,7-9,7-9,,队形,,队形,,duìxíng,名,pymupdf-native-table,
hsk_exam2025,page:239;sequence:6396,6396,7-9,7-9,,对弈,,对弈,,duìyì,动,pymupdf-native-table,
hsk_exam2025,page:239;sequence:6397,6397,7-9,7-9,,对照,,对照,,duìzhào,动,pymupdf-native-table,
hsk_exam2025,page:239;sequence:6398,6398,7-9,7-9,,对症下药,,对症下药,,duìzhèng-xiàyào,,pymupdf-native-table,
hsk_exam2025,page:239;sequence:6399,6399,7-9,7-9,,对峙,,对峙,,duìzhì,动,pymupdf-native-table,
hsk_exam2025,page:239;sequence:6400,6400,7-9,7-9,,敦促,,敦促,,dūncù,动,pymupdf-native-table,
hsk_exam2025,page:240;sequence:6401,6401,7-9,7-9,,敦厚,,敦厚,,dūnhòu,形,pymupdf-native-table,
hsk_exam2025,page:240;sequence:6402,6402,7-9,7-9,,炖,,炖,,dùn,动,pymupdf-native-table,
hsk_exam2025,page:240;sequence:6403,6403,7-9,7-9,,多年来,,多年来,,duō nián lái,,pymupdf-native-table,
hsk_exam2025,page:240;sequence:6404,6404,7-9,7-9,,多半,,多半,,duōbàn,数、副,pymupdf-native-table,
hsk_exam2025,page:240;sequence:6405,6405,7-9,7-9,,多边,,多边,,duōbiān,形,pymupdf-native-table,
hsk_exam2025,page:240;sequence:6406,6406,7-9,7-9,,哆嗦,,哆嗦,,duōsuo,动,pymupdf-native-table,
hsk_exam2025,page:240;sequence:6407,6407,7-9,7-9,,多心,,多心,,duōxīn,动,pymupdf-native-table,
hsk_exam2025,page:240;sequence:6408,6408,7-9,7-9,,夺冠,,夺冠,,duóguàn,动,pymupdf-native-table,
hsk_exam2025,page:240;sequence:6409,6409,7-9,7-9,,夺魁,,夺魁,,duókuí,动,pymupdf-native-table,
hsk_exam2025,page:240;sequence:6410,6410,7-9,7-9,,堕落,,堕落,,duòluò,动,pymupdf-native-table,
hsk_exam2025,page:240;sequence:6411,6411,7-9,7-9,,鹅,,鹅,,é,名,pymupdf-native-table,
hsk_exam2025,page:240;sequence:6412,6412,7-9,7-9,,额度,,额度,,édù,名,pymupdf-native-table,
hsk_exam2025,page:240;sequence:6413,6413,7-9,7-9,,额外,,额外,,éwài,形,pymupdf-native-table,
hsk_exam2025,page:240;sequence:6414,6414,7-9,7-9,,讹诈,,讹诈,,ézhà,动,pymupdf-native-table,
hsk_exam2025,page:240;sequence:6415,6415,7-9,7-9,,恶,,恶,,è,形,pymupdf-native-table,
hsk_exam2025,page:240;sequence:6416,6416,7-9,7-9,,噩耗,,噩耗,,èhào,名,pymupdf-native-table,
hsk_exam2025,page:240;sequence:6417,6417,7-9,7-9,,恶化,,恶化,,èhuà,动,pymupdf-native-table,
hsk_exam2025,page:240;sequence:6418,6418,7-9,7-9,,恶性,,恶性,,èxìng,形,pymupdf-native-table,
hsk_exam2025,page:240;sequence:6419,6419,7-9,7-9,,恶意,,恶意,,èyì,名,pymupdf-native-table,
hsk_exam2025,page:240;sequence:6420,6420,7-9,7-9,,鳄鱼,,鳄鱼,,èyú,名,pymupdf-native-table,
hsk_exam2025,page:240;sequence:6421,6421,7-9,7-9,,厄运,,厄运,,èyùn,名,pymupdf-native-table,
hsk_exam2025,page:240;sequence:6422,6422,7-9,7-9,,遏制,,遏制,,èzhì,动,pymupdf-native-table,
hsk_exam2025,page:240;sequence:6423,6423,7-9,7-9,,恶作剧,,恶作剧,,èzuòjù,动、名,pymupdf-native-table,
hsk_exam2025,page:240;sequence:6424,6424,7-9,7-9,,恩爱,,恩爱,,ēn’ài,形,pymupdf-native-table,
hsk_exam2025,page:240;sequence:6425,6425,7-9,7-9,,恩情,,恩情,,ēnqíng,名,pymupdf-native-table,
hsk_exam2025,page:240;sequence:6426,6426,7-9,7-9,,恩人,,恩人,,ēnrén,名,pymupdf-native-table,
hsk_exam2025,page:240;sequence:6427,6427,7-9,7-9,,恩怨,,恩怨,,ēnyuàn,名,pymupdf-native-table,
hsk_exam2025,page:240;sequence:6428,6428,7-9,7-9,,而已,,而已,,éryǐ,助,pymupdf-native-table,
hsk_exam2025,page:240;sequence:6429,6429,7-9,7-9,,耳光,,耳光,,ěrguāng,名,pymupdf-native-table,
hsk_exam2025,page:240;sequence:6430,6430,7-9,7-9,,耳目一新,,耳目一新,,ěrmù-yìxīn,,pymupdf-native-table,
hsk_exam2025,page:240;sequence:6431,6431,7-9,7-9,,耳熟能详,,耳熟能详,,ěrshú-néngxiáng,,pymupdf-native-table,
hsk_exam2025,page:240;sequence:6432,6432,7-9,7-9,,发财,,发财,,fācái,动,pymupdf-native-table,
hsk_exam2025,page:240;sequence:6433,6433,7-9,7-9,,发呆,,发呆,,fādāi,动,pymupdf-native-table,
hsk_exam2025,page:240;sequence:6434,6434,7-9,7-9,,发抖,,发抖,,fādǒu,动,pymupdf-native-table,
hsk_exam2025,page:240;sequence:6435,6435,7-9,7-9,,发火,,发火,,fāhuǒ,动,pymupdf-native-table,
hsk_exam2025,page:240;sequence:6436,6436,7-9,7-9,,发酵,,发酵,,fājiào,动,pymupdf-native-table,
hsk_exam2025,page:240;sequence:6437,6437,7-9,7-9,,发觉,,发觉,,fājué,动,pymupdf-native-table,
hsk_exam2025,page:240;sequence:6438,6438,7-9,7-9,,发掘,,发掘,,fājué,动,pymupdf-native-table,
hsk_exam2025,page:240;sequence:6439,6439,7-9,7-9,,发愣,,发愣,,fālèng,动,pymupdf-native-table,
hsk_exam2025,page:240;sequence:6440,6440,7-9,7-9,,发怒,,发怒,,fānù,动,pymupdf-native-table,
hsk_exam2025,page:241;sequence:6441,6441,7-9,7-9,,发热,,发热,,fārè,动,pymupdf-native-table,
hsk_exam2025,page:241;sequence:6442,6442,7-9,7-9,,发射,,发射,,fāshè,动,pymupdf-native-table,
hsk_exam2025,page:241;sequence:6443,6443,7-9,7-9,,发誓,,发誓,,fāshì,动,pymupdf-native-table,
hsk_exam2025,page:241;sequence:6444,6444,7-9,7-9,,发泄,,发泄,,fāxiè,动,pymupdf-native-table,
hsk_exam2025,page:241;sequence:6445,6445,7-9,7-9,,发芽,,发芽,,fāyá,动,pymupdf-native-table,
hsk_exam2025,page:241;sequence:6446,6446,7-9,7-9,,发扬,,发扬,,fāyáng,动,pymupdf-native-table,
hsk_exam2025,page:241;sequence:6447,6447,7-9,7-9,,发扬光大,,发扬光大,,fāyáng-guāngdà,,pymupdf-native-table,
hsk_exam2025,page:241;sequence:6448,6448,7-9,7-9,,发言人,,发言人,,fāyánrén,名,pymupdf-native-table,
hsk_exam2025,page:241;sequence:6449,6449,7-9,7-9,,发源,,发源,,fāyuán,动,pymupdf-native-table,
hsk_exam2025,page:241;sequence:6450,6450,7-9,7-9,,发源地,,发源地,,fāyuándì,名,pymupdf-native-table,
hsk_exam2025,page:241;sequence:6451,6451,7-9,7-9,,发作,,发作,,fāzuò,动,pymupdf-native-table,
hsk_exam2025,page:241;sequence:6452,6452,7-9,7-9,,乏力,,乏力,,fálì,形、动,pymupdf-native-table,
hsk_exam2025,page:241;sequence:6453,6453,7-9,7-9,,阀门,,阀门,,fámén,名,pymupdf-native-table,
hsk_exam2025,page:241;sequence:6454,6454,7-9,7-9,,法人,,法人,,fǎrén,名,pymupdf-native-table,
hsk_exam2025,page:241;sequence:6455,6455,7-9,7-9,,法庭,,法庭,,fǎtíng,名,pymupdf-native-table,
hsk_exam2025,page:241;sequence:6456,6456,7-9,7-9,,法则,,法则,,fǎzé,名,pymupdf-native-table,
hsk_exam2025,page:241;sequence:6457,6457,7-9,7-9,,法制,,法制,,fǎzhì,名,pymupdf-native-table,
hsk_exam2025,page:241;sequence:6458,6458,7-9,7-9,,法治,,法治,,fǎzhì,名、动,pymupdf-native-table,
hsk_exam2025,page:241;sequence:6459,6459,7-9,7-9,,发型,,发型,,fàxíng,名,pymupdf-native-table,
hsk_exam2025,page:241;sequence:6460,6460,7-9,7-9,,帆,,帆,,fān,名,pymupdf-native-table,
hsk_exam2025,page:241;sequence:6461,6461,7-9,7-9,,帆船,,帆船,,fānchuán,名,pymupdf-native-table,
hsk_exam2025,page:241;sequence:6462,6462,7-9,7-9,,翻番,,翻番,,fānfān,动,pymupdf-native-table,
hsk_exam2025,page:241;sequence:6463,6463,7-9,7-9,,翻来覆去,,翻来覆去,,fānlái-fùqù,,pymupdf-native-table,
hsk_exam2025,page:241;sequence:6464,6464,7-9,7-9,,翻身,,翻身,,fānshēn,动,pymupdf-native-table,
hsk_exam2025,page:241;sequence:6465,6465,7-9,7-9,,翻天覆地,,翻天覆地,,fāntiān-fùdì,,pymupdf-native-table,
hsk_exam2025,page:241;sequence:6466,6466,7-9,7-9,,翻新,,翻新,,fānxīn,动,pymupdf-native-table,
hsk_exam2025,page:241;sequence:6467,6467,7-9,7-9,,繁多,,繁多,,fánduō,形,pymupdf-native-table,
hsk_exam2025,page:241;sequence:6468,6468,7-9,7-9,,繁华,,繁华,,fánhuá,形,pymupdf-native-table,
hsk_exam2025,page:241;sequence:6469,6469,7-9,7-9,,烦闷,,烦闷,,fánmèn,形,pymupdf-native-table,
hsk_exam2025,page:241;sequence:6470,6470,7-9,7-9,,繁体字,,繁体字,,fántǐzì,名,pymupdf-native-table,
hsk_exam2025,page:241;sequence:6471,6471,7-9,7-9,,繁衍,,繁衍,,fányǎn,动,pymupdf-native-table,
hsk_exam2025,page:241;sequence:6472,6472,7-9,7-9,,繁杂,,繁杂,,fánzá,形,pymupdf-native-table,
hsk_exam2025,page:241;sequence:6473,6473,7-9,7-9,,烦躁,,烦躁,,fánzào,形,pymupdf-native-table,
hsk_exam2025,page:241;sequence:6474,6474,7-9,7-9,,繁重,,繁重,,fánzhòng,形,pymupdf-native-table,
hsk_exam2025,page:241;sequence:6475,6475,7-9,7-9,,反驳,,反驳,,fǎnbó,动,pymupdf-native-table,
hsk_exam2025,page:241;sequence:6476,6476,7-9,7-9,,反差,,反差,,fǎnchā,名,pymupdf-native-table,
hsk_exam2025,page:241;sequence:6477,6477,7-9,7-9,,反常,,反常,,fǎncháng,形,pymupdf-native-table,
hsk_exam2025,page:241;sequence:6478,6478,7-9,7-9,,反倒,,反倒,,fǎndào,副,pymupdf-native-table,
hsk_exam2025,page:241;sequence:6479,6479,7-9,7-9,,反感,,反感,,fǎngǎn,名、形,pymupdf-native-table,
hsk_exam2025,page:241;sequence:6480,6480,7-9,7-9,,返还,,返还,,fǎnhuán,动,pymupdf-native-table,
hsk_exam2025,page:242;sequence:6481,6481,7-9,7-9,,反击,,反击,,fǎnjī,动,pymupdf-native-table,
hsk_exam2025,page:242;sequence:6482,6482,7-9,7-9,,反抗,,反抗,,fǎnkàng,动,pymupdf-native-table,
hsk_exam2025,page:242;sequence:6483,6483,7-9,7-9,,反面,,反面,,fǎnmiàn,名、形,pymupdf-native-table,
hsk_exam2025,page:242;sequence:6484,6484,7-9,7-9,,反射,,反射,,fǎnshè,动,pymupdf-native-table,
hsk_exam2025,page:242;sequence:6485,6485,7-9,7-9,,反弹,,反弹,,fǎntán,动,pymupdf-native-table,
hsk_exam2025,page:242;sequence:6486,6486,7-9,7-9,,反问,,反问,,fǎnwèn,动,pymupdf-native-table,
hsk_exam2025,page:242;sequence:6487,6487,7-9,7-9,,反响,,反响,,fǎnxiǎng,名,pymupdf-native-table,
hsk_exam2025,page:242;sequence:6488,6488,7-9,7-9,,反省,,反省,,fǎnxǐng,动,pymupdf-native-table,
hsk_exam2025,page:242;sequence:6489,6489,7-9,7-9,,反之,,反之,,fǎnzhī,连,pymupdf-native-table,
hsk_exam2025,page:242;sequence:6490,6490,7-9,7-9,,犯愁,,犯愁,,fànchóu,动,pymupdf-native-table,
hsk_exam2025,page:242;sequence:6491,6491,7-9,7-9,,范畴,,范畴,,fànchóu,名,pymupdf-native-table,
hsk_exam2025,page:242;sequence:6492,6492,7-9,7-9,,犯规,,犯规,,fànguī,动,pymupdf-native-table,
hsk_exam2025,page:242;sequence:6493,6493,7-9,7-9,,泛滥,,泛滥,,fànlàn,动,pymupdf-native-table,
hsk_exam2025,page:242;sequence:6494,6494,7-9,7-9,,贩卖,,贩卖,,fànmài,动,pymupdf-native-table,
hsk_exam2025,page:242;sequence:6495,6495,7-9,7-9,,饭碗,,饭碗,,fànwǎn,名,pymupdf-native-table,
hsk_exam2025,page:242;sequence:6496,6496,7-9,7-9,,犯罪,,犯罪,,fànzuì,动,pymupdf-native-table,
hsk_exam2025,page:242;sequence:6497,6497,7-9,7-9,,方向盘,,方向盘,,fāngxiàngpán,名,pymupdf-native-table,
hsk_exam2025,page:242;sequence:6498,6498,7-9,7-9,,方圆,,方圆,,fāngyuán,名,pymupdf-native-table,
hsk_exam2025,page:242;sequence:6499,6499,7-9,7-9,,方针,,方针,,fāngzhēn,名,pymupdf-native-table,
hsk_exam2025,page:242;sequence:6500,6500,7-9,7-9,,防盗,,防盗,,fángdào,动,pymupdf-native-table,
hsk_exam2025,page:242;sequence:6501,6501,7-9,7-9,,房地产,,房地产,,fángdìchǎn,名,pymupdf-native-table,
hsk_exam2025,page:242;sequence:6502,6502,7-9,7-9,,防范,,防范,,fángfàn,动,pymupdf-native-table,
hsk_exam2025,page:242;sequence:6503,6503,7-9,7-9,,防护,,防护,,fánghù,动,pymupdf-native-table,
hsk_exam2025,page:242;sequence:6504,6504,7-9,7-9,,防火墙,,防火墙,,fánghuǒqiáng,名,pymupdf-native-table,
hsk_exam2025,page:242;sequence:6505,6505,7-9,7-9,,防守,,防守,,fángshǒu,动,pymupdf-native-table,
hsk_exam2025,page:242;sequence:6506,6506,7-9,7-9,,防卫,,防卫,,fángwèi,动,pymupdf-native-table,
hsk_exam2025,page:242;sequence:6507,6507,7-9,7-9,,防汛,,防汛,,fángxùn,动,pymupdf-native-table,
hsk_exam2025,page:242;sequence:6508,6508,7-9,7-9,,防疫,,防疫,,fángyì,动,pymupdf-native-table,
hsk_exam2025,page:242;sequence:6509,6509,7-9,7-9,,防御,,防御,,fángyù,动,pymupdf-native-table,
hsk_exam2025,page:242;sequence:6510,6510,7-9,7-9,,仿,,仿,,fǎng,动,pymupdf-native-table,
hsk_exam2025,page:242;sequence:6511,6511,7-9,7-9,,仿真,,仿真,,fǎngzhēn,动、形,pymupdf-native-table,
hsk_exam2025,page:242;sequence:6512,6512,7-9,7-9,,仿制,,仿制,,fǎngzhì,动,pymupdf-native-table,
hsk_exam2025,page:242;sequence:6513,6513,7-9,7-9,,纺织,,纺织,,fǎngzhī,动,pymupdf-native-table,
hsk_exam2025,page:242;sequence:6514,6514,7-9,7-9,,放过,,放过,,fàngguò,动,pymupdf-native-table,
hsk_exam2025,page:242;sequence:6515,6515,7-9,7-9,,放宽,,放宽,,fàngkuān,动,pymupdf-native-table,
hsk_exam2025,page:242;sequence:6516,6516,7-9,7-9,,放射,,放射,,fàngshè,动,pymupdf-native-table,
hsk_exam2025,page:242;sequence:6517,6517,7-9,7-9,,放水,,放水,,fàngshuǐ,动,pymupdf-native-table,
hsk_exam2025,page:242;sequence:6518,6518,7-9,7-9,,放肆,,放肆,,fàngsì,形,pymupdf-native-table,
hsk_exam2025,page:242;sequence:6519,6519,7-9,7-9,,放映,,放映,,fàngyìng,动,pymupdf-native-table,
hsk_exam2025,page:242;sequence:6520,6520,7-9,7-9,,放置,,放置,,fàngzhì,动,pymupdf-native-table,
hsk_exam2025,page:243;sequence:6521,6521,7-9,7-9,,放纵,,放纵,,fàngzòng,动、形,pymupdf-native-table,
hsk_exam2025,page:243;sequence:6522,6522,7-9,7-9,,非,,非,,fēi,动、副、前缀,pymupdf-native-table,
hsk_exam2025,page:243;sequence:6523,6523,7-9,7-9,,飞船,,飞船,,fēichuán,名,pymupdf-native-table,
hsk_exam2025,page:243;sequence:6524,6524,7-9,7-9,,非但,,非但,,fēidàn,连,pymupdf-native-table,
hsk_exam2025,page:243;sequence:6525,6525,7-9,7-9,,非得,,非得,,fēiděi,副,pymupdf-native-table,
hsk_exam2025,page:243;sequence:6526,6526,7-9,7-9,,飞碟,,飞碟,,fēidié,名,pymupdf-native-table,
hsk_exam2025,page:243;sequence:6527,6527,7-9,7-9,,非法,,非法,,fēifǎ,形,pymupdf-native-table,
hsk_exam2025,page:243;sequence:6528,6528,7-9,7-9,,非凡,,非凡,,fēifán,形,pymupdf-native-table,
hsk_exam2025,page:243;sequence:6529,6529,7-9,7-9,,飞禽走兽,,飞禽走兽,,fēiqín-zǒushòu,,pymupdf-native-table,
hsk_exam2025,page:243;sequence:6530,6530,7-9,7-9,,绯闻,,绯闻,,fēiwén,名,pymupdf-native-table,
hsk_exam2025,page:243;sequence:6531,6531,7-9,7-9,,飞翔,,飞翔,,fēixiáng,动,pymupdf-native-table,
hsk_exam2025,page:243;sequence:6532,6532,7-9,7-9,,飞跃,,飞跃,,fēiyuè,动,pymupdf-native-table,
hsk_exam2025,page:243;sequence:6533,6533,7-9,7-9,,肥料,,肥料,,féiliào,名,pymupdf-native-table,
hsk_exam2025,page:243;sequence:6534,6534,7-9,7-9,,肥皂,,肥皂,,féizào,名,pymupdf-native-table,
hsk_exam2025,page:243;sequence:6535,6535,7-9,7-9,,诽谤,,诽谤,,fěibàng,动,pymupdf-native-table,
hsk_exam2025,page:243;sequence:6536,6536,7-9,7-9,,废,,废,,fèi,动、形,pymupdf-native-table,
hsk_exam2025,page:243;sequence:6537,6537,7-9,7-9,,废除,,废除,,fèichú,动,pymupdf-native-table,
hsk_exam2025,page:243;sequence:6538,6538,7-9,7-9,,沸沸扬扬,,沸沸扬扬,,fèifèiyángyáng,,pymupdf-native-table,
hsk_exam2025,page:243;sequence:6539,6539,7-9,7-9,,废话,,废话,,fèihuà,名、动,pymupdf-native-table,
hsk_exam2025,page:243;sequence:6540,6540,7-9,7-9,,费劲,,费劲,,fèijìn,动,pymupdf-native-table,
hsk_exam2025,page:243;sequence:6541,6541,7-9,7-9,,费力,,费力,,fèilì,动,pymupdf-native-table,
hsk_exam2025,page:243;sequence:6542,6542,7-9,7-9,,废品,,废品,,fèipǐn,名,pymupdf-native-table,
hsk_exam2025,page:243;sequence:6543,6543,7-9,7-9,,废弃,,废弃,,fèiqì,动,pymupdf-native-table,
hsk_exam2025,page:243;sequence:6544,6544,7-9,7-9,,废寝忘食,,废寝忘食,,fèiqǐn-wàngshí,,pymupdf-native-table,
hsk_exam2025,page:243;sequence:6545,6545,7-9,7-9,,沸腾,,沸腾,,fèiténg,动,pymupdf-native-table,
hsk_exam2025,page:243;sequence:6546,6546,7-9,7-9,,废物,,废物,,fèiwù,名,pymupdf-native-table,
hsk_exam2025,page:243;sequence:6547,6547,7-9,7-9,,废墟,,废墟,,fèixū,名,pymupdf-native-table,
hsk_exam2025,page:243;sequence:6548,6548,7-9,7-9,,分辨,,分辨,,fēnbiàn,动,pymupdf-native-table,
hsk_exam2025,page:243;sequence:6549,6549,7-9,7-9,,分成,,分成,,fēnchéng,动,pymupdf-native-table,
hsk_exam2025,page:243;sequence:6550,6550,7-9,7-9,,分寸,,分寸,,fēncun,名,pymupdf-native-table,
hsk_exam2025,page:243;sequence:6551,6551,7-9,7-9,,分担,,分担,,fēndān,动,pymupdf-native-table,
hsk_exam2025,page:243;sequence:6552,6552,7-9,7-9,,分发,,分发,,fēnfā,动,pymupdf-native-table,
hsk_exam2025,page:243;sequence:6553,6553,7-9,7-9,,芬芳,,芬芳,,fēnfāng,形、名,pymupdf-native-table,
hsk_exam2025,page:243;sequence:6554,6554,7-9,7-9,,吩咐,,吩咐,,fēnfù,动,pymupdf-native-table,
hsk_exam2025,page:243;sequence:6555,6555,7-9,7-9,,分割,,分割,,fēngē,动,pymupdf-native-table,
hsk_exam2025,page:243;sequence:6556,6556,7-9,7-9,,分红,,分红,,fēnhóng,动,pymupdf-native-table,
hsk_exam2025,page:243;sequence:6557,6557,7-9,7-9,,分化,,分化,,fēnhuà,动,pymupdf-native-table,
hsk_exam2025,page:243;sequence:6558,6558,7-9,7-9,,分解,,分解,,fēnjiě,动,pymupdf-native-table,
hsk_exam2025,page:243;sequence:6559,6559,7-9,7-9,,分裂,,分裂,,fēnliè,动,pymupdf-native-table,
hsk_exam2025,page:243;sequence:6560,6560,7-9,7-9,,分泌,,分泌,,fēnmì,动,pymupdf-native-table,
hsk_exam2025,page:244;sequence:6561,6561,7-9,7-9,,分明,,分明,,fēnmíng,形、副,pymupdf-native-table,
hsk_exam2025,page:244;sequence:6562,6562,7-9,7-9,,分歧,,分歧,,fēnqí,形、名,pymupdf-native-table,
hsk_exam2025,page:244;sequence:6563,6563,7-9,7-9,,分支,,分支,,fēnzhī,名,pymupdf-native-table,
hsk_exam2025,page:244;sequence:6564,6564,7-9,7-9,,坟,,坟,,fén,名,pymupdf-native-table,
hsk_exam2025,page:244;sequence:6565,6565,7-9,7-9,,坟墓,,坟墓,,fénmù,名,pymupdf-native-table,
hsk_exam2025,page:244;sequence:6566,6566,7-9,7-9,,焚烧,,焚烧,,fénshāo,动,pymupdf-native-table,
hsk_exam2025,page:244;sequence:6567,6567,7-9,7-9,,粉末,,粉末,,fěnmò,名,pymupdf-native-table,
hsk_exam2025,page:244;sequence:6568,6568,7-9,7-9,,粉丝,,粉丝1,1,fěnsī,名,pymupdf-native-table,
hsk_exam2025,page:244;sequence:6569,6569,7-9,7-9,,粉丝,,粉丝2,2,fěnsī,名,pymupdf-native-table,
hsk_exam2025,page:244;sequence:6570,6570,7-9,7-9,,粉碎,,粉碎,,fěnsuì,形、动,pymupdf-native-table,
hsk_exam2025,page:244;sequence:6571,6571,7-9,7-9,,粪,,粪,,fèn,名,pymupdf-native-table,
hsk_exam2025,page:244;sequence:6572,6572,7-9,7-9,,粪便,,粪便,,fènbiàn,名,pymupdf-native-table,
hsk_exam2025,page:244;sequence:6573,6573,7-9,7-9,,份额,,份额,,fèn’é,名,pymupdf-native-table,
hsk_exam2025,page:244;sequence:6574,6574,7-9,7-9,,奋力,,奋力,,fènlì,副,pymupdf-native-table,
hsk_exam2025,page:244;sequence:6575,6575,7-9,7-9,,分量,,分量,,fènliàng,名,pymupdf-native-table,
hsk_exam2025,page:244;sequence:6576,6576,7-9,7-9,,分外,,分外,,fènwài,副、形,pymupdf-native-table,
hsk_exam2025,page:244;sequence:6577,6577,7-9,7-9,,奋勇,,奋勇,,fènyǒng,动,pymupdf-native-table,
hsk_exam2025,page:244;sequence:6578,6578,7-9,7-9,,疯,,疯,,fēng,动、形,pymupdf-native-table,
hsk_exam2025,page:244;sequence:6579,6579,7-9,7-9,,风暴,,风暴,,fēngbào,名,pymupdf-native-table,
hsk_exam2025,page:244;sequence:6580,6580,7-9,7-9,,风波,,风波,,fēngbō,名,pymupdf-native-table,
hsk_exam2025,page:244;sequence:6581,6581,7-9,7-9,,风采,,风采,,fēngcǎi,名,pymupdf-native-table,
hsk_exam2025,page:244;sequence:6582,6582,7-9,7-9,,风餐露宿,,风餐露宿,,fēngcān-lùsù,,pymupdf-native-table,
hsk_exam2025,page:244;sequence:6583,6583,7-9,7-9,,风吹雨打,,风吹雨打,,fēngchuī-yǔdǎ,,pymupdf-native-table,
hsk_exam2025,page:244;sequence:6584,6584,7-9,7-9,,封顶,,封顶,,fēngdǐng,动,pymupdf-native-table,
hsk_exam2025,page:244;sequence:6585,6585,7-9,7-9,,风度,,风度,,fēngdù,名,pymupdf-native-table,
hsk_exam2025,page:244;sequence:6586,6586,7-9,7-9,,风范,,风范,,fēngfàn,名,pymupdf-native-table,
hsk_exam2025,page:244;sequence:6587,6587,7-9,7-9,,风和日丽,,风和日丽,,fēnghé-rìlì,,pymupdf-native-table,
hsk_exam2025,page:244;sequence:6588,6588,7-9,7-9,,丰厚,,丰厚,,fēnghòu,形,pymupdf-native-table,
hsk_exam2025,page:244;sequence:6589,6589,7-9,7-9,,峰会,,峰会,,fēnghuì,名,pymupdf-native-table,
hsk_exam2025,page:244;sequence:6590,6590,7-9,7-9,,峰回路转,,峰回路转,,fēnghuí-lùzhuǎn,,pymupdf-native-table,
hsk_exam2025,page:244;sequence:6591,6591,7-9,7-9,,封建,,封建,,fēngjiàn,名、形,pymupdf-native-table,
hsk_exam2025,page:244;sequence:6592,6592,7-9,7-9,,风景线,,风景线,,fēngjǐngxiàn,名,pymupdf-native-table,
hsk_exam2025,page:244;sequence:6593,6593,7-9,7-9,,风浪,,风浪,,fēnglàng,名,pymupdf-native-table,
hsk_exam2025,page:244;sequence:6594,6594,7-9,7-9,,锋利,,锋利,,fēnglì,形,pymupdf-native-table,
hsk_exam2025,page:244;sequence:6595,6595,7-9,7-9,,风流,,风流,,fēngliú,形,pymupdf-native-table,
hsk_exam2025,page:244;sequence:6596,6596,7-9,7-9,,丰满,,丰满,,fēngmǎn,形,pymupdf-native-table,
hsk_exam2025,page:244;sequence:6597,6597,7-9,7-9,,风貌,,风貌,,fēngmào,名,pymupdf-native-table,
hsk_exam2025,page:244;sequence:6598,6598,7-9,7-9,,蜂蜜,,蜂蜜,,fēngmì,名,pymupdf-native-table,
hsk_exam2025,page:244;sequence:6599,6599,7-9,7-9,,封面,,封面,,fēngmiàn,名,pymupdf-native-table,
hsk_exam2025,page:244;sequence:6600,6600,7-9,7-9,,风气,,风气,,fēngqì,名,pymupdf-native-table,
hsk_exam2025,page:245;sequence:6601,6601,7-9,7-9,,风情,,风情,,fēngqíng,名,pymupdf-native-table,
hsk_exam2025,page:245;sequence:6602,6602,7-9,7-9,,风趣,,风趣,,fēngqù,形,pymupdf-native-table,
hsk_exam2025,page:245;sequence:6603,6603,7-9,7-9,,风沙,,风沙,,fēngshā,名,pymupdf-native-table,
hsk_exam2025,page:245;sequence:6604,6604,7-9,7-9,,风尚,,风尚,,fēngshàng,名,pymupdf-native-table,
hsk_exam2025,page:245;sequence:6605,6605,7-9,7-9,,丰盛,,丰盛,,fēngshèng,形,pymupdf-native-table,
hsk_exam2025,page:245;sequence:6606,6606,7-9,7-9,,风水,,风水,,fēngshuǐ,名,pymupdf-native-table,
hsk_exam2025,page:245;sequence:6607,6607,7-9,7-9,,丰硕,,丰硕,,fēngshuò,形,pymupdf-native-table,
hsk_exam2025,page:245;sequence:6608,6608,7-9,7-9,,封锁,,封锁,,fēngsuǒ,动,pymupdf-native-table,
hsk_exam2025,page:245;sequence:6609,6609,7-9,7-9,,风土人情,,风土人情,,fēngtǔ-rénqíng,,pymupdf-native-table,
hsk_exam2025,page:245;sequence:6610,6610,7-9,7-9,,风味,,风味,,fēngwèi,名,pymupdf-native-table,
hsk_exam2025,page:245;sequence:6611,6611,7-9,7-9,,风云,,风云,,fēngyún,名,pymupdf-native-table,
hsk_exam2025,page:245;sequence:6612,6612,7-9,7-9,,风雨无阻,,风雨无阻,,fēngyǔ-wúzǔ,,pymupdf-native-table,
hsk_exam2025,page:245;sequence:6613,6613,7-9,7-9,,风筝,,风筝,,fēngzheng,名,pymupdf-native-table,
hsk_exam2025,page:245;sequence:6614,6614,7-9,7-9,,疯子,,疯子,,fēngzi,名,pymupdf-native-table,
hsk_exam2025,page:245;sequence:6615,6615,7-9,7-9,,逢,,逢,,féng,动,pymupdf-native-table,
hsk_exam2025,page:245;sequence:6616,6616,7-9,7-9,,缝,,缝,,féng,动,pymupdf-native-table,
hsk_exam2025,page:245;sequence:6617,6617,7-9,7-9,,缝合,,缝合,,fénghé,动,pymupdf-native-table,
hsk_exam2025,page:245;sequence:6618,6618,7-9,7-9,,讽刺,,讽刺,,fěngcì,动,pymupdf-native-table,
hsk_exam2025,page:245;sequence:6619,6619,7-9,7-9,,缝,,缝,,fèng,名,pymupdf-native-table,
hsk_exam2025,page:245;sequence:6620,6620,7-9,7-9,,凤凰,,凤凰,,fènghuáng,名,pymupdf-native-table,
hsk_exam2025,page:245;sequence:6621,6621,7-9,7-9,,凤毛麟角,,凤毛麟角,,fèngmáo-línjiǎo,,pymupdf-native-table,
hsk_exam2025,page:245;sequence:6622,6622,7-9,7-9,,佛,,佛,,fó,名,pymupdf-native-table,
hsk_exam2025,page:245;sequence:6623,6623,7-9,7-9,,否决,,否决,,fǒujué,动,pymupdf-native-table,
hsk_exam2025,page:245;sequence:6624,6624,7-9,7-9,,敷,,敷,,fū,动,pymupdf-native-table,
hsk_exam2025,page:245;sequence:6625,6625,7-9,7-9,,孵化,,孵化,,fūhuà,动,pymupdf-native-table,
hsk_exam2025,page:245;sequence:6626,6626,7-9,7-9,,肤浅,,肤浅,,fūqiǎn,形,pymupdf-native-table,
hsk_exam2025,page:245;sequence:6627,6627,7-9,7-9,,敷衍,,敷衍,,fūyǎn,动,pymupdf-native-table,
hsk_exam2025,page:245;sequence:6628,6628,7-9,7-9,,扶持,,扶持,,fúchí,动,pymupdf-native-table,
hsk_exam2025,page:245;sequence:6629,6629,7-9,7-9,,浮动,,浮动,,fúdòng,动,pymupdf-native-table,
hsk_exam2025,page:245;sequence:6630,6630,7-9,7-9,,俘获,,俘获,,fúhuò,动,pymupdf-native-table,
hsk_exam2025,page:245;sequence:6631,6631,7-9,7-9,,浮力,,浮力,,fúlì,名,pymupdf-native-table,
hsk_exam2025,page:245;sequence:6632,6632,7-9,7-9,,俘虏,,俘虏,,fúlǔ,动、名,pymupdf-native-table,
hsk_exam2025,page:245;sequence:6633,6633,7-9,7-9,,福气,,福气,,fúqi,名,pymupdf-native-table,
hsk_exam2025,page:245;sequence:6634,6634,7-9,7-9,,服气,,服气,,fúqì,动,pymupdf-native-table,
hsk_exam2025,page:245;sequence:6635,6635,7-9,7-9,,辐射,,辐射,,fúshè,动,pymupdf-native-table,
hsk_exam2025,page:245;sequence:6636,6636,7-9,7-9,,服饰,,服饰,,fúshì,名,pymupdf-native-table,
hsk_exam2025,page:245;sequence:6637,6637,7-9,7-9,,服务器,,服务器,,fúwùqì,名,pymupdf-native-table,
hsk_exam2025,page:245;sequence:6638,6638,7-9,7-9,,浮现,,浮现,,fúxiàn,动,pymupdf-native-table,
hsk_exam2025,page:245;sequence:6639,6639,7-9,7-9,,浮躁,,浮躁,,fúzào,形,pymupdf-native-table,
hsk_exam2025,page:245;sequence:6640,6640,7-9,7-9,,腐败,,腐败,,fǔbài,形、动,pymupdf-native-table,
hsk_exam2025,page:246;sequence:6641,6641,7-9,7-9,,腐烂,,腐烂,,fǔlàn,动、形,pymupdf-native-table,
hsk_exam2025,page:246;sequence:6642,6642,7-9,7-9,,抚摸,,抚摸,,fǔmō,动,pymupdf-native-table,
hsk_exam2025,page:246;sequence:6643,6643,7-9,7-9,,腐蚀,,腐蚀,,fǔshí,动,pymupdf-native-table,
hsk_exam2025,page:246;sequence:6644,6644,7-9,7-9,,俯视,,俯视,,fǔshì,动,pymupdf-native-table,
hsk_exam2025,page:246;sequence:6645,6645,7-9,7-9,,俯首,,俯首,,fǔshǒu,动,pymupdf-native-table,
hsk_exam2025,page:246;sequence:6646,6646,7-9,7-9,,腐朽,,腐朽,,fǔxiǔ,动、形,pymupdf-native-table,
hsk_exam2025,page:246;sequence:6647,6647,7-9,7-9,,抚恤,,抚恤,,fǔxù,动,pymupdf-native-table,
hsk_exam2025,page:246;sequence:6648,6648,7-9,7-9,,抚养,,抚养,,fǔyǎng,动,pymupdf-native-table,
hsk_exam2025,page:246;sequence:6649,6649,7-9,7-9,,斧子,,斧子,,fǔzi,名,pymupdf-native-table,
hsk_exam2025,page:246;sequence:6650,6650,7-9,7-9,,负,,负,,fù,动、形,pymupdf-native-table,
hsk_exam2025,page:246;sequence:6651,6651,7-9,7-9,,附,,附,,fù,动,pymupdf-native-table,
hsk_exam2025,page:246;sequence:6652,6652,7-9,7-9,,赴,,赴,,fù,动,pymupdf-native-table,
hsk_exam2025,page:246;sequence:6653,6653,7-9,7-9,,腹,,腹,,fù,名,pymupdf-native-table,
hsk_exam2025,page:246;sequence:6654,6654,7-9,7-9,,副本,,副本,,fùběn,名,pymupdf-native-table,
hsk_exam2025,page:246;sequence:6655,6655,7-9,7-9,,复查,,复查,,fùchá,动,pymupdf-native-table,
hsk_exam2025,page:246;sequence:6656,6656,7-9,7-9,,附带,,附带,,fùdài,动、副、形,pymupdf-native-table,
hsk_exam2025,page:246;sequence:6657,6657,7-9,7-9,,复发,,复发,,fùfā,动,pymupdf-native-table,
hsk_exam2025,page:246;sequence:6658,6658,7-9,7-9,,富含,,富含,,fùhán,动,pymupdf-native-table,
hsk_exam2025,page:246;sequence:6659,6659,7-9,7-9,,富豪,,富豪,,fùháo,名,pymupdf-native-table,
hsk_exam2025,page:246;sequence:6660,6660,7-9,7-9,,复合,,复合,,fùhé,动,pymupdf-native-table,
hsk_exam2025,page:246;sequence:6661,6661,7-9,7-9,,附和,,附和,,fùhè,动,pymupdf-native-table,
hsk_exam2025,page:246;sequence:6662,6662,7-9,7-9,,复活,,复活,,fùhuó,动,pymupdf-native-table,
hsk_exam2025,page:246;sequence:6663,6663,7-9,7-9,,附加,,附加,,fùjiā,动,pymupdf-native-table,
hsk_exam2025,page:246;sequence:6664,6664,7-9,7-9,,富强,,富强,,fùqiáng,形,pymupdf-native-table,
hsk_exam2025,page:246;sequence:6665,6665,7-9,7-9,,附属,,附属,,fùshǔ,形、动,pymupdf-native-table,
hsk_exam2025,page:246;sequence:6666,6666,7-9,7-9,,复苏,,复苏,,fùsū,动,pymupdf-native-table,
hsk_exam2025,page:246;sequence:6667,6667,7-9,7-9,,富翁,,富翁,,fùwēng,名,pymupdf-native-table,
hsk_exam2025,page:246;sequence:6668,6668,7-9,7-9,,腹泻,,腹泻,,fùxiè,动,pymupdf-native-table,
hsk_exam2025,page:246;sequence:6669,6669,7-9,7-9,,复兴,,复兴,,fùxīng,动,pymupdf-native-table,
hsk_exam2025,page:246;sequence:6670,6670,7-9,7-9,,复原,,复原,,fùyuán,动,pymupdf-native-table,
hsk_exam2025,page:246;sequence:6671,6671,7-9,7-9,,负重,,负重,,fùzhòng,动,pymupdf-native-table,
hsk_exam2025,page:246;sequence:6672,6672,7-9,7-9,,富足,,富足,,fùzú,形,pymupdf-native-table,
hsk_exam2025,page:246;sequence:6673,6673,7-9,7-9,,副作用,,副作用,,fùzuòyòng,名,pymupdf-native-table,
hsk_exam2025,page:246;sequence:6674,6674,7-9,7-9,,改版,,改版,,gǎibǎn,动,pymupdf-native-table,
hsk_exam2025,page:246;sequence:6675,6675,7-9,7-9,,改动,,改动,,gǎidòng,动,pymupdf-native-table,
hsk_exam2025,page:246;sequence:6676,6676,7-9,7-9,,改观,,改观,,gǎiguān,动,pymupdf-native-table,
hsk_exam2025,page:246;sequence:6677,6677,7-9,7-9,,改良,,改良,,gǎiliáng,动,pymupdf-native-table,
hsk_exam2025,page:246;sequence:6678,6678,7-9,7-9,,改日,,改日,,gǎirì,副,pymupdf-native-table,
hsk_exam2025,page:246;sequence:6679,6679,7-9,7-9,,改邪归正,,改邪归正,,gǎixié-guīzhèng,,pymupdf-native-table,
hsk_exam2025,page:246;sequence:6680,6680,7-9,7-9,,改装,,改装,,gǎizhuāng,动,pymupdf-native-table,
hsk_exam2025,page:247;sequence:6681,6681,7-9,7-9,,钙,,钙,,gài,名,pymupdf-native-table,
hsk_exam2025,page:247;sequence:6682,6682,7-9,7-9,,概,,概,,gài,副,pymupdf-native-table,
hsk_exam2025,page:247;sequence:6683,6683,7-9,7-9,,概况,,概况,,gàikuàng,名,pymupdf-native-table,
hsk_exam2025,page:247;sequence:6684,6684,7-9,7-9,,概论,,概论,,gàilùn,名,pymupdf-native-table,
hsk_exam2025,page:247;sequence:6685,6685,7-9,7-9,,干戈,,干戈,,gāngē,名,pymupdf-native-table,
hsk_exam2025,page:247;sequence:6686,6686,7-9,7-9,,干枯,,干枯,,gānkū,形,pymupdf-native-table,
hsk_exam2025,page:247;sequence:6687,6687,7-9,7-9,,干涉,,干涉,,gānshè,动,pymupdf-native-table,
hsk_exam2025,page:247;sequence:6688,6688,7-9,7-9,,甘心,,甘心,,gānxīn,动,pymupdf-native-table,
hsk_exam2025,page:247;sequence:6689,6689,7-9,7-9,,干预,,干预,,gānyù,动,pymupdf-native-table,
hsk_exam2025,page:247;sequence:6690,6690,7-9,7-9,,杆,,杆,,gǎn,名、量,pymupdf-native-table,
hsk_exam2025,page:247;sequence:6691,6691,7-9,7-9,,感触,,感触,,gǎnchù,名,pymupdf-native-table,
hsk_exam2025,page:247;sequence:6692,6692,7-9,7-9,,感恩,,感恩,,gǎnēn,动,pymupdf-native-table,
hsk_exam2025,page:247;sequence:6693,6693,7-9,7-9,,赶赴,,赶赴,,gǎnfù,动,pymupdf-native-table,
hsk_exam2025,page:247;sequence:6694,6694,7-9,7-9,,感慨,,感慨,,gǎnkǎi,动,pymupdf-native-table,
hsk_exam2025,page:247;sequence:6695,6695,7-9,7-9,,感叹,,感叹,,gǎntàn,动,pymupdf-native-table,
hsk_exam2025,page:247;sequence:6696,6696,7-9,7-9,,感悟,,感悟,,gǎnwù,动,pymupdf-native-table,
hsk_exam2025,page:247;sequence:6697,6697,7-9,7-9,,感性,,感性,,gǎnxìng,形,pymupdf-native-table,
hsk_exam2025,page:247;sequence:6698,6698,7-9,7-9,,干部,,干部,,gànbù,名,pymupdf-native-table,
hsk_exam2025,page:247;sequence:6699,6699,7-9,7-9,,干劲,,干劲,,gànjìn,名,pymupdf-native-table,
hsk_exam2025,page:247;sequence:6700,6700,7-9,7-9,,干事,,干事,,gànshi,名,pymupdf-native-table,
hsk_exam2025,page:247;sequence:6701,6701,7-9,7-9,,缸,,缸,,gāng,名,pymupdf-native-table,
hsk_exam2025,page:247;sequence:6702,6702,7-9,7-9,,纲领,,纲领,,gānglǐng,名,pymupdf-native-table,
hsk_exam2025,page:247;sequence:6703,6703,7-9,7-9,,钢铁,,钢铁,,gāngtiě,名、形,pymupdf-native-table,
hsk_exam2025,page:247;sequence:6704,6704,7-9,7-9,,纲要,,纲要,,gāngyào,名,pymupdf-native-table,
hsk_exam2025,page:247;sequence:6705,6705,7-9,7-9,,港,,港,,gǎng,名,pymupdf-native-table,
hsk_exam2025,page:247;sequence:6706,6706,7-9,7-9,,港湾,,港湾,,gǎngwān,名,pymupdf-native-table,
hsk_exam2025,page:247;sequence:6707,6707,7-9,7-9,,杠杆,,杠杆,,gànggǎn,名,pymupdf-native-table,
hsk_exam2025,page:247;sequence:6708,6708,7-9,7-9,,高额,,高额,,gāo’é,形,pymupdf-native-table,
hsk_exam2025,page:247;sequence:6709,6709,7-9,7-9,,高昂,,高昂,,gāo’áng,动、形,pymupdf-native-table,
hsk_exam2025,page:247;sequence:6710,6710,7-9,7-9,,高傲,,高傲,,gāo’ào,形,pymupdf-native-table,
hsk_exam2025,page:247;sequence:6711,6711,7-9,7-9,,高潮,,高潮,,gāocháo,名,pymupdf-native-table,
hsk_exam2025,page:247;sequence:6712,6712,7-9,7-9,,高调,,高调,,gāodiào,名、形,pymupdf-native-table,
hsk_exam2025,page:247;sequence:6713,6713,7-9,7-9,,高贵,,高贵,,gāoguì,形,pymupdf-native-table,
hsk_exam2025,page:247;sequence:6714,6714,7-9,7-9,,高见,,高见,,gāojiàn,名,pymupdf-native-table,
hsk_exam2025,page:247;sequence:6715,6715,7-9,7-9,,高空,,高空,,gāokōng,名,pymupdf-native-table,
hsk_exam2025,page:247;sequence:6716,6716,7-9,7-9,,高龄,,高龄,,gāolíng,名、 形,pymupdf-native-table,
hsk_exam2025,page:247;sequence:6717,6717,7-9,7-9,,高明,,高明,,gāomíng,形、名,pymupdf-native-table,
hsk_exam2025,page:247;sequence:6718,6718,7-9,7-9,,高血压,,高血压,,gāoxuèyā,名,pymupdf-native-table,
hsk_exam2025,page:247;sequence:6719,6719,7-9,7-9,,高雅,,高雅,,gāoyǎ,形,pymupdf-native-table,
hsk_exam2025,page:247;sequence:6720,6720,7-9,7-9,,高压,,高压,,gāoyā,名、形,pymupdf-native-table,
hsk_exam2025,page:248;sequence:6721,6721,7-9,7-9,,高涨,,高涨,,gāozhǎng,动、形,pymupdf-native-table,
hsk_exam2025,page:248;sequence:6722,6722,7-9,7-9,,搞鬼,,搞鬼,,gǎoguǐ,动,pymupdf-native-table,
hsk_exam2025,page:248;sequence:6723,6723,7-9,7-9,,搞笑,,搞笑,,gǎoxiào,动、形,pymupdf-native-table,
hsk_exam2025,page:248;sequence:6724,6724,7-9,7-9,,告,,告,,gào,动,pymupdf-native-table,
hsk_exam2025,page:248;sequence:6725,6725,7-9,7-9,,告辞,,告辞,,gàocí,动,pymupdf-native-table,
hsk_exam2025,page:248;sequence:6726,6726,7-9,7-9,,告诫,,告诫,,gàojiè,动,pymupdf-native-table,
hsk_exam2025,page:248;sequence:6727,6727,7-9,7-9,,告示,,告示,,gàoshi,名,pymupdf-native-table,
hsk_exam2025,page:248;sequence:6728,6728,7-9,7-9,,告知,,告知,,gàozhī,动,pymupdf-native-table,
hsk_exam2025,page:248;sequence:6729,6729,7-9,7-9,,告状,,告状,,gàozhuàng,动,pymupdf-native-table,
hsk_exam2025,page:248;sequence:6730,6730,7-9,7-9,,搁,,搁,,gē,动,pymupdf-native-table,
hsk_exam2025,page:248;sequence:6731,6731,7-9,7-9,,戈壁,,戈壁,,gēbì,名,pymupdf-native-table,
hsk_exam2025,page:248;sequence:6732,6732,7-9,7-9,,疙瘩,,疙瘩,,gēda,名,pymupdf-native-table,
hsk_exam2025,page:248;sequence:6733,6733,7-9,7-9,,歌剧,,歌剧,,gējù,名,pymupdf-native-table,
hsk_exam2025,page:248;sequence:6734,6734,7-9,7-9,,搁浅,,搁浅,,gēqiǎn,动,pymupdf-native-table,
hsk_exam2025,page:248;sequence:6735,6735,7-9,7-9,,歌颂,,歌颂,,gēsòng,动,pymupdf-native-table,
hsk_exam2025,page:248;sequence:6736,6736,7-9,7-9,,歌舞,,歌舞,,gēwǔ,名,pymupdf-native-table,
hsk_exam2025,page:248;sequence:6737,6737,7-9,7-9,,歌谣,,歌谣,,gēyáo,名,pymupdf-native-table,
hsk_exam2025,page:248;sequence:6738,6738,7-9,7-9,,搁置,,搁置,,gēzhì,动,pymupdf-native-table,
hsk_exam2025,page:248;sequence:6739,6739,7-9,7-9,,鸽子,,鸽子,,gēzi,名,pymupdf-native-table,
hsk_exam2025,page:248;sequence:6740,6740,7-9,7-9,,格格不入,,格格不入,,gégé-búrù,,pymupdf-native-table,
hsk_exam2025,page:248;sequence:6741,6741,7-9,7-9,,隔阂,,隔阂,,géhé,名,pymupdf-native-table,
hsk_exam2025,page:248;sequence:6742,6742,7-9,7-9,,格局,,格局,,géjú,名,pymupdf-native-table,
hsk_exam2025,page:248;sequence:6743,6743,7-9,7-9,,隔离,,隔离,,gélí,动,pymupdf-native-table,
hsk_exam2025,page:248;sequence:6744,6744,7-9,7-9,,阁楼,,阁楼,,gélóu,名,pymupdf-native-table,
hsk_exam2025,page:248;sequence:6745,6745,7-9,7-9,,格式,,格式,,géshi,名,pymupdf-native-table,
hsk_exam2025,page:248;sequence:6746,6746,7-9,7-9,,革新,,革新,,géxīn,动,pymupdf-native-table,
hsk_exam2025,page:248;sequence:6747,6747,7-9,7-9,,格子,,格子,,gézi,名,pymupdf-native-table,
hsk_exam2025,page:248;sequence:6748,6748,7-9,7-9,,个案,,个案,,gè’àn,名,pymupdf-native-table,
hsk_exam2025,page:248;sequence:6749,6749,7-9,7-9,,各抒己见,,各抒己见,,gèshū-jǐjiàn,,pymupdf-native-table,
hsk_exam2025,page:248;sequence:6750,6750,7-9,7-9,,个头儿,,个头儿,,gètóur,名,pymupdf-native-table,
hsk_exam2025,page:248;sequence:6751,6751,7-9,7-9,,根基,,根基,,gēnjī,名,pymupdf-native-table,
hsk_exam2025,page:248;sequence:6752,6752,7-9,7-9,,跟进,,跟进,,gēnjìn,动,pymupdf-native-table,
hsk_exam2025,page:248;sequence:6753,6753,7-9,7-9,,根深蒂固,,根深蒂固,,gēnshēn-dìgù,,pymupdf-native-table,
hsk_exam2025,page:248;sequence:6754,6754,7-9,7-9,,根源,,根源,,gēnyuán,名、动,pymupdf-native-table,
hsk_exam2025,page:248;sequence:6755,6755,7-9,7-9,,根治,,根治,,gēnzhì,动,pymupdf-native-table,
hsk_exam2025,page:248;sequence:6756,6756,7-9,7-9,,耕,,耕,,gēng,动,pymupdf-native-table,
hsk_exam2025,page:248;sequence:6757,6757,7-9,7-9,,耕地,,耕地,,gēngdì,动、名,pymupdf-native-table,
hsk_exam2025,page:248;sequence:6758,6758,7-9,7-9,,更改,,更改,,gēnggǎi,动,pymupdf-native-table,
hsk_exam2025,page:248;sequence:6759,6759,7-9,7-9,,更衣室,,更衣室,,gēngyīshì,名,pymupdf-native-table,
hsk_exam2025,page:248;sequence:6760,6760,7-9,7-9,,耕耘,,耕耘,,gēngyún,动,pymupdf-native-table,
hsk_exam2025,page:249;sequence:6761,6761,7-9,7-9,,更正,,更正,,gēngzhèng,动,pymupdf-native-table,
hsk_exam2025,page:249;sequence:6762,6762,7-9,7-9,,哽咽,,哽咽,,gěngyè,动,pymupdf-native-table,
hsk_exam2025,page:249;sequence:6763,6763,7-9,7-9,,耿直,,耿直,,gěngzhí,形,pymupdf-native-table,
hsk_exam2025,page:249;sequence:6764,6764,7-9,7-9,,弓,,弓,,gōng,名、动,pymupdf-native-table,
hsk_exam2025,page:249;sequence:6765,6765,7-9,7-9,,功,,功,,gōng,名,pymupdf-native-table,
hsk_exam2025,page:249;sequence:6766,6766,7-9,7-9,,攻,,攻,,gōng,动,pymupdf-native-table,
hsk_exam2025,page:249;sequence:6767,6767,7-9,7-9,,供,,供,,gōng,动,pymupdf-native-table,
hsk_exam2025,page:249;sequence:6768,6768,7-9,7-9,,公办,,公办,,gōngbàn,形,pymupdf-native-table,
hsk_exam2025,page:249;sequence:6769,6769,7-9,7-9,,供不应求,,供不应求,,gōngbúyìngqiú,,pymupdf-native-table,
hsk_exam2025,page:249;sequence:6770,6770,7-9,7-9,,功臣,,功臣,,gōngchén,名,pymupdf-native-table,
hsk_exam2025,page:249;sequence:6771,6771,7-9,7-9,,公道,,公道,,gōngdao,形,pymupdf-native-table,
hsk_exam2025,page:249;sequence:6772,6772,7-9,7-9,,功底,,功底,,gōngdǐ,名,pymupdf-native-table,
hsk_exam2025,page:249;sequence:6773,6773,7-9,7-9,,宫殿,,宫殿,,gōngdiàn,名,pymupdf-native-table,
hsk_exam2025,page:249;sequence:6774,6774,7-9,7-9,,攻读,,攻读,,gōngdú,动,pymupdf-native-table,
hsk_exam2025,page:249;sequence:6775,6775,7-9,7-9,,公费,,公费,,gōngfèi,名,pymupdf-native-table,
hsk_exam2025,page:249;sequence:6776,6776,7-9,7-9,,公关,,公关,,gōngguān,名,pymupdf-native-table,
hsk_exam2025,page:249;sequence:6777,6777,7-9,7-9,,攻关,,攻关,,gōngguān,动,pymupdf-native-table,
hsk_exam2025,page:249;sequence:6778,6778,7-9,7-9,,工会,,工会,,gōnghuì,名,pymupdf-native-table,
hsk_exam2025,page:249;sequence:6779,6779,7-9,7-9,,工匠,,工匠,,gōngjiàng,名,pymupdf-native-table,
hsk_exam2025,page:249;sequence:6780,6780,7-9,7-9,,恭敬,,恭敬,,gōngjìng,形,pymupdf-native-table,
hsk_exam2025,page:249;sequence:6781,6781,7-9,7-9,,攻克,,攻克,,gōngkè,动,pymupdf-native-table,
hsk_exam2025,page:249;sequence:6782,6782,7-9,7-9,,工科,,工科,,gōngkē,名,pymupdf-native-table,
hsk_exam2025,page:249;sequence:6783,6783,7-9,7-9,,公款,,公款,,gōngkuǎn,名,pymupdf-native-table,
hsk_exam2025,page:249;sequence:6784,6784,7-9,7-9,,功劳,,功劳,,gōngláo,名,pymupdf-native-table,
hsk_exam2025,page:249;sequence:6785,6785,7-9,7-9,,公立,,公立,,gōnglì,形,pymupdf-native-table,
hsk_exam2025,page:249;sequence:6786,6786,7-9,7-9,,功力,,功力,,gōnglì,名,pymupdf-native-table,
hsk_exam2025,page:249;sequence:6787,6787,7-9,7-9,,功利,,功利,,gōnglì,名,pymupdf-native-table,
hsk_exam2025,page:249;sequence:6788,6788,7-9,7-9,,功率,,功率,,gōnglǜ,名,pymupdf-native-table,
hsk_exam2025,page:249;sequence:6789,6789,7-9,7-9,,公墓,,公墓,,gōngmù,名,pymupdf-native-table,
hsk_exam2025,page:249;sequence:6790,6790,7-9,7-9,,供暖,,供暖,,gōngnuǎn,动,pymupdf-native-table,
hsk_exam2025,page:249;sequence:6791,6791,7-9,7-9,,公仆,,公仆,,gōngpú,名,pymupdf-native-table,
hsk_exam2025,page:249;sequence:6792,6792,7-9,7-9,,公顷,,公顷,,gōngqǐng,量,pymupdf-native-table,
hsk_exam2025,page:249;sequence:6793,6793,7-9,7-9,,供求,,供求,,gōngqiú,名,pymupdf-native-table,
hsk_exam2025,page:249;sequence:6794,6794,7-9,7-9,,公然,,公然,,gōngrán,副,pymupdf-native-table,
hsk_exam2025,page:249;sequence:6795,6795,7-9,7-9,,公示,,公示,,gōngshì,动,pymupdf-native-table,
hsk_exam2025,page:249;sequence:6796,6796,7-9,7-9,,公式,,公式,,gōngshì,名,pymupdf-native-table,
hsk_exam2025,page:249;sequence:6797,6797,7-9,7-9,,公事,,公事,,gōngshì,名,pymupdf-native-table,
hsk_exam2025,page:249;sequence:6798,6798,7-9,7-9,,攻势,,攻势,,gōngshì,名,pymupdf-native-table,
hsk_exam2025,page:249;sequence:6799,6799,7-9,7-9,,宫廷,,宫廷,,gōngtíng,名,pymupdf-native-table,
hsk_exam2025,page:249;sequence:6800,6800,7-9,7-9,,恭维,,恭维,,gōngwéi,动,pymupdf-native-table,
hsk_exam2025,page:250;sequence:6801,6801,7-9,7-9,,公务,,公务,,gōngwù,名,pymupdf-native-table,
hsk_exam2025,page:250;sequence:6802,6802,7-9,7-9,,供需,,供需,,gōngxū,名,pymupdf-native-table,
hsk_exam2025,page:250;sequence:6803,6803,7-9,7-9,,供养,,供养,,gōngyǎng,动,pymupdf-native-table,
hsk_exam2025,page:250;sequence:6804,6804,7-9,7-9,,供应链,,供应链,,gōngyìngliàn,名,pymupdf-native-table,
hsk_exam2025,page:250;sequence:6805,6805,7-9,7-9,,公用,,公用,,gōngyòng,动,pymupdf-native-table,
hsk_exam2025,page:250;sequence:6806,6806,7-9,7-9,,公约,,公约,,gōngyuē,名,pymupdf-native-table,
hsk_exam2025,page:250;sequence:6807,6807,7-9,7-9,,公证,,公证,,gōngzhèng,动,pymupdf-native-table,
hsk_exam2025,page:250;sequence:6808,6808,7-9,7-9,,工整,,工整,,gōngzhěng,形,pymupdf-native-table,
hsk_exam2025,page:250;sequence:6809,6809,7-9,7-9,,公职,,公职,,gōngzhí,名,pymupdf-native-table,
hsk_exam2025,page:250;sequence:6810,6810,7-9,7-9,,拱,,拱,,gǒng,动,pymupdf-native-table,
hsk_exam2025,page:250;sequence:6811,6811,7-9,7-9,,供奉,,供奉,,gòngfèng,动、名,pymupdf-native-table,
hsk_exam2025,page:250;sequence:6812,6812,7-9,7-9,,共和国,,共和国,,gònghéguó,名,pymupdf-native-table,
hsk_exam2025,page:250;sequence:6813,6813,7-9,7-9,,共鸣,,共鸣,,gòngmíng,动,pymupdf-native-table,
hsk_exam2025,page:250;sequence:6814,6814,7-9,7-9,,共识,,共识,,gòngshí,名,pymupdf-native-table,
hsk_exam2025,page:250;sequence:6815,6815,7-9,7-9,,共同体,,共同体,,gòngtóngtǐ,名,pymupdf-native-table,
hsk_exam2025,page:250;sequence:6816,6816,7-9,7-9,,共性,,共性,,gòngxìng,名,pymupdf-native-table,
hsk_exam2025,page:250;sequence:6817,6817,7-9,7-9,,勾,,勾,,gōu,动,pymupdf-native-table,
hsk_exam2025,page:250;sequence:6818,6818,7-9,7-9,,钩,,钩,,gōu,名、动,pymupdf-native-table,
hsk_exam2025,page:250;sequence:6819,6819,7-9,7-9,,勾结,,勾结,,gōujié,动,pymupdf-native-table,
hsk_exam2025,page:250;sequence:6820,6820,7-9,7-9,,勾勒,,勾勒,,gōulè,动,pymupdf-native-table,
hsk_exam2025,page:250;sequence:6821,6821,7-9,7-9,,构建,,构建,,gòujiàn,动,pymupdf-native-table,
hsk_exam2025,page:250;sequence:6822,6822,7-9,7-9,,够呛,,够呛,,gòuqiàng,形,pymupdf-native-table,
hsk_exam2025,page:250;sequence:6823,6823,7-9,7-9,,构思,,构思,,gòusī,动,pymupdf-native-table,
hsk_exam2025,page:250;sequence:6824,6824,7-9,7-9,,构想,,构想,,gòuxiǎng,动、名,pymupdf-native-table,
hsk_exam2025,page:250;sequence:6825,6825,7-9,7-9,,孤单,,孤单,,gūdān,形,pymupdf-native-table,
hsk_exam2025,page:250;sequence:6826,6826,7-9,7-9,,孤儿,,孤儿,,gū’ér,名,pymupdf-native-table,
hsk_exam2025,page:250;sequence:6827,6827,7-9,7-9,,辜负,,辜负,,gūfù,动,pymupdf-native-table,
hsk_exam2025,page:250;sequence:6828,6828,7-9,7-9,,孤立,,孤立,,gūlì,形、动,pymupdf-native-table,
hsk_exam2025,page:250;sequence:6829,6829,7-9,7-9,,孤零零,,孤零零,,gūlínglíng,形,pymupdf-native-table,
hsk_exam2025,page:250;sequence:6830,6830,7-9,7-9,,孤陋寡闻,,孤陋寡闻,,gūlòu-guǎwén,,pymupdf-native-table,
hsk_exam2025,page:250;sequence:6831,6831,7-9,7-9,,姑且,,姑且,,gūqiě,副,pymupdf-native-table,
hsk_exam2025,page:250;sequence:6832,6832,7-9,7-9,,估算,,估算,,gūsuàn,动,pymupdf-native-table,
hsk_exam2025,page:250;sequence:6833,6833,7-9,7-9,,股,,股,,gǔ,量,pymupdf-native-table,
hsk_exam2025,page:250;sequence:6834,6834,7-9,7-9,,鼓动,,鼓动,,gǔdòng,动,pymupdf-native-table,
hsk_exam2025,page:250;sequence:6835,6835,7-9,7-9,,古董,,古董,,gǔdǒng,名,pymupdf-native-table,
hsk_exam2025,page:250;sequence:6836,6836,7-9,7-9,,股东,,股东,,gǔdōng,名,pymupdf-native-table,
hsk_exam2025,page:250;sequence:6837,6837,7-9,7-9,,股份,,股份,,gǔfèn,名,pymupdf-native-table,
hsk_exam2025,page:250;sequence:6838,6838,7-9,7-9,,骨干,,骨干,,gǔgàn,名,pymupdf-native-table,
hsk_exam2025,page:250;sequence:6839,6839,7-9,7-9,,骨骼,,骨骼,,gǔgé,名,pymupdf-native-table,
hsk_exam2025,page:250;sequence:6840,6840,7-9,7-9,,古怪,,古怪,,gǔguài,形,pymupdf-native-table,
hsk_exam2025,page:251;sequence:6841,6841,7-9,7-9,,古籍,,古籍,,gǔjí,名,pymupdf-native-table,
hsk_exam2025,page:251;sequence:6842,6842,7-9,7-9,,骨架,,骨架,,gǔjià,名,pymupdf-native-table,
hsk_exam2025,page:251;sequence:6843,6843,7-9,7-9,,古今中外,,古今中外,,gǔjīn-zhōngwài,,pymupdf-native-table,
hsk_exam2025,page:251;sequence:6844,6844,7-9,7-9,,股民,,股民,,gǔmín,名,pymupdf-native-table,
hsk_exam2025,page:251;sequence:6845,6845,7-9,7-9,,古朴,,古朴,,gǔpǔ,形,pymupdf-native-table,
hsk_exam2025,page:251;sequence:6846,6846,7-9,7-9,,骨气,,骨气,,gǔqì,名,pymupdf-native-table,
hsk_exam2025,page:251;sequence:6847,6847,7-9,7-9,,谷物,,谷物,,gǔwù,名,pymupdf-native-table,
hsk_exam2025,page:251;sequence:6848,6848,7-9,7-9,,骨折,,骨折,,gǔzhé,动,pymupdf-native-table,
hsk_exam2025,page:251;sequence:6849,6849,7-9,7-9,,故,,故,,gù,副、连,pymupdf-native-table,
hsk_exam2025,page:251;sequence:6850,6850,7-9,7-9,,雇,,雇,,gù,动,pymupdf-native-table,
hsk_exam2025,page:251;sequence:6851,6851,7-9,7-9,,固化,,固化,,gùhuà,动,pymupdf-native-table,
hsk_exam2025,page:251;sequence:6852,6852,7-9,7-9,,顾及,,顾及,,gùjí,动,pymupdf-native-table,
hsk_exam2025,page:251;sequence:6853,6853,7-9,7-9,,顾虑,,顾虑,,gùlǜ,动、名,pymupdf-native-table,
hsk_exam2025,page:251;sequence:6854,6854,7-9,7-9,,顾名思义,,顾名思义,,gùmíng-sīyì,,pymupdf-native-table,
hsk_exam2025,page:251;sequence:6855,6855,7-9,7-9,,顾全大局,,顾全大局,,gùquán-dàjú,,pymupdf-native-table,
hsk_exam2025,page:251;sequence:6856,6856,7-9,7-9,,固然,,固然,,gùrán,连,pymupdf-native-table,
hsk_exam2025,page:251;sequence:6857,6857,7-9,7-9,,雇佣,,雇佣,,gùyōng,动,pymupdf-native-table,
hsk_exam2025,page:251;sequence:6858,6858,7-9,7-9,,固有,,固有,,gùyǒu,形,pymupdf-native-table,
hsk_exam2025,page:251;sequence:6859,6859,7-9,7-9,,雇员,,雇员,,gùyuán,名,pymupdf-native-table,
hsk_exam2025,page:251;sequence:6860,6860,7-9,7-9,,固执,,固执,,gùzhi,形,pymupdf-native-table,
hsk_exam2025,page:251;sequence:6861,6861,7-9,7-9,,雇主,,雇主,,gùzhǔ,名,pymupdf-native-table,
hsk_exam2025,page:251;sequence:6862,6862,7-9,7-9,,瓜分,,瓜分,,guāfēn,动,pymupdf-native-table,
hsk_exam2025,page:251;sequence:6863,6863,7-9,7-9,,刮目相看,,刮目相看,,guāmù-xiāngkàn,,pymupdf-native-table,
hsk_exam2025,page:251;sequence:6864,6864,7-9,7-9,,瓜子,,瓜子,,guāzǐ,名,pymupdf-native-table,
hsk_exam2025,page:251;sequence:6865,6865,7-9,7-9,,寡妇,,寡妇,,guǎfu,名,pymupdf-native-table,
hsk_exam2025,page:251;sequence:6866,6866,7-9,7-9,,挂钩,,挂钩,,guàgōu,动、名,pymupdf-native-table,
hsk_exam2025,page:251;sequence:6867,6867,7-9,7-9,,挂念,,挂念,,guàniàn,动,pymupdf-native-table,
hsk_exam2025,page:251;sequence:6868,6868,7-9,7-9,,挂失,,挂失,,guàshī,动,pymupdf-native-table,
hsk_exam2025,page:251;sequence:6869,6869,7-9,7-9,,乖,,乖,,guāi,形,pymupdf-native-table,
hsk_exam2025,page:251;sequence:6870,6870,7-9,7-9,,乖巧,,乖巧,,guāiqiǎo,形,pymupdf-native-table,
hsk_exam2025,page:251;sequence:6871,6871,7-9,7-9,,拐杖,,拐杖,,guǎizhàng,名,pymupdf-native-table,
hsk_exam2025,page:251;sequence:6872,6872,7-9,7-9,,怪不得,,怪不得,,guàibude,动、副,pymupdf-native-table,
hsk_exam2025,page:251;sequence:6873,6873,7-9,7-9,,怪物,,怪物,,guàiwu,名,pymupdf-native-table,
hsk_exam2025,page:251;sequence:6874,6874,7-9,7-9,,怪异,,怪异,,guàiyì,形、名,pymupdf-native-table,
hsk_exam2025,page:251;sequence:6875,6875,7-9,7-9,,官兵,,官兵,,guānbīng,名,pymupdf-native-table,
hsk_exam2025,page:251;sequence:6876,6876,7-9,7-9,,棺材,,棺材,,guāncai,名,pymupdf-native-table,
hsk_exam2025,page:251;sequence:6877,6877,7-9,7-9,,观测,,观测,,guāncè,动,pymupdf-native-table,
hsk_exam2025,page:251;sequence:6878,6878,7-9,7-9,,观感,,观感,,guāngǎn,名,pymupdf-native-table,
hsk_exam2025,page:251;sequence:6879,6879,7-9,7-9,,关节,,关节,,guānjié,名,pymupdf-native-table,
hsk_exam2025,page:251;sequence:6880,6880,7-9,7-9,,官吏,,官吏,,guānlì,名,pymupdf-native-table,
hsk_exam2025,page:252;sequence:6881,6881,7-9,7-9,,官僚,,官僚,,guānliáo,名,pymupdf-native-table,
hsk_exam2025,page:252;sequence:6882,6882,7-9,7-9,,观摩,,观摩,,guānmó,动,pymupdf-native-table,
hsk_exam2025,page:252;sequence:6883,6883,7-9,7-9,,关切,,关切,,guānqiè,动,pymupdf-native-table,
hsk_exam2025,page:252;sequence:6884,6884,7-9,7-9,,关税,,关税,,guānshuì,名,pymupdf-native-table,
hsk_exam2025,page:252;sequence:6885,6885,7-9,7-9,,官司,,官司,,guānsi,名,pymupdf-native-table,
hsk_exam2025,page:252;sequence:6886,6886,7-9,7-9,,关头,,关头,,guāntóu,名,pymupdf-native-table,
hsk_exam2025,page:252;sequence:6887,6887,7-9,7-9,,观望,,观望,,guānwàng,动,pymupdf-native-table,
hsk_exam2025,page:252;sequence:6888,6888,7-9,7-9,,关照,,关照,,guānzhào,动,pymupdf-native-table,
hsk_exam2025,page:252;sequence:6889,6889,7-9,7-9,,管家,,管家,,guǎnjiā,名,pymupdf-native-table,
hsk_exam2025,page:252;sequence:6890,6890,7-9,7-9,,管教,,管教,,guǎnjiào,动、名,pymupdf-native-table,
hsk_exam2025,page:252;sequence:6891,6891,7-9,7-9,,管辖,,管辖,,guǎnxiá,动,pymupdf-native-table,
hsk_exam2025,page:252;sequence:6892,6892,7-9,7-9,,管用,,管用,,guǎnyòng,形,pymupdf-native-table,
hsk_exam2025,page:252;sequence:6893,6893,7-9,7-9,,惯,,惯,,guàn,动,pymupdf-native-table,
hsk_exam2025,page:252;sequence:6894,6894,7-9,7-9,,灌,,灌,,guàn,动,pymupdf-native-table,
hsk_exam2025,page:252;sequence:6895,6895,7-9,7-9,,贯彻,,贯彻,,guànchè,动,pymupdf-native-table,
hsk_exam2025,page:252;sequence:6896,6896,7-9,7-9,,贯穿,,贯穿,,guànchuān,动,pymupdf-native-table,
hsk_exam2025,page:252;sequence:6897,6897,7-9,7-9,,灌溉,,灌溉,,guàngài,动,pymupdf-native-table,
hsk_exam2025,page:252;sequence:6898,6898,7-9,7-9,,惯例,,惯例,,guànlì,名,pymupdf-native-table,
hsk_exam2025,page:252;sequence:6899,6899,7-9,7-9,,灌输,,灌输,,guànshū,动,pymupdf-native-table,
hsk_exam2025,page:252;sequence:6900,6900,7-9,7-9,,贯通,,贯通,,guàntōng,动,pymupdf-native-table,
hsk_exam2025,page:252;sequence:6901,6901,7-9,7-9,,罐头,,罐头,,guàntou,名,pymupdf-native-table,
hsk_exam2025,page:252;sequence:6902,6902,7-9,7-9,,惯性,,惯性,,guànxìng,名,pymupdf-native-table,
hsk_exam2025,page:252;sequence:6903,6903,7-9,7-9,,光彩,,光彩,,guāngcǎi,名、形,pymupdf-native-table,
hsk_exam2025,page:252;sequence:6904,6904,7-9,7-9,,光顾,,光顾,,guānggù,动,pymupdf-native-table,
hsk_exam2025,page:252;sequence:6905,6905,7-9,7-9,,光滑,,光滑,,guānghuá,形,pymupdf-native-table,
hsk_exam2025,page:252;sequence:6906,6906,7-9,7-9,,光环,,光环,,guānghuán,名,pymupdf-native-table,
hsk_exam2025,page:252;sequence:6907,6907,7-9,7-9,,光辉,,光辉,,guānghuī,名、形,pymupdf-native-table,
hsk_exam2025,page:252;sequence:6908,6908,7-9,7-9,,光缆,,光缆,,guānglǎn,名,pymupdf-native-table,
hsk_exam2025,page:252;sequence:6909,6909,7-9,7-9,,光芒,,光芒,,guāngmáng,名,pymupdf-native-table,
hsk_exam2025,page:252;sequence:6910,6910,7-9,7-9,,光明磊落,,光明磊落,,guāngmíng-lěiluò,,pymupdf-native-table,
hsk_exam2025,page:252;sequence:6911,6911,7-9,7-9,,光盘,,光盘,,guāngpán,名,pymupdf-native-table,
hsk_exam2025,page:252;sequence:6912,6912,7-9,7-9,,光荣,,光荣,,guāngróng,形、名,pymupdf-native-table,
hsk_exam2025,page:252;sequence:6913,6913,7-9,7-9,,光泽,,光泽,,guāngzé,名,pymupdf-native-table,
hsk_exam2025,page:252;sequence:6914,6914,7-9,7-9,,广义,,广义,,guǎngyì,名,pymupdf-native-table,
hsk_exam2025,page:252;sequence:6915,6915,7-9,7-9,,龟,,龟,,guī,名,pymupdf-native-table,
hsk_exam2025,page:252;sequence:6916,6916,7-9,7-9,,瑰宝,,瑰宝,,guībǎo,名,pymupdf-native-table,
hsk_exam2025,page:252;sequence:6917,6917,7-9,7-9,,规格,,规格,,guīgé,名,pymupdf-native-table,
hsk_exam2025,page:252;sequence:6918,6918,7-9,7-9,,归根到底,,归根到底,,guīgēn-dàodǐ,,pymupdf-native-table,
hsk_exam2025,page:252;sequence:6919,6919,7-9,7-9,,归结,,归结,,guījié,动,pymupdf-native-table,
hsk_exam2025,page:252;sequence:6920,6920,7-9,7-9,,归来,,归来,,guīlái,动,pymupdf-native-table,
hsk_exam2025,page:253;sequence:6921,6921,7-9,7-9,,归纳,,归纳,,guīnà,动,pymupdf-native-table,
hsk_exam2025,page:253;sequence:6922,6922,7-9,7-9,,闺女,,闺女,,guīnü,名,pymupdf-native-table,
hsk_exam2025,page:253;sequence:6923,6923,7-9,7-9,,归属,,归属,,guīshǔ,动,pymupdf-native-table,
hsk_exam2025,page:253;sequence:6924,6924,7-9,7-9,,归宿,,归宿,,guīsù,名,pymupdf-native-table,
hsk_exam2025,page:253;sequence:6925,6925,7-9,7-9,,归于,,归于,,guīyú,动,pymupdf-native-table,
hsk_exam2025,page:253;sequence:6926,6926,7-9,7-9,,规章,,规章,,guīzhāng,名,pymupdf-native-table,
hsk_exam2025,page:253;sequence:6927,6927,7-9,7-9,,鬼,,鬼,,guǐ,名、形,pymupdf-native-table,
hsk_exam2025,page:253;sequence:6928,6928,7-9,7-9,,轨迹,,轨迹,,guǐjì,名,pymupdf-native-table,
hsk_exam2025,page:253;sequence:6929,6929,7-9,7-9,,诡计,,诡计,,guǐjì,名,pymupdf-native-table,
hsk_exam2025,page:253;sequence:6930,6930,7-9,7-9,,贵宾,,贵宾,,guìbīn,名,pymupdf-native-table,
hsk_exam2025,page:253;sequence:6931,6931,7-9,7-9,,桂花,,桂花,,guìhuā,名,pymupdf-native-table,
hsk_exam2025,page:253;sequence:6932,6932,7-9,7-9,,柜台,,柜台,,guìtái,名,pymupdf-native-table,
hsk_exam2025,page:253;sequence:6933,6933,7-9,7-9,,贵族,,贵族,,guìzú,名,pymupdf-native-table,
hsk_exam2025,page:253;sequence:6934,6934,7-9,7-9,,滚动,,滚动,,gǔndòng,动,pymupdf-native-table,
hsk_exam2025,page:253;sequence:6935,6935,7-9,7-9,,国防,,国防,,guófáng,名,pymupdf-native-table,
hsk_exam2025,page:253;sequence:6936,6936,7-9,7-9,,国徽,,国徽,,guóhuī,名,pymupdf-native-table,
hsk_exam2025,page:253;sequence:6937,6937,7-9,7-9,,国民,,国民,,guómín,名,pymupdf-native-table,
hsk_exam2025,page:253;sequence:6938,6938,7-9,7-9,,国土,,国土,,guótǔ,名,pymupdf-native-table,
hsk_exam2025,page:253;sequence:6939,6939,7-9,7-9,,国务院,,国务院,,guówùyuàn,名,pymupdf-native-table,
hsk_exam2025,page:253;sequence:6940,6940,7-9,7-9,,国学,,国学,,guóxué,名,pymupdf-native-table,
hsk_exam2025,page:253;sequence:6941,6941,7-9,7-9,,国有,,国有,,guóyǒu,动,pymupdf-native-table,
hsk_exam2025,page:253;sequence:6942,6942,7-9,7-9,,裹,,裹,,guǒ,动,pymupdf-native-table,
hsk_exam2025,page:253;sequence:6943,6943,7-9,7-9,,果断,,果断,,guǒduàn,形,pymupdf-native-table,
hsk_exam2025,page:253;sequence:6944,6944,7-9,7-9,,果真,,果真,,guǒzhēn,副、连,pymupdf-native-table,
hsk_exam2025,page:253;sequence:6945,6945,7-9,7-9,,过意不去,,过意不去,,guò yì bú qù,,pymupdf-native-table,
hsk_exam2025,page:253;sequence:6946,6946,7-9,7-9,,过半,,过半,,guòbàn,动,pymupdf-native-table,
hsk_exam2025,page:253;sequence:6947,6947,7-9,7-9,,过不去,,过不去,,guòbuqù,动,pymupdf-native-table,
hsk_exam2025,page:253;sequence:6948,6948,7-9,7-9,,过错,,过错,,guòcuò,名,pymupdf-native-table,
hsk_exam2025,page:253;sequence:6949,6949,7-9,7-9,,过道,,过道,,guòdào,名,pymupdf-native-table,
hsk_exam2025,page:253;sequence:6950,6950,7-9,7-9,,过关,,过关,,guòguān,动,pymupdf-native-table,
hsk_exam2025,page:253;sequence:6951,6951,7-9,7-9,,过奖,,过奖,,guòjiǎng,动,pymupdf-native-table,
hsk_exam2025,page:253;sequence:6952,6952,7-9,7-9,,过境,,过境,,guòjìng,动,pymupdf-native-table,
hsk_exam2025,page:253;sequence:6953,6953,7-9,7-9,,过量,,过量,,guòliàng,动,pymupdf-native-table,
hsk_exam2025,page:253;sequence:6954,6954,7-9,7-9,,过滤,,过滤,,guòlǜ,动,pymupdf-native-table,
hsk_exam2025,page:253;sequence:6955,6955,7-9,7-9,,过剩,,过剩,,guòshèng,动,pymupdf-native-table,
hsk_exam2025,page:253;sequence:6956,6956,7-9,7-9,,过失,,过失,,guòshī,名,pymupdf-native-table,
hsk_exam2025,page:253;sequence:6957,6957,7-9,7-9,,过头,,过头,,guòtóu,形,pymupdf-native-table,
hsk_exam2025,page:253;sequence:6958,6958,7-9,7-9,,过往,,过往,,guòwǎng,动、名,pymupdf-native-table,
hsk_exam2025,page:253;sequence:6959,6959,7-9,7-9,,过问,,过问,,guòwèn,动,pymupdf-native-table,
hsk_exam2025,page:253;sequence:6960,6960,7-9,7-9,,过瘾,,过瘾,,guòyǐn,形,pymupdf-native-table,
hsk_exam2025,page:254;sequence:6961,6961,7-9,7-9,,过硬,,过硬,,guòyìng,形,pymupdf-native-table,
hsk_exam2025,page:254;sequence:6962,6962,7-9,7-9,,海报,,海报,,hǎibào,名,pymupdf-native-table,
hsk_exam2025,page:254;sequence:6963,6963,7-9,7-9,,海滨,,海滨,,hǎibīn,名,pymupdf-native-table,
hsk_exam2025,page:254;sequence:6964,6964,7-9,7-9,,海盗,,海盗,,hǎidào,名,pymupdf-native-table,
hsk_exam2025,page:254;sequence:6965,6965,7-9,7-9,,海军,,海军,,hǎijūn,名,pymupdf-native-table,
hsk_exam2025,page:254;sequence:6966,6966,7-9,7-9,,海量,,海量,,hǎiliàng,名、形,pymupdf-native-table,
hsk_exam2025,page:254;sequence:6967,6967,7-9,7-9,,海绵,,海绵,,hǎimián,名,pymupdf-native-table,
hsk_exam2025,page:254;sequence:6968,6968,7-9,7-9,,海滩,,海滩,,hǎitān,名,pymupdf-native-table,
hsk_exam2025,page:254;sequence:6969,6969,7-9,7-9,,海豚,,海豚,,hǎitún,名,pymupdf-native-table,
hsk_exam2025,page:254;sequence:6970,6970,7-9,7-9,,海湾,,海湾,,hǎiwān,名,pymupdf-native-table,
hsk_exam2025,page:254;sequence:6971,6971,7-9,7-9,,海峡,,海峡,,hǎixiá,名,pymupdf-native-table,
hsk_exam2025,page:254;sequence:6972,6972,7-9,7-9,,海啸,,海啸,,hǎixiào,名,pymupdf-native-table,
hsk_exam2025,page:254;sequence:6973,6973,7-9,7-9,,海运,,海运,,hǎiyùn,动,pymupdf-native-table,
hsk_exam2025,page:254;sequence:6974,6974,7-9,7-9,,海藻,,海藻,,hǎizǎo,名,pymupdf-native-table,
hsk_exam2025,page:254;sequence:6975,6975,7-9,7-9,,害虫,,害虫,,hàichóng,名,pymupdf-native-table,
hsk_exam2025,page:254;sequence:6976,6976,7-9,7-9,,骇人听闻,,骇人听闻,,hàiréntīngwén,,pymupdf-native-table,
hsk_exam2025,page:254;sequence:6977,6977,7-9,7-9,,酣畅,,酣畅,,hānchàng,形,pymupdf-native-table,
hsk_exam2025,page:254;sequence:6978,6978,7-9,7-9,,憨厚,,憨厚,,hānhòu,形,pymupdf-native-table,
hsk_exam2025,page:254;sequence:6979,6979,7-9,7-9,,酣睡,,酣睡,,hānshuì,动,pymupdf-native-table,
hsk_exam2025,page:254;sequence:6980,6980,7-9,7-9,,函,,函,,hán,名,pymupdf-native-table,
hsk_exam2025,page:254;sequence:6981,6981,7-9,7-9,,寒带,,寒带,,hándài,名,pymupdf-native-table,
hsk_exam2025,page:254;sequence:6982,6982,7-9,7-9,,涵盖,,涵盖,,hángài,动,pymupdf-native-table,
hsk_exam2025,page:254;sequence:6983,6983,7-9,7-9,,含糊,,含糊,,hánhu,形,pymupdf-native-table,
hsk_exam2025,page:254;sequence:6984,6984,7-9,7-9,,含蓄,,含蓄,,hánxù,动、形,pymupdf-native-table,
hsk_exam2025,page:254;sequence:6985,6985,7-9,7-9,,寒暄,,寒暄,,hánxuān,动,pymupdf-native-table,
hsk_exam2025,page:254;sequence:6986,6986,7-9,7-9,,汉服,,汉服,,Hànfú,名,pymupdf-native-table,
hsk_exam2025,page:254;sequence:6987,6987,7-9,7-9,,汗马功劳,,汗马功劳,,hànmǎ-gōngláo,,pymupdf-native-table,
hsk_exam2025,page:254;sequence:6988,6988,7-9,7-9,,捍卫,,捍卫,,hànwèi,动,pymupdf-native-table,
hsk_exam2025,page:254;sequence:6989,6989,7-9,7-9,,夯实,,夯实,,hāngshí,动,pymupdf-native-table,
hsk_exam2025,page:254;sequence:6990,6990,7-9,7-9,,航海,,航海,,hánghǎi,动,pymupdf-native-table,
hsk_exam2025,page:254;sequence:6991,6991,7-9,7-9,,行家,,行家,,hángjia,名,pymupdf-native-table,
hsk_exam2025,page:254;sequence:6992,6992,7-9,7-9,,行列,,行列,,hángliè,名,pymupdf-native-table,
hsk_exam2025,page:254;sequence:6993,6993,7-9,7-9,,行情,,行情,,hángqíng,名,pymupdf-native-table,
hsk_exam2025,page:254;sequence:6994,6994,7-9,7-9,,航天,,航天,,hángtiān,动,pymupdf-native-table,
hsk_exam2025,page:254;sequence:6995,6995,7-9,7-9,,航天员,,航天员,,hángtiānyuán,名,pymupdf-native-table,
hsk_exam2025,page:254;sequence:6996,6996,7-9,7-9,,航行,,航行,,hángxíng,动,pymupdf-native-table,
hsk_exam2025,page:254;sequence:6997,6997,7-9,7-9,,航运,,航运,,hángyùn,名,pymupdf-native-table,
hsk_exam2025,page:254;sequence:6998,6998,7-9,7-9,,豪华,,豪华,,háohuá,形,pymupdf-native-table,
hsk_exam2025,page:254;sequence:6999,6999,7-9,7-9,,豪迈,,豪迈,,háomài,形,pymupdf-native-table,
hsk_exam2025,page:254;sequence:7000,7000,7-9,7-9,,好比,,好比,,hǎobǐ,动,pymupdf-native-table,
hsk_exam2025,page:255;sequence:7001,7001,7-9,7-9,,好歹,,好歹,,hǎodǎi,名、副,pymupdf-native-table,
hsk_exam2025,page:255;sequence:7002,7002,7-9,7-9,,好受,,好受,,hǎoshòu,形,pymupdf-native-table,
hsk_exam2025,page:255;sequence:7003,7003,7-9,7-9,,好说,,好说,,hǎoshuō,动,pymupdf-native-table,
hsk_exam2025,page:255;sequence:7004,7004,7-9,7-9,,好似,,好似,,hǎosì,动,pymupdf-native-table,
hsk_exam2025,page:255;sequence:7005,7005,7-9,7-9,,好心,,好心,,hǎoxīn,名,pymupdf-native-table,
hsk_exam2025,page:255;sequence:7006,7006,7-9,7-9,,好意,,好意,,hǎoyì,名,pymupdf-native-table,
hsk_exam2025,page:255;sequence:7007,7007,7-9,7-9,,好在,,好在,,hǎozài,副,pymupdf-native-table,
hsk_exam2025,page:255;sequence:7008,7008,7-9,7-9,,耗,,耗,,hào,动,pymupdf-native-table,
hsk_exam2025,page:255;sequence:7009,7009,7-9,7-9,,号称,,号称,,hàochēng,动,pymupdf-native-table,
hsk_exam2025,page:255;sequence:7010,7010,7-9,7-9,,耗费,,耗费,,hàofèi,动,pymupdf-native-table,
hsk_exam2025,page:255;sequence:7011,7011,7-9,7-9,,浩瀚,,浩瀚,,hàohàn,形,pymupdf-native-table,
hsk_exam2025,page:255;sequence:7012,7012,7-9,7-9,,浩劫,,浩劫,,hàojié,名,pymupdf-native-table,
hsk_exam2025,page:255;sequence:7013,7013,7-9,7-9,,好胜,,好胜,,hàoshèng,形,pymupdf-native-table,
hsk_exam2025,page:255;sequence:7014,7014,7-9,7-9,,耗时,,耗时,,hàoshí,动,pymupdf-native-table,
hsk_exam2025,page:255;sequence:7015,7015,7-9,7-9,,呵,,呵,,hē,动,pymupdf-native-table,
hsk_exam2025,page:255;sequence:7016,7016,7-9,7-9,,呵护,,呵护,,hēhù,动,pymupdf-native-table,
hsk_exam2025,page:255;sequence:7017,7017,7-9,7-9,,何,,何,,hé,代,pymupdf-native-table,
hsk_exam2025,page:255;sequence:7018,7018,7-9,7-9,,和,,和2,2,hé,形,pymupdf-native-table,
hsk_exam2025,page:255;sequence:7019,7019,7-9,7-9,,核,,核,,hé,名,pymupdf-native-table,
hsk_exam2025,page:255;sequence:7020,7020,7-9,7-9,,和蔼,,和蔼,,hé’ǎi,形,pymupdf-native-table,
hsk_exam2025,page:255;sequence:7021,7021,7-9,7-9,,何必,,何必,,hébì,副,pymupdf-native-table,
hsk_exam2025,page:255;sequence:7022,7022,7-9,7-9,,核查,,核查,,héchá,动,pymupdf-native-table,
hsk_exam2025,page:255;sequence:7023,7023,7-9,7-9,,合唱,,合唱,,héchàng,动,pymupdf-native-table,
hsk_exam2025,page:255;sequence:7024,7024,7-9,7-9,,何等,,何等,,héděng,代、副,pymupdf-native-table,
hsk_exam2025,page:255;sequence:7025,7025,7-9,7-9,,核电站,,核电站,,hédiànzhàn,名,pymupdf-native-table,
hsk_exam2025,page:255;sequence:7026,7026,7-9,7-9,,核对,,核对,,héduì,动,pymupdf-native-table,
hsk_exam2025,page:255;sequence:7027,7027,7-9,7-9,,和好,,和好,,héhǎo,形、动,pymupdf-native-table,
hsk_exam2025,page:255;sequence:7028,7028,7-9,7-9,,合乎,,合乎,,héhū,动,pymupdf-native-table,
hsk_exam2025,page:255;sequence:7029,7029,7-9,7-9,,荷花,,荷花,,héhuā,名,pymupdf-native-table,
hsk_exam2025,page:255;sequence:7030,7030,7-9,7-9,,合伙,,合伙,,héhuǒ,动,pymupdf-native-table,
hsk_exam2025,page:255;sequence:7031,7031,7-9,7-9,,合计,,合计,,héjì,动,pymupdf-native-table,
hsk_exam2025,page:255;sequence:7032,7032,7-9,7-9,,和解,,和解,,héjiě,动,pymupdf-native-table,
hsk_exam2025,page:255;sequence:7033,7033,7-9,7-9,,何苦,,何苦,,hékǔ,副,pymupdf-native-table,
hsk_exam2025,page:255;sequence:7034,7034,7-9,7-9,,何况,,何况,,hékuàng,连,pymupdf-native-table,
hsk_exam2025,page:255;sequence:7035,7035,7-9,7-9,,禾苗,,禾苗,,hémiáo,名,pymupdf-native-table,
hsk_exam2025,page:255;sequence:7036,7036,7-9,7-9,,和睦,,和睦,,hémù,形,pymupdf-native-table,
hsk_exam2025,page:255;sequence:7037,7037,7-9,7-9,,核能,,核能,,hénéng,名,pymupdf-native-table,
hsk_exam2025,page:255;sequence:7038,7038,7-9,7-9,,河畔,,河畔,,hépàn,名,pymupdf-native-table,
hsk_exam2025,page:255;sequence:7039,7039,7-9,7-9,,和平共处,,和平共处,,hépíng gòngchǔ,,pymupdf-native-table,
hsk_exam2025,page:255;sequence:7040,7040,7-9,7-9,,和气,,和气,,héqi,形、名,pymupdf-native-table,
hsk_exam2025,page:256;sequence:7041,7041,7-9,7-9,,和尚,,和尚,,héshang,名,pymupdf-native-table,
hsk_exam2025,page:256;sequence:7042,7042,7-9,7-9,,核实,,核实,,héshí,动,pymupdf-native-table,
hsk_exam2025,page:256;sequence:7043,7043,7-9,7-9,,核桃,,核桃,,hétao,名,pymupdf-native-table,
hsk_exam2025,page:256;sequence:7044,7044,7-9,7-9,,核武器,,核武器,,héwǔqì,名,pymupdf-native-table,
hsk_exam2025,page:256;sequence:7045,7045,7-9,7-9,,合约,,合约,,héyuē,名,pymupdf-native-table,
hsk_exam2025,page:256;sequence:7046,7046,7-9,7-9,,何止,,何止,,hézhǐ,动,pymupdf-native-table,
hsk_exam2025,page:256;sequence:7047,7047,7-9,7-9,,合资,,合资,,hézī,动,pymupdf-native-table,
hsk_exam2025,page:256;sequence:7048,7048,7-9,7-9,,喝彩,,喝彩,,hècǎi,动,pymupdf-native-table,
hsk_exam2025,page:256;sequence:7049,7049,7-9,7-9,,贺电,,贺电,,hèdiàn,名,pymupdf-native-table,
hsk_exam2025,page:256;sequence:7050,7050,7-9,7-9,,鹤立鸡群,,鹤立鸡群,,hèlìjīqún,,pymupdf-native-table,
hsk_exam2025,page:256;sequence:7051,7051,7-9,7-9,,赫然,,赫然,,hèrán,形,pymupdf-native-table,
hsk_exam2025,page:256;sequence:7052,7052,7-9,7-9,,贺信,,贺信,,hèxìn,名,pymupdf-native-table,
hsk_exam2025,page:256;sequence:7053,7053,7-9,7-9,,黑客,,黑客,,hēikè,名,pymupdf-native-table,
hsk_exam2025,page:256;sequence:7054,7054,7-9,7-9,,黑马,,黑马,,hēimǎ,名,pymupdf-native-table,
hsk_exam2025,page:256;sequence:7055,7055,7-9,7-9,,黑名单,,黑名单,,hēimíngdān,名,pymupdf-native-table,
hsk_exam2025,page:256;sequence:7056,7056,7-9,7-9,,恨不得,,恨不得,,hènbude,动,pymupdf-native-table,
hsk_exam2025,page:256;sequence:7057,7057,7-9,7-9,,哼,,哼,,hēng,动,pymupdf-native-table,
hsk_exam2025,page:256;sequence:7058,7058,7-9,7-9,,横,,横,,héng,形,pymupdf-native-table,
hsk_exam2025,page:256;sequence:7059,7059,7-9,7-9,,横向,,横向,,héngxiàng,形,pymupdf-native-table,
hsk_exam2025,page:256;sequence:7060,7060,7-9,7-9,,恒星,,恒星,,héngxīng,名,pymupdf-native-table,
hsk_exam2025,page:256;sequence:7061,7061,7-9,7-9,,轰,,轰,,hōng,拟声、动,pymupdf-native-table,
hsk_exam2025,page:256;sequence:7062,7062,7-9,7-9,,烘,,烘,,hōng,动,pymupdf-native-table,
hsk_exam2025,page:256;sequence:7063,7063,7-9,7-9,,烘焙,,烘焙,,hōngbèi,动,pymupdf-native-table,
hsk_exam2025,page:256;sequence:7064,7064,7-9,7-9,,轰动,,轰动,,hōngdòng,动,pymupdf-native-table,
hsk_exam2025,page:256;sequence:7065,7065,7-9,7-9,,烘干,,烘干,,hōnggān,动,pymupdf-native-table,
hsk_exam2025,page:256;sequence:7066,7066,7-9,7-9,,哄堂大笑,,哄堂大笑,,hōngtáng-dàxiào,,pymupdf-native-table,
hsk_exam2025,page:256;sequence:7067,7067,7-9,7-9,,烘托,,烘托,,hōngtuō,动,pymupdf-native-table,
hsk_exam2025,page:256;sequence:7068,7068,7-9,7-9,,轰炸,,轰炸,,hōngzhà,动,pymupdf-native-table,
hsk_exam2025,page:256;sequence:7069,7069,7-9,7-9,,宏观,,宏观,,hóngguān,形,pymupdf-native-table,
hsk_exam2025,page:256;sequence:7070,7070,7-9,7-9,,红火,,红火,,hónghuo,形,pymupdf-native-table,
hsk_exam2025,page:256;sequence:7071,7071,7-9,7-9,,红利,,红利,,hónglì,名,pymupdf-native-table,
hsk_exam2025,page:256;sequence:7072,7072,7-9,7-9,,洪亮,,洪亮,,hóngliàng,形,pymupdf-native-table,
hsk_exam2025,page:256;sequence:7073,7073,7-9,7-9,,红扑扑,,红扑扑,,hóngpūpū,形,pymupdf-native-table,
hsk_exam2025,page:256;sequence:7074,7074,7-9,7-9,,红润,,红润,,hóngrùn,形,pymupdf-native-table,
hsk_exam2025,page:256;sequence:7075,7075,7-9,7-9,,红薯,,红薯,,hóngshǔ,名,pymupdf-native-table,
hsk_exam2025,page:256;sequence:7076,7076,7-9,7-9,,宏伟,,宏伟,,hóngwěi,形,pymupdf-native-table,
hsk_exam2025,page:256;sequence:7077,7077,7-9,7-9,,弘扬,,弘扬,,hóngyáng,动,pymupdf-native-table,
hsk_exam2025,page:256;sequence:7078,7078,7-9,7-9,,哄,,哄,,hǒng,动,pymupdf-native-table,
hsk_exam2025,page:256;sequence:7079,7079,7-9,7-9,,喉咙,,喉咙,,hóulóng,名,pymupdf-native-table,
hsk_exam2025,page:256;sequence:7080,7080,7-9,7-9,,吼,,吼,,hǒu,动,pymupdf-native-table,
hsk_exam2025,page:257;sequence:7081,7081,7-9,7-9,,后备,,后备,,hòubèi,形、名,pymupdf-native-table,
hsk_exam2025,page:257;sequence:7082,7082,7-9,7-9,,后备箱,,后备箱,,hòubèixiāng,名,pymupdf-native-table,
hsk_exam2025,page:257;sequence:7083,7083,7-9,7-9,,厚道,,厚道,,hòudao,形,pymupdf-native-table,
hsk_exam2025,page:257;sequence:7084,7084,7-9,7-9,,后盾,,后盾,,hòudùn,名,pymupdf-native-table,
hsk_exam2025,page:257;sequence:7085,7085,7-9,7-9,,后顾之忧,,后顾之忧,,hòugùzhīyōu,,pymupdf-native-table,
hsk_exam2025,page:257;sequence:7086,7086,7-9,7-9,,后勤,,后勤,,hòuqín,名,pymupdf-native-table,
hsk_exam2025,page:257;sequence:7087,7087,7-9,7-9,,后世,,后世,,hòushì,名,pymupdf-native-table,
hsk_exam2025,page:257;sequence:7088,7088,7-9,7-9,,后台,,后台,,hòutái,名,pymupdf-native-table,
hsk_exam2025,page:257;sequence:7089,7089,7-9,7-9,,后续,,后续,,hòuxù,形,pymupdf-native-table,
hsk_exam2025,page:257;sequence:7090,7090,7-9,7-9,,候选人,,候选人,,hòuxuǎnrén,名,pymupdf-native-table,
hsk_exam2025,page:257;sequence:7091,7091,7-9,7-9,,后裔,,后裔,,hòuyì,名,pymupdf-native-table,
hsk_exam2025,page:257;sequence:7092,7092,7-9,7-9,,后遗症,,后遗症,,hòuyízhèng,名,pymupdf-native-table,
hsk_exam2025,page:257;sequence:7093,7093,7-9,7-9,,呼,,呼,,hū,动,pymupdf-native-table,
hsk_exam2025,page:257;sequence:7094,7094,7-9,7-9,,呼唤,,呼唤,,hūhuàn,动,pymupdf-native-table,
hsk_exam2025,page:257;sequence:7095,7095,7-9,7-9,,呼救,,呼救,,hūjiù,动,pymupdf-native-table,
hsk_exam2025,page:257;sequence:7096,7096,7-9,7-9,,忽冷忽热,,忽冷忽热,,hūlěng-hūrè,,pymupdf-native-table,
hsk_exam2025,page:257;sequence:7097,7097,7-9,7-9,,呼声,,呼声,,hūshēng,名,pymupdf-native-table,
hsk_exam2025,page:257;sequence:7098,7098,7-9,7-9,,呼啸,,呼啸,,hūxiào,动,pymupdf-native-table,
hsk_exam2025,page:257;sequence:7099,7099,7-9,7-9,,呼应,,呼应,,hūyìng,动,pymupdf-native-table,
hsk_exam2025,page:257;sequence:7100,7100,7-9,7-9,,忽悠,,忽悠,,hūyou,动,pymupdf-native-table,
hsk_exam2025,page:257;sequence:7101,7101,7-9,7-9,,呼吁,,呼吁,,hūyù,动,pymupdf-native-table,
hsk_exam2025,page:257;sequence:7102,7102,7-9,7-9,,糊,,糊,,hú,动,pymupdf-native-table,
hsk_exam2025,page:257;sequence:7103,7103,7-9,7-9,,狐狸,,狐狸,,húli,名,pymupdf-native-table,
hsk_exam2025,page:257;sequence:7104,7104,7-9,7-9,,胡乱,,胡乱,,húluàn,副,pymupdf-native-table,
hsk_exam2025,page:257;sequence:7105,7105,7-9,7-9,,胡闹,,胡闹,,húnào,动,pymupdf-native-table,
hsk_exam2025,page:257;sequence:7106,7106,7-9,7-9,,湖泊,,湖泊,,húpō,名,pymupdf-native-table,
hsk_exam2025,page:257;sequence:7107,7107,7-9,7-9,,胡说,,胡说,,húshuō,动,pymupdf-native-table,
hsk_exam2025,page:257;sequence:7108,7108,7-9,7-9,,胡思乱想,,胡思乱想,,húsī-luànxiǎng,,pymupdf-native-table,
hsk_exam2025,page:257;sequence:7109,7109,7-9,7-9,,糊涂,,糊涂,,hútu,形,pymupdf-native-table,
hsk_exam2025,page:257;sequence:7110,7110,7-9,7-9,,护,,护,,hù,动,pymupdf-native-table,
hsk_exam2025,page:257;sequence:7111,7111,7-9,7-9,,互补,,互补,,hùbǔ,动,pymupdf-native-table,
hsk_exam2025,page:257;sequence:7112,7112,7-9,7-9,,护理,,护理,,hùlǐ,动,pymupdf-native-table,
hsk_exam2025,page:257;sequence:7113,7113,7-9,7-9,,花瓣,,花瓣,,huābàn,名,pymupdf-native-table,
hsk_exam2025,page:257;sequence:7114,7114,7-9,7-9,,花卉,,花卉,,huāhuì,名,pymupdf-native-table,
hsk_exam2025,page:257;sequence:7115,7115,7-9,7-9,,花蕾,,花蕾,,huālěi,名,pymupdf-native-table,
hsk_exam2025,page:257;sequence:7116,7116,7-9,7-9,,花纹,,花纹,,huāwén,名,pymupdf-native-table,
hsk_exam2025,page:257;sequence:7117,7117,7-9,7-9,,花样,,花样,,huāyàng,名,pymupdf-native-table,
hsk_exam2025,page:257;sequence:7118,7118,7-9,7-9,,划不来,,划不来,,huábulái,形,pymupdf-native-table,
hsk_exam2025,page:257;sequence:7119,7119,7-9,7-9,,划得来,,划得来,,huádelái,形,pymupdf-native-table,
hsk_exam2025,page:257;sequence:7120,7120,7-9,7-9,,滑稽,,滑稽,,huájī,形,pymupdf-native-table,
hsk_exam2025,page:258;sequence:7121,7121,7-9,7-9,,华丽,,华丽,,huálì,形,pymupdf-native-table,
hsk_exam2025,page:258;sequence:7122,7122,7-9,7-9,,华侨,,华侨,,huáqiáo,名,pymupdf-native-table,
hsk_exam2025,page:258;sequence:7123,7123,7-9,7-9,,哗然,,哗然,,huárán,形,pymupdf-native-table,
hsk_exam2025,page:258;sequence:7124,7124,7-9,7-9,,华人,,华人,,huárén,名,pymupdf-native-table,
hsk_exam2025,page:258;sequence:7125,7125,7-9,7-9,,划算,,划算,,huásuàn,动、形,pymupdf-native-table,
hsk_exam2025,page:258;sequence:7126,7126,7-9,7-9,,滑梯,,滑梯,,huátī,名,pymupdf-native-table,
hsk_exam2025,page:258;sequence:7127,7127,7-9,7-9,,华裔,,华裔,,huáyì,名,pymupdf-native-table,
hsk_exam2025,page:258;sequence:7128,7128,7-9,7-9,,画册,,画册,,huàcè,名,pymupdf-native-table,
hsk_exam2025,page:258;sequence:7129,7129,7-9,7-9,,化肥,,化肥,,huàféi,名,pymupdf-native-table,
hsk_exam2025,page:258;sequence:7130,7130,7-9,7-9,,化解,,化解,,huàjiě,动,pymupdf-native-table,
hsk_exam2025,page:258;sequence:7131,7131,7-9,7-9,,画龙点睛,,画龙点睛,,huàlóng-diǎnjīng,,pymupdf-native-table,
hsk_exam2025,page:258;sequence:7132,7132,7-9,7-9,,化身,,化身,,huàshēn,名,pymupdf-native-table,
hsk_exam2025,page:258;sequence:7133,7133,7-9,7-9,,画蛇添足,,画蛇添足,,huàshé-tiānzú,,pymupdf-native-table,
hsk_exam2025,page:258;sequence:7134,7134,7-9,7-9,,划时代,,划时代,,huàshídài,形,pymupdf-native-table,
hsk_exam2025,page:258;sequence:7135,7135,7-9,7-9,,化险为夷,,化险为夷,,huàxiǎnwéiyí,,pymupdf-native-table,
hsk_exam2025,page:258;sequence:7136,7136,7-9,7-9,,化验,,化验,,huàyàn,动,pymupdf-native-table,
hsk_exam2025,page:258;sequence:7137,7137,7-9,7-9,,话语,,话语,,huàyǔ,名,pymupdf-native-table,
hsk_exam2025,page:258;sequence:7138,7138,7-9,7-9,,怀抱,,怀抱,,huáibào,动、名,pymupdf-native-table,
hsk_exam2025,page:258;sequence:7139,7139,7-9,7-9,,怀旧,,怀旧,,huáijiù,动,pymupdf-native-table,
hsk_exam2025,page:258;sequence:7140,7140,7-9,7-9,,槐树,,槐树,,huáishù,名,pymupdf-native-table,
hsk_exam2025,page:258;sequence:7141,7141,7-9,7-9,,欢呼,,欢呼,,huānhū,动,pymupdf-native-table,
hsk_exam2025,page:258;sequence:7142,7142,7-9,7-9,,欢聚,,欢聚,,huānjù,动,pymupdf-native-table,
hsk_exam2025,page:258;sequence:7143,7143,7-9,7-9,,欢快,,欢快,,huānkuài,形,pymupdf-native-table,
hsk_exam2025,page:258;sequence:7144,7144,7-9,7-9,,欢声笑语,,欢声笑语,,huānshēng-xiàoyǔ,,pymupdf-native-table,
hsk_exam2025,page:258;sequence:7145,7145,7-9,7-9,,环比,,环比,,huánbǐ,动,pymupdf-native-table,
hsk_exam2025,page:258;sequence:7146,7146,7-9,7-9,,环球,,环球,,huánqiú,动,pymupdf-native-table,
hsk_exam2025,page:258;sequence:7147,7147,7-9,7-9,,环绕,,环绕,,huánrào,动,pymupdf-native-table,
hsk_exam2025,page:258;sequence:7148,7148,7-9,7-9,,缓,,缓,,huǎn,动,pymupdf-native-table,
hsk_exam2025,page:258;sequence:7149,7149,7-9,7-9,,缓和,,缓和,,huǎnhé,形、动,pymupdf-native-table,
hsk_exam2025,page:258;sequence:7150,7150,7-9,7-9,,焕发,,焕发,,huànfā,动,pymupdf-native-table,
hsk_exam2025,page:258;sequence:7151,7151,7-9,7-9,,幻觉,,幻觉,,huànjué,名,pymupdf-native-table,
hsk_exam2025,page:258;sequence:7152,7152,7-9,7-9,,唤起,,唤起,,huànqǐ,动,pymupdf-native-table,
hsk_exam2025,page:258;sequence:7153,7153,7-9,7-9,,换取,,换取,,huànqǔ,动,pymupdf-native-table,
hsk_exam2025,page:258;sequence:7154,7154,7-9,7-9,,焕然一新,,焕然一新,,huànrán-yìxīn,,pymupdf-native-table,
hsk_exam2025,page:258;sequence:7155,7155,7-9,7-9,,唤醒,,唤醒,,huànxǐng,动,pymupdf-native-table,
hsk_exam2025,page:258;sequence:7156,7156,7-9,7-9,,幻影,,幻影,,huànyǐng,名,pymupdf-native-table,
hsk_exam2025,page:258;sequence:7157,7157,7-9,7-9,,荒,,荒,,huāng,动,pymupdf-native-table,
hsk_exam2025,page:258;sequence:7158,7158,7-9,7-9,,慌,,慌,,huāng,形,pymupdf-native-table,
hsk_exam2025,page:258;sequence:7159,7159,7-9,7-9,,荒诞,,荒诞,,huāngdàn,形,pymupdf-native-table,
hsk_exam2025,page:258;sequence:7160,7160,7-9,7-9,,荒凉,,荒凉,,huāngliáng,形,pymupdf-native-table,
hsk_exam2025,page:259;sequence:7161,7161,7-9,7-9,,慌乱,,慌乱,,huāngluàn,形,pymupdf-native-table,
hsk_exam2025,page:259;sequence:7162,7162,7-9,7-9,,慌忙,,慌忙,,huāngmáng,形,pymupdf-native-table,
hsk_exam2025,page:259;sequence:7163,7163,7-9,7-9,,荒谬,,荒谬,,huāngmiù,形,pymupdf-native-table,
hsk_exam2025,page:259;sequence:7164,7164,7-9,7-9,,荒唐,,荒唐,,huāngtáng,形,pymupdf-native-table,
hsk_exam2025,page:259;sequence:7165,7165,7-9,7-9,,慌张,,慌张,,huāngzhāng,形,pymupdf-native-table,
hsk_exam2025,page:259;sequence:7166,7166,7-9,7-9,,皇宫,,皇宫,,huánggōng,名,pymupdf-native-table,
hsk_exam2025,page:259;sequence:7167,7167,7-9,7-9,,皇后,,皇后,,huánghòu,名,pymupdf-native-table,
hsk_exam2025,page:259;sequence:7168,7168,7-9,7-9,,黄昏,,黄昏,,huánghūn,名,pymupdf-native-table,
hsk_exam2025,page:259;sequence:7169,7169,7-9,7-9,,皇上,,皇上,,huángshang,名,pymupdf-native-table,
hsk_exam2025,page:259;sequence:7170,7170,7-9,7-9,,皇室,,皇室,,huángshì,名,pymupdf-native-table,
hsk_exam2025,page:259;sequence:7171,7171,7-9,7-9,,晃,,晃,,huǎng,动,pymupdf-native-table,
hsk_exam2025,page:259;sequence:7172,7172,7-9,7-9,,谎话,,谎话,,huǎnghuà,名,pymupdf-native-table,
hsk_exam2025,page:259;sequence:7173,7173,7-9,7-9,,恍然大悟,,恍然大悟,,huǎngrán-dàwù,,pymupdf-native-table,
hsk_exam2025,page:259;sequence:7174,7174,7-9,7-9,,谎言,,谎言,,huǎngyán,名,pymupdf-native-table,
hsk_exam2025,page:259;sequence:7175,7175,7-9,7-9,,晃,,晃,,huàng,动,pymupdf-native-table,
hsk_exam2025,page:259;sequence:7176,7176,7-9,7-9,,晃荡,,晃荡,,huàngdang,动,pymupdf-native-table,
hsk_exam2025,page:259;sequence:7177,7177,7-9,7-9,,辉煌,,辉煌,,huīhuáng,形,pymupdf-native-table,
hsk_exam2025,page:259;sequence:7178,7178,7-9,7-9,,挥霍,,挥霍,,huīhuò,动,pymupdf-native-table,
hsk_exam2025,page:259;sequence:7179,7179,7-9,7-9,,挥舞,,挥舞,,huīwǔ,动,pymupdf-native-table,
hsk_exam2025,page:259;sequence:7180,7180,7-9,7-9,,回避,,回避,,huíbì,动,pymupdf-native-table,
hsk_exam2025,page:259;sequence:7181,7181,7-9,7-9,,回归,,回归,,huíguī,动,pymupdf-native-table,
hsk_exam2025,page:259;sequence:7182,7182,7-9,7-9,,回合,,回合,,huíhé,名,pymupdf-native-table,
hsk_exam2025,page:259;sequence:7183,7183,7-9,7-9,,回馈,,回馈,,huíkuì,动,pymupdf-native-table,
hsk_exam2025,page:259;sequence:7184,7184,7-9,7-9,,回落,,回落,,huíluò,动,pymupdf-native-table,
hsk_exam2025,page:259;sequence:7185,7185,7-9,7-9,,回升,,回升,,huíshēng,动,pymupdf-native-table,
hsk_exam2025,page:259;sequence:7186,7186,7-9,7-9,,回首,,回首,,huíshǒu,动,pymupdf-native-table,
hsk_exam2025,page:259;sequence:7187,7187,7-9,7-9,,回味,,回味,,huíwèi,名、动,pymupdf-native-table,
hsk_exam2025,page:259;sequence:7188,7188,7-9,7-9,,回想,,回想,,huíxiǎng,动,pymupdf-native-table,
hsk_exam2025,page:259;sequence:7189,7189,7-9,7-9,,回忆录,,回忆录,,huíyìlù,名,pymupdf-native-table,
hsk_exam2025,page:259;sequence:7190,7190,7-9,7-9,,回应,,回应,,huíyìng,动,pymupdf-native-table,
hsk_exam2025,page:259;sequence:7191,7191,7-9,7-9,,毁,,毁,,huǐ,动,pymupdf-native-table,
hsk_exam2025,page:259;sequence:7192,7192,7-9,7-9,,悔恨,,悔恨,,huǐhèn,动,pymupdf-native-table,
hsk_exam2025,page:259;sequence:7193,7193,7-9,7-9,,毁坏,,毁坏,,huǐhuài,动,pymupdf-native-table,
hsk_exam2025,page:259;sequence:7194,7194,7-9,7-9,,毁灭,,毁灭,,huǐmiè,动,pymupdf-native-table,
hsk_exam2025,page:259;sequence:7195,7195,7-9,7-9,,会场,,会场,,huìchǎng,名,pymupdf-native-table,
hsk_exam2025,page:259;sequence:7196,7196,7-9,7-9,,汇合,,汇合,,huìhé,动,pymupdf-native-table,
hsk_exam2025,page:259;sequence:7197,7197,7-9,7-9,,汇集,,汇集,,huìjí,动,pymupdf-native-table,
hsk_exam2025,page:259;sequence:7198,7198,7-9,7-9,,汇聚,,汇聚,,huìjù,动,pymupdf-native-table,
hsk_exam2025,page:259;sequence:7199,7199,7-9,7-9,,贿赂,,贿赂,,huìlù,动、名,pymupdf-native-table,
hsk_exam2025,page:259;sequence:7200,7200,7-9,7-9,,会面,,会面,,huìmiàn,动,pymupdf-native-table,
hsk_exam2025,page:260;sequence:7201,7201,7-9,7-9,,绘声绘色,,绘声绘色,,huìshēng-huìsè,,pymupdf-native-table,
hsk_exam2025,page:260;sequence:7202,7202,7-9,7-9,,会谈,,会谈,,huìtán,动,pymupdf-native-table,
hsk_exam2025,page:260;sequence:7203,7203,7-9,7-9,,会晤,,会晤,,huìwù,动,pymupdf-native-table,
hsk_exam2025,page:260;sequence:7204,7204,7-9,7-9,,会意,,会意,,huìyì,动,pymupdf-native-table,
hsk_exam2025,page:260;sequence:7205,7205,7-9,7-9,,会诊,,会诊,,huìzhěn,动,pymupdf-native-table,
hsk_exam2025,page:260;sequence:7206,7206,7-9,7-9,,绘制,,绘制,,huìzhì,动,pymupdf-native-table,
hsk_exam2025,page:260;sequence:7207,7207,7-9,7-9,,昏,,昏,,hūn,动,pymupdf-native-table,
hsk_exam2025,page:260;sequence:7208,7208,7-9,7-9,,荤,,荤,,hūn,名,pymupdf-native-table,
hsk_exam2025,page:260;sequence:7209,7209,7-9,7-9,,昏迷,,昏迷,,hūnmí,动,pymupdf-native-table,
hsk_exam2025,page:260;sequence:7210,7210,7-9,7-9,,婚纱,,婚纱,,hūnshā,名,pymupdf-native-table,
hsk_exam2025,page:260;sequence:7211,7211,7-9,7-9,,浑身,,浑身,,húnshēn,名,pymupdf-native-table,
hsk_exam2025,page:260;sequence:7212,7212,7-9,7-9,,混淆,,混淆,,hùnxiáo,动,pymupdf-native-table,
hsk_exam2025,page:260;sequence:7213,7213,7-9,7-9,,混浊,,混浊,,hùnzhuó,形,pymupdf-native-table,
hsk_exam2025,page:260;sequence:7214,7214,7-9,7-9,,豁,,豁,,huō,动,pymupdf-native-table,
hsk_exam2025,page:260;sequence:7215,7215,7-9,7-9,,豁出去,,豁出去,,huōchuqu,动,pymupdf-native-table,
hsk_exam2025,page:260;sequence:7216,7216,7-9,7-9,,活该,,活该,,huógāi,动,pymupdf-native-table,
hsk_exam2025,page:260;sequence:7217,7217,7-9,7-9,,活期,,活期,,huóqī,形,pymupdf-native-table,
hsk_exam2025,page:260;sequence:7218,7218,7-9,7-9,,火爆,,火爆,,huǒbào,形,pymupdf-native-table,
hsk_exam2025,page:260;sequence:7219,7219,7-9,7-9,,火候,,火候,,huǒhou,名,pymupdf-native-table,
hsk_exam2025,page:260;sequence:7220,7220,7-9,7-9,,火花,,火花,,huǒhuā,名,pymupdf-native-table,
hsk_exam2025,page:260;sequence:7221,7221,7-9,7-9,,火箭,,火箭,,huǒjiàn,名,pymupdf-native-table,
hsk_exam2025,page:260;sequence:7222,7222,7-9,7-9,,火炬,,火炬,,huǒjù,名,pymupdf-native-table,
hsk_exam2025,page:260;sequence:7223,7223,7-9,7-9,,火辣辣,,火辣辣,,huǒlàlà,形,pymupdf-native-table,
hsk_exam2025,page:260;sequence:7224,7224,7-9,7-9,,火热,,火热,,huǒrè,形,pymupdf-native-table,
hsk_exam2025,page:260;sequence:7225,7225,7-9,7-9,,火山,,火山,,huǒshān,名,pymupdf-native-table,
hsk_exam2025,page:260;sequence:7226,7226,7-9,7-9,,伙食,,伙食,,huǒshí,名,pymupdf-native-table,
hsk_exam2025,page:260;sequence:7227,7227,7-9,7-9,,火速,,火速,,huǒsù,副,pymupdf-native-table,
hsk_exam2025,page:260;sequence:7228,7228,7-9,7-9,,火腿,,火腿,,huǒtuǐ,名,pymupdf-native-table,
hsk_exam2025,page:260;sequence:7229,7229,7-9,7-9,,火焰,,火焰,,huǒyàn,名,pymupdf-native-table,
hsk_exam2025,page:260;sequence:7230,7230,7-9,7-9,,豁达,,豁达,,huòdá,形,pymupdf-native-table,
hsk_exam2025,page:260;sequence:7231,7231,7-9,7-9,,或多或少,,或多或少,,huòduō-huòshǎo,,pymupdf-native-table,
hsk_exam2025,page:260;sequence:7232,7232,7-9,7-9,,祸害,,祸害,,huòhai,名、动,pymupdf-native-table,
hsk_exam2025,page:260;sequence:7233,7233,7-9,7-9,,获悉,,获悉,,huòxī,动,pymupdf-native-table,
hsk_exam2025,page:260;sequence:7234,7234,7-9,7-9,,货运,,货运,,huòyùn,名,pymupdf-native-table,
hsk_exam2025,page:260;sequence:7235,7235,7-9,7-9,,积,,积,,jī,动,pymupdf-native-table,
hsk_exam2025,page:260;sequence:7236,7236,7-9,7-9,,基本功,,基本功,,jīběngōng,名,pymupdf-native-table,
hsk_exam2025,page:260;sequence:7237,7237,7-9,7-9,,机舱,,机舱,,jīcāng,名,pymupdf-native-table,
hsk_exam2025,page:260;sequence:7238,7238,7-9,7-9,,基层,,基层,,jīcéng,名,pymupdf-native-table,
hsk_exam2025,page:260;sequence:7239,7239,7-9,7-9,,激荡,,激荡,,jīdàng,动,pymupdf-native-table,
hsk_exam2025,page:260;sequence:7240,7240,7-9,7-9,,积淀,,积淀,,jīdiàn,动、名,pymupdf-native-table,
hsk_exam2025,page:261;sequence:7241,7241,7-9,7-9,,机动,,机动,,jīdòng,形,pymupdf-native-table,
hsk_exam2025,page:261;sequence:7242,7242,7-9,7-9,,肌肤,,肌肤,,jīfū,名,pymupdf-native-table,
hsk_exam2025,page:261;sequence:7243,7243,7-9,7-9,,机关,,机关,,jīguān,名、形,pymupdf-native-table,
hsk_exam2025,page:261;sequence:7244,7244,7-9,7-9,,激光,,激光,,jīguāng,名,pymupdf-native-table,
hsk_exam2025,page:261;sequence:7245,7245,7-9,7-9,,激化,,激化,,jīhuà,动,pymupdf-native-table,
hsk_exam2025,page:261;sequence:7246,7246,7-9,7-9,,激活,,激活,,jīhuó,动,pymupdf-native-table,
hsk_exam2025,page:261;sequence:7247,7247,7-9,7-9,,基建,,基建,,jījiàn,名,pymupdf-native-table,
hsk_exam2025,page:261;sequence:7248,7248,7-9,7-9,,基金会,,基金会,,jījīnhuì,名,pymupdf-native-table,
hsk_exam2025,page:261;sequence:7249,7249,7-9,7-9,,机灵,,机灵,,jīling,形,pymupdf-native-table,
hsk_exam2025,page:261;sequence:7250,7250,7-9,7-9,,机密,,机密,,jīmì,形、名,pymupdf-native-table,
hsk_exam2025,page:261;sequence:7251,7251,7-9,7-9,,激起,,激起,,jīqǐ,动,pymupdf-native-table,
hsk_exam2025,page:261;sequence:7252,7252,7-9,7-9,,激素,,激素,,jīsù,名,pymupdf-native-table,
hsk_exam2025,page:261;sequence:7253,7253,7-9,7-9,,讥笑,,讥笑,,jīxiào,动,pymupdf-native-table,
hsk_exam2025,page:261;sequence:7254,7254,7-9,7-9,,畸形,,畸形,,jīxíng,形,pymupdf-native-table,
hsk_exam2025,page:261;sequence:7255,7255,7-9,7-9,,积蓄,,积蓄,,jīxù,动、名,pymupdf-native-table,
hsk_exam2025,page:261;sequence:7256,7256,7-9,7-9,,基于,,基于,,jīyú,介,pymupdf-native-table,
hsk_exam2025,page:261;sequence:7257,7257,7-9,7-9,,积攒,,积攒,,jīzǎn,动,pymupdf-native-table,
hsk_exam2025,page:261;sequence:7258,7258,7-9,7-9,,激增,,激增,,jīzēng,动,pymupdf-native-table,
hsk_exam2025,page:261;sequence:7259,7259,7-9,7-9,,机智,,机智,,jīzhì,形,pymupdf-native-table,
hsk_exam2025,page:261;sequence:7260,7260,7-9,7-9,,基准,,基准,,jīzhǔn,名,pymupdf-native-table,
hsk_exam2025,page:261;sequence:7261,7261,7-9,7-9,,即,,即,,jí,副,pymupdf-native-table,
hsk_exam2025,page:261;sequence:7262,7262,7-9,7-9,,级别,,级别,,jíbié,名,pymupdf-native-table,
hsk_exam2025,page:261;sequence:7263,7263,7-9,7-9,,急促,,急促,,jícù,形,pymupdf-native-table,
hsk_exam2025,page:261;sequence:7264,7264,7-9,7-9,,极度,,极度,,jídù,副,pymupdf-native-table,
hsk_exam2025,page:261;sequence:7265,7265,7-9,7-9,,嫉妒,,嫉妒,,jídù,动,pymupdf-native-table,
hsk_exam2025,page:261;sequence:7266,7266,7-9,7-9,,急功近利,,急功近利,,jígōng-jìnlì,,pymupdf-native-table,
hsk_exam2025,page:261;sequence:7267,7267,7-9,7-9,,籍贯,,籍贯,,jíguàn,名,pymupdf-native-table,
hsk_exam2025,page:261;sequence:7268,7268,7-9,7-9,,集会,,集会,,jíhuì,动、名,pymupdf-native-table,
hsk_exam2025,page:261;sequence:7269,7269,7-9,7-9,,急剧,,急剧,,jíjù,形,pymupdf-native-table,
hsk_exam2025,page:261;sequence:7270,7270,7-9,7-9,,即可,,即可,,jíkě,动,pymupdf-native-table,
hsk_exam2025,page:261;sequence:7271,7271,7-9,7-9,,吉利,,吉利,,jílì,形,pymupdf-native-table,
hsk_exam2025,page:261;sequence:7272,7272,7-9,7-9,,极力,,极力,,jílì,副,pymupdf-native-table,
hsk_exam2025,page:261;sequence:7273,7273,7-9,7-9,,急迫,,急迫,,jípò,形,pymupdf-native-table,
hsk_exam2025,page:261;sequence:7274,7274,7-9,7-9,,汲取,,汲取,,jíqǔ,动,pymupdf-native-table,
hsk_exam2025,page:261;sequence:7275,7275,7-9,7-9,,即日,,即日,,jírì,名,pymupdf-native-table,
hsk_exam2025,page:261;sequence:7276,7276,7-9,7-9,,即时,,即时,,jíshí,副,pymupdf-native-table,
hsk_exam2025,page:261;sequence:7277,7277,7-9,7-9,,集市,,集市,,jíshì,名,pymupdf-native-table,
hsk_exam2025,page:261;sequence:7278,7278,7-9,7-9,,棘手,,棘手,,jíshǒu,形,pymupdf-native-table,
hsk_exam2025,page:261;sequence:7279,7279,7-9,7-9,,集思广益,,集思广益,,jísī-guǎngyì,,pymupdf-native-table,
hsk_exam2025,page:261;sequence:7280,7280,7-9,7-9,,吉他,,吉他,,jítā,名,pymupdf-native-table,
hsk_exam2025,page:262;sequence:7281,7281,7-9,7-9,,极限,,极限,,jíxiàn,名,pymupdf-native-table,
hsk_exam2025,page:262;sequence:7282,7282,7-9,7-9,,吉祥物,,吉祥物,,jíxiángwù,名,pymupdf-native-table,
hsk_exam2025,page:262;sequence:7283,7283,7-9,7-9,,急性,,急性,,jíxìng,形,pymupdf-native-table,
hsk_exam2025,page:262;sequence:7284,7284,7-9,7-9,,急于,,急于,,jíyú,动,pymupdf-native-table,
hsk_exam2025,page:262;sequence:7285,7285,7-9,7-9,,急于求成,,急于求成,,jíyú-qiúchéng,,pymupdf-native-table,
hsk_exam2025,page:262;sequence:7286,7286,7-9,7-9,,急躁,,急躁,,jízào,形,pymupdf-native-table,
hsk_exam2025,page:262;sequence:7287,7287,7-9,7-9,,及早,,及早,,jízǎo,副,pymupdf-native-table,
hsk_exam2025,page:262;sequence:7288,7288,7-9,7-9,,急中生智,,急中生智,,jízhōng-shēngzhì,,pymupdf-native-table,
hsk_exam2025,page:262;sequence:7289,7289,7-9,7-9,,集装箱,,集装箱,,jízhuāngxiāng,名,pymupdf-native-table,
hsk_exam2025,page:262;sequence:7290,7290,7-9,7-9,,集资,,集资,,jízī,动,pymupdf-native-table,
hsk_exam2025,page:262;sequence:7291,7291,7-9,7-9,,脊梁,,脊梁,,jǐliáng,名,pymupdf-native-table,
hsk_exam2025,page:262;sequence:7292,7292,7-9,7-9,,挤压,,挤压,,jǐyā,动,pymupdf-native-table,
hsk_exam2025,page:262;sequence:7293,7293,7-9,7-9,,计,,计,,jì,动、名,pymupdf-native-table,
hsk_exam2025,page:262;sequence:7294,7294,7-9,7-9,,忌,,忌,,jì,动,pymupdf-native-table,
hsk_exam2025,page:262;sequence:7295,7295,7-9,7-9,,剂,,剂,,jì,名、量,pymupdf-native-table,
hsk_exam2025,page:262;sequence:7296,7296,7-9,7-9,,继,,继,,jì,连,pymupdf-native-table,
hsk_exam2025,page:262;sequence:7297,7297,7-9,7-9,,祭,,祭,,jì,动,pymupdf-native-table,
hsk_exam2025,page:262;sequence:7298,7298,7-9,7-9,,暨,,暨,,jì,连,pymupdf-native-table,
hsk_exam2025,page:262;sequence:7299,7299,7-9,7-9,,继而,,继而,,jì’ér,连,pymupdf-native-table,
hsk_exam2025,page:262;sequence:7300,7300,7-9,7-9,,计策,,计策,,jìcè,名,pymupdf-native-table,
hsk_exam2025,page:262;sequence:7301,7301,7-9,7-9,,祭奠,,祭奠,,jìdiàn,动,pymupdf-native-table,
hsk_exam2025,page:262;sequence:7302,7302,7-9,7-9,,忌妒,,忌妒,,jìdu,动,pymupdf-native-table,
hsk_exam2025,page:262;sequence:7303,7303,7-9,7-9,,继父,,继父,,jìfù,名,pymupdf-native-table,
hsk_exam2025,page:262;sequence:7304,7304,7-9,7-9,,记号,,记号,,jìhao,名,pymupdf-native-table,
hsk_exam2025,page:262;sequence:7305,7305,7-9,7-9,,忌讳,,忌讳,,jìhuì,动、名,pymupdf-native-table,
hsk_exam2025,page:262;sequence:7306,7306,7-9,7-9,,计较,,计较,,jìjiào,动,pymupdf-native-table,
hsk_exam2025,page:262;sequence:7307,7307,7-9,7-9,,寂静,,寂静,,jìjìng,形,pymupdf-native-table,
hsk_exam2025,page:262;sequence:7308,7308,7-9,7-9,,忌口,,忌口,,jìkǒu,动,pymupdf-native-table,
hsk_exam2025,page:262;sequence:7309,7309,7-9,7-9,,剂量,,剂量,,jìliàng,名,pymupdf-native-table,
hsk_exam2025,page:262;sequence:7310,7310,7-9,7-9,,继母,,继母,,jìmǔ,名,pymupdf-native-table,
hsk_exam2025,page:262;sequence:7311,7311,7-9,7-9,,纪念碑,,纪念碑,,jìniànbēi,名,pymupdf-native-table,
hsk_exam2025,page:262;sequence:7312,7312,7-9,7-9,,纪实,,纪实,,jìshí,动、名,pymupdf-native-table,
hsk_exam2025,page:262;sequence:7313,7313,7-9,7-9,,祭祀,,祭祀,,jìsì,动,pymupdf-native-table,
hsk_exam2025,page:262;sequence:7314,7314,7-9,7-9,,寄托,,寄托,,jìtuō,动,pymupdf-native-table,
hsk_exam2025,page:262;sequence:7315,7315,7-9,7-9,,迹象,,迹象,,jìxiàng,名,pymupdf-native-table,
hsk_exam2025,page:262;sequence:7316,7316,7-9,7-9,,绩效,,绩效,,jìxiào,名,pymupdf-native-table,
hsk_exam2025,page:262;sequence:7317,7317,7-9,7-9,,记性,,记性,,jìxing,名,pymupdf-native-table,
hsk_exam2025,page:262;sequence:7318,7318,7-9,7-9,,纪要,,纪要,,jìyào,名,pymupdf-native-table,
hsk_exam2025,page:262;sequence:7319,7319,7-9,7-9,,记忆犹新,,记忆犹新,,jìyì-yóuxīn,,pymupdf-native-table,
hsk_exam2025,page:262;sequence:7320,7320,7-9,7-9,,家伙,,家伙,,jiāhuo,名,pymupdf-native-table,
hsk_exam2025,page:263;sequence:7321,7321,7-9,7-9,,家教,,家教,,jiājiào,名,pymupdf-native-table,
hsk_exam2025,page:263;sequence:7322,7322,7-9,7-9,,佳节,,佳节,,jiājié,名,pymupdf-native-table,
hsk_exam2025,page:263;sequence:7323,7323,7-9,7-9,,加紧,,加紧,,jiājǐn,动,pymupdf-native-table,
hsk_exam2025,page:263;sequence:7324,7324,7-9,7-9,,家境,,家境,,jiājìng,名,pymupdf-native-table,
hsk_exam2025,page:263;sequence:7325,7325,7-9,7-9,,加盟,,加盟,,jiāméng,动,pymupdf-native-table,
hsk_exam2025,page:263;sequence:7326,7326,7-9,7-9,,嘉年华,,嘉年华,,jiāniánhuá,名,pymupdf-native-table,
hsk_exam2025,page:263;sequence:7327,7327,7-9,7-9,,家禽,,家禽,,jiāqín,名,pymupdf-native-table,
hsk_exam2025,page:263;sequence:7328,7328,7-9,7-9,,家世,,家世,,jiāshì,名,pymupdf-native-table,
hsk_exam2025,page:263;sequence:7329,7329,7-9,7-9,,佳肴,,佳肴,,jiāyáo,名,pymupdf-native-table,
hsk_exam2025,page:263;sequence:7330,7330,7-9,7-9,,家用,,家用,,jiāyòng,名、形,pymupdf-native-table,
hsk_exam2025,page:263;sequence:7331,7331,7-9,7-9,,家喻户晓,,家喻户晓,,jiāyù-hùxiǎo,,pymupdf-native-table,
hsk_exam2025,page:263;sequence:7332,7332,7-9,7-9,,夹杂,,夹杂,,jiāzá,动,pymupdf-native-table,
hsk_exam2025,page:263;sequence:7333,7333,7-9,7-9,,家政,,家政,,jiāzhèng,名,pymupdf-native-table,
hsk_exam2025,page:263;sequence:7334,7334,7-9,7-9,,加之,,加之,,jiāzhī,连,pymupdf-native-table,
hsk_exam2025,page:263;sequence:7335,7335,7-9,7-9,,夹子,,夹子,,jiāzi,名,pymupdf-native-table,
hsk_exam2025,page:263;sequence:7336,7336,7-9,7-9,,家族,,家族,,jiāzú,名,pymupdf-native-table,
hsk_exam2025,page:263;sequence:7337,7337,7-9,7-9,,假定,,假定,,jiǎdìng,动,pymupdf-native-table,
hsk_exam2025,page:263;sequence:7338,7338,7-9,7-9,,假冒,,假冒,,jiǎmào,动,pymupdf-native-table,
hsk_exam2025,page:263;sequence:7339,7339,7-9,7-9,,假使,,假使,,jiǎshǐ,连,pymupdf-native-table,
hsk_exam2025,page:263;sequence:7340,7340,7-9,7-9,,假装,,假装,,jiǎzhuāng,动,pymupdf-native-table,
hsk_exam2025,page:263;sequence:7341,7341,7-9,7-9,,驾,,驾,,jià,动、量,pymupdf-native-table,
hsk_exam2025,page:263;sequence:7342,7342,7-9,7-9,,架势,,架势,,jiàshi,名,pymupdf-native-table,
hsk_exam2025,page:263;sequence:7343,7343,7-9,7-9,,价位,,价位,,jiàwèi,名,pymupdf-native-table,
hsk_exam2025,page:263;sequence:7344,7344,7-9,7-9,,驾驭,,驾驭,,jiàyù,动,pymupdf-native-table,
hsk_exam2025,page:263;sequence:7345,7345,7-9,7-9,,价值观,,价值观,,jiàzhíguān,名,pymupdf-native-table,
hsk_exam2025,page:263;sequence:7346,7346,7-9,7-9,,嫁妆,,嫁妆,,jiàzhuang,名,pymupdf-native-table,
hsk_exam2025,page:263;sequence:7347,7347,7-9,7-9,,架子,,架子,,jiàzi,名,pymupdf-native-table,
hsk_exam2025,page:263;sequence:7348,7348,7-9,7-9,,兼,,兼,,jiān,动,pymupdf-native-table,
hsk_exam2025,page:263;sequence:7349,7349,7-9,7-9,,煎,,煎,,jiān,动,pymupdf-native-table,
hsk_exam2025,page:263;sequence:7350,7350,7-9,7-9,,煎熬,,煎熬,,jiān’áo,动,pymupdf-native-table,
hsk_exam2025,page:263;sequence:7351,7351,7-9,7-9,,监察,,监察,,jiānchá,动,pymupdf-native-table,
hsk_exam2025,page:263;sequence:7352,7352,7-9,7-9,,尖端,,尖端,,jiānduān,名、形,pymupdf-native-table,
hsk_exam2025,page:263;sequence:7353,7353,7-9,7-9,,肩负,,肩负,,jiānfù,动,pymupdf-native-table,
hsk_exam2025,page:263;sequence:7354,7354,7-9,7-9,,兼顾,,兼顾,,jiāngù,动,pymupdf-native-table,
hsk_exam2025,page:263;sequence:7355,7355,7-9,7-9,,监管,,监管,,jiānguǎn,动,pymupdf-native-table,
hsk_exam2025,page:263;sequence:7356,7356,7-9,7-9,,坚果,,坚果,,jiānguǒ,名,pymupdf-native-table,
hsk_exam2025,page:263;sequence:7357,7357,7-9,7-9,,监护,,监护,,jiānhù,动,pymupdf-native-table,
hsk_exam2025,page:263;sequence:7358,7358,7-9,7-9,,艰巨,,艰巨,,jiānjù,形,pymupdf-native-table,
hsk_exam2025,page:263;sequence:7359,7359,7-9,7-9,,监控,,监控,,jiānkòng,动,pymupdf-native-table,
hsk_exam2025,page:263;sequence:7360,7360,7-9,7-9,,歼灭,,歼灭,,jiānmiè,动,pymupdf-native-table,
hsk_exam2025,page:264;sequence:7361,7361,7-9,7-9,,坚韧,,坚韧,,jiānrèn,形,pymupdf-native-table,
hsk_exam2025,page:264;sequence:7362,7362,7-9,7-9,,兼任,,兼任,,jiānrèn,动,pymupdf-native-table,
hsk_exam2025,page:264;sequence:7363,7363,7-9,7-9,,兼容,,兼容,,jiānróng,动,pymupdf-native-table,
hsk_exam2025,page:264;sequence:7364,7364,7-9,7-9,,尖锐,,尖锐,,jiānruì,形,pymupdf-native-table,
hsk_exam2025,page:264;sequence:7365,7365,7-9,7-9,,坚实,,坚实,,jiānshí,形,pymupdf-native-table,
hsk_exam2025,page:264;sequence:7366,7366,7-9,7-9,,监视,,监视,,jiānshì,动,pymupdf-native-table,
hsk_exam2025,page:264;sequence:7367,7367,7-9,7-9,,坚守,,坚守,,jiānshǒu,动,pymupdf-native-table,
hsk_exam2025,page:264;sequence:7368,7368,7-9,7-9,,艰险,,艰险,,jiānxiǎn,形,pymupdf-native-table,
hsk_exam2025,page:264;sequence:7369,7369,7-9,7-9,,坚信,,坚信,,jiānxìn,动,pymupdf-native-table,
hsk_exam2025,page:264;sequence:7370,7370,7-9,7-9,,监狱,,监狱,,jiānyù,名,pymupdf-native-table,
hsk_exam2025,page:264;sequence:7371,7371,7-9,7-9,,奸诈,,奸诈,,jiānzhà,形,pymupdf-native-table,
hsk_exam2025,page:264;sequence:7372,7372,7-9,7-9,,拣,,拣,,jiǎn,动,pymupdf-native-table,
hsk_exam2025,page:264;sequence:7373,7373,7-9,7-9,,剪彩,,剪彩,,jiǎncǎi,动,pymupdf-native-table,
hsk_exam2025,page:264;sequence:7374,7374,7-9,7-9,,检察,,检察,,jiǎnchá,动,pymupdf-native-table,
hsk_exam2025,page:264;sequence:7375,7375,7-9,7-9,,简称,,简称,,jiǎnchēng,名、动,pymupdf-native-table,
hsk_exam2025,page:264;sequence:7376,7376,7-9,7-9,,简短,,简短,,jiǎnduǎn,形,pymupdf-native-table,
hsk_exam2025,page:264;sequence:7377,7377,7-9,7-9,,减负,,减负,,jiǎnfù,动,pymupdf-native-table,
hsk_exam2025,page:264;sequence:7378,7378,7-9,7-9,,剪辑,,剪辑,,jiǎnjí,动,pymupdf-native-table,
hsk_exam2025,page:264;sequence:7379,7379,7-9,7-9,,简洁,,简洁,,jiǎnjié,形,pymupdf-native-table,
hsk_exam2025,page:264;sequence:7380,7380,7-9,7-9,,简练,,简练,,jiǎnliàn,形,pymupdf-native-table,
hsk_exam2025,page:264;sequence:7381,7381,7-9,7-9,,简陋,,简陋,,jiǎnlòu,形,pymupdf-native-table,
hsk_exam2025,page:264;sequence:7382,7382,7-9,7-9,,减免,,减免,,jiǎnmiǎn,动,pymupdf-native-table,
hsk_exam2025,page:264;sequence:7383,7383,7-9,7-9,,检讨,,检讨,,jiǎntǎo,动、名,pymupdf-native-table,
hsk_exam2025,page:264;sequence:7384,7384,7-9,7-9,,简体字,,简体字,,jiǎntǐzì,名,pymupdf-native-table,
hsk_exam2025,page:264;sequence:7385,7385,7-9,7-9,,减退,,减退,,jiǎntuì,动,pymupdf-native-table,
hsk_exam2025,page:264;sequence:7386,7386,7-9,7-9,,简要,,简要,,jiǎnyào,形,pymupdf-native-table,
hsk_exam2025,page:264;sequence:7387,7387,7-9,7-9,,简易,,简易,,jiǎnyì,形,pymupdf-native-table,
hsk_exam2025,page:264;sequence:7388,7388,7-9,7-9,,贱,,贱,,jiàn,形,pymupdf-native-table,
hsk_exam2025,page:264;sequence:7389,7389,7-9,7-9,,溅,,溅,,jiàn,动,pymupdf-native-table,
hsk_exam2025,page:264;sequence:7390,7390,7-9,7-9,,鉴别,,鉴别,,jiànbié,动,pymupdf-native-table,
hsk_exam2025,page:264;sequence:7391,7391,7-9,7-9,,间谍,,间谍,,jiàndié,名,pymupdf-native-table,
hsk_exam2025,page:264;sequence:7392,7392,7-9,7-9,,间断,,间断,,jiànduàn,动,pymupdf-native-table,
hsk_exam2025,page:264;sequence:7393,7393,7-9,7-9,,见多识广,,见多识广,,jiànduō-shíguǎng,,pymupdf-native-table,
hsk_exam2025,page:264;sequence:7394,7394,7-9,7-9,,见解,,见解,,jiànjiě,名,pymupdf-native-table,
hsk_exam2025,page:264;sequence:7395,7395,7-9,7-9,,见利忘义,,见利忘义,,jiànlì-wàngyì,,pymupdf-native-table,
hsk_exam2025,page:264;sequence:7396,7396,7-9,7-9,,健美,,健美,,jiànměi,形、名,pymupdf-native-table,
hsk_exam2025,page:264;sequence:7397,7397,7-9,7-9,,见仁见智,,见仁见智,,jiànrén-jiànzhì,,pymupdf-native-table,
hsk_exam2025,page:264;sequence:7398,7398,7-9,7-9,,鉴赏,,鉴赏,,jiànshǎng,动,pymupdf-native-table,
hsk_exam2025,page:264;sequence:7399,7399,7-9,7-9,,见识,,见识,,jiànshi,动、名,pymupdf-native-table,
hsk_exam2025,page:264;sequence:7400,7400,7-9,7-9,,建树,,建树,,jiànshù,动、名,pymupdf-native-table,
hsk_exam2025,page:265;sequence:7401,7401,7-9,7-9,,践踏,,践踏,,jiàntà,动,pymupdf-native-table,
hsk_exam2025,page:265;sequence:7402,7402,7-9,7-9,,见外,,见外,,jiànwài,形,pymupdf-native-table,
hsk_exam2025,page:265;sequence:7403,7403,7-9,7-9,,见闻,,见闻,,jiànwén,名,pymupdf-native-table,
hsk_exam2025,page:265;sequence:7404,7404,7-9,7-9,,间隙,,间隙,,jiànxì,名,pymupdf-native-table,
hsk_exam2025,page:265;sequence:7405,7405,7-9,7-9,,见效,,见效,,jiànxiào,动,pymupdf-native-table,
hsk_exam2025,page:265;sequence:7406,7406,7-9,7-9,,间歇,,间歇,,jiànxiē,动,pymupdf-native-table,
hsk_exam2025,page:265;sequence:7407,7407,7-9,7-9,,见义勇为,,见义勇为,,jiànyì-yǒngwéi,,pymupdf-native-table,
hsk_exam2025,page:265;sequence:7408,7408,7-9,7-9,,鉴于,,鉴于,,jiànyú,介、连,pymupdf-native-table,
hsk_exam2025,page:265;sequence:7409,7409,7-9,7-9,,见证,,见证,,jiànzhèng,动、名,pymupdf-native-table,
hsk_exam2025,page:265;sequence:7410,7410,7-9,7-9,,健壮,,健壮,,jiànzhuàng,形,pymupdf-native-table,
hsk_exam2025,page:265;sequence:7411,7411,7-9,7-9,,姜,,姜,,jiāng,名,pymupdf-native-table,
hsk_exam2025,page:265;sequence:7412,7412,7-9,7-9,,僵,,僵,,jiāng,形,pymupdf-native-table,
hsk_exam2025,page:265;sequence:7413,7413,7-9,7-9,,僵化,,僵化,,jiānghuà,动,pymupdf-native-table,
hsk_exam2025,page:265;sequence:7414,7414,7-9,7-9,,将就,,将就,,jiāngjiu,动,pymupdf-native-table,
hsk_exam2025,page:265;sequence:7415,7415,7-9,7-9,,僵局,,僵局,,jiāngjú,名,pymupdf-native-table,
hsk_exam2025,page:265;sequence:7416,7416,7-9,7-9,,江山,,江山,,jiāngshān,名,pymupdf-native-table,
hsk_exam2025,page:265;sequence:7417,7417,7-9,7-9,,僵硬,,僵硬,,jiāngyìng,形,pymupdf-native-table,
hsk_exam2025,page:265;sequence:7418,7418,7-9,7-9,,桨,,桨,,jiǎng,名,pymupdf-native-table,
hsk_exam2025,page:265;sequence:7419,7419,7-9,7-9,,奖杯,,奖杯,,jiǎngbēi,名,pymupdf-native-table,
hsk_exam2025,page:265;sequence:7420,7420,7-9,7-9,,讲理,,讲理,,jiǎnglǐ,动、形,pymupdf-native-table,
hsk_exam2025,page:265;sequence:7421,7421,7-9,7-9,,奖赏,,奖赏,,jiǎngshǎng,动,pymupdf-native-table,
hsk_exam2025,page:265;sequence:7422,7422,7-9,7-9,,奖项,,奖项,,jiǎngxiàng,名,pymupdf-native-table,
hsk_exam2025,page:265;sequence:7423,7423,7-9,7-9,,降临,,降临,,jiànglín,动,pymupdf-native-table,
hsk_exam2025,page:265;sequence:7424,7424,7-9,7-9,,焦,,焦,,jiāo,形,pymupdf-native-table,
hsk_exam2025,page:265;sequence:7425,7425,7-9,7-9,,交叉,,交叉,,jiāochā,动,pymupdf-native-table,
hsk_exam2025,page:265;sequence:7426,7426,7-9,7-9,,交代,,交代,,jiāodài,动,pymupdf-native-table,
hsk_exam2025,page:265;sequence:7427,7427,7-9,7-9,,交锋,,交锋,,jiāofēng,动,pymupdf-native-table,
hsk_exam2025,page:265;sequence:7428,7428,7-9,7-9,,交付,,交付,,jiāofù,动,pymupdf-native-table,
hsk_exam2025,page:265;sequence:7429,7429,7-9,7-9,,娇惯,,娇惯,,jiāoguàn,动,pymupdf-native-table,
hsk_exam2025,page:265;sequence:7430,7430,7-9,7-9,,交互,,交互,,jiāohù,副、动,pymupdf-native-table,
hsk_exam2025,page:265;sequence:7431,7431,7-9,7-9,,交集,,交集,,jiāojí,动,pymupdf-native-table,
hsk_exam2025,page:265;sequence:7432,7432,7-9,7-9,,焦急,,焦急,,jiāojí,形,pymupdf-native-table,
hsk_exam2025,page:265;sequence:7433,7433,7-9,7-9,,交界,,交界,,jiāojiè,动,pymupdf-native-table,
hsk_exam2025,page:265;sequence:7434,7434,7-9,7-9,,交接,,交接,,jiāojiē,动,pymupdf-native-table,
hsk_exam2025,page:265;sequence:7435,7435,7-9,7-9,,交纳,,交纳,,jiāonà,动,pymupdf-native-table,
hsk_exam2025,page:265;sequence:7436,7436,7-9,7-9,,胶囊,,胶囊,,jiāonáng,名,pymupdf-native-table,
hsk_exam2025,page:265;sequence:7437,7437,7-9,7-9,,娇气,,娇气,,jiāoqì,形,pymupdf-native-table,
hsk_exam2025,page:265;sequence:7438,7438,7-9,7-9,,交情,,交情,,jiāoqing,名,pymupdf-native-table,
hsk_exam2025,page:265;sequence:7439,7439,7-9,7-9,,交涉,,交涉,,jiāoshè,动,pymupdf-native-table,
hsk_exam2025,page:265;sequence:7440,7440,7-9,7-9,,礁石,,礁石,,jiāoshí,名,pymupdf-native-table,
hsk_exam2025,page:266;sequence:7441,7441,7-9,7-9,,交替,,交替,,jiāotì,动,pymupdf-native-table,
hsk_exam2025,page:266;sequence:7442,7442,7-9,7-9,,交头接耳,,交头接耳,,jiāotóu-jiē’ěr,,pymupdf-native-table,
hsk_exam2025,page:266;sequence:7443,7443,7-9,7-9,,交响乐,,交响乐,,jiāoxiǎngyuè,名,pymupdf-native-table,
hsk_exam2025,page:266;sequence:7444,7444,7-9,7-9,,郊游,,郊游,,jiāoyóu,动,pymupdf-native-table,
hsk_exam2025,page:266;sequence:7445,7445,7-9,7-9,,焦躁,,焦躁,,jiāozào,形,pymupdf-native-table,
hsk_exam2025,page:266;sequence:7446,7446,7-9,7-9,,交织,,交织,,jiāozhī,动,pymupdf-native-table,
hsk_exam2025,page:266;sequence:7447,7447,7-9,7-9,,嚼,,嚼,,jiáo,动,pymupdf-native-table,
hsk_exam2025,page:266;sequence:7448,7448,7-9,7-9,,绞,,绞,,jiǎo,动,pymupdf-native-table,
hsk_exam2025,page:266;sequence:7449,7449,7-9,7-9,,搅,,搅,,jiǎo,动,pymupdf-native-table,
hsk_exam2025,page:266;sequence:7450,7450,7-9,7-9,,缴,,缴,,jiǎo,动,pymupdf-native-table,
hsk_exam2025,page:266;sequence:7451,7451,7-9,7-9,,搅拌,,搅拌,,jiǎobàn,动,pymupdf-native-table,
hsk_exam2025,page:266;sequence:7452,7452,7-9,7-9,,狡猾,,狡猾,,jiǎohuá,形,pymupdf-native-table,
hsk_exam2025,page:266;sequence:7453,7453,7-9,7-9,,缴纳,,缴纳,,jiǎonà,动,pymupdf-native-table,
hsk_exam2025,page:266;sequence:7454,7454,7-9,7-9,,脚踏实地,,脚踏实地,,jiǎotāshídì,,pymupdf-native-table,
hsk_exam2025,page:266;sequence:7455,7455,7-9,7-9,,侥幸,,侥幸,,jiǎoxìng,形,pymupdf-native-table,
hsk_exam2025,page:266;sequence:7456,7456,7-9,7-9,,矫正,,矫正,,jiǎozhèng,动,pymupdf-native-table,
hsk_exam2025,page:266;sequence:7457,7457,7-9,7-9,,叫板,,叫板,,jiàobǎn,动,pymupdf-native-table,
hsk_exam2025,page:266;sequence:7458,7458,7-9,7-9,,轿车,,轿车,,jiàochē,名,pymupdf-native-table,
hsk_exam2025,page:266;sequence:7459,7459,7-9,7-9,,叫好,,叫好,,jiàohǎo,动,pymupdf-native-table,
hsk_exam2025,page:266;sequence:7460,7460,7-9,7-9,,较劲,,较劲,,jiàojìn,动,pymupdf-native-table,
hsk_exam2025,page:266;sequence:7461,7461,7-9,7-9,,教科书,,教科书,,jiàokēshū,名,pymupdf-native-table,
hsk_exam2025,page:266;sequence:7462,7462,7-9,7-9,,较量,,较量,,jiàoliàng,动,pymupdf-native-table,
hsk_exam2025,page:266;sequence:7463,7463,7-9,7-9,,教条,,教条,,jiàotiáo,名、形,pymupdf-native-table,
hsk_exam2025,page:266;sequence:7464,7464,7-9,7-9,,教养,,教养,,jiàoyǎng,动、名,pymupdf-native-table,
hsk_exam2025,page:266;sequence:7465,7465,7-9,7-9,,皆,,皆,,jiē,副,pymupdf-native-table,
hsk_exam2025,page:266;sequence:7466,7466,7-9,7-9,,揭,,揭,,jiē,动,pymupdf-native-table,
hsk_exam2025,page:266;sequence:7467,7467,7-9,7-9,,接二连三,,接二连三,,jiē’èr-liánsān,,pymupdf-native-table,
hsk_exam2025,page:266;sequence:7468,7468,7-9,7-9,,接班,,接班,,jiēbān,动,pymupdf-native-table,
hsk_exam2025,page:266;sequence:7469,7469,7-9,7-9,,接班人,,接班人,,jiēbānrén,名,pymupdf-native-table,
hsk_exam2025,page:266;sequence:7470,7470,7-9,7-9,,阶层,,阶层,,jiēcéng,名,pymupdf-native-table,
hsk_exam2025,page:266;sequence:7471,7471,7-9,7-9,,皆大欢喜,,皆大欢喜,,jiēdàhuānxǐ,,pymupdf-native-table,
hsk_exam2025,page:266;sequence:7472,7472,7-9,7-9,,揭发,,揭发,,jiēfā,动,pymupdf-native-table,
hsk_exam2025,page:266;sequence:7473,7473,7-9,7-9,,街坊,,街坊,,jiēfang,名,pymupdf-native-table,
hsk_exam2025,page:266;sequence:7474,7474,7-9,7-9,,接轨,,接轨,,jiēguǐ,动,pymupdf-native-table,
hsk_exam2025,page:266;sequence:7475,7475,7-9,7-9,,阶级,,阶级,,jiējí,名,pymupdf-native-table,
hsk_exam2025,page:266;sequence:7476,7476,7-9,7-9,,接济,,接济,,jiējì,动,pymupdf-native-table,
hsk_exam2025,page:266;sequence:7477,7477,7-9,7-9,,接见,,接见,,jiējiàn,动,pymupdf-native-table,
hsk_exam2025,page:266;sequence:7478,7478,7-9,7-9,,接力,,接力,,jiēlì,动,pymupdf-native-table,
hsk_exam2025,page:266;sequence:7479,7479,7-9,7-9,,揭露,,揭露,,jiēlù,动,pymupdf-native-table,
hsk_exam2025,page:266;sequence:7480,7480,7-9,7-9,,接纳,,接纳,,jiēnà,动,pymupdf-native-table,
hsk_exam2025,page:267;sequence:7481,7481,7-9,7-9,,揭示,,揭示,,jiēshì,动,pymupdf-native-table,
hsk_exam2025,page:267;sequence:7482,7482,7-9,7-9,,接手,,接手,,jiēshǒu,动,pymupdf-native-table,
hsk_exam2025,page:267;sequence:7483,7483,7-9,7-9,,接替,,接替,,jiētì,动,pymupdf-native-table,
hsk_exam2025,page:267;sequence:7484,7484,7-9,7-9,,阶梯,,阶梯,,jiētī,名,pymupdf-native-table,
hsk_exam2025,page:267;sequence:7485,7485,7-9,7-9,,揭晓,,揭晓,,jiēxiǎo,动,pymupdf-native-table,
hsk_exam2025,page:267;sequence:7486,7486,7-9,7-9,,劫,,劫,,jié,动,pymupdf-native-table,
hsk_exam2025,page:267;sequence:7487,7487,7-9,7-9,,截,,截,,jié,动、量,pymupdf-native-table,
hsk_exam2025,page:267;sequence:7488,7488,7-9,7-9,,洁白,,洁白,,jiébái,形,pymupdf-native-table,
hsk_exam2025,page:267;sequence:7489,7489,7-9,7-9,,劫持,,劫持,,jiéchí,动,pymupdf-native-table,
hsk_exam2025,page:267;sequence:7490,7490,7-9,7-9,,节俭,,节俭,,jiéjiǎn,形,pymupdf-native-table,
hsk_exam2025,page:267;sequence:7491,7491,7-9,7-9,,洁净,,洁净,,jiéjìng,形,pymupdf-native-table,
hsk_exam2025,page:267;sequence:7492,7492,7-9,7-9,,捷径,,捷径,,jiéjìng,名,pymupdf-native-table,
hsk_exam2025,page:267;sequence:7493,7493,7-9,7-9,,结晶,,结晶,,jiéjīng,动、名,pymupdf-native-table,
hsk_exam2025,page:267;sequence:7494,7494,7-9,7-9,,竭尽全力,,竭尽全力,,jiéjìn-quánlì,,pymupdf-native-table,
hsk_exam2025,page:267;sequence:7495,7495,7-9,7-9,,结局,,结局,,jiéjú,名,pymupdf-native-table,
hsk_exam2025,page:267;sequence:7496,7496,7-9,7-9,,竭力,,竭力,,jiélì,副,pymupdf-native-table,
hsk_exam2025,page:267;sequence:7497,7497,7-9,7-9,,节气,,节气,,jiéqì,名,pymupdf-native-table,
hsk_exam2025,page:267;sequence:7498,7498,7-9,7-9,,截然不同,,截然不同,,jiérán-bùtóng,,pymupdf-native-table,
hsk_exam2025,page:267;sequence:7499,7499,7-9,7-9,,结识,,结识,,jiéshí,动,pymupdf-native-table,
hsk_exam2025,page:267;sequence:7500,7500,7-9,7-9,,结算,,结算,,jiésuàn,动,pymupdf-native-table,
hsk_exam2025,page:267;sequence:7501,7501,7-9,7-9,,节衣缩食,,节衣缩食,,jiéyī-suōshí,,pymupdf-native-table,
hsk_exam2025,page:267;sequence:7502,7502,7-9,7-9,,节制,,节制,,jiézhì,动,pymupdf-native-table,
hsk_exam2025,page:267;sequence:7503,7503,7-9,7-9,,解除,,解除,,jiěchú,动,pymupdf-native-table,
hsk_exam2025,page:267;sequence:7504,7504,7-9,7-9,,解雇,,解雇,,jiěgù,动,pymupdf-native-table,
hsk_exam2025,page:267;sequence:7505,7505,7-9,7-9,,解救,,解救,,jiějiù,动,pymupdf-native-table,
hsk_exam2025,page:267;sequence:7506,7506,7-9,7-9,,解渴,,解渴,,jiěkě,动,pymupdf-native-table,
hsk_exam2025,page:267;sequence:7507,7507,7-9,7-9,,解剖,,解剖,,jiěpōu,动,pymupdf-native-table,
hsk_exam2025,page:267;sequence:7508,7508,7-9,7-9,,解散,,解散,,jiěsàn,动,pymupdf-native-table,
hsk_exam2025,page:267;sequence:7509,7509,7-9,7-9,,解体,,解体,,jiětǐ,动,pymupdf-native-table,
hsk_exam2025,page:267;sequence:7510,7510,7-9,7-9,,解脱,,解脱,,jiětuō,动,pymupdf-native-table,
hsk_exam2025,page:267;sequence:7511,7511,7-9,7-9,,解围,,解围,,jiěwéi,动,pymupdf-native-table,
hsk_exam2025,page:267;sequence:7512,7512,7-9,7-9,,解析,,解析,,jiěxī,动,pymupdf-native-table,
hsk_exam2025,page:267;sequence:7513,7513,7-9,7-9,,解约,,解约,,jiěyuē,动,pymupdf-native-table,
hsk_exam2025,page:267;sequence:7514,7514,7-9,7-9,,戒,,戒,,jiè,动,pymupdf-native-table,
hsk_exam2025,page:267;sequence:7515,7515,7-9,7-9,,界,,界,,jiè,名、后缀,pymupdf-native-table,
hsk_exam2025,page:267;sequence:7516,7516,7-9,7-9,,戒备,,戒备,,jièbèi,动,pymupdf-native-table,
hsk_exam2025,page:267;sequence:7517,7517,7-9,7-9,,界定,,界定,,jièdìng,动,pymupdf-native-table,
hsk_exam2025,page:267;sequence:7518,7518,7-9,7-9,,借口,,借口,,jièkǒu,名,pymupdf-native-table,
hsk_exam2025,page:267;sequence:7519,7519,7-9,7-9,,介入,,介入,,jièrù,动,pymupdf-native-table,
hsk_exam2025,page:267;sequence:7520,7520,7-9,7-9,,届时,,届时,,jièshí,副,pymupdf-native-table,
hsk_exam2025,page:268;sequence:7521,7521,7-9,7-9,,借条,,借条,,jiètiáo,名,pymupdf-native-table,
hsk_exam2025,page:268;sequence:7522,7522,7-9,7-9,,界限,,界限,,jièxiàn,名,pymupdf-native-table,
hsk_exam2025,page:268;sequence:7523,7523,7-9,7-9,,界线,,界线,,jièxiàn,名,pymupdf-native-table,
hsk_exam2025,page:268;sequence:7524,7524,7-9,7-9,,介意,,介意,,jièyì,动,pymupdf-native-table,
hsk_exam2025,page:268;sequence:7525,7525,7-9,7-9,,借用,,借用,,jièyòng,动,pymupdf-native-table,
hsk_exam2025,page:268;sequence:7526,7526,7-9,7-9,,介于,,介于,,jièyú,动,pymupdf-native-table,
hsk_exam2025,page:268;sequence:7527,7527,7-9,7-9,,筋,,筋,,jīn,名,pymupdf-native-table,
hsk_exam2025,page:268;sequence:7528,7528,7-9,7-9,,禁不住,,禁不住,,jīnbuzhù,动,pymupdf-native-table,
hsk_exam2025,page:268;sequence:7529,7529,7-9,7-9,,津津有味,,津津有味,,jīnjīn-yǒuwèi,,pymupdf-native-table,
hsk_exam2025,page:268;sequence:7530,7530,7-9,7-9,,尽,,尽,,jǐn,动、副,pymupdf-native-table,
hsk_exam2025,page:268;sequence:7531,7531,7-9,7-9,,紧凑,,紧凑,,jǐncòu,形,pymupdf-native-table,
hsk_exam2025,page:268;sequence:7532,7532,7-9,7-9,,紧迫,,紧迫,,jǐnpò,形,pymupdf-native-table,
hsk_exam2025,page:268;sequence:7533,7533,7-9,7-9,,锦旗,,锦旗,,jǐnqí,名,pymupdf-native-table,
hsk_exam2025,page:268;sequence:7534,7534,7-9,7-9,,紧缺,,紧缺,,jǐnquē,形,pymupdf-native-table,
hsk_exam2025,page:268;sequence:7535,7535,7-9,7-9,,锦上添花,,锦上添花,,jǐnshàng-tiānhuā,,pymupdf-native-table,
hsk_exam2025,page:268;sequence:7536,7536,7-9,7-9,,紧缩,,紧缩,,jǐnsuō,动,pymupdf-native-table,
hsk_exam2025,page:268;sequence:7537,7537,7-9,7-9,,尽早,,尽早,,jǐnzǎo,副,pymupdf-native-table,
hsk_exam2025,page:268;sequence:7538,7538,7-9,7-9,,劲,,劲,,jìn,名,pymupdf-native-table,
hsk_exam2025,page:268;sequence:7539,7539,7-9,7-9,,进程,,进程,,jìnchéng,名,pymupdf-native-table,
hsk_exam2025,page:268;sequence:7540,7540,7-9,7-9,,进攻,,进攻,,jìngōng,动,pymupdf-native-table,
hsk_exam2025,page:268;sequence:7541,7541,7-9,7-9,,晋级,,晋级,,jìnjí,动,pymupdf-native-table,
hsk_exam2025,page:268;sequence:7542,7542,7-9,7-9,,禁忌,,禁忌,,jìnjì,名、动,pymupdf-native-table,
hsk_exam2025,page:268;sequence:7543,7543,7-9,7-9,,进军,,进军,,jìnjūn,动,pymupdf-native-table,
hsk_exam2025,page:268;sequence:7544,7544,7-9,7-9,,浸泡,,浸泡,,jìnpào,动,pymupdf-native-table,
hsk_exam2025,page:268;sequence:7545,7545,7-9,7-9,,尽情,,尽情,,jìnqíng,副,pymupdf-native-table,
hsk_exam2025,page:268;sequence:7546,7546,7-9,7-9,,进取,,进取,,jìnqǔ,动,pymupdf-native-table,
hsk_exam2025,page:268;sequence:7547,7547,7-9,7-9,,禁区,,禁区,,jìnqū,名,pymupdf-native-table,
hsk_exam2025,page:268;sequence:7548,7548,7-9,7-9,,晋升,,晋升,,jìnshēng,动,pymupdf-native-table,
hsk_exam2025,page:268;sequence:7549,7549,7-9,7-9,,尽头,,尽头,,jìntóu,名,pymupdf-native-table,
hsk_exam2025,page:268;sequence:7550,7550,7-9,7-9,,劲头,,劲头,,jìntóu,名,pymupdf-native-table,
hsk_exam2025,page:268;sequence:7551,7551,7-9,7-9,,进修,,进修,,jìnxiū,动,pymupdf-native-table,
hsk_exam2025,page:268;sequence:7552,7552,7-9,7-9,,茎,,茎,,jīng,名,pymupdf-native-table,
hsk_exam2025,page:268;sequence:7553,7553,7-9,7-9,,经,,经,,jīng,动,pymupdf-native-table,
hsk_exam2025,page:268;sequence:7554,7554,7-9,7-9,,精,,精,,jīng,形,pymupdf-native-table,
hsk_exam2025,page:268;sequence:7555,7555,7-9,7-9,,鲸,,鲸,,jīng,名,pymupdf-native-table,
hsk_exam2025,page:268;sequence:7556,7556,7-9,7-9,,精彩纷呈,,精彩纷呈,,jīngcǎi-fēnchéng,,pymupdf-native-table,
hsk_exam2025,page:268;sequence:7557,7557,7-9,7-9,,精打细算,,精打细算,,jīngdǎ-xìsuàn,,pymupdf-native-table,
hsk_exam2025,page:268;sequence:7558,7558,7-9,7-9,,惊动,,惊动,,jīngdòng,动,pymupdf-native-table,
hsk_exam2025,page:268;sequence:7559,7559,7-9,7-9,,经度,,经度,,jīngdù,名,pymupdf-native-table,
hsk_exam2025,page:268;sequence:7560,7560,7-9,7-9,,精度,,精度,,jīngdù,名,pymupdf-native-table,
hsk_exam2025,page:269;sequence:7561,7561,7-9,7-9,,经费,,经费,,jīngfèi,名,pymupdf-native-table,
hsk_exam2025,page:269;sequence:7562,7562,7-9,7-9,,精华,,精华,,jīnghuá,名,pymupdf-native-table,
hsk_exam2025,page:269;sequence:7563,7563,7-9,7-9,,惊慌,,惊慌,,jīnghuāng,形,pymupdf-native-table,
hsk_exam2025,page:269;sequence:7564,7564,7-9,7-9,,惊慌失措,,惊慌失措,,jīnghuāng-shīcuò,,pymupdf-native-table,
hsk_exam2025,page:269;sequence:7565,7565,7-9,7-9,,荆棘,,荆棘,,jīngjí,名,pymupdf-native-table,
hsk_exam2025,page:269;sequence:7566,7566,7-9,7-9,,精简,,精简,,jīngjiǎn,动,pymupdf-native-table,
hsk_exam2025,page:269;sequence:7567,7567,7-9,7-9,,兢兢业业,,兢兢业业,,jīngjīngyèyè,形,pymupdf-native-table,
hsk_exam2025,page:269;sequence:7568,7568,7-9,7-9,,经久不息,,经久不息,,jīngjiǔ-bùxī,,pymupdf-native-table,
hsk_exam2025,page:269;sequence:7569,7569,7-9,7-9,,精练,,精练,,jīngliàn,形,pymupdf-native-table,
hsk_exam2025,page:269;sequence:7570,7570,7-9,7-9,,经贸,,经贸,,jīngmào,名,pymupdf-native-table,
hsk_exam2025,page:269;sequence:7571,7571,7-9,7-9,,精密,,精密,,jīngmì,形,pymupdf-native-table,
hsk_exam2025,page:269;sequence:7572,7572,7-9,7-9,,精妙,,精妙,,jīngmiào,形,pymupdf-native-table,
hsk_exam2025,page:269;sequence:7573,7573,7-9,7-9,,精明,,精明,,jīngmíng,形,pymupdf-native-table,
hsk_exam2025,page:269;sequence:7574,7574,7-9,7-9,,精疲力竭,,精疲力竭,,jīngpí-lìjié,,pymupdf-native-table,
hsk_exam2025,page:269;sequence:7575,7575,7-9,7-9,,精品,,精品,,jīngpǐn,名,pymupdf-native-table,
hsk_exam2025,page:269;sequence:7576,7576,7-9,7-9,,惊奇,,惊奇,,jīngqí,形,pymupdf-native-table,
hsk_exam2025,page:269;sequence:7577,7577,7-9,7-9,,精巧,,精巧,,jīngqiǎo,形,pymupdf-native-table,
hsk_exam2025,page:269;sequence:7578,7578,7-9,7-9,,精神,,精神,,jīngshén,名,pymupdf-native-table,
hsk_exam2025,page:269;sequence:7579,7579,7-9,7-9,,精神病,,精神病,,jīngshénbìng,名,pymupdf-native-table,
hsk_exam2025,page:269;sequence:7580,7580,7-9,7-9,,经受,,经受,,jīngshòu,动,pymupdf-native-table,
hsk_exam2025,page:269;sequence:7581,7581,7-9,7-9,,精髓,,精髓,,jīngsuǐ,名,pymupdf-native-table,
hsk_exam2025,page:269;sequence:7582,7582,7-9,7-9,,惊叹,,惊叹,,jīngtàn,动,pymupdf-native-table,
hsk_exam2025,page:269;sequence:7583,7583,7-9,7-9,,惊天动地,,惊天动地,,jīngtiān-dòngdì,,pymupdf-native-table,
hsk_exam2025,page:269;sequence:7584,7584,7-9,7-9,,精细,,精细,,jīngxì,形,pymupdf-native-table,
hsk_exam2025,page:269;sequence:7585,7585,7-9,7-9,,惊吓,,惊吓,,jīngxià,动,pymupdf-native-table,
hsk_exam2025,page:269;sequence:7586,7586,7-9,7-9,,惊险,,惊险,,jīngxiǎn,形,pymupdf-native-table,
hsk_exam2025,page:269;sequence:7587,7587,7-9,7-9,,惊心动魄,,惊心动魄,,jīngxīn-dòngpò,,pymupdf-native-table,
hsk_exam2025,page:269;sequence:7588,7588,7-9,7-9,,晶莹,,晶莹,,jīngyíng,形,pymupdf-native-table,
hsk_exam2025,page:269;sequence:7589,7589,7-9,7-9,,精英,,精英,,jīngyīng,名,pymupdf-native-table,
hsk_exam2025,page:269;sequence:7590,7590,7-9,7-9,,精益求精,,精益求精,,jīngyìqiújīng,,pymupdf-native-table,
hsk_exam2025,page:269;sequence:7591,7591,7-9,7-9,,精湛,,精湛,,jīngzhàn,形,pymupdf-native-table,
hsk_exam2025,page:269;sequence:7592,7592,7-9,7-9,,警报,,警报,,jǐngbào,名,pymupdf-native-table,
hsk_exam2025,page:269;sequence:7593,7593,7-9,7-9,,井底之蛙,,井底之蛙,,jǐngdǐzhīwā,,pymupdf-native-table,
hsk_exam2025,page:269;sequence:7594,7594,7-9,7-9,,警戒,,警戒,,jǐngjiè,动,pymupdf-native-table,
hsk_exam2025,page:269;sequence:7595,7595,7-9,7-9,,警犬,,警犬,,jǐngquǎn,名,pymupdf-native-table,
hsk_exam2025,page:269;sequence:7596,7596,7-9,7-9,,警示,,警示,,jǐngshì,动,pymupdf-native-table,
hsk_exam2025,page:269;sequence:7597,7597,7-9,7-9,,警惕,,警惕,,jǐngtì,动,pymupdf-native-table,
hsk_exam2025,page:269;sequence:7598,7598,7-9,7-9,,警钟,,警钟,,jǐngzhōng,名,pymupdf-native-table,
hsk_exam2025,page:269;sequence:7599,7599,7-9,7-9,,竟,,竟,,jìng,副,pymupdf-native-table,
hsk_exam2025,page:269;sequence:7600,7600,7-9,7-9,,敬,,敬,,jìng,动,pymupdf-native-table,
hsk_exam2025,page:270;sequence:7601,7601,7-9,7-9,,敬爱,,敬爱,,jìng’ài,动,pymupdf-native-table,
hsk_exam2025,page:270;sequence:7602,7602,7-9,7-9,,敬而远之,,敬而远之,,jìng’éryuǎnzhī,,pymupdf-native-table,
hsk_exam2025,page:270;sequence:7603,7603,7-9,7-9,,境地,,境地,,jìngdì,名,pymupdf-native-table,
hsk_exam2025,page:270;sequence:7604,7604,7-9,7-9,,净化,,净化,,jìnghuà,动,pymupdf-native-table,
hsk_exam2025,page:270;sequence:7605,7605,7-9,7-9,,竞技,,竞技,,jìngjì,动,pymupdf-native-table,
hsk_exam2025,page:270;sequence:7606,7606,7-9,7-9,,境界,,境界,,jìngjiè,名,pymupdf-native-table,
hsk_exam2025,page:270;sequence:7607,7607,7-9,7-9,,敬礼,,敬礼,,jìnglǐ,动,pymupdf-native-table,
hsk_exam2025,page:270;sequence:7608,7608,7-9,7-9,,境内,,境内,,jìngnèi,名,pymupdf-native-table,
hsk_exam2025,page:270;sequence:7609,7609,7-9,7-9,,敬佩,,敬佩,,jìngpèi,动,pymupdf-native-table,
hsk_exam2025,page:270;sequence:7610,7610,7-9,7-9,,敬请,,敬请,,jìngqǐng,动,pymupdf-native-table,
hsk_exam2025,page:270;sequence:7611,7611,7-9,7-9,,境外,,境外,,jìngwài,名,pymupdf-native-table,
hsk_exam2025,page:270;sequence:7612,7612,7-9,7-9,,敬畏,,敬畏,,jìngwèi,动,pymupdf-native-table,
hsk_exam2025,page:270;sequence:7613,7613,7-9,7-9,,竞相,,竞相,,jìngxiāng,副,pymupdf-native-table,
hsk_exam2025,page:270;sequence:7614,7614,7-9,7-9,,竞选,,竞选,,jìngxuǎn,动,pymupdf-native-table,
hsk_exam2025,page:270;sequence:7615,7615,7-9,7-9,,敬业,,敬业,,jìngyè,动,pymupdf-native-table,
hsk_exam2025,page:270;sequence:7616,7616,7-9,7-9,,敬意,,敬意,,jìngyì,名,pymupdf-native-table,
hsk_exam2025,page:270;sequence:7617,7617,7-9,7-9,,境遇,,境遇,,jìngyù,名,pymupdf-native-table,
hsk_exam2025,page:270;sequence:7618,7618,7-9,7-9,,径直,,径直,,jìngzhí,副,pymupdf-native-table,
hsk_exam2025,page:270;sequence:7619,7619,7-9,7-9,,静止,,静止,,jìngzhǐ,动,pymupdf-native-table,
hsk_exam2025,page:270;sequence:7620,7620,7-9,7-9,,敬重,,敬重,,jìngzhòng,动,pymupdf-native-table,
hsk_exam2025,page:270;sequence:7621,7621,7-9,7-9,,窘迫,,窘迫,,jiǒngpò,形,pymupdf-native-table,
hsk_exam2025,page:270;sequence:7622,7622,7-9,7-9,,揪,,揪,,jiū,动,pymupdf-native-table,
hsk_exam2025,page:270;sequence:7623,7623,7-9,7-9,,纠缠,,纠缠,,jiūchán,动,pymupdf-native-table,
hsk_exam2025,page:270;sequence:7624,7624,7-9,7-9,,酒楼,,酒楼,,jiǔlóu,名,pymupdf-native-table,
hsk_exam2025,page:270;sequence:7625,7625,7-9,7-9,,久违,,久违,,jiǔwéi,动,pymupdf-native-table,
hsk_exam2025,page:270;sequence:7626,7626,7-9,7-9,,久仰,,久仰,,jiǔyǎng,动,pymupdf-native-table,
hsk_exam2025,page:270;sequence:7627,7627,7-9,7-9,,就餐,,就餐,,jiùcān,动,pymupdf-native-table,
hsk_exam2025,page:270;sequence:7628,7628,7-9,7-9,,就此,,就此,,jiùcǐ,副,pymupdf-native-table,
hsk_exam2025,page:270;sequence:7629,7629,7-9,7-9,,就地,,就地,,jiùdì,副,pymupdf-native-table,
hsk_exam2025,page:270;sequence:7630,7630,7-9,7-9,,救济,,救济,,jiùjì,动,pymupdf-native-table,
hsk_exam2025,page:270;sequence:7631,7631,7-9,7-9,,就近,,就近,,jiùjìn,副,pymupdf-native-table,
hsk_exam2025,page:270;sequence:7632,7632,7-9,7-9,,就任,,就任,,jiùrèn,动,pymupdf-native-table,
hsk_exam2025,page:270;sequence:7633,7633,7-9,7-9,,救死扶伤,,救死扶伤,,jiùsǐ-fúshāng,,pymupdf-native-table,
hsk_exam2025,page:270;sequence:7634,7634,7-9,7-9,,就绪,,就绪,,jiùxù,动,pymupdf-native-table,
hsk_exam2025,page:270;sequence:7635,7635,7-9,7-9,,就医,,就医,,jiùyī,动,pymupdf-native-table,
hsk_exam2025,page:270;sequence:7636,7636,7-9,7-9,,就诊,,就诊,,jiùzhěn,动,pymupdf-native-table,
hsk_exam2025,page:270;sequence:7637,7637,7-9,7-9,,就职,,就职,,jiùzhí,动,pymupdf-native-table,
hsk_exam2025,page:270;sequence:7638,7638,7-9,7-9,,救治,,救治,,jiùzhì,动,pymupdf-native-table,
hsk_exam2025,page:270;sequence:7639,7639,7-9,7-9,,就座,,就座,,jiùzuò,动,pymupdf-native-table,
hsk_exam2025,page:270;sequence:7640,7640,7-9,7-9,,居安思危,,居安思危,,jū’ān-sīwēi,,pymupdf-native-table,
hsk_exam2025,page:271;sequence:7641,7641,7-9,7-9,,居高不下,,居高不下,,jūgāo bú xià,,pymupdf-native-table,
hsk_exam2025,page:271;sequence:7642,7642,7-9,7-9,,鞠躬,,鞠躬,,jūgōng,动,pymupdf-native-table,
hsk_exam2025,page:271;sequence:7643,7643,7-9,7-9,,拘留,,拘留,,jūliú,动,pymupdf-native-table,
hsk_exam2025,page:271;sequence:7644,7644,7-9,7-9,,拘束,,拘束,,jūshù,动、形,pymupdf-native-table,
hsk_exam2025,page:271;sequence:7645,7645,7-9,7-9,,居于,,居于,,jūyú,动,pymupdf-native-table,
hsk_exam2025,page:271;sequence:7646,7646,7-9,7-9,,局部,,局部,,júbù,名,pymupdf-native-table,
hsk_exam2025,page:271;sequence:7647,7647,7-9,7-9,,局势,,局势,,júshì,名,pymupdf-native-table,
hsk_exam2025,page:271;sequence:7648,7648,7-9,7-9,,举报,,举报,,jǔbào,动,pymupdf-native-table,
hsk_exam2025,page:271;sequence:7649,7649,7-9,7-9,,举措,,举措,,jǔcuò,名,pymupdf-native-table,
hsk_exam2025,page:271;sequence:7650,7650,7-9,7-9,,咀嚼,,咀嚼,,jǔjué,动,pymupdf-native-table,
hsk_exam2025,page:271;sequence:7651,7651,7-9,7-9,,举棋不定,,举棋不定,,jǔqí-búdìng,,pymupdf-native-table,
hsk_exam2025,page:271;sequence:7652,7652,7-9,7-9,,沮丧,,沮丧,,jǔsàng,形,pymupdf-native-table,
hsk_exam2025,page:271;sequence:7653,7653,7-9,7-9,,举世瞩目,,举世瞩目,,jǔshì-zhǔmù,,pymupdf-native-table,
hsk_exam2025,page:271;sequence:7654,7654,7-9,7-9,,举一反三,,举一反三,,jǔyī-fǎnsān,,pymupdf-native-table,
hsk_exam2025,page:271;sequence:7655,7655,7-9,7-9,,举止,,举止,,jǔzhǐ,名,pymupdf-native-table,
hsk_exam2025,page:271;sequence:7656,7656,7-9,7-9,,举重,,举重,,jǔzhòng,名,pymupdf-native-table,
hsk_exam2025,page:271;sequence:7657,7657,7-9,7-9,,举足轻重,,举足轻重,,jǔzú-qīngzhòng,,pymupdf-native-table,
hsk_exam2025,page:271;sequence:7658,7658,7-9,7-9,,剧变,,剧变,,jùbiàn,动,pymupdf-native-table,
hsk_exam2025,page:271;sequence:7659,7659,7-9,7-9,,巨额,,巨额,,jù’é,形,pymupdf-native-table,
hsk_exam2025,page:271;sequence:7660,7660,7-9,7-9,,聚焦,,聚焦,,jùjiāo,动,pymupdf-native-table,
hsk_exam2025,page:271;sequence:7661,7661,7-9,7-9,,聚精会神,,聚精会神,,jùjīng-huìshén,,pymupdf-native-table,
hsk_exam2025,page:271;sequence:7662,7662,7-9,7-9,,剧目,,剧目,,jùmù,名,pymupdf-native-table,
hsk_exam2025,page:271;sequence:7663,7663,7-9,7-9,,剧情,,剧情,,jùqíng,名,pymupdf-native-table,
hsk_exam2025,page:271;sequence:7664,7664,7-9,7-9,,巨人,,巨人,,jùrén,名,pymupdf-native-table,
hsk_exam2025,page:271;sequence:7665,7665,7-9,7-9,,巨头,,巨头,,jùtóu,名,pymupdf-native-table,
hsk_exam2025,page:271;sequence:7666,7666,7-9,7-9,,据悉,,据悉,,jùxī,动,pymupdf-native-table,
hsk_exam2025,page:271;sequence:7667,7667,7-9,7-9,,圈,,圈,,juān,动,pymupdf-native-table,
hsk_exam2025,page:271;sequence:7668,7668,7-9,7-9,,捐献,,捐献,,juānxiàn,动,pymupdf-native-table,
hsk_exam2025,page:271;sequence:7669,7669,7-9,7-9,,卷入,,卷入,,juǎnrù,动,pymupdf-native-table,
hsk_exam2025,page:271;sequence:7670,7670,7-9,7-9,,圈,,圈,,juàn,名,pymupdf-native-table,
hsk_exam2025,page:271;sequence:7671,7671,7-9,7-9,,绝,,绝,,jué,动、形、副,pymupdf-native-table,
hsk_exam2025,page:271;sequence:7672,7672,7-9,7-9,,绝技,,绝技,,juéjì,名,pymupdf-native-table,
hsk_exam2025,page:271;sequence:7673,7673,7-9,7-9,,绝迹,,绝迹,,juéjì,动,pymupdf-native-table,
hsk_exam2025,page:271;sequence:7674,7674,7-9,7-9,,倔强,,倔强,,juéjiàng,形,pymupdf-native-table,
hsk_exam2025,page:271;sequence:7675,7675,7-9,7-9,,崛起,,崛起,,juéqǐ,动,pymupdf-native-table,
hsk_exam2025,page:271;sequence:7676,7676,7-9,7-9,,诀窍,,诀窍,,juéqiào,名,pymupdf-native-table,
hsk_exam2025,page:271;sequence:7677,7677,7-9,7-9,,觉悟,,觉悟,,juéwù,动、名,pymupdf-native-table,
hsk_exam2025,page:271;sequence:7678,7678,7-9,7-9,,觉醒,,觉醒,,juéxǐng,动,pymupdf-native-table,
hsk_exam2025,page:271;sequence:7679,7679,7-9,7-9,,决议,,决议,,juéyì,名,pymupdf-native-table,
hsk_exam2025,page:271;sequence:7680,7680,7-9,7-9,,绝缘,,绝缘,,juéyuán,动,pymupdf-native-table,
hsk_exam2025,page:272;sequence:7681,7681,7-9,7-9,,抉择,,抉择,,juézé,动,pymupdf-native-table,
hsk_exam2025,page:272;sequence:7682,7682,7-9,7-9,,角逐,,角逐,,juézhú,动,pymupdf-native-table,
hsk_exam2025,page:272;sequence:7683,7683,7-9,7-9,,倔,,倔,,juè,形,pymupdf-native-table,
hsk_exam2025,page:272;sequence:7684,7684,7-9,7-9,,均,,均,,jūn,形、动、副,pymupdf-native-table,
hsk_exam2025,page:272;sequence:7685,7685,7-9,7-9,,军官,,军官,,jūnguān,名,pymupdf-native-table,
hsk_exam2025,page:272;sequence:7686,7686,7-9,7-9,,均衡,,均衡,,jūnhéng,形,pymupdf-native-table,
hsk_exam2025,page:272;sequence:7687,7687,7-9,7-9,,军舰,,军舰,,jūnjiàn,名,pymupdf-native-table,
hsk_exam2025,page:272;sequence:7688,7688,7-9,7-9,,军事,,军事,,jūnshì,名,pymupdf-native-table,
hsk_exam2025,page:272;sequence:7689,7689,7-9,7-9,,君子,,君子,,jūnzǐ,名,pymupdf-native-table,
hsk_exam2025,page:272;sequence:7690,7690,7-9,7-9,,俊,,俊,,jùn,形,pymupdf-native-table,
hsk_exam2025,page:272;sequence:7691,7691,7-9,7-9,,竣工,,竣工,,jùngōng,动,pymupdf-native-table,
hsk_exam2025,page:272;sequence:7692,7692,7-9,7-9,,骏马,,骏马,,jùnmǎ,名,pymupdf-native-table,
hsk_exam2025,page:272;sequence:7693,7693,7-9,7-9,,俊俏,,俊俏,,jùnqiào,形,pymupdf-native-table,
hsk_exam2025,page:272;sequence:7694,7694,7-9,7-9,,卡车,,卡车,,kǎchē,名,pymupdf-native-table,
hsk_exam2025,page:272;sequence:7695,7695,7-9,7-9,,卡通,,卡通,,kǎtōng,名,pymupdf-native-table,
hsk_exam2025,page:272;sequence:7696,7696,7-9,7-9,,开办,,开办,,kāibàn,动,pymupdf-native-table,
hsk_exam2025,page:272;sequence:7697,7697,7-9,7-9,,开采,,开采,,kāicǎi,动,pymupdf-native-table,
hsk_exam2025,page:272;sequence:7698,7698,7-9,7-9,,开场,,开场,,kāichǎng,动,pymupdf-native-table,
hsk_exam2025,page:272;sequence:7699,7699,7-9,7-9,,开场白,,开场白,,kāichǎngbái,名,pymupdf-native-table,
hsk_exam2025,page:272;sequence:7700,7700,7-9,7-9,,开除,,开除,,kāichú,动,pymupdf-native-table,
hsk_exam2025,page:272;sequence:7701,7701,7-9,7-9,,开动,,开动,,kāidòng,动,pymupdf-native-table,
hsk_exam2025,page:272;sequence:7702,7702,7-9,7-9,,开发区,,开发区,,kāifāqū,名,pymupdf-native-table,
hsk_exam2025,page:272;sequence:7703,7703,7-9,7-9,,开发商,,开发商,,kāifāshāng,名,pymupdf-native-table,
hsk_exam2025,page:272;sequence:7704,7704,7-9,7-9,,开工,,开工,,kāigōng,动,pymupdf-native-table,
hsk_exam2025,page:272;sequence:7705,7705,7-9,7-9,,开垦,,开垦,,kāikěn,动,pymupdf-native-table,
hsk_exam2025,page:272;sequence:7706,7706,7-9,7-9,,开阔,,开阔,,kāikuò,形、动,pymupdf-native-table,
hsk_exam2025,page:272;sequence:7707,7707,7-9,7-9,,开朗,,开朗,,kāilǎng,形,pymupdf-native-table,
hsk_exam2025,page:272;sequence:7708,7708,7-9,7-9,,开明,,开明,,kāimíng,形,pymupdf-native-table,
hsk_exam2025,page:272;sequence:7709,7709,7-9,7-9,,开辟,,开辟,,kāipì,动,pymupdf-native-table,
hsk_exam2025,page:272;sequence:7710,7710,7-9,7-9,,开天辟地,,开天辟地,,kāitiān-pìdì,,pymupdf-native-table,
hsk_exam2025,page:272;sequence:7711,7711,7-9,7-9,,开庭,,开庭,,kāitíng,动,pymupdf-native-table,
hsk_exam2025,page:272;sequence:7712,7712,7-9,7-9,,开拓,,开拓,,kāituò,动,pymupdf-native-table,
hsk_exam2025,page:272;sequence:7713,7713,7-9,7-9,,开销,,开销,,kāixiāo,动、名,pymupdf-native-table,
hsk_exam2025,page:272;sequence:7714,7714,7-9,7-9,,开张,,开张,,kāizhāng,动,pymupdf-native-table,
hsk_exam2025,page:272;sequence:7715,7715,7-9,7-9,,开支,,开支,,kāizhī,名,pymupdf-native-table,
hsk_exam2025,page:272;sequence:7716,7716,7-9,7-9,,楷模,,楷模,,kǎimó,名,pymupdf-native-table,
hsk_exam2025,page:272;sequence:7717,7717,7-9,7-9,,凯旋,,凯旋,,kǎixuán,动,pymupdf-native-table,
hsk_exam2025,page:272;sequence:7718,7718,7-9,7-9,,堪称,,堪称,,kānchēng,动,pymupdf-native-table,
hsk_exam2025,page:272;sequence:7719,7719,7-9,7-9,,刊登,,刊登,,kāndēng,动,pymupdf-native-table,
hsk_exam2025,page:272;sequence:7720,7720,7-9,7-9,,看护,,看护,,kānhù,动,pymupdf-native-table,
hsk_exam2025,page:273;sequence:7721,7721,7-9,7-9,,看守,,看守,,kānshǒu,动,pymupdf-native-table,
hsk_exam2025,page:273;sequence:7722,7722,7-9,7-9,,勘探,,勘探,,kāntàn,动,pymupdf-native-table,
hsk_exam2025,page:273;sequence:7723,7723,7-9,7-9,,刊物,,刊物,,kānwù,名,pymupdf-native-table,
hsk_exam2025,page:273;sequence:7724,7724,7-9,7-9,,砍伐,,砍伐,,kǎnfá,动,pymupdf-native-table,
hsk_exam2025,page:273;sequence:7725,7725,7-9,7-9,,侃侃而谈,,侃侃而谈,,kǎnkǎn’értán,,pymupdf-native-table,
hsk_exam2025,page:273;sequence:7726,7726,7-9,7-9,,坎坷,,坎坷,,kǎnkě,形,pymupdf-native-table,
hsk_exam2025,page:273;sequence:7727,7727,7-9,7-9,,看台,,看台,,kàntái,名,pymupdf-native-table,
hsk_exam2025,page:273;sequence:7728,7728,7-9,7-9,,慷慨,,慷慨,,kāngkǎi,形,pymupdf-native-table,
hsk_exam2025,page:273;sequence:7729,7729,7-9,7-9,,看管,,看管,,kānguǎn,动,pymupdf-native-table,
hsk_exam2025,page:273;sequence:7730,7730,7-9,7-9,,扛,,扛,,káng,动,pymupdf-native-table,
hsk_exam2025,page:273;sequence:7731,7731,7-9,7-9,,抗衡,,抗衡,,kànghéng,动,pymupdf-native-table,
hsk_exam2025,page:273;sequence:7732,7732,7-9,7-9,,抗拒,,抗拒,,kàngjù,动,pymupdf-native-table,
hsk_exam2025,page:273;sequence:7733,7733,7-9,7-9,,抗生素,,抗生素,,kàngshēngsù,名,pymupdf-native-table,
hsk_exam2025,page:273;sequence:7734,7734,7-9,7-9,,抗议,,抗议,,kàngyì,动,pymupdf-native-table,
hsk_exam2025,page:273;sequence:7735,7735,7-9,7-9,,抗争,,抗争,,kàngzhēng,动,pymupdf-native-table,
hsk_exam2025,page:273;sequence:7736,7736,7-9,7-9,,考查,,考查,,kǎochá,动,pymupdf-native-table,
hsk_exam2025,page:273;sequence:7737,7737,7-9,7-9,,考量,,考量,,kǎoliáng,动,pymupdf-native-table,
hsk_exam2025,page:273;sequence:7738,7738,7-9,7-9,,靠拢,,靠拢,,kàolǒng,动,pymupdf-native-table,
hsk_exam2025,page:273;sequence:7739,7739,7-9,7-9,,磕,,磕,,kē,动,pymupdf-native-table,
hsk_exam2025,page:273;sequence:7740,7740,7-9,7-9,,苛刻,,苛刻,,kēkè,形,pymupdf-native-table,
hsk_exam2025,page:273;sequence:7741,7741,7-9,7-9,,颗粒,,颗粒,,kēlì,名,pymupdf-native-table,
hsk_exam2025,page:273;sequence:7742,7742,7-9,7-9,,壳,,壳,,ké,名,pymupdf-native-table,
hsk_exam2025,page:273;sequence:7743,7743,7-9,7-9,,可悲,,可悲,,kěbēi,形,pymupdf-native-table,
hsk_exam2025,page:273;sequence:7744,7744,7-9,7-9,,可不是,,可不是,,kěbúshi,副,pymupdf-native-table,
hsk_exam2025,page:273;sequence:7745,7745,7-9,7-9,,可乘之机,,可乘之机,,kěchéngzhījī,,pymupdf-native-table,
hsk_exam2025,page:273;sequence:7746,7746,7-9,7-9,,可耻,,可耻,,kěchǐ,形,pymupdf-native-table,
hsk_exam2025,page:273;sequence:7747,7747,7-9,7-9,,可观,,可观,,kěguān,形,pymupdf-native-table,
hsk_exam2025,page:273;sequence:7748,7748,7-9,7-9,,可贵,,可贵,,kěguì,形,pymupdf-native-table,
hsk_exam2025,page:273;sequence:7749,7749,7-9,7-9,,可谓,,可谓,,kěwèi,动,pymupdf-native-table,
hsk_exam2025,page:273;sequence:7750,7750,7-9,7-9,,可恶,,可恶,,kěwù,形,pymupdf-native-table,
hsk_exam2025,page:273;sequence:7751,7751,7-9,7-9,,可想而知,,可想而知,,kěxiǎng’érzhī,,pymupdf-native-table,
hsk_exam2025,page:273;sequence:7752,7752,7-9,7-9,,可笑,,可笑,,kěxiào,形,pymupdf-native-table,
hsk_exam2025,page:273;sequence:7753,7753,7-9,7-9,,可疑,,可疑,,kěyí,形,pymupdf-native-table,
hsk_exam2025,page:273;sequence:7754,7754,7-9,7-9,,刻不容缓,,刻不容缓,,kèbùrónghuǎn,,pymupdf-native-table,
hsk_exam2025,page:273;sequence:7755,7755,7-9,7-9,,客房,,客房,,kèfáng,名,pymupdf-native-table,
hsk_exam2025,page:273;sequence:7756,7756,7-9,7-9,,刻画,,刻画,,kèhuà,动,pymupdf-native-table,
hsk_exam2025,page:273;sequence:7757,7757,7-9,7-9,,客机,,客机,,kèjī,名,pymupdf-native-table,
hsk_exam2025,page:273;sequence:7758,7758,7-9,7-9,,刻苦,,刻苦,,kèkǔ,形,pymupdf-native-table,
hsk_exam2025,page:273;sequence:7759,7759,7-9,7-9,,客流,,客流,,kèliú,名,pymupdf-native-table,
hsk_exam2025,page:273;sequence:7760,7760,7-9,7-9,,克隆,,克隆,,kèlóng,动,pymupdf-native-table,
hsk_exam2025,page:274;sequence:7761,7761,7-9,7-9,,刻意,,刻意,,kèyì,副,pymupdf-native-table,
hsk_exam2025,page:274;sequence:7762,7762,7-9,7-9,,客运,,客运,,kèyùn,名,pymupdf-native-table,
hsk_exam2025,page:274;sequence:7763,7763,7-9,7-9,,克制,,克制,,kèzhì,动,pymupdf-native-table,
hsk_exam2025,page:274;sequence:7764,7764,7-9,7-9,,刻舟求剑,,刻舟求剑,,kèzhōu-qiújiàn,,pymupdf-native-table,
hsk_exam2025,page:274;sequence:7765,7765,7-9,7-9,,啃,,啃,,kěn,动,pymupdf-native-table,
hsk_exam2025,page:274;sequence:7766,7766,7-9,7-9,,恳切,,恳切,,kěnqiè,形,pymupdf-native-table,
hsk_exam2025,page:274;sequence:7767,7767,7-9,7-9,,恳求,,恳求,,kěnqiú,动,pymupdf-native-table,
hsk_exam2025,page:274;sequence:7768,7768,7-9,7-9,,坑,,坑,,kēng,名、动,pymupdf-native-table,
hsk_exam2025,page:274;sequence:7769,7769,7-9,7-9,,空荡荡,,空荡荡,,kōngdàngdàng,形,pymupdf-native-table,
hsk_exam2025,page:274;sequence:7770,7770,7-9,7-9,,空洞,,空洞,,kōngdòng,名、形,pymupdf-native-table,
hsk_exam2025,page:274;sequence:7771,7771,7-9,7-9,,空间站,,空间站,,kōngjiānzhàn,名,pymupdf-native-table,
hsk_exam2025,page:274;sequence:7772,7772,7-9,7-9,,空军,,空军,,kōngjūn,名,pymupdf-native-table,
hsk_exam2025,page:274;sequence:7773,7773,7-9,7-9,,空难,,空难,,kōngnàn,名,pymupdf-native-table,
hsk_exam2025,page:274;sequence:7774,7774,7-9,7-9,,空前,,空前,,kōngqián,动,pymupdf-native-table,
hsk_exam2025,page:274;sequence:7775,7775,7-9,7-9,,空想,,空想,,kōngxiǎng,动、名,pymupdf-native-table,
hsk_exam2025,page:274;sequence:7776,7776,7-9,7-9,,空虚,,空虚,,kōngxū,形,pymupdf-native-table,
hsk_exam2025,page:274;sequence:7777,7777,7-9,7-9,,孔,,孔,,kǒng,名,pymupdf-native-table,
hsk_exam2025,page:274;sequence:7778,7778,7-9,7-9,,恐怖,,恐怖,,kǒngbù,形,pymupdf-native-table,
hsk_exam2025,page:274;sequence:7779,7779,7-9,7-9,,恐吓,,恐吓,,kǒnghè,动,pymupdf-native-table,
hsk_exam2025,page:274;sequence:7780,7780,7-9,7-9,,恐慌,,恐慌,,kǒnghuāng,形,pymupdf-native-table,
hsk_exam2025,page:274;sequence:7781,7781,7-9,7-9,,恐龙,,恐龙,,kǒnglóng,名,pymupdf-native-table,
hsk_exam2025,page:274;sequence:7782,7782,7-9,7-9,,空白,,空白,,kòngbái,名,pymupdf-native-table,
hsk_exam2025,page:274;sequence:7783,7783,7-9,7-9,,控告,,控告,,kònggào,动,pymupdf-native-table,
hsk_exam2025,page:274;sequence:7784,7784,7-9,7-9,,空隙,,空隙,,kòngxì,名,pymupdf-native-table,
hsk_exam2025,page:274;sequence:7785,7785,7-9,7-9,,抠,,抠,,kōu,动、形,pymupdf-native-table,
hsk_exam2025,page:274;sequence:7786,7786,7-9,7-9,,口岸,,口岸,,kǒu’àn,名,pymupdf-native-table,
hsk_exam2025,page:274;sequence:7787,7787,7-9,7-9,,口碑,,口碑,,kǒubēi,名,pymupdf-native-table,
hsk_exam2025,page:274;sequence:7788,7788,7-9,7-9,,口才,,口才,,kǒucái,名,pymupdf-native-table,
hsk_exam2025,page:274;sequence:7789,7789,7-9,7-9,,口吃,,口吃,,kǒuchī,动,pymupdf-native-table,
hsk_exam2025,page:274;sequence:7790,7790,7-9,7-9,,口径,,口径,,kǒujìng,名,pymupdf-native-table,
hsk_exam2025,page:274;sequence:7791,7791,7-9,7-9,,口令,,口令,,kǒulìng,名,pymupdf-native-table,
hsk_exam2025,page:274;sequence:7792,7792,7-9,7-9,,口气,,口气,,kǒuqì,名,pymupdf-native-table,
hsk_exam2025,page:274;sequence:7793,7793,7-9,7-9,,口哨儿,,口哨儿,,kǒushàor,名,pymupdf-native-table,
hsk_exam2025,page:274;sequence:7794,7794,7-9,7-9,,口水,,口水,,kǒushuǐ,名,pymupdf-native-table,
hsk_exam2025,page:274;sequence:7795,7795,7-9,7-9,,口头禅,,口头禅,,kǒutóuchán,名,pymupdf-native-table,
hsk_exam2025,page:274;sequence:7796,7796,7-9,7-9,,口香糖,,口香糖,,kǒuxiāngtáng,名,pymupdf-native-table,
hsk_exam2025,page:274;sequence:7797,7797,7-9,7-9,,口音,,口音,,kǒuyīn,名,pymupdf-native-table,
hsk_exam2025,page:274;sequence:7798,7798,7-9,7-9,,口罩,,口罩,,kǒuzhào,名,pymupdf-native-table,
hsk_exam2025,page:274;sequence:7799,7799,7-9,7-9,,口子,,口子,,kǒuzi,名,pymupdf-native-table,
hsk_exam2025,page:274;sequence:7800,7800,7-9,7-9,,扣除,,扣除,,kòuchú,动,pymupdf-native-table,
hsk_exam2025,page:275;sequence:7801,7801,7-9,7-9,,扣留,,扣留,,kòuliú,动,pymupdf-native-table,
hsk_exam2025,page:275;sequence:7802,7802,7-9,7-9,,扣人心弦,,扣人心弦,,kòurénxīnxián,,pymupdf-native-table,
hsk_exam2025,page:275;sequence:7803,7803,7-9,7-9,,扣押,,扣押,,kòuyā,动,pymupdf-native-table,
hsk_exam2025,page:275;sequence:7804,7804,7-9,7-9,,枯竭,,枯竭,,kūjié,形,pymupdf-native-table,
hsk_exam2025,page:275;sequence:7805,7805,7-9,7-9,,窟窿,,窟窿,,kūlong,名,pymupdf-native-table,
hsk_exam2025,page:275;sequence:7806,7806,7-9,7-9,,哭泣,,哭泣,,kūqì,动,pymupdf-native-table,
hsk_exam2025,page:275;sequence:7807,7807,7-9,7-9,,枯萎,,枯萎,,kūwěi,形,pymupdf-native-table,
hsk_exam2025,page:275;sequence:7808,7808,7-9,7-9,,哭笑不得,,哭笑不得,,kūxiào-bùdé,,pymupdf-native-table,
hsk_exam2025,page:275;sequence:7809,7809,7-9,7-9,,苦尽甘来,,苦尽甘来,,kǔjìn-gānlái,,pymupdf-native-table,
hsk_exam2025,page:275;sequence:7810,7810,7-9,7-9,,苦难,,苦难,,kǔnàn,名,pymupdf-native-table,
hsk_exam2025,page:275;sequence:7811,7811,7-9,7-9,,苦恼,,苦恼,,kǔnǎo,形,pymupdf-native-table,
hsk_exam2025,page:275;sequence:7812,7812,7-9,7-9,,苦涩,,苦涩,,kǔsè,形,pymupdf-native-table,
hsk_exam2025,page:275;sequence:7813,7813,7-9,7-9,,苦笑,,苦笑,,kǔxiào,动,pymupdf-native-table,
hsk_exam2025,page:275;sequence:7814,7814,7-9,7-9,,苦心,,苦心,,kǔxīn,名、副,pymupdf-native-table,
hsk_exam2025,page:275;sequence:7815,7815,7-9,7-9,,库存,,库存,,kùcún,名,pymupdf-native-table,
hsk_exam2025,page:275;sequence:7816,7816,7-9,7-9,,酷似,,酷似,,kùsì,动,pymupdf-native-table,
hsk_exam2025,page:275;sequence:7817,7817,7-9,7-9,,夸大,,夸大,,kuādà,动,pymupdf-native-table,
hsk_exam2025,page:275;sequence:7818,7818,7-9,7-9,,夸夸其谈,,夸夸其谈,,kuākuā-qítán,,pymupdf-native-table,
hsk_exam2025,page:275;sequence:7819,7819,7-9,7-9,,夸耀,,夸耀,,kuāyào,动,pymupdf-native-table,
hsk_exam2025,page:275;sequence:7820,7820,7-9,7-9,,垮,,垮,,kuǎ,动,pymupdf-native-table,
hsk_exam2025,page:275;sequence:7821,7821,7-9,7-9,,挎,,挎,,kuà,动,pymupdf-native-table,
hsk_exam2025,page:275;sequence:7822,7822,7-9,7-9,,跨,,跨,,kuà,动,pymupdf-native-table,
hsk_exam2025,page:275;sequence:7823,7823,7-9,7-9,,跨度,,跨度,,kuàdù,名,pymupdf-native-table,
hsk_exam2025,page:275;sequence:7824,7824,7-9,7-9,,跨国,,跨国,,kuàguó,动,pymupdf-native-table,
hsk_exam2025,page:275;sequence:7825,7825,7-9,7-9,,跨越,,跨越,,kuàyuè,动,pymupdf-native-table,
hsk_exam2025,page:275;sequence:7826,7826,7-9,7-9,,快活,,快活,,kuàihuo,形,pymupdf-native-table,
hsk_exam2025,page:275;sequence:7827,7827,7-9,7-9,,宽敞,,宽敞,,kuānchang,形,pymupdf-native-table,
hsk_exam2025,page:275;sequence:7828,7828,7-9,7-9,,宽泛,,宽泛,,kuānfàn,形,pymupdf-native-table,
hsk_exam2025,page:275;sequence:7829,7829,7-9,7-9,,宽广,,宽广,,kuānguǎng,形,pymupdf-native-table,
hsk_exam2025,page:275;sequence:7830,7830,7-9,7-9,,宽厚,,宽厚,,kuānhòu,形,pymupdf-native-table,
hsk_exam2025,page:275;sequence:7831,7831,7-9,7-9,,宽阔,,宽阔,,kuānkuò,形,pymupdf-native-table,
hsk_exam2025,page:275;sequence:7832,7832,7-9,7-9,,宽容,,宽容,,kuānróng,动,pymupdf-native-table,
hsk_exam2025,page:275;sequence:7833,7833,7-9,7-9,,宽恕,,宽恕,,kuānshù,动,pymupdf-native-table,
hsk_exam2025,page:275;sequence:7834,7834,7-9,7-9,,宽松,,宽松,,kuānsōng,形,pymupdf-native-table,
hsk_exam2025,page:275;sequence:7835,7835,7-9,7-9,,款待,,款待,,kuǎndài,动,pymupdf-native-table,
hsk_exam2025,page:275;sequence:7836,7836,7-9,7-9,,款项,,款项,,kuǎnxiàng,名,pymupdf-native-table,
hsk_exam2025,page:275;sequence:7837,7837,7-9,7-9,,筐,,筐,,kuāng,名,pymupdf-native-table,
hsk_exam2025,page:275;sequence:7838,7838,7-9,7-9,,狂,,狂,,kuáng,形,pymupdf-native-table,
hsk_exam2025,page:275;sequence:7839,7839,7-9,7-9,,狂欢,,狂欢,,kuánghuān,动,pymupdf-native-table,
hsk_exam2025,page:275;sequence:7840,7840,7-9,7-9,,狂热,,狂热,,kuángrè,形,pymupdf-native-table,
hsk_exam2025,page:276;sequence:7841,7841,7-9,7-9,,矿,,矿,,kuàng,名,pymupdf-native-table,
hsk_exam2025,page:276;sequence:7842,7842,7-9,7-9,,框,,框,,kuàng,名、动,pymupdf-native-table,
hsk_exam2025,page:276;sequence:7843,7843,7-9,7-9,,矿藏,,矿藏,,kuàngcáng,名,pymupdf-native-table,
hsk_exam2025,page:276;sequence:7844,7844,7-9,7-9,,矿产,,矿产,,kuàngchǎn,名,pymupdf-native-table,
hsk_exam2025,page:276;sequence:7845,7845,7-9,7-9,,框架,,框架,,kuàngjià,名,pymupdf-native-table,
hsk_exam2025,page:276;sequence:7846,7846,7-9,7-9,,旷课,,旷课,,kuàngkè,动,pymupdf-native-table,
hsk_exam2025,page:276;sequence:7847,7847,7-9,7-9,,况且,,况且,,kuàngqiě,连,pymupdf-native-table,
hsk_exam2025,page:276;sequence:7848,7848,7-9,7-9,,亏本,,亏本,,kuīběn,动,pymupdf-native-table,
hsk_exam2025,page:276;sequence:7849,7849,7-9,7-9,,亏待,,亏待,,kuīdài,动,pymupdf-native-table,
hsk_exam2025,page:276;sequence:7850,7850,7-9,7-9,,捆,,捆,,kǔn,动、名、量,pymupdf-native-table,
hsk_exam2025,page:276;sequence:7851,7851,7-9,7-9,,困惑,,困惑,,kùnhuò,形、动,pymupdf-native-table,
hsk_exam2025,page:276;sequence:7852,7852,7-9,7-9,,困境,,困境,,kùnjìng,名,pymupdf-native-table,
hsk_exam2025,page:276;sequence:7853,7853,7-9,7-9,,扩,,扩,,kuò,动,pymupdf-native-table,
hsk_exam2025,page:276;sequence:7854,7854,7-9,7-9,,扩充,,扩充,,kuòchōng,动,pymupdf-native-table,
hsk_exam2025,page:276;sequence:7855,7855,7-9,7-9,,阔绰,,阔绰,,kuòchuò,形,pymupdf-native-table,
hsk_exam2025,page:276;sequence:7856,7856,7-9,7-9,,括号,,括号,,kuòhào,名,pymupdf-native-table,
hsk_exam2025,page:276;sequence:7857,7857,7-9,7-9,,扩建,,扩建,,kuòjiàn,动,pymupdf-native-table,
hsk_exam2025,page:276;sequence:7858,7858,7-9,7-9,,扩散,,扩散,,kuòsàn,动,pymupdf-native-table,
hsk_exam2025,page:276;sequence:7859,7859,7-9,7-9,,扩张,,扩张,,kuòzhāng,动,pymupdf-native-table,
hsk_exam2025,page:276;sequence:7860,7860,7-9,7-9,,拉动,,拉动,,lādòng,动,pymupdf-native-table,
hsk_exam2025,page:276;sequence:7861,7861,7-9,7-9,,啦啦队,,啦啦队,,lālāduì,名,pymupdf-native-table,
hsk_exam2025,page:276;sequence:7862,7862,7-9,7-9,,拉链,,拉链,,lāliàn,名,pymupdf-native-table,
hsk_exam2025,page:276;sequence:7863,7863,7-9,7-9,,拉拢,,拉拢,,lālǒng,动,pymupdf-native-table,
hsk_exam2025,page:276;sequence:7864,7864,7-9,7-9,,喇叭,,喇叭,,lǎba,名,pymupdf-native-table,
hsk_exam2025,page:276;sequence:7865,7865,7-9,7-9,,蜡,,蜡,,là,名,pymupdf-native-table,
hsk_exam2025,page:276;sequence:7866,7866,7-9,7-9,,腊月,,腊月,,làyuè,名,pymupdf-native-table,
hsk_exam2025,page:276;sequence:7867,7867,7-9,7-9,,蜡烛,,蜡烛,,làzhú,名,pymupdf-native-table,
hsk_exam2025,page:276;sequence:7868,7868,7-9,7-9,,来宾,,来宾,,láibīn,名,pymupdf-native-table,
hsk_exam2025,page:276;sequence:7869,7869,7-9,7-9,,来电,,来电,,láidiàn,动、名,pymupdf-native-table,
hsk_exam2025,page:276;sequence:7870,7870,7-9,7-9,,来访,,来访,,láifǎng,动,pymupdf-native-table,
hsk_exam2025,page:276;sequence:7871,7871,7-9,7-9,,来回,,来回,,láihuí,动、名、副,pymupdf-native-table,
hsk_exam2025,page:276;sequence:7872,7872,7-9,7-9,,来历,,来历,,láilì,名,pymupdf-native-table,
hsk_exam2025,page:276;sequence:7873,7873,7-9,7-9,,来龙去脉,,来龙去脉,,láilóng-qùmài,,pymupdf-native-table,
hsk_exam2025,page:276;sequence:7874,7874,7-9,7-9,,来年,,来年,,láinián,名,pymupdf-native-table,
hsk_exam2025,page:276;sequence:7875,7875,7-9,7-9,,来之不易,,来之不易,,láizhī-búyì,,pymupdf-native-table,
hsk_exam2025,page:276;sequence:7876,7876,7-9,7-9,,栏杆,,栏杆,,lángān,名,pymupdf-native-table,
hsk_exam2025,page:276;sequence:7877,7877,7-9,7-9,,栏目,,栏目,,lánmù,名,pymupdf-native-table,
hsk_exam2025,page:276;sequence:7878,7878,7-9,7-9,,蓝图,,蓝图,,lántú,名,pymupdf-native-table,
hsk_exam2025,page:276;sequence:7879,7879,7-9,7-9,,揽,,揽,,lǎn,动,pymupdf-native-table,
hsk_exam2025,page:276;sequence:7880,7880,7-9,7-9,,缆车,,缆车,,lǎnchē,名,pymupdf-native-table,
hsk_exam2025,page:277;sequence:7881,7881,7-9,7-9,,懒得,,懒得,,lǎnde,动,pymupdf-native-table,
hsk_exam2025,page:277;sequence:7882,7882,7-9,7-9,,懒惰,,懒惰,,lǎnduò,形,pymupdf-native-table,
hsk_exam2025,page:277;sequence:7883,7883,7-9,7-9,,滥用,,滥用,,lànyòng,动,pymupdf-native-table,
hsk_exam2025,page:277;sequence:7884,7884,7-9,7-9,,狼狈,,狼狈,,lángbèi,形,pymupdf-native-table,
hsk_exam2025,page:277;sequence:7885,7885,7-9,7-9,,狼吞虎咽,,狼吞虎咽,,lángtūn-hǔyàn,,pymupdf-native-table,
hsk_exam2025,page:277;sequence:7886,7886,7-9,7-9,,朗诵,,朗诵,,lǎngsòng,动,pymupdf-native-table,
hsk_exam2025,page:277;sequence:7887,7887,7-9,7-9,,捞,,捞,,lāo,动,pymupdf-native-table,
hsk_exam2025,page:277;sequence:7888,7888,7-9,7-9,,唠叨,,唠叨,,láodao,动,pymupdf-native-table,
hsk_exam2025,page:277;sequence:7889,7889,7-9,7-9,,牢固,,牢固,,láogù,形,pymupdf-native-table,
hsk_exam2025,page:277;sequence:7890,7890,7-9,7-9,,牢记,,牢记,,láojì,动,pymupdf-native-table,
hsk_exam2025,page:277;sequence:7891,7891,7-9,7-9,,劳驾,,劳驾,,láojià,动,pymupdf-native-table,
hsk_exam2025,page:277;sequence:7892,7892,7-9,7-9,,牢牢,,牢牢,,láoláo,副,pymupdf-native-table,
hsk_exam2025,page:277;sequence:7893,7893,7-9,7-9,,劳累,,劳累,,láolèi,形,pymupdf-native-table,
hsk_exam2025,page:277;sequence:7894,7894,7-9,7-9,,牢骚,,牢骚,,láosāo,名,pymupdf-native-table,
hsk_exam2025,page:277;sequence:7895,7895,7-9,7-9,,劳务,,劳务,,láowù,名,pymupdf-native-table,
hsk_exam2025,page:277;sequence:7896,7896,7-9,7-9,,老伴儿,,老伴儿,,lǎobànr,名,pymupdf-native-table,
hsk_exam2025,page:277;sequence:7897,7897,7-9,7-9,,老大,,老大,,lǎodà,形、副,pymupdf-native-table,
hsk_exam2025,page:277;sequence:7898,7898,7-9,7-9,,老化,,老化,,lǎohuà,动,pymupdf-native-table,
hsk_exam2025,page:277;sequence:7899,7899,7-9,7-9,,老人家,,老人家,,lǎorenjia,名,pymupdf-native-table,
hsk_exam2025,page:277;sequence:7900,7900,7-9,7-9,,老乡,,老乡,,lǎoxiāng,名,pymupdf-native-table,
hsk_exam2025,page:277;sequence:7901,7901,7-9,7-9,,老字号,,老字号,,lǎozìhao,名,pymupdf-native-table,
hsk_exam2025,page:277;sequence:7902,7902,7-9,7-9,,涝,,涝,,lào,形,pymupdf-native-table,
hsk_exam2025,page:277;sequence:7903,7903,7-9,7-9,,乐此不疲,,乐此不疲,,lècǐ-bùpí,,pymupdf-native-table,
hsk_exam2025,page:277;sequence:7904,7904,7-9,7-9,,乐意,,乐意,,lèyì,动、形,pymupdf-native-table,
hsk_exam2025,page:277;sequence:7905,7905,7-9,7-9,,乐园,,乐园,,lèyuán,名,pymupdf-native-table,
hsk_exam2025,page:277;sequence:7906,7906,7-9,7-9,,勒,,勒,,lēi,动,pymupdf-native-table,
hsk_exam2025,page:277;sequence:7907,7907,7-9,7-9,,雷达,,雷达,,léidá,名,pymupdf-native-table,
hsk_exam2025,page:277;sequence:7908,7908,7-9,7-9,,雷同,,雷同,,léitóng,形,pymupdf-native-table,
hsk_exam2025,page:277;sequence:7909,7909,7-9,7-9,,累赘,,累赘,,léizhui,形、动、名,pymupdf-native-table,
hsk_exam2025,page:277;sequence:7910,7910,7-9,7-9,,累计,,累计,,lěijì,动,pymupdf-native-table,
hsk_exam2025,page:277;sequence:7911,7911,7-9,7-9,,累积,,累积,,lěijī,动,pymupdf-native-table,
hsk_exam2025,page:277;sequence:7912,7912,7-9,7-9,,棱角,,棱角,,léngjiǎo,名,pymupdf-native-table,
hsk_exam2025,page:277;sequence:7913,7913,7-9,7-9,,冷淡,,冷淡,,lěngdàn,形、动,pymupdf-native-table,
hsk_exam2025,page:277;sequence:7914,7914,7-9,7-9,,冷冻,,冷冻,,lěngdòng,动,pymupdf-native-table,
hsk_exam2025,page:277;sequence:7915,7915,7-9,7-9,,冷酷,,冷酷,,lěngkù,形,pymupdf-native-table,
hsk_exam2025,page:277;sequence:7916,7916,7-9,7-9,,冷落,,冷落,,lěngluò,形、动,pymupdf-native-table,
hsk_exam2025,page:277;sequence:7917,7917,7-9,7-9,,冷门,,冷门,,lěngmén,名,pymupdf-native-table,
hsk_exam2025,page:277;sequence:7918,7918,7-9,7-9,,冷漠,,冷漠,,lěngmò,形,pymupdf-native-table,
hsk_exam2025,page:277;sequence:7919,7919,7-9,7-9,,冷气,,冷气,,lěngqì,名,pymupdf-native-table,
hsk_exam2025,page:277;sequence:7920,7920,7-9,7-9,,冷却,,冷却,,lěngquè,动,pymupdf-native-table,
hsk_exam2025,page:278;sequence:7921,7921,7-9,7-9,,冷战,,冷战,,lěngzhàn,名,pymupdf-native-table,
hsk_exam2025,page:278;sequence:7922,7922,7-9,7-9,,愣,,愣,,lèng,动、形、副,pymupdf-native-table,
hsk_exam2025,page:278;sequence:7923,7923,7-9,7-9,,黎明,,黎明,,límíng,名,pymupdf-native-table,
hsk_exam2025,page:278;sequence:7924,7924,7-9,7-9,,离谱儿,,离谱儿,,lípǔr,形,pymupdf-native-table,
hsk_exam2025,page:278;sequence:7925,7925,7-9,7-9,,离奇,,离奇,,líqí,形,pymupdf-native-table,
hsk_exam2025,page:278;sequence:7926,7926,7-9,7-9,,理睬,,理睬,,lǐcǎi,动,pymupdf-native-table,
hsk_exam2025,page:278;sequence:7927,7927,7-9,7-9,,里程碑,,里程碑,,lǐchéngbēi,名,pymupdf-native-table,
hsk_exam2025,page:278;sequence:7928,7928,7-9,7-9,,礼服,,礼服,,lǐfú,名,pymupdf-native-table,
hsk_exam2025,page:278;sequence:7929,7929,7-9,7-9,,理会,,理会,,lǐhuì,动,pymupdf-native-table,
hsk_exam2025,page:278;sequence:7930,7930,7-9,7-9,,礼节,,礼节,,lǐjié,名,pymupdf-native-table,
hsk_exam2025,page:278;sequence:7931,7931,7-9,7-9,,礼品,,礼品,,lǐpǐn,名,pymupdf-native-table,
hsk_exam2025,page:278;sequence:7932,7932,7-9,7-9,,礼尚往来,,礼尚往来,,lǐshàngwǎnglái,,pymupdf-native-table,
hsk_exam2025,page:278;sequence:7933,7933,7-9,7-9,,理事,,理事,,lǐshì,动、名,pymupdf-native-table,
hsk_exam2025,page:278;sequence:7934,7934,7-9,7-9,,理所当然,,理所当然,,lǐsuǒdāngrán,,pymupdf-native-table,
hsk_exam2025,page:278;sequence:7935,7935,7-9,7-9,,礼堂,,礼堂,,lǐtáng,名,pymupdf-native-table,
hsk_exam2025,page:278;sequence:7936,7936,7-9,7-9,,礼仪,,礼仪,,lǐyí,名,pymupdf-native-table,
hsk_exam2025,page:278;sequence:7937,7937,7-9,7-9,,鲤鱼,,鲤鱼,,lǐyú,名,pymupdf-native-table,
hsk_exam2025,page:278;sequence:7938,7938,7-9,7-9,,理智,,理智,,lǐzhì,名、形,pymupdf-native-table,
hsk_exam2025,page:278;sequence:7939,7939,7-9,7-9,,理直气壮,,理直气壮,,lǐzhí-qìzhuàng,,pymupdf-native-table,
hsk_exam2025,page:278;sequence:7940,7940,7-9,7-9,,立案,,立案,,lì’àn,动,pymupdf-native-table,
hsk_exam2025,page:278;sequence:7941,7941,7-9,7-9,,利弊,,利弊,,lìbì,名,pymupdf-native-table,
hsk_exam2025,page:278;sequence:7942,7942,7-9,7-9,,力不从心,,力不从心,,lìbùcóngxīn,,pymupdf-native-table,
hsk_exam2025,page:278;sequence:7943,7943,7-9,7-9,,历程,,历程,,lìchéng,名,pymupdf-native-table,
hsk_exam2025,page:278;sequence:7944,7944,7-9,7-9,,历代,,历代,,lìdài,名,pymupdf-native-table,
hsk_exam2025,page:278;sequence:7945,7945,7-9,7-9,,立法,,立法,,lìfǎ,动,pymupdf-native-table,
hsk_exam2025,page:278;sequence:7946,7946,7-9,7-9,,立方,,立方,,lìfāng,名、量,pymupdf-native-table,
hsk_exam2025,page:278;sequence:7947,7947,7-9,7-9,,立方米,,立方米,,lìfāngmǐ,量,pymupdf-native-table,
hsk_exam2025,page:278;sequence:7948,7948,7-9,7-9,,立功,,立功,,lìgōng,动,pymupdf-native-table,
hsk_exam2025,page:278;sequence:7949,7949,7-9,7-9,,利害,,利害,,lìhài,名,pymupdf-native-table,
hsk_exam2025,page:278;sequence:7950,7950,7-9,7-9,,立交桥,,立交桥,,lìjiāoqiáo,名,pymupdf-native-table,
hsk_exam2025,page:278;sequence:7951,7951,7-9,7-9,,历届,,历届,,lìjiè,形,pymupdf-native-table,
hsk_exam2025,page:278;sequence:7952,7952,7-9,7-9,,历来,,历来,,lìlái,副,pymupdf-native-table,
hsk_exam2025,page:278;sequence:7953,7953,7-9,7-9,,莅临,,莅临,,lìlín,动,pymupdf-native-table,
hsk_exam2025,page:278;sequence:7954,7954,7-9,7-9,,利率,,利率,,lìlǜ,名,pymupdf-native-table,
hsk_exam2025,page:278;sequence:7955,7955,7-9,7-9,,力求,,力求,,lìqiú,动,pymupdf-native-table,
hsk_exam2025,page:278;sequence:7956,7956,7-9,7-9,,历时,,历时,,lìshí,动、形,pymupdf-native-table,
hsk_exam2025,page:278;sequence:7957,7957,7-9,7-9,,利索,,利索,,lìsuo,形,pymupdf-native-table,
hsk_exam2025,page:278;sequence:7958,7958,7-9,7-9,,力所能及,,力所能及,,lìsuǒnéngjí,,pymupdf-native-table,
hsk_exam2025,page:278;sequence:7959,7959,7-9,7-9,,立体,,立体,,lìtǐ,形、名,pymupdf-native-table,
hsk_exam2025,page:278;sequence:7960,7960,7-9,7-9,,力争,,力争,,lìzhēng,动,pymupdf-native-table,
hsk_exam2025,page:279;sequence:7961,7961,7-9,7-9,,励志,,励志,,lìzhì,动,pymupdf-native-table,
hsk_exam2025,page:279;sequence:7962,7962,7-9,7-9,,立足,,立足,,lìzú,动,pymupdf-native-table,
hsk_exam2025,page:279;sequence:7963,7963,7-9,7-9,,连贯,,连贯,,liánguàn,动,pymupdf-native-table,
hsk_exam2025,page:279;sequence:7964,7964,7-9,7-9,,联欢,,联欢,,liánhuān,动,pymupdf-native-table,
hsk_exam2025,page:279;sequence:7965,7965,7-9,7-9,,廉价,,廉价,,liánjià,形,pymupdf-native-table,
hsk_exam2025,page:279;sequence:7966,7966,7-9,7-9,,廉洁,,廉洁,,liánjié,形,pymupdf-native-table,
hsk_exam2025,page:279;sequence:7967,7967,7-9,7-9,,连连,,连连,,liánlián,副,pymupdf-native-table,
hsk_exam2025,page:279;sequence:7968,7968,7-9,7-9,,联络,,联络,,liánluò,动,pymupdf-native-table,
hsk_exam2025,page:279;sequence:7969,7969,7-9,7-9,,联盟,,联盟,,liánméng,名,pymupdf-native-table,
hsk_exam2025,page:279;sequence:7970,7970,7-9,7-9,,连绵,,连绵,,liánmián,动,pymupdf-native-table,
hsk_exam2025,page:279;sequence:7971,7971,7-9,7-9,,连年,,连年,,liánnián,动,pymupdf-native-table,
hsk_exam2025,page:279;sequence:7972,7972,7-9,7-9,,连任,,连任,,liánrèn,动,pymupdf-native-table,
hsk_exam2025,page:279;sequence:7973,7973,7-9,7-9,,联赛,,联赛,,liánsài,名,pymupdf-native-table,
hsk_exam2025,page:279;sequence:7974,7974,7-9,7-9,,联手,,联手,,liánshǒu,动,pymupdf-native-table,
hsk_exam2025,page:279;sequence:7975,7975,7-9,7-9,,连锁,,连锁,,liánsuǒ,形,pymupdf-native-table,
hsk_exam2025,page:279;sequence:7976,7976,7-9,7-9,,连同,,连同,,liántóng,连,pymupdf-native-table,
hsk_exam2025,page:279;sequence:7977,7977,7-9,7-9,,怜惜,,怜惜,,liánxī,动,pymupdf-native-table,
hsk_exam2025,page:279;sequence:7978,7978,7-9,7-9,,连夜,,连夜,,liányè,副、动,pymupdf-native-table,
hsk_exam2025,page:279;sequence:7979,7979,7-9,7-9,,廉正,,廉正,,liánzhèng,形,pymupdf-native-table,
hsk_exam2025,page:279;sequence:7980,7980,7-9,7-9,,帘子,,帘子,,liánzi,名,pymupdf-native-table,
hsk_exam2025,page:279;sequence:7981,7981,7-9,7-9,,莲子,,莲子,,liánzǐ,名,pymupdf-native-table,
hsk_exam2025,page:279;sequence:7982,7982,7-9,7-9,,脸颊,,脸颊,,liǎnjiá,名,pymupdf-native-table,
hsk_exam2025,page:279;sequence:7983,7983,7-9,7-9,,炼,,炼,,liàn,动,pymupdf-native-table,
hsk_exam2025,page:279;sequence:7984,7984,7-9,7-9,,恋恋不舍,,恋恋不舍,,liànliàn-bùshě,,pymupdf-native-table,
hsk_exam2025,page:279;sequence:7985,7985,7-9,7-9,,良,,良,,liáng,副,pymupdf-native-table,
hsk_exam2025,page:279;sequence:7986,7986,7-9,7-9,,凉爽,,凉爽,,liángshuǎng,形,pymupdf-native-table,
hsk_exam2025,page:279;sequence:7987,7987,7-9,7-9,,良心,,良心,,liángxīn,名,pymupdf-native-table,
hsk_exam2025,page:279;sequence:7988,7988,7-9,7-9,,良性,,良性,,liángxìng,形,pymupdf-native-table,
hsk_exam2025,page:279;sequence:7989,7989,7-9,7-9,,两口子,,两口子,,liǎngkǒuzi,名,pymupdf-native-table,
hsk_exam2025,page:279;sequence:7990,7990,7-9,7-9,,两栖,,两栖,,liǎngqī,动,pymupdf-native-table,
hsk_exam2025,page:279;sequence:7991,7991,7-9,7-9,,两手,,两手,,liǎngshǒu,名,pymupdf-native-table,
hsk_exam2025,page:279;sequence:7992,7992,7-9,7-9,,两下子,,两下子,,liǎngxiàzi,数量、名,pymupdf-native-table,
hsk_exam2025,page:279;sequence:7993,7993,7-9,7-9,,两翼,,两翼,,liǎngyì,名,pymupdf-native-table,
hsk_exam2025,page:279;sequence:7994,7994,7-9,7-9,,亮点,,亮点,,liàngdiǎn,名,pymupdf-native-table,
hsk_exam2025,page:279;sequence:7995,7995,7-9,7-9,,量化,,量化,,liànghuà,动,pymupdf-native-table,
hsk_exam2025,page:279;sequence:7996,7996,7-9,7-9,,谅解,,谅解,,liàngjiě,动,pymupdf-native-table,
hsk_exam2025,page:279;sequence:7997,7997,7-9,7-9,,亮丽,,亮丽,,liànglì,形,pymupdf-native-table,
hsk_exam2025,page:279;sequence:7998,7998,7-9,7-9,,亮相,,亮相,,liàngxiàng,动,pymupdf-native-table,
hsk_exam2025,page:279;sequence:7999,7999,7-9,7-9,,潦草,,潦草,,liáocǎo,形,pymupdf-native-table,
hsk_exam2025,page:279;sequence:8000,8000,7-9,7-9,,疗法,,疗法,,liáofǎ,名,pymupdf-native-table,
hsk_exam2025,page:280;sequence:8001,8001,7-9,7-9,,辽阔,,辽阔,,liáokuò,形,pymupdf-native-table,
hsk_exam2025,page:280;sequence:8002,8002,7-9,7-9,,寥寥无几,,寥寥无几,,liáoliáo-wújǐ,,pymupdf-native-table,
hsk_exam2025,page:280;sequence:8003,8003,7-9,7-9,,疗效,,疗效,,liáoxiào,名,pymupdf-native-table,
hsk_exam2025,page:280;sequence:8004,8004,7-9,7-9,,疗养,,疗养,,liáoyǎng,动,pymupdf-native-table,
hsk_exam2025,page:280;sequence:8005,8005,7-9,7-9,,了结,,了结,,liǎojié,动,pymupdf-native-table,
hsk_exam2025,page:280;sequence:8006,8006,7-9,7-9,,料理,,料理,,liàolǐ,动、名,pymupdf-native-table,
hsk_exam2025,page:280;sequence:8007,8007,7-9,7-9,,咧嘴,,咧嘴,,liězuǐ,动,pymupdf-native-table,
hsk_exam2025,page:280;sequence:8008,8008,7-9,7-9,,裂,,裂,,liè,动,pymupdf-native-table,
hsk_exam2025,page:280;sequence:8009,8009,7-9,7-9,,裂缝,,裂缝,,lièfèng,动、名,pymupdf-native-table,
hsk_exam2025,page:280;sequence:8010,8010,7-9,7-9,,裂痕,,裂痕,,lièhén,名,pymupdf-native-table,
hsk_exam2025,page:280;sequence:8011,8011,7-9,7-9,,列举,,列举,,lièjǔ,动,pymupdf-native-table,
hsk_exam2025,page:280;sequence:8012,8012,7-9,7-9,,猎人,,猎人,,lièrén,名,pymupdf-native-table,
hsk_exam2025,page:280;sequence:8013,8013,7-9,7-9,,烈日,,烈日,,lièrì,名,pymupdf-native-table,
hsk_exam2025,page:280;sequence:8014,8014,7-9,7-9,,劣势,,劣势,,lièshì,名,pymupdf-native-table,
hsk_exam2025,page:280;sequence:8015,8015,7-9,7-9,,烈士,,烈士,,lièshì,名,pymupdf-native-table,
hsk_exam2025,page:280;sequence:8016,8016,7-9,7-9,,猎物,,猎物,,lièwù,名,pymupdf-native-table,
hsk_exam2025,page:280;sequence:8017,8017,7-9,7-9,,劣质,,劣质,,lièzhì,形,pymupdf-native-table,
hsk_exam2025,page:280;sequence:8018,8018,7-9,7-9,,拎,,拎,,līn,动,pymupdf-native-table,
hsk_exam2025,page:280;sequence:8019,8019,7-9,7-9,,临,,临,,lín,动、介,pymupdf-native-table,
hsk_exam2025,page:280;sequence:8020,8020,7-9,7-9,,临床,,临床,,línchuáng,动,pymupdf-native-table,
hsk_exam2025,page:280;sequence:8021,8021,7-9,7-9,,临街,,临街,,línjiē,动,pymupdf-native-table,
hsk_exam2025,page:280;sequence:8022,8022,7-9,7-9,,临近,,临近,,línjìn,动,pymupdf-native-table,
hsk_exam2025,page:280;sequence:8023,8023,7-9,7-9,,吝啬,,吝啬,,lìnsè,形,pymupdf-native-table,
hsk_exam2025,page:280;sequence:8024,8024,7-9,7-9,,灵,,灵,,líng,形、名,pymupdf-native-table,
hsk_exam2025,page:280;sequence:8025,8025,7-9,7-9,,灵感,,灵感,,línggǎn,名,pymupdf-native-table,
hsk_exam2025,page:280;sequence:8026,8026,7-9,7-9,,灵魂,,灵魂,,línghún,名,pymupdf-native-table,
hsk_exam2025,page:280;sequence:8027,8027,7-9,7-9,,零件,,零件,,língjiàn,名,pymupdf-native-table,
hsk_exam2025,page:280;sequence:8028,8028,7-9,7-9,,灵机一动,,灵机一动,,língjī-yídòng,,pymupdf-native-table,
hsk_exam2025,page:280;sequence:8029,8029,7-9,7-9,,灵敏,,灵敏,,língmǐn,形,pymupdf-native-table,
hsk_exam2025,page:280;sequence:8030,8030,7-9,7-9,,灵巧,,灵巧,,língqiǎo,形,pymupdf-native-table,
hsk_exam2025,page:280;sequence:8031,8031,7-9,7-9,,零售,,零售,,língshòu,动,pymupdf-native-table,
hsk_exam2025,page:280;sequence:8032,8032,7-9,7-9,,零碎,,零碎,,língsuì,形、名,pymupdf-native-table,
hsk_exam2025,page:280;sequence:8033,8033,7-9,7-9,,聆听,,聆听,,língtīng,动,pymupdf-native-table,
hsk_exam2025,page:280;sequence:8034,8034,7-9,7-9,,灵通,,灵通,,língtōng,形,pymupdf-native-table,
hsk_exam2025,page:280;sequence:8035,8035,7-9,7-9,,零星,,零星,,língxīng,形,pymupdf-native-table,
hsk_exam2025,page:280;sequence:8036,8036,7-9,7-9,,领队,,领队,,lǐngduì,动、名,pymupdf-native-table,
hsk_exam2025,page:280;sequence:8037,8037,7-9,7-9,,领会,,领会,,lǐnghuì,动,pymupdf-native-table,
hsk_exam2025,page:280;sequence:8038,8038,7-9,7-9,,领军,,领军,,lǐngjūn,动,pymupdf-native-table,
hsk_exam2025,page:280;sequence:8039,8039,7-9,7-9,,领略,,领略,,lǐnglüè,动,pymupdf-native-table,
hsk_exam2025,page:280;sequence:8040,8040,7-9,7-9,,领事,,领事,,lǐngshì,名,pymupdf-native-table,
hsk_exam2025,page:281;sequence:8041,8041,7-9,7-9,,领事馆,,领事馆,,lǐngshìguǎn,名,pymupdf-native-table,
hsk_exam2025,page:281;sequence:8042,8042,7-9,7-9,,领土,,领土,,lǐngtǔ,名,pymupdf-native-table,
hsk_exam2025,page:281;sequence:8043,8043,7-9,7-9,,领悟,,领悟,,lǐngwù,动,pymupdf-native-table,
hsk_exam2025,page:281;sequence:8044,8044,7-9,7-9,,领袖,,领袖,,lǐngxiù,名,pymupdf-native-table,
hsk_exam2025,page:281;sequence:8045,8045,7-9,7-9,,领养,,领养,,lǐngyǎng,动,pymupdf-native-table,
hsk_exam2025,page:281;sequence:8046,8046,7-9,7-9,,溜,,溜,,liū,动,pymupdf-native-table,
hsk_exam2025,page:281;sequence:8047,8047,7-9,7-9,,溜达,,溜达,,liūda,动,pymupdf-native-table,
hsk_exam2025,page:281;sequence:8048,8048,7-9,7-9,,流畅,,流畅,,liúchàng,形,pymupdf-native-table,
hsk_exam2025,page:281;sequence:8049,8049,7-9,7-9,,流浪,,流浪,,liúlàng,动,pymupdf-native-table,
hsk_exam2025,page:281;sequence:8050,8050,7-9,7-9,,留恋,,留恋,,liúliàn,动,pymupdf-native-table,
hsk_exam2025,page:281;sequence:8051,8051,7-9,7-9,,流露,,流露,,liúlù,动,pymupdf-native-table,
hsk_exam2025,page:281;sequence:8052,8052,7-9,7-9,,流氓,,流氓,,liúmáng,名,pymupdf-native-table,
hsk_exam2025,page:281;sequence:8053,8053,7-9,7-9,,留念,,留念,,liúniàn,动,pymupdf-native-table,
hsk_exam2025,page:281;sequence:8054,8054,7-9,7-9,,流派,,流派,,liúpài,名,pymupdf-native-table,
hsk_exam2025,page:281;sequence:8055,8055,7-9,7-9,,留神,,留神,,liúshén,动,pymupdf-native-table,
hsk_exam2025,page:281;sequence:8056,8056,7-9,7-9,,流逝,,流逝,,liúshì,动,pymupdf-native-table,
hsk_exam2025,page:281;sequence:8057,8057,7-9,7-9,,流失,,流失,,liúshī,动,pymupdf-native-table,
hsk_exam2025,page:281;sequence:8058,8058,7-9,7-9,,流水,,流水,,liúshuǐ,名,pymupdf-native-table,
hsk_exam2025,page:281;sequence:8059,8059,7-9,7-9,,流淌,,流淌,,liútǎng,动,pymupdf-native-table,
hsk_exam2025,page:281;sequence:8060,8060,7-9,7-9,,流向,,流向,,liúxiàng,名,pymupdf-native-table,
hsk_exam2025,page:281;sequence:8061,8061,7-9,7-9,,留心,,留心,,liúxīn,动,pymupdf-native-table,
hsk_exam2025,page:281;sequence:8062,8062,7-9,7-9,,流血,,流血,,liúxuè,动,pymupdf-native-table,
hsk_exam2025,page:281;sequence:8063,8063,7-9,7-9,,留意,,留意,,liúyì,动,pymupdf-native-table,
hsk_exam2025,page:281;sequence:8064,8064,7-9,7-9,,流域,,流域,,liúyù,名,pymupdf-native-table,
hsk_exam2025,page:281;sequence:8065,8065,7-9,7-9,,流转,,流转,,liúzhuǎn,动,pymupdf-native-table,
hsk_exam2025,page:281;sequence:8066,8066,7-9,7-9,,柳树,,柳树,,liǔshù,名,pymupdf-native-table,
hsk_exam2025,page:281;sequence:8067,8067,7-9,7-9,,遛,,遛,,liù,动,pymupdf-native-table,
hsk_exam2025,page:281;sequence:8068,8068,7-9,7-9,,聋,,聋,,lóng,形,pymupdf-native-table,
hsk_exam2025,page:281;sequence:8069,8069,7-9,7-9,,龙头,,龙头,,lóngtóu,名,pymupdf-native-table,
hsk_exam2025,page:281;sequence:8070,8070,7-9,7-9,,隆重,,隆重,,lóngzhòng,形,pymupdf-native-table,
hsk_exam2025,page:281;sequence:8071,8071,7-9,7-9,,笼子,,笼子,,lóngzi,名,pymupdf-native-table,
hsk_exam2025,page:281;sequence:8072,8072,7-9,7-9,,垄断,,垄断,,lǒngduàn,动,pymupdf-native-table,
hsk_exam2025,page:281;sequence:8073,8073,7-9,7-9,,笼统,,笼统,,lǒngtǒng,形,pymupdf-native-table,
hsk_exam2025,page:281;sequence:8074,8074,7-9,7-9,,笼罩,,笼罩,,lǒngzhào,动,pymupdf-native-table,
hsk_exam2025,page:281;sequence:8075,8075,7-9,7-9,,搂,,搂,,lǒu,动,pymupdf-native-table,
hsk_exam2025,page:281;sequence:8076,8076,7-9,7-9,,露面,,露面,,lòumiàn,动,pymupdf-native-table,
hsk_exam2025,page:281;sequence:8077,8077,7-9,7-9,,炉子,,炉子,,lúzi,名,pymupdf-native-table,
hsk_exam2025,page:281;sequence:8078,8078,7-9,7-9,,鲁莽,,鲁莽,,lǔmǎng,形,pymupdf-native-table,
hsk_exam2025,page:281;sequence:8079,8079,7-9,7-9,,卤味,,卤味,,lǔwèi,名,pymupdf-native-table,
hsk_exam2025,page:281;sequence:8080,8080,7-9,7-9,,鹿,,鹿,,lù,名,pymupdf-native-table,
hsk_exam2025,page:282;sequence:8081,8081,7-9,7-9,,露,,露2,2,lù,名,pymupdf-native-table,
hsk_exam2025,page:282;sequence:8082,8082,7-9,7-9,,路段,,路段,,lùduàn,名,pymupdf-native-table,
hsk_exam2025,page:282;sequence:8083,8083,7-9,7-9,,路径,,路径,,lùjìng,名,pymupdf-native-table,
hsk_exam2025,page:282;sequence:8084,8084,7-9,7-9,,陆军,,陆军,,lùjūn,名,pymupdf-native-table,
hsk_exam2025,page:282;sequence:8085,8085,7-9,7-9,,露天,,露天,,lùtiān,名、形,pymupdf-native-table,
hsk_exam2025,page:282;sequence:8086,8086,7-9,7-9,,路途,,路途,,lùtú,名,pymupdf-native-table,
hsk_exam2025,page:282;sequence:8087,8087,7-9,7-9,,露营,,露营,,lùyíng,动,pymupdf-native-table,
hsk_exam2025,page:282;sequence:8088,8088,7-9,7-9,,路子,,路子,,lùzi,名,pymupdf-native-table,
hsk_exam2025,page:282;sequence:8089,8089,7-9,7-9,,屡,,屡,,lǚ,副,pymupdf-native-table,
hsk_exam2025,page:282;sequence:8090,8090,7-9,7-9,,缕,,缕,,lǚ,量,pymupdf-native-table,
hsk_exam2025,page:282;sequence:8091,8091,7-9,7-9,,屡次,,屡次,,lǚcì,副,pymupdf-native-table,
hsk_exam2025,page:282;sequence:8092,8092,7-9,7-9,,屡屡,,屡屡,,lǚlǚ,副,pymupdf-native-table,
hsk_exam2025,page:282;sequence:8093,8093,7-9,7-9,,绿地,,绿地,,lǜdì,名,pymupdf-native-table,
hsk_exam2025,page:282;sequence:8094,8094,7-9,7-9,,绿洲,,绿洲,,lǜzhōu,名,pymupdf-native-table,
hsk_exam2025,page:282;sequence:8095,8095,7-9,7-9,,孪生,,孪生,,luánshēng,形,pymupdf-native-table,
hsk_exam2025,page:282;sequence:8096,8096,7-9,7-9,,卵,,卵,,luǎn,名,pymupdf-native-table,
hsk_exam2025,page:282;sequence:8097,8097,7-9,7-9,,乱七八糟,,乱七八糟,,luànqībāzāo,,pymupdf-native-table,
hsk_exam2025,page:282;sequence:8098,8098,7-9,7-9,,略,,略,,lüè,形、动、副,pymupdf-native-table,
hsk_exam2025,page:282;sequence:8099,8099,7-9,7-9,,掠夺,,掠夺,,lüèduó,动,pymupdf-native-table,
hsk_exam2025,page:282;sequence:8100,8100,7-9,7-9,,略微,,略微,,lüèwēi,副,pymupdf-native-table,
hsk_exam2025,page:282;sequence:8101,8101,7-9,7-9,,抡,,抡,,lūn,动,pymupdf-native-table,
hsk_exam2025,page:282;sequence:8102,8102,7-9,7-9,,轮换,,轮换,,lúnhuàn,动,pymupdf-native-table,
hsk_exam2025,page:282;sequence:8103,8103,7-9,7-9,,轮廓,,轮廓,,lúnkuò,名,pymupdf-native-table,
hsk_exam2025,page:282;sequence:8104,8104,7-9,7-9,,伦理,,伦理,,lúnlǐ,名,pymupdf-native-table,
hsk_exam2025,page:282;sequence:8105,8105,7-9,7-9,,轮胎,,轮胎,,lúntāi,名,pymupdf-native-table,
hsk_exam2025,page:282;sequence:8106,8106,7-9,7-9,,论述,,论述,,lùnshù,动,pymupdf-native-table,
hsk_exam2025,page:282;sequence:8107,8107,7-9,7-9,,论证,,论证,,lùnzhèng,动、名,pymupdf-native-table,
hsk_exam2025,page:282;sequence:8108,8108,7-9,7-9,,啰唆,,啰唆,,luōsuo,形、动,pymupdf-native-table,
hsk_exam2025,page:282;sequence:8109,8109,7-9,7-9,,萝卜,,萝卜,,luóbo,名,pymupdf-native-table,
hsk_exam2025,page:282;sequence:8110,8110,7-9,7-9,,螺丝,,螺丝,,luósī,名,pymupdf-native-table,
hsk_exam2025,page:282;sequence:8111,8111,7-9,7-9,,裸,,裸,,luǒ,动,pymupdf-native-table,
hsk_exam2025,page:282;sequence:8112,8112,7-9,7-9,,裸露,,裸露,,luǒlù,动,pymupdf-native-table,
hsk_exam2025,page:282;sequence:8113,8113,7-9,7-9,,裸体,,裸体,,luǒtǐ,动、名,pymupdf-native-table,
hsk_exam2025,page:282;sequence:8114,8114,7-9,7-9,,落差,,落差,,luòchā,名,pymupdf-native-table,
hsk_exam2025,page:282;sequence:8115,8115,7-9,7-9,,落成,,落成,,luòchéng,动,pymupdf-native-table,
hsk_exam2025,page:282;sequence:8116,8116,7-9,7-9,,落户,,落户,,luòhù,动,pymupdf-native-table,
hsk_exam2025,page:282;sequence:8117,8117,7-9,7-9,,落实,,落实,,luòshí,动,pymupdf-native-table,
hsk_exam2025,page:282;sequence:8118,8118,7-9,7-9,,络绎不绝,,络绎不绝,,luòyì-bùjué,,pymupdf-native-table,
hsk_exam2025,page:282;sequence:8119,8119,7-9,7-9,,麻,,麻1,1,má,形,pymupdf-native-table,
hsk_exam2025,page:282;sequence:8120,8120,7-9,7-9,,麻,,麻2,2,má,名,pymupdf-native-table,
hsk_exam2025,page:283;sequence:8121,8121,7-9,7-9,,麻痹,,麻痹,,mábì,动、形,pymupdf-native-table,
hsk_exam2025,page:283;sequence:8122,8122,7-9,7-9,,麻将,,麻将,,májiàng,名,pymupdf-native-table,
hsk_exam2025,page:283;sequence:8123,8123,7-9,7-9,,麻辣,,麻辣,,málà,形,pymupdf-native-table,
hsk_exam2025,page:283;sequence:8124,8124,7-9,7-9,,麻木,,麻木,,mámù,形,pymupdf-native-table,
hsk_exam2025,page:283;sequence:8125,8125,7-9,7-9,,麻醉,,麻醉,,mázuì,动,pymupdf-native-table,
hsk_exam2025,page:283;sequence:8126,8126,7-9,7-9,,码,,码1,1,mǎ,量,pymupdf-native-table,
hsk_exam2025,page:283;sequence:8127,8127,7-9,7-9,,码,,码2,2,mǎ,动,pymupdf-native-table,
hsk_exam2025,page:283;sequence:8128,8128,7-9,7-9,,马后炮,,马后炮,,mǎhòupào,名,pymupdf-native-table,
hsk_exam2025,page:283;sequence:8129,8129,7-9,7-9,,马力,,马力,,mǎlì,量,pymupdf-native-table,
hsk_exam2025,page:283;sequence:8130,8130,7-9,7-9,,马桶,,马桶,,mǎtǒng,名,pymupdf-native-table,
hsk_exam2025,page:283;sequence:8131,8131,7-9,7-9,,埋藏,,埋藏,,máicáng,动,pymupdf-native-table,
hsk_exam2025,page:283;sequence:8132,8132,7-9,7-9,,埋伏,,埋伏,,máifú,动,pymupdf-native-table,
hsk_exam2025,page:283;sequence:8133,8133,7-9,7-9,,埋没,,埋没,,máimò,动,pymupdf-native-table,
hsk_exam2025,page:283;sequence:8134,8134,7-9,7-9,,埋头苦干,,埋头苦干,,máitóu-kǔgàn,,pymupdf-native-table,
hsk_exam2025,page:283;sequence:8135,8135,7-9,7-9,,埋葬,,埋葬,,máizàng,动,pymupdf-native-table,
hsk_exam2025,page:283;sequence:8136,8136,7-9,7-9,,脉搏,,脉搏,,màibó,名,pymupdf-native-table,
hsk_exam2025,page:283;sequence:8137,8137,7-9,7-9,,脉络,,脉络,,màiluò,名,pymupdf-native-table,
hsk_exam2025,page:283;sequence:8138,8138,7-9,7-9,,瞒,,瞒,,mán,动,pymupdf-native-table,
hsk_exam2025,page:283;sequence:8139,8139,7-9,7-9,,埋怨,,埋怨,,mányuàn,动,pymupdf-native-table,
hsk_exam2025,page:283;sequence:8140,8140,7-9,7-9,,满怀,,满怀,,mǎnhuái,动、名,pymupdf-native-table,
hsk_exam2025,page:283;sequence:8141,8141,7-9,7-9,,漫,,漫,,màn,动,pymupdf-native-table,
hsk_exam2025,page:283;sequence:8142,8142,7-9,7-9,,慢性,,慢性,,mànxìng,形,pymupdf-native-table,
hsk_exam2025,page:283;sequence:8143,8143,7-9,7-9,,蔓延,,蔓延,,mànyán,动,pymupdf-native-table,
hsk_exam2025,page:283;sequence:8144,8144,7-9,7-9,,漫游,,漫游,,mànyóu,动,pymupdf-native-table,
hsk_exam2025,page:283;sequence:8145,8145,7-9,7-9,,忙活,,忙活,,mánghuo,动,pymupdf-native-table,
hsk_exam2025,page:283;sequence:8146,8146,7-9,7-9,,忙乱,,忙乱,,mángluàn,形,pymupdf-native-table,
hsk_exam2025,page:283;sequence:8147,8147,7-9,7-9,,茫茫,,茫茫,,mángmáng,形,pymupdf-native-table,
hsk_exam2025,page:283;sequence:8148,8148,7-9,7-9,,盲目,,盲目,,mángmù,形,pymupdf-native-table,
hsk_exam2025,page:283;sequence:8149,8149,7-9,7-9,,茫然,,茫然,,mángrán,形,pymupdf-native-table,
hsk_exam2025,page:283;sequence:8150,8150,7-9,7-9,,矛头,,矛头,,máotóu,名,pymupdf-native-table,
hsk_exam2025,page:283;sequence:8151,8151,7-9,7-9,,冒充,,冒充,,màochōng,动,pymupdf-native-table,
hsk_exam2025,page:283;sequence:8152,8152,7-9,7-9,,冒犯,,冒犯,,màofàn,动,pymupdf-native-table,
hsk_exam2025,page:283;sequence:8153,8153,7-9,7-9,,冒昧,,冒昧,,màomèi,形,pymupdf-native-table,
hsk_exam2025,page:283;sequence:8154,8154,7-9,7-9,,茂密,,茂密,,màomì,形,pymupdf-native-table,
hsk_exam2025,page:283;sequence:8155,8155,7-9,7-9,,茂盛,,茂盛,,màoshèng,形,pymupdf-native-table,
hsk_exam2025,page:283;sequence:8156,8156,7-9,7-9,,枚,,枚,,méi,量,pymupdf-native-table,
hsk_exam2025,page:283;sequence:8157,8157,7-9,7-9,,媒介,,媒介,,méijiè,名,pymupdf-native-table,
hsk_exam2025,page:283;sequence:8158,8158,7-9,7-9,,没劲,,没劲,,méijìn,动、形,pymupdf-native-table,
hsk_exam2025,page:283;sequence:8159,8159,7-9,7-9,,眉开眼笑,,眉开眼笑,,méikāi-yǎnxiào,,pymupdf-native-table,
hsk_exam2025,page:283;sequence:8160,8160,7-9,7-9,,煤气,,煤气,,méiqì,名,pymupdf-native-table,
hsk_exam2025,page:284;sequence:8161,8161,7-9,7-9,,煤炭,,煤炭,,méitàn,名,pymupdf-native-table,
hsk_exam2025,page:284;sequence:8162,8162,7-9,7-9,,没完没了,,没完没了,,méiwán-méiliǎo,,pymupdf-native-table,
hsk_exam2025,page:284;sequence:8163,8163,7-9,7-9,,没辙,,没辙,,méizhé,动,pymupdf-native-table,
hsk_exam2025,page:284;sequence:8164,8164,7-9,7-9,,没准儿,,没准儿,,méizhǔnr,动,pymupdf-native-table,
hsk_exam2025,page:284;sequence:8165,8165,7-9,7-9,,美德,,美德,,měidé,名,pymupdf-native-table,
hsk_exam2025,page:284;sequence:8166,8166,7-9,7-9,,美化,,美化,,měihuà,动,pymupdf-native-table,
hsk_exam2025,page:284;sequence:8167,8167,7-9,7-9,,美满,,美满,,měimǎn,形,pymupdf-native-table,
hsk_exam2025,page:284;sequence:8168,8168,7-9,7-9,,美妙,,美妙,,měimiào,形,pymupdf-native-table,
hsk_exam2025,page:284;sequence:8169,8169,7-9,7-9,,美容,,美容,,měiróng,动,pymupdf-native-table,
hsk_exam2025,page:284;sequence:8170,8170,7-9,7-9,,美学,,美学,,měixué,名,pymupdf-native-table,
hsk_exam2025,page:284;sequence:8171,8171,7-9,7-9,,美誉,,美誉,,měiyù,名,pymupdf-native-table,
hsk_exam2025,page:284;sequence:8172,8172,7-9,7-9,,美中不足,,美中不足,,měizhōng-bùzú,,pymupdf-native-table,
hsk_exam2025,page:284;sequence:8173,8173,7-9,7-9,,美滋滋,,美滋滋,,měizīzī,形,pymupdf-native-table,
hsk_exam2025,page:284;sequence:8174,8174,7-9,7-9,,闷,,闷,,mēn,形、动,pymupdf-native-table,
hsk_exam2025,page:284;sequence:8175,8175,7-9,7-9,,闷热,,闷热,,mēnrè,形,pymupdf-native-table,
hsk_exam2025,page:284;sequence:8176,8176,7-9,7-9,,门槛,,门槛,,ménkǎn,名,pymupdf-native-table,
hsk_exam2025,page:284;sequence:8177,8177,7-9,7-9,,门路,,门路,,ménlu,名,pymupdf-native-table,
hsk_exam2025,page:284;sequence:8178,8178,7-9,7-9,,闷,,闷,,mèn,形,pymupdf-native-table,
hsk_exam2025,page:284;sequence:8179,8179,7-9,7-9,,蒙,,蒙,,mēng,动,pymupdf-native-table,
hsk_exam2025,page:284;sequence:8180,8180,7-9,7-9,,蒙,,蒙,,méng,动,pymupdf-native-table,
hsk_exam2025,page:284;sequence:8181,8181,7-9,7-9,,萌发,,萌发,,méngfā,动,pymupdf-native-table,
hsk_exam2025,page:284;sequence:8182,8182,7-9,7-9,,朦胧,,朦胧,,ménglóng,形,pymupdf-native-table,
hsk_exam2025,page:284;sequence:8183,8183,7-9,7-9,,萌芽,,萌芽,,méngyá,动、名,pymupdf-native-table,
hsk_exam2025,page:284;sequence:8184,8184,7-9,7-9,,盟友,,盟友,,méngyǒu,名,pymupdf-native-table,
hsk_exam2025,page:284;sequence:8185,8185,7-9,7-9,,猛,,猛,,měng,形,pymupdf-native-table,
hsk_exam2025,page:284;sequence:8186,8186,7-9,7-9,,猛烈,,猛烈,,měngliè,形,pymupdf-native-table,
hsk_exam2025,page:284;sequence:8187,8187,7-9,7-9,,猛然,,猛然,,měngrán,副,pymupdf-native-table,
hsk_exam2025,page:284;sequence:8188,8188,7-9,7-9,,梦幻,,梦幻,,mènghuàn,名,pymupdf-native-table,
hsk_exam2025,page:284;sequence:8189,8189,7-9,7-9,,梦寐以求,,梦寐以求,,mèngmèiyǐqiú,,pymupdf-native-table,
hsk_exam2025,page:284;sequence:8190,8190,7-9,7-9,,眯,,眯,,mī,动,pymupdf-native-table,
hsk_exam2025,page:284;sequence:8191,8191,7-9,7-9,,谜,,谜,,mí,名,pymupdf-native-table,
hsk_exam2025,page:284;sequence:8192,8192,7-9,7-9,,谜底,,谜底,,mídǐ,名,pymupdf-native-table,
hsk_exam2025,page:284;sequence:8193,8193,7-9,7-9,,迷惑,,迷惑,,míhuò,形、动,pymupdf-native-table,
hsk_exam2025,page:284;sequence:8194,8194,7-9,7-9,,迷恋,,迷恋,,míliàn,动,pymupdf-native-table,
hsk_exam2025,page:284;sequence:8195,8195,7-9,7-9,,弥漫,,弥漫,,mímàn,动,pymupdf-native-table,
hsk_exam2025,page:284;sequence:8196,8196,7-9,7-9,,迷失,,迷失,,míshī,动,pymupdf-native-table,
hsk_exam2025,page:284;sequence:8197,8197,7-9,7-9,,谜团,,谜团,,mítuán,名,pymupdf-native-table,
hsk_exam2025,page:284;sequence:8198,8198,7-9,7-9,,迷信,,迷信,,míxìn,动,pymupdf-native-table,
hsk_exam2025,page:284;sequence:8199,8199,7-9,7-9,,谜语,,谜语,,míyǔ,名,pymupdf-native-table,
hsk_exam2025,page:284;sequence:8200,8200,7-9,7-9,,密布,,密布,,mìbù,动,pymupdf-native-table,
hsk_exam2025,page:285;sequence:8201,8201,7-9,7-9,,秘方,,秘方,,mìfāng,名,pymupdf-native-table,
hsk_exam2025,page:285;sequence:8202,8202,7-9,7-9,,密封,,密封,,mìfēng,动,pymupdf-native-table,
hsk_exam2025,page:285;sequence:8203,8203,7-9,7-9,,秘诀,,秘诀,,mìjué,名,pymupdf-native-table,
hsk_exam2025,page:285;sequence:8204,8204,7-9,7-9,,蜜月,,蜜月,,mìyuè,名,pymupdf-native-table,
hsk_exam2025,page:285;sequence:8205,8205,7-9,7-9,,棉花,,棉花,,miánhuā,名,pymupdf-native-table,
hsk_exam2025,page:285;sequence:8206,8206,7-9,7-9,,免不了,,免不了,,miǎnbuliǎo,动,pymupdf-native-table,
hsk_exam2025,page:285;sequence:8207,8207,7-9,7-9,,免除,,免除,,miǎnchú,动,pymupdf-native-table,
hsk_exam2025,page:285;sequence:8208,8208,7-9,7-9,,免得,,免得,,miǎnde,连,pymupdf-native-table,
hsk_exam2025,page:285;sequence:8209,8209,7-9,7-9,,缅怀,,缅怀,,miǎnhuái,动,pymupdf-native-table,
hsk_exam2025,page:285;sequence:8210,8210,7-9,7-9,,勉励,,勉励,,miǎnlì,动,pymupdf-native-table,
hsk_exam2025,page:285;sequence:8211,8211,7-9,7-9,,腼腆,,腼腆,,miǎntiǎn,形,pymupdf-native-table,
hsk_exam2025,page:285;sequence:8212,8212,7-9,7-9,,免职,,免职,,miǎnzhí,动,pymupdf-native-table,
hsk_exam2025,page:285;sequence:8213,8213,7-9,7-9,,面红耳赤,,面红耳赤,,miànhóng-ěrchì,,pymupdf-native-table,
hsk_exam2025,page:285;sequence:8214,8214,7-9,7-9,,面孔,,面孔,,miànkǒng,名,pymupdf-native-table,
hsk_exam2025,page:285;sequence:8215,8215,7-9,7-9,,面貌,,面貌,,miànmào,名,pymupdf-native-table,
hsk_exam2025,page:285;sequence:8216,8216,7-9,7-9,,面面俱到,,面面俱到,,miànmiàn-jùdào,,pymupdf-native-table,
hsk_exam2025,page:285;sequence:8217,8217,7-9,7-9,,面目全非,,面目全非,,miànmù-quánfēi,,pymupdf-native-table,
hsk_exam2025,page:285;sequence:8218,8218,7-9,7-9,,苗,,苗,,miáo,名,pymupdf-native-table,
hsk_exam2025,page:285;sequence:8219,8219,7-9,7-9,,苗条,,苗条,,miáotiao,形,pymupdf-native-table,
hsk_exam2025,page:285;sequence:8220,8220,7-9,7-9,,苗头,,苗头,,miáotou,名,pymupdf-native-table,
hsk_exam2025,page:285;sequence:8221,8221,7-9,7-9,,瞄准,,瞄准,,miáozhǔn,动,pymupdf-native-table,
hsk_exam2025,page:285;sequence:8222,8222,7-9,7-9,,藐视,,藐视,,miǎoshì,动,pymupdf-native-table,
hsk_exam2025,page:285;sequence:8223,8223,7-9,7-9,,渺小,,渺小,,miǎoxiǎo,形,pymupdf-native-table,
hsk_exam2025,page:285;sequence:8224,8224,7-9,7-9,,庙,,庙,,miào,名,pymupdf-native-table,
hsk_exam2025,page:285;sequence:8225,8225,7-9,7-9,,庙会,,庙会,,miàohuì,名,pymupdf-native-table,
hsk_exam2025,page:285;sequence:8226,8226,7-9,7-9,,灭绝,,灭绝,,mièjué,动,pymupdf-native-table,
hsk_exam2025,page:285;sequence:8227,8227,7-9,7-9,,蔑视,,蔑视,,mièshì,动,pymupdf-native-table,
hsk_exam2025,page:285;sequence:8228,8228,7-9,7-9,,灭亡,,灭亡,,mièwáng,动,pymupdf-native-table,
hsk_exam2025,page:285;sequence:8229,8229,7-9,7-9,,民办,,民办,,mínbàn,形,pymupdf-native-table,
hsk_exam2025,page:285;sequence:8230,8230,7-9,7-9,,民居,,民居,,mínjū,名,pymupdf-native-table,
hsk_exam2025,page:285;sequence:8231,8231,7-9,7-9,,民生,,民生,,mínshēng,名,pymupdf-native-table,
hsk_exam2025,page:285;sequence:8232,8232,7-9,7-9,,民事,,民事,,mínshì,形,pymupdf-native-table,
hsk_exam2025,page:285;sequence:8233,8233,7-9,7-9,,民意,,民意,,mínyì,名,pymupdf-native-table,
hsk_exam2025,page:285;sequence:8234,8234,7-9,7-9,,民营,,民营,,mínyíng,形,pymupdf-native-table,
hsk_exam2025,page:285;sequence:8235,8235,7-9,7-9,,民用,,民用,,mínyòng,形,pymupdf-native-table,
hsk_exam2025,page:285;sequence:8236,8236,7-9,7-9,,敏捷,,敏捷,,mǐnjié,形,pymupdf-native-table,
hsk_exam2025,page:285;sequence:8237,8237,7-9,7-9,,敏锐,,敏锐,,mǐnruì,形,pymupdf-native-table,
hsk_exam2025,page:285;sequence:8238,8238,7-9,7-9,,鸣,,鸣,,míng,动,pymupdf-native-table,
hsk_exam2025,page:285;sequence:8239,8239,7-9,7-9,,名次,,名次,,míngcì,名,pymupdf-native-table,
hsk_exam2025,page:285;sequence:8240,8240,7-9,7-9,,名副其实,,名副其实,,míngfùqíshí,,pymupdf-native-table,
hsk_exam2025,page:286;sequence:8241,8241,7-9,7-9,,名贵,,名贵,,míngguì,形,pymupdf-native-table,
hsk_exam2025,page:286;sequence:8242,8242,7-9,7-9,,铭记,,铭记,,míngjì,动,pymupdf-native-table,
hsk_exam2025,page:286;sequence:8243,8243,7-9,7-9,,明朗,,明朗,,mínglǎng,形,pymupdf-native-table,
hsk_exam2025,page:286;sequence:8244,8244,7-9,7-9,,名利,,名利,,mínglì,名,pymupdf-native-table,
hsk_exam2025,page:286;sequence:8245,8245,7-9,7-9,,明媚,,明媚,,míngmèi,形,pymupdf-native-table,
hsk_exam2025,page:286;sequence:8246,8246,7-9,7-9,,名声,,名声,,míngshēng,名,pymupdf-native-table,
hsk_exam2025,page:286;sequence:8247,8247,7-9,7-9,,名言,,名言,,míngyán,名,pymupdf-native-table,
hsk_exam2025,page:286;sequence:8248,8248,7-9,7-9,,名义,,名义,,míngyì,名,pymupdf-native-table,
hsk_exam2025,page:286;sequence:8249,8249,7-9,7-9,,名誉,,名誉,,míngyù,名、形,pymupdf-native-table,
hsk_exam2025,page:286;sequence:8250,8250,7-9,7-9,,明智,,明智,,míngzhì,形,pymupdf-native-table,
hsk_exam2025,page:286;sequence:8251,8251,7-9,7-9,,名著,,名著,,míngzhù,名,pymupdf-native-table,
hsk_exam2025,page:286;sequence:8252,8252,7-9,7-9,,命,,命2,2,mìng,动,pymupdf-native-table,
hsk_exam2025,page:286;sequence:8253,8253,7-9,7-9,,摸索,,摸索,,mōsuǒ,动,pymupdf-native-table,
hsk_exam2025,page:286;sequence:8254,8254,7-9,7-9,,膜,,膜,,mó,名,pymupdf-native-table,
hsk_exam2025,page:286;sequence:8255,8255,7-9,7-9,,磨,,磨,,mó,动,pymupdf-native-table,
hsk_exam2025,page:286;sequence:8256,8256,7-9,7-9,,摩擦,,摩擦,,mócā,动、名,pymupdf-native-table,
hsk_exam2025,page:286;sequence:8257,8257,7-9,7-9,,魔法,,魔法,,mófǎ,名,pymupdf-native-table,
hsk_exam2025,page:286;sequence:8258,8258,7-9,7-9,,模范,,模范,,mófàn,名、形,pymupdf-native-table,
hsk_exam2025,page:286;sequence:8259,8259,7-9,7-9,,蘑菇,,蘑菇,,mógu,名,pymupdf-native-table,
hsk_exam2025,page:286;sequence:8260,8260,7-9,7-9,,魔鬼,,魔鬼,,móguǐ,名,pymupdf-native-table,
hsk_exam2025,page:286;sequence:8261,8261,7-9,7-9,,磨合,,磨合,,móhé,动,pymupdf-native-table,
hsk_exam2025,page:286;sequence:8262,8262,7-9,7-9,,魔力,,魔力,,mólì,名,pymupdf-native-table,
hsk_exam2025,page:286;sequence:8263,8263,7-9,7-9,,磨炼,,磨炼,,móliàn,动,pymupdf-native-table,
hsk_exam2025,page:286;sequence:8264,8264,7-9,7-9,,磨难,,磨难,,mónàn,名,pymupdf-native-table,
hsk_exam2025,page:286;sequence:8265,8265,7-9,7-9,,魔术,,魔术,,móshù,名,pymupdf-native-table,
hsk_exam2025,page:286;sequence:8266,8266,7-9,7-9,,磨损,,磨损,,mósǔn,动,pymupdf-native-table,
hsk_exam2025,page:286;sequence:8267,8267,7-9,7-9,,抹,,抹,,mǒ,动、量,pymupdf-native-table,
hsk_exam2025,page:286;sequence:8268,8268,7-9,7-9,,抹杀,,抹杀,,mǒshā,动,pymupdf-native-table,
hsk_exam2025,page:286;sequence:8269,8269,7-9,7-9,,墨,,墨,,mò,名,pymupdf-native-table,
hsk_exam2025,page:286;sequence:8270,8270,7-9,7-9,,莫大,,莫大,,mòdà,形,pymupdf-native-table,
hsk_exam2025,page:286;sequence:8271,8271,7-9,7-9,,莫非,,莫非,,mòfēi,副,pymupdf-native-table,
hsk_exam2025,page:286;sequence:8272,8272,7-9,7-9,,茉莉,,茉莉,,mòlì,名,pymupdf-native-table,
hsk_exam2025,page:286;sequence:8273,8273,7-9,7-9,,没落,,没落,,mòluò,动,pymupdf-native-table,
hsk_exam2025,page:286;sequence:8274,8274,7-9,7-9,,莫名其妙,,莫名其妙,,mòmíngqímiào,,pymupdf-native-table,
hsk_exam2025,page:286;sequence:8275,8275,7-9,7-9,,默默无闻,,默默无闻,,mòmò-wúwén,,pymupdf-native-table,
hsk_exam2025,page:286;sequence:8276,8276,7-9,7-9,,默契,,默契,,mòqì,形、名,pymupdf-native-table,
hsk_exam2025,page:286;sequence:8277,8277,7-9,7-9,,漠然,,漠然,,mòrán,形,pymupdf-native-table,
hsk_exam2025,page:286;sequence:8278,8278,7-9,7-9,,末日,,末日,,mòrì,名,pymupdf-native-table,
hsk_exam2025,page:286;sequence:8279,8279,7-9,7-9,,没收,,没收,,mòshōu,动,pymupdf-native-table,
hsk_exam2025,page:286;sequence:8280,8280,7-9,7-9,,墨水,,墨水,,mòshuǐ,名,pymupdf-native-table,
hsk_exam2025,page:287;sequence:8281,8281,7-9,7-9,,谋害,,谋害,,móuhài,动,pymupdf-native-table,
hsk_exam2025,page:287;sequence:8282,8282,7-9,7-9,,谋划,,谋划,,móuhuà,动,pymupdf-native-table,
hsk_exam2025,page:287;sequence:8283,8283,7-9,7-9,,谋求,,谋求,,móuqiú,动,pymupdf-native-table,
hsk_exam2025,page:287;sequence:8284,8284,7-9,7-9,,谋取,,谋取,,móuqǔ,动,pymupdf-native-table,
hsk_exam2025,page:287;sequence:8285,8285,7-9,7-9,,谋生,,谋生,,móushēng,动,pymupdf-native-table,
hsk_exam2025,page:287;sequence:8286,8286,7-9,7-9,,亩,,亩,,mǔ,量,pymupdf-native-table,
hsk_exam2025,page:287;sequence:8287,8287,7-9,7-9,,牡丹,,牡丹,,mǔdan,名,pymupdf-native-table,
hsk_exam2025,page:287;sequence:8288,8288,7-9,7-9,,拇指,,拇指,,mǔzhǐ,名,pymupdf-native-table,
hsk_exam2025,page:287;sequence:8289,8289,7-9,7-9,,墓,,墓,,mù,名,pymupdf-native-table,
hsk_exam2025,page:287;sequence:8290,8290,7-9,7-9,,幕,,幕,,mù,量,pymupdf-native-table,
hsk_exam2025,page:287;sequence:8291,8291,7-9,7-9,,墓碑,,墓碑,,mùbēi,名,pymupdf-native-table,
hsk_exam2025,page:287;sequence:8292,8292,7-9,7-9,,目不转睛,,目不转睛,,mùbùzhuǎnjīng,,pymupdf-native-table,
hsk_exam2025,page:287;sequence:8293,8293,7-9,7-9,,牧场,,牧场,,mùchǎng,名,pymupdf-native-table,
hsk_exam2025,page:287;sequence:8294,8294,7-9,7-9,,目瞪口呆,,目瞪口呆,,mùdèng-kǒudāi,,pymupdf-native-table,
hsk_exam2025,page:287;sequence:8295,8295,7-9,7-9,,墓地,,墓地,,mùdì,名,pymupdf-native-table,
hsk_exam2025,page:287;sequence:8296,8296,7-9,7-9,,目睹,,目睹,,mùdǔ,动,pymupdf-native-table,
hsk_exam2025,page:287;sequence:8297,8297,7-9,7-9,,幕后,,幕后,,mùhòu,名,pymupdf-native-table,
hsk_exam2025,page:287;sequence:8298,8298,7-9,7-9,,木匠,,木匠,,mùjiàng,名,pymupdf-native-table,
hsk_exam2025,page:287;sequence:8299,8299,7-9,7-9,,募捐,,募捐,,mùjuān,动,pymupdf-native-table,
hsk_exam2025,page:287;sequence:8300,8300,7-9,7-9,,牧民,,牧民,,mùmín,名,pymupdf-native-table,
hsk_exam2025,page:287;sequence:8301,8301,7-9,7-9,,木偶,,木偶,,mù’ǒu,名,pymupdf-native-table,
hsk_exam2025,page:287;sequence:8302,8302,7-9,7-9,,沐浴,,沐浴,,mùyù,动,pymupdf-native-table,
hsk_exam2025,page:287;sequence:8303,8303,7-9,7-9,,目中无人,,目中无人,,mùzhōng-wúrén,,pymupdf-native-table,
hsk_exam2025,page:287;sequence:8304,8304,7-9,7-9,,拿手,,拿手,,náshǒu,形,pymupdf-native-table,
hsk_exam2025,page:287;sequence:8305,8305,7-9,7-9,,呐喊,,呐喊,,nàhǎn,动,pymupdf-native-table,
hsk_exam2025,page:287;sequence:8306,8306,7-9,7-9,,纳闷儿,,纳闷儿,,nàmènr,动,pymupdf-native-table,
hsk_exam2025,page:287;sequence:8307,8307,7-9,7-9,,纳入,,纳入,,nàrù,动,pymupdf-native-table,
hsk_exam2025,page:287;sequence:8308,8308,7-9,7-9,,纳税,,纳税,,nàshuì,动,pymupdf-native-table,
hsk_exam2025,page:287;sequence:8309,8309,7-9,7-9,,纳税人,,纳税人,,nàshuìrén,名,pymupdf-native-table,
hsk_exam2025,page:287;sequence:8310,8310,7-9,7-9,,乃,,乃,,nǎi,副,pymupdf-native-table,
hsk_exam2025,page:287;sequence:8311,8311,7-9,7-9,,奶酪,,奶酪,,nǎilào,名,pymupdf-native-table,
hsk_exam2025,page:287;sequence:8312,8312,7-9,7-9,,乃至,,乃至,,nǎizhì,连,pymupdf-native-table,
hsk_exam2025,page:287;sequence:8313,8313,7-9,7-9,,耐,,耐,,nài,动,pymupdf-native-table,
hsk_exam2025,page:287;sequence:8314,8314,7-9,7-9,,耐人寻味,,耐人寻味,,nàirénxúnwèi,,pymupdf-native-table,
hsk_exam2025,page:287;sequence:8315,8315,7-9,7-9,,耐用,,耐用,,nàiyòng,形,pymupdf-native-table,
hsk_exam2025,page:287;sequence:8316,8316,7-9,7-9,,难处,,难处,,nánchù,名,pymupdf-native-table,
hsk_exam2025,page:287;sequence:8317,8317,7-9,7-9,,难得一见,,难得一见,,nándé yí jiàn,,pymupdf-native-table,
hsk_exam2025,page:287;sequence:8318,8318,7-9,7-9,,男方,,男方,,nánfāng,名,pymupdf-native-table,
hsk_exam2025,page:287;sequence:8319,8319,7-9,7-9,,南瓜,,南瓜,,nánguā,名,pymupdf-native-table,
hsk_exam2025,page:287;sequence:8320,8320,7-9,7-9,,难怪,,难怪,,nánguài,动、副,pymupdf-native-table,
hsk_exam2025,page:288;sequence:8321,8321,7-9,7-9,,难关,,难关,,nánguān,名,pymupdf-native-table,
hsk_exam2025,page:288;sequence:8322,8322,7-9,7-9,,难堪,,难堪,,nánkān,动、形,pymupdf-native-table,
hsk_exam2025,page:288;sequence:8323,8323,7-9,7-9,,难能可贵,,难能可贵,,nánnéng-kěguì,,pymupdf-native-table,
hsk_exam2025,page:288;sequence:8324,8324,7-9,7-9,,难为情,,难为情,,nánwéiqíng,形,pymupdf-native-table,
hsk_exam2025,page:288;sequence:8325,8325,7-9,7-9,,难以置信,,难以置信,,nányǐ-zhìxìn,,pymupdf-native-table,
hsk_exam2025,page:288;sequence:8326,8326,7-9,7-9,,南辕北辙,,南辕北辙,,nányuán-běizhé,,pymupdf-native-table,
hsk_exam2025,page:288;sequence:8327,8327,7-9,7-9,,挠,,挠,,náo,动,pymupdf-native-table,
hsk_exam2025,page:288;sequence:8328,8328,7-9,7-9,,脑海,,脑海,,nǎohǎi,名,pymupdf-native-table,
hsk_exam2025,page:288;sequence:8329,8329,7-9,7-9,,恼火,,恼火,,nǎohuǒ,形,pymupdf-native-table,
hsk_exam2025,page:288;sequence:8330,8330,7-9,7-9,,恼羞成怒,,恼羞成怒,,nǎoxiū-chéngnù,,pymupdf-native-table,
hsk_exam2025,page:288;sequence:8331,8331,7-9,7-9,,闹事,,闹事,,nàoshì,动,pymupdf-native-table,
hsk_exam2025,page:288;sequence:8332,8332,7-9,7-9,,内存,,内存,,nèicún,名,pymupdf-native-table,
hsk_exam2025,page:288;sequence:8333,8333,7-9,7-9,,内地,,内地,,nèidì,名,pymupdf-native-table,
hsk_exam2025,page:288;sequence:8334,8334,7-9,7-9,,内行,,内行,,nèiháng,形、名,pymupdf-native-table,
hsk_exam2025,page:288;sequence:8335,8335,7-9,7-9,,内幕,,内幕,,nèimù,名,pymupdf-native-table,
hsk_exam2025,page:288;sequence:8336,8336,7-9,7-9,,内向,,内向,,nèixiàng,形,pymupdf-native-table,
hsk_exam2025,page:288;sequence:8337,8337,7-9,7-9,,内需,,内需,,nèixū,名,pymupdf-native-table,
hsk_exam2025,page:288;sequence:8338,8338,7-9,7-9,,内在,,内在,,nèizài,形,pymupdf-native-table,
hsk_exam2025,page:288;sequence:8339,8339,7-9,7-9,,内脏,,内脏,,nèizàng,名,pymupdf-native-table,
hsk_exam2025,page:288;sequence:8340,8340,7-9,7-9,,嫩,,嫩,,nèn,形,pymupdf-native-table,
hsk_exam2025,page:288;sequence:8341,8341,7-9,7-9,,能耗,,能耗,,nénghào,名,pymupdf-native-table,
hsk_exam2025,page:288;sequence:8342,8342,7-9,7-9,,能耐,,能耐,,néngnai,名、形,pymupdf-native-table,
hsk_exam2025,page:288;sequence:8343,8343,7-9,7-9,,能人,,能人,,néngrén,名,pymupdf-native-table,
hsk_exam2025,page:288;sequence:8344,8344,7-9,7-9,,泥泞,,泥泞,,nínìng,形,pymupdf-native-table,
hsk_exam2025,page:288;sequence:8345,8345,7-9,7-9,,泥潭,,泥潭,,nítán,名,pymupdf-native-table,
hsk_exam2025,page:288;sequence:8346,8346,7-9,7-9,,泥土,,泥土,,nítǔ,名,pymupdf-native-table,
hsk_exam2025,page:288;sequence:8347,8347,7-9,7-9,,拟,,拟,,nǐ,动,pymupdf-native-table,
hsk_exam2025,page:288;sequence:8348,8348,7-9,7-9,,拟定,,拟定,,nǐdìng,动,pymupdf-native-table,
hsk_exam2025,page:288;sequence:8349,8349,7-9,7-9,,逆,,逆,,nì,动,pymupdf-native-table,
hsk_exam2025,page:288;sequence:8350,8350,7-9,7-9,,逆境,,逆境,,nìjìng,名,pymupdf-native-table,
hsk_exam2025,page:288;sequence:8351,8351,7-9,7-9,,匿名,,匿名,,nìmíng,动,pymupdf-native-table,
hsk_exam2025,page:288;sequence:8352,8352,7-9,7-9,,溺水,,溺水,,nìshuǐ,动,pymupdf-native-table,
hsk_exam2025,page:288;sequence:8353,8353,7-9,7-9,,逆行,,逆行,,nìxíng,动,pymupdf-native-table,
hsk_exam2025,page:288;sequence:8354,8354,7-9,7-9,,黏,,黏,,nián,形,pymupdf-native-table,
hsk_exam2025,page:288;sequence:8355,8355,7-9,7-9,,年报,,年报,,niánbào,名,pymupdf-native-table,
hsk_exam2025,page:288;sequence:8356,8356,7-9,7-9,,年画,,年画,,niánhuà,名,pymupdf-native-table,
hsk_exam2025,page:288;sequence:8357,8357,7-9,7-9,,年均,,年均,,niánjūn,动,pymupdf-native-table,
hsk_exam2025,page:288;sequence:8358,8358,7-9,7-9,,年轮,,年轮,,niánlún,名,pymupdf-native-table,
hsk_exam2025,page:288;sequence:8359,8359,7-9,7-9,,年迈,,年迈,,niánmài,形,pymupdf-native-table,
hsk_exam2025,page:288;sequence:8360,8360,7-9,7-9,,年限,,年限,,niánxiàn,名,pymupdf-native-table,
hsk_exam2025,page:289;sequence:8361,8361,7-9,7-9,,年薪,,年薪,,niánxīn,名,pymupdf-native-table,
hsk_exam2025,page:289;sequence:8362,8362,7-9,7-9,,撵,,撵,,niǎn,动,pymupdf-native-table,
hsk_exam2025,page:289;sequence:8363,8363,7-9,7-9,,念念不忘,,念念不忘,,niànniàn-búwàng,,pymupdf-native-table,
hsk_exam2025,page:289;sequence:8364,8364,7-9,7-9,,念头,,念头,,niàntou,名,pymupdf-native-table,
hsk_exam2025,page:289;sequence:8365,8365,7-9,7-9,,娘,,娘,,niáng,名,pymupdf-native-table,
hsk_exam2025,page:289;sequence:8366,8366,7-9,7-9,,酿造,,酿造,,niàngzào,动,pymupdf-native-table,
hsk_exam2025,page:289;sequence:8367,8367,7-9,7-9,,鸟巢,,鸟巢,,niǎocháo,名,pymupdf-native-table,
hsk_exam2025,page:289;sequence:8368,8368,7-9,7-9,,尿,,尿,,niào,名、动,pymupdf-native-table,
hsk_exam2025,page:289;sequence:8369,8369,7-9,7-9,,捏,,捏,,niē,动,pymupdf-native-table,
hsk_exam2025,page:289;sequence:8370,8370,7-9,7-9,,拧,,拧,,níng,动,pymupdf-native-table,
hsk_exam2025,page:289;sequence:8371,8371,7-9,7-9,,凝固,,凝固,,nínggù,动,pymupdf-native-table,
hsk_exam2025,page:289;sequence:8372,8372,7-9,7-9,,凝结,,凝结,,níngjié,动,pymupdf-native-table,
hsk_exam2025,page:289;sequence:8373,8373,7-9,7-9,,宁静,,宁静,,níngjìng,形,pymupdf-native-table,
hsk_exam2025,page:289;sequence:8374,8374,7-9,7-9,,凝聚,,凝聚,,níngjù,动,pymupdf-native-table,
hsk_exam2025,page:289;sequence:8375,8375,7-9,7-9,,凝视,,凝视,,níngshì,动,pymupdf-native-table,
hsk_exam2025,page:289;sequence:8376,8376,7-9,7-9,,拧,,拧,,nǐng,动,pymupdf-native-table,
hsk_exam2025,page:289;sequence:8377,8377,7-9,7-9,,宁可,,宁可,,nìngkě,副,pymupdf-native-table,
hsk_exam2025,page:289;sequence:8378,8378,7-9,7-9,,宁愿,,宁愿,,nìngyuàn,副,pymupdf-native-table,
hsk_exam2025,page:289;sequence:8379,8379,7-9,7-9,,纽带,,纽带,,niǔdài,名,pymupdf-native-table,
hsk_exam2025,page:289;sequence:8380,8380,7-9,7-9,,纽扣,,纽扣,,niǔkòu,名,pymupdf-native-table,
hsk_exam2025,page:289;sequence:8381,8381,7-9,7-9,,扭曲,,扭曲,,niǔqū,动,pymupdf-native-table,
hsk_exam2025,page:289;sequence:8382,8382,7-9,7-9,,扭头,,扭头,,niǔtóu,动,pymupdf-native-table,
hsk_exam2025,page:289;sequence:8383,8383,7-9,7-9,,扭转,,扭转,,niǔzhuǎn,动,pymupdf-native-table,
hsk_exam2025,page:289;sequence:8384,8384,7-9,7-9,,农场,,农场,,nóngchǎng,名,pymupdf-native-table,
hsk_exam2025,page:289;sequence:8385,8385,7-9,7-9,,农历,,农历,,nónglì,名,pymupdf-native-table,
hsk_exam2025,page:289;sequence:8386,8386,7-9,7-9,,农民工,,农民工,,nóngmíngōng,名,pymupdf-native-table,
hsk_exam2025,page:289;sequence:8387,8387,7-9,7-9,,浓缩,,浓缩,,nóngsuō,动,pymupdf-native-table,
hsk_exam2025,page:289;sequence:8388,8388,7-9,7-9,,浓郁,,浓郁,,nóngyù,形,pymupdf-native-table,
hsk_exam2025,page:289;sequence:8389,8389,7-9,7-9,,浓重,,浓重,,nóngzhòng,形,pymupdf-native-table,
hsk_exam2025,page:289;sequence:8390,8390,7-9,7-9,,弄虚作假,,弄虚作假,,nòngxū-zuòjiǎ,,pymupdf-native-table,
hsk_exam2025,page:289;sequence:8391,8391,7-9,7-9,,奴隶,,奴隶,,núlì,名,pymupdf-native-table,
hsk_exam2025,page:289;sequence:8392,8392,7-9,7-9,,女方,,女方,,nǚfāng,名,pymupdf-native-table,
hsk_exam2025,page:289;sequence:8393,8393,7-9,7-9,,女婿,,女婿,,nǚxu,名,pymupdf-native-table,
hsk_exam2025,page:289;sequence:8394,8394,7-9,7-9,,暖烘烘,,暖烘烘,,nuǎnhōnghōng,形,pymupdf-native-table,
hsk_exam2025,page:289;sequence:8395,8395,7-9,7-9,,虐待,,虐待,,nüèdài,动,pymupdf-native-table,
hsk_exam2025,page:289;sequence:8396,8396,7-9,7-9,,挪,,挪,,nuó,动,pymupdf-native-table,
hsk_exam2025,page:289;sequence:8397,8397,7-9,7-9,,诺言,,诺言,,nuòyán,名,pymupdf-native-table,
hsk_exam2025,page:289;sequence:8398,8398,7-9,7-9,,殴打,,殴打,,ōudǎ,动,pymupdf-native-table,
hsk_exam2025,page:289;sequence:8399,8399,7-9,7-9,,呕吐,,呕吐,,ǒutù,动,pymupdf-native-table,
hsk_exam2025,page:289;sequence:8400,8400,7-9,7-9,,趴,,趴,,pā,动,pymupdf-native-table,
hsk_exam2025,page:290;sequence:8401,8401,7-9,7-9,,拍板,,拍板,,pāibǎn,动,pymupdf-native-table,
hsk_exam2025,page:290;sequence:8402,8402,7-9,7-9,,拍卖,,拍卖,,pāimài,动,pymupdf-native-table,
hsk_exam2025,page:290;sequence:8403,8403,7-9,7-9,,排查,,排查,,páichá,动,pymupdf-native-table,
hsk_exam2025,page:290;sequence:8404,8404,7-9,7-9,,排斥,,排斥,,páichì,动,pymupdf-native-table,
hsk_exam2025,page:290;sequence:8405,8405,7-9,7-9,,排行榜,,排行榜,,páihángbǎng,名,pymupdf-native-table,
hsk_exam2025,page:290;sequence:8406,8406,7-9,7-9,,徘徊,,徘徊,,páihuái,动,pymupdf-native-table,
hsk_exam2025,page:290;sequence:8407,8407,7-9,7-9,,牌照,,牌照,,páizhào,名,pymupdf-native-table,
hsk_exam2025,page:290;sequence:8408,8408,7-9,7-9,,派别,,派别,,pàibié,名,pymupdf-native-table,
hsk_exam2025,page:290;sequence:8409,8409,7-9,7-9,,派遣,,派遣,,pàiqiǎn,动,pymupdf-native-table,
hsk_exam2025,page:290;sequence:8410,8410,7-9,7-9,,攀,,攀,,pān,动,pymupdf-native-table,
hsk_exam2025,page:290;sequence:8411,8411,7-9,7-9,,攀登,,攀登,,pāndēng,动,pymupdf-native-table,
hsk_exam2025,page:290;sequence:8412,8412,7-9,7-9,,攀升,,攀升,,pānshēng,动,pymupdf-native-table,
hsk_exam2025,page:290;sequence:8413,8413,7-9,7-9,,盘算,,盘算,,pánsuan,动,pymupdf-native-table,
hsk_exam2025,page:290;sequence:8414,8414,7-9,7-9,,盘旋,,盘旋,,pánxuán,动,pymupdf-native-table,
hsk_exam2025,page:290;sequence:8415,8415,7-9,7-9,,判,,判,,pàn,动,pymupdf-native-table,
hsk_exam2025,page:290;sequence:8416,8416,7-9,7-9,,盼,,盼,,pàn,动,pymupdf-native-table,
hsk_exam2025,page:290;sequence:8417,8417,7-9,7-9,,判处,,判处,,pànchǔ,动,pymupdf-native-table,
hsk_exam2025,page:290;sequence:8418,8418,7-9,7-9,,判定,,判定,,pàndìng,动,pymupdf-native-table,
hsk_exam2025,page:290;sequence:8419,8419,7-9,7-9,,判决,,判决,,pànjué,动,pymupdf-native-table,
hsk_exam2025,page:290;sequence:8420,8420,7-9,7-9,,叛逆,,叛逆,,pànnì,动、名,pymupdf-native-table,
hsk_exam2025,page:290;sequence:8421,8421,7-9,7-9,,旁人,,旁人,,pángrén,代,pymupdf-native-table,
hsk_exam2025,page:290;sequence:8422,8422,7-9,7-9,,螃蟹,,螃蟹,,pángxiè,名,pymupdf-native-table,
hsk_exam2025,page:290;sequence:8423,8423,7-9,7-9,,胖乎乎,,胖乎乎,,pànghūhū,形,pymupdf-native-table,
hsk_exam2025,page:290;sequence:8424,8424,7-9,7-9,,抛弃,,抛弃,,pāoqì,动,pymupdf-native-table,
hsk_exam2025,page:290;sequence:8425,8425,7-9,7-9,,刨,,刨,,páo,动,pymupdf-native-table,
hsk_exam2025,page:290;sequence:8426,8426,7-9,7-9,,跑龙套,,跑龙套,,pǎo lóngtào,,pymupdf-native-table,
hsk_exam2025,page:290;sequence:8427,8427,7-9,7-9,,炮,,炮,,pào,名,pymupdf-native-table,
hsk_exam2025,page:290;sequence:8428,8428,7-9,7-9,,泡沫,,泡沫,,pàomò,名,pymupdf-native-table,
hsk_exam2025,page:290;sequence:8429,8429,7-9,7-9,,胚胎,,胚胎,,pēitāi,名,pymupdf-native-table,
hsk_exam2025,page:290;sequence:8430,8430,7-9,7-9,,佩戴,,佩戴,,pèidài,动,pymupdf-native-table,
hsk_exam2025,page:290;sequence:8431,8431,7-9,7-9,,配方,,配方,,pèifāng,动、名,pymupdf-native-table,
hsk_exam2025,page:290;sequence:8432,8432,7-9,7-9,,配件,,配件,,pèijiàn,名,pymupdf-native-table,
hsk_exam2025,page:290;sequence:8433,8433,7-9,7-9,,配角,,配角,,pèijué,名,pymupdf-native-table,
hsk_exam2025,page:290;sequence:8434,8434,7-9,7-9,,配偶,,配偶,,pèi’ǒu,名,pymupdf-native-table,
hsk_exam2025,page:290;sequence:8435,8435,7-9,7-9,,配音,,配音,,pèiyīn,动,pymupdf-native-table,
hsk_exam2025,page:290;sequence:8436,8436,7-9,7-9,,配置,,配置,,pèizhì,动,pymupdf-native-table,
hsk_exam2025,page:290;sequence:8437,8437,7-9,7-9,,喷泉,,喷泉,,pēnquán,名,pymupdf-native-table,
hsk_exam2025,page:290;sequence:8438,8438,7-9,7-9,,盆地,,盆地,,péndì,名,pymupdf-native-table,
hsk_exam2025,page:290;sequence:8439,8439,7-9,7-9,,抨击,,抨击,,pēngjī,动,pymupdf-native-table,
hsk_exam2025,page:290;sequence:8440,8440,7-9,7-9,,烹饪,,烹饪,,pēngrèn,动,pymupdf-native-table,
hsk_exam2025,page:291;sequence:8441,8441,7-9,7-9,,烹调,,烹调,,pēngtiáo,动,pymupdf-native-table,
hsk_exam2025,page:291;sequence:8442,8442,7-9,7-9,,棚,,棚,,péng,名,pymupdf-native-table,
hsk_exam2025,page:291;sequence:8443,8443,7-9,7-9,,蓬勃,,蓬勃,,péngbó,形,pymupdf-native-table,
hsk_exam2025,page:291;sequence:8444,8444,7-9,7-9,,鹏程万里,,鹏程万里,,péngchéng-wànlǐ,,pymupdf-native-table,
hsk_exam2025,page:291;sequence:8445,8445,7-9,7-9,,澎湃,,澎湃,,péngpài,形,pymupdf-native-table,
hsk_exam2025,page:291;sequence:8446,8446,7-9,7-9,,膨胀,,膨胀,,péngzhàng,动,pymupdf-native-table,
hsk_exam2025,page:291;sequence:8447,8447,7-9,7-9,,捧场,,捧场,,pěngchǎng,动,pymupdf-native-table,
hsk_exam2025,page:291;sequence:8448,8448,7-9,7-9,,碰钉子,,碰钉子,,pèng dīngzi,,pymupdf-native-table,
hsk_exam2025,page:291;sequence:8449,8449,7-9,7-9,,碰巧,,碰巧,,pèngqiǎo,副,pymupdf-native-table,
hsk_exam2025,page:291;sequence:8450,8450,7-9,7-9,,劈,,劈,,pī,动,pymupdf-native-table,
hsk_exam2025,page:291;sequence:8451,8451,7-9,7-9,,批发,,批发,,pīfā,动,pymupdf-native-table,
hsk_exam2025,page:291;sequence:8452,8452,7-9,7-9,,披露,,披露,,pīlù,动,pymupdf-native-table,
hsk_exam2025,page:291;sequence:8453,8453,7-9,7-9,,批判,,批判,,pīpàn,动,pymupdf-native-table,
hsk_exam2025,page:291;sequence:8454,8454,7-9,7-9,,脾,,脾,,pí,名,pymupdf-native-table,
hsk_exam2025,page:291;sequence:8455,8455,7-9,7-9,,疲惫,,疲惫,,píbèi,形,pymupdf-native-table,
hsk_exam2025,page:291;sequence:8456,8456,7-9,7-9,,皮革,,皮革,,pígé,名,pymupdf-native-table,
hsk_exam2025,page:291;sequence:8457,8457,7-9,7-9,,疲倦,,疲倦,,píjuàn,形,pymupdf-native-table,
hsk_exam2025,page:291;sequence:8458,8458,7-9,7-9,,匹配,,匹配,,pǐpèi,动,pymupdf-native-table,
hsk_exam2025,page:291;sequence:8459,8459,7-9,7-9,,屁股,,屁股,,pìgu,名,pymupdf-native-table,
hsk_exam2025,page:291;sequence:8460,8460,7-9,7-9,,僻静,,僻静,,pìjìng,形,pymupdf-native-table,
hsk_exam2025,page:291;sequence:8461,8461,7-9,7-9,,媲美,,媲美,,pìměi,动,pymupdf-native-table,
hsk_exam2025,page:291;sequence:8462,8462,7-9,7-9,,譬如,,譬如,,pìrú,动,pymupdf-native-table,
hsk_exam2025,page:291;sequence:8463,8463,7-9,7-9,,偏,,偏,,piān,形、动、副,pymupdf-native-table,
hsk_exam2025,page:291;sequence:8464,8464,7-9,7-9,,偏爱,,偏爱,,piān’ài,动,pymupdf-native-table,
hsk_exam2025,page:291;sequence:8465,8465,7-9,7-9,,偏差,,偏差,,piānchā,名,pymupdf-native-table,
hsk_exam2025,page:291;sequence:8466,8466,7-9,7-9,,篇幅,,篇幅,,piānfú,名,pymupdf-native-table,
hsk_exam2025,page:291;sequence:8467,8467,7-9,7-9,,偏见,,偏见,,piānjiàn,名,pymupdf-native-table,
hsk_exam2025,page:291;sequence:8468,8468,7-9,7-9,,偏离,,偏离,,piānlí,动,pymupdf-native-table,
hsk_exam2025,page:291;sequence:8469,8469,7-9,7-9,,偏旁,,偏旁,,piānpáng,名,pymupdf-native-table,
hsk_exam2025,page:291;sequence:8470,8470,7-9,7-9,,偏僻,,偏僻,,piānpì,形,pymupdf-native-table,
hsk_exam2025,page:291;sequence:8471,8471,7-9,7-9,,偏偏,,偏偏,,piānpiān,副,pymupdf-native-table,
hsk_exam2025,page:291;sequence:8472,8472,7-9,7-9,,偏向,,偏向,,piānxiàng,名、动,pymupdf-native-table,
hsk_exam2025,page:291;sequence:8473,8473,7-9,7-9,,偏远,,偏远,,piānyuǎn,形,pymupdf-native-table,
hsk_exam2025,page:291;sequence:8474,8474,7-9,7-9,,片子,,片子,,piānzi,名,pymupdf-native-table,
hsk_exam2025,page:291;sequence:8475,8475,7-9,7-9,,片段,,片段,,piànduàn,名,pymupdf-native-table,
hsk_exam2025,page:291;sequence:8476,8476,7-9,7-9,,漂泊,,漂泊,,piāobó,动,pymupdf-native-table,
hsk_exam2025,page:291;sequence:8477,8477,7-9,7-9,,飘浮,,飘浮,,piāofú,动,pymupdf-native-table,
hsk_exam2025,page:291;sequence:8478,8478,7-9,7-9,,漂浮,,漂浮,,piāofú,动,pymupdf-native-table,
hsk_exam2025,page:291;sequence:8479,8479,7-9,7-9,,漂流,,漂流,,piāoliú,动,pymupdf-native-table,
hsk_exam2025,page:291;sequence:8480,8480,7-9,7-9,,飘扬,,飘扬,,piāoyáng,动,pymupdf-native-table,
hsk_exam2025,page:292;sequence:8481,8481,7-9,7-9,,票房,,票房,,piàofáng,名,pymupdf-native-table,
hsk_exam2025,page:292;sequence:8482,8482,7-9,7-9,,撇,,撇,,piě,动、名,pymupdf-native-table,
hsk_exam2025,page:292;sequence:8483,8483,7-9,7-9,,拼搏,,拼搏,,pīnbó,动,pymupdf-native-table,
hsk_exam2025,page:292;sequence:8484,8484,7-9,7-9,,拼接,,拼接,,pīnjiē,动,pymupdf-native-table,
hsk_exam2025,page:292;sequence:8485,8485,7-9,7-9,,拼命,,拼命,,pīnmìng,动、副,pymupdf-native-table,
hsk_exam2025,page:292;sequence:8486,8486,7-9,7-9,,贫乏,,贫乏,,pínfá,形,pymupdf-native-table,
hsk_exam2025,page:292;sequence:8487,8487,7-9,7-9,,频频,,频频,,pínpín,副,pymupdf-native-table,
hsk_exam2025,page:292;sequence:8488,8488,7-9,7-9,,贫穷,,贫穷,,pínqióng,形,pymupdf-native-table,
hsk_exam2025,page:292;sequence:8489,8489,7-9,7-9,,品德,,品德,,pǐndé,名,pymupdf-native-table,
hsk_exam2025,page:292;sequence:8490,8490,7-9,7-9,,品位,,品位,,pǐnwèi,名,pymupdf-native-table,
hsk_exam2025,page:292;sequence:8491,8491,7-9,7-9,,品味,,品味,,pǐnwèi,动、名,pymupdf-native-table,
hsk_exam2025,page:292;sequence:8492,8492,7-9,7-9,,品行,,品行,,pǐnxíng,名,pymupdf-native-table,
hsk_exam2025,page:292;sequence:8493,8493,7-9,7-9,,聘,,聘,,pìn,动,pymupdf-native-table,
hsk_exam2025,page:292;sequence:8494,8494,7-9,7-9,,聘任,,聘任,,pìnrèn,动,pymupdf-native-table,
hsk_exam2025,page:292;sequence:8495,8495,7-9,7-9,,聘用,,聘用,,pìnyòng,动,pymupdf-native-table,
hsk_exam2025,page:292;sequence:8496,8496,7-9,7-9,,屏蔽,,屏蔽,,píngbì,动,pymupdf-native-table,
hsk_exam2025,page:292;sequence:8497,8497,7-9,7-9,,平淡,,平淡,,píngdàn,形,pymupdf-native-table,
hsk_exam2025,page:292;sequence:8498,8498,7-9,7-9,,评定,,评定,,píngdìng,动,pymupdf-native-table,
hsk_exam2025,page:292;sequence:8499,8499,7-9,7-9,,平房,,平房,,píngfáng,名,pymupdf-native-table,
hsk_exam2025,page:292;sequence:8500,8500,7-9,7-9,,平和,,平和,,pínghé,形,pymupdf-native-table,
hsk_exam2025,page:292;sequence:8501,8501,7-9,7-9,,平价,,平价,,píngjià,动、名,pymupdf-native-table,
hsk_exam2025,page:292;sequence:8502,8502,7-9,7-9,,瓶颈,,瓶颈,,píngjǐng,名,pymupdf-native-table,
hsk_exam2025,page:292;sequence:8503,8503,7-9,7-9,,平面,,平面,,píngmiàn,名,pymupdf-native-table,
hsk_exam2025,page:292;sequence:8504,8504,7-9,7-9,,评判,,评判,,píngpàn,动,pymupdf-native-table,
hsk_exam2025,page:292;sequence:8505,8505,7-9,7-9,,平日,,平日,,píngrì,名,pymupdf-native-table,
hsk_exam2025,page:292;sequence:8506,8506,7-9,7-9,,评审,,评审,,píngshěn,动、名,pymupdf-native-table,
hsk_exam2025,page:292;sequence:8507,8507,7-9,7-9,,萍水相逢,,萍水相逢,,píngshuǐ-xiāngféng,,pymupdf-native-table,
hsk_exam2025,page:292;sequence:8508,8508,7-9,7-9,,平坦,,平坦,,píngtǎn,形,pymupdf-native-table,
hsk_exam2025,page:292;sequence:8509,8509,7-9,7-9,,评委,,评委,,píngwěi,名,pymupdf-native-table,
hsk_exam2025,page:292;sequence:8510,8510,7-9,7-9,,平稳,,平稳,,píngwěn,形,pymupdf-native-table,
hsk_exam2025,page:292;sequence:8511,8511,7-9,7-9,,平息,,平息,,píngxī,动,pymupdf-native-table,
hsk_exam2025,page:292;sequence:8512,8512,7-9,7-9,,平行,,平行,,píngxíng,形、动,pymupdf-native-table,
hsk_exam2025,page:292;sequence:8513,8513,7-9,7-9,,平庸,,平庸,,píngyōng,形,pymupdf-native-table,
hsk_exam2025,page:292;sequence:8514,8514,7-9,7-9,,平原,,平原,,píngyuán,名,pymupdf-native-table,
hsk_exam2025,page:292;sequence:8515,8515,7-9,7-9,,屏障,,屏障,,píngzhàng,名,pymupdf-native-table,
hsk_exam2025,page:292;sequence:8516,8516,7-9,7-9,,凭证,,凭证,,píngzhèng,名,pymupdf-native-table,
hsk_exam2025,page:292;sequence:8517,8517,7-9,7-9,,颇,,颇,,pō,副,pymupdf-native-table,
hsk_exam2025,page:292;sequence:8518,8518,7-9,7-9,,泼冷水,,泼冷水,,pō lěngshuǐ,,pymupdf-native-table,
hsk_exam2025,page:292;sequence:8519,8519,7-9,7-9,,破案,,破案,,pò’àn,动,pymupdf-native-table,
hsk_exam2025,page:292;sequence:8520,8520,7-9,7-9,,迫不及待,,迫不及待,,pòbùjídài,,pymupdf-native-table,
hsk_exam2025,page:293;sequence:8521,8521,7-9,7-9,,破除,,破除,,pòchú,动,pymupdf-native-table,
hsk_exam2025,page:293;sequence:8522,8522,7-9,7-9,,迫害,,迫害,,pòhài,动,pymupdf-native-table,
hsk_exam2025,page:293;sequence:8523,8523,7-9,7-9,,破解,,破解,,pòjiě,动,pymupdf-native-table,
hsk_exam2025,page:293;sequence:8524,8524,7-9,7-9,,破旧,,破旧,,pòjiù,形,pymupdf-native-table,
hsk_exam2025,page:293;sequence:8525,8525,7-9,7-9,,破例,,破例,,pòlì,动,pymupdf-native-table,
hsk_exam2025,page:293;sequence:8526,8526,7-9,7-9,,魄力,,魄力,,pòlì,名,pymupdf-native-table,
hsk_exam2025,page:293;sequence:8527,8527,7-9,7-9,,破裂,,破裂,,pòliè,动,pymupdf-native-table,
hsk_exam2025,page:293;sequence:8528,8528,7-9,7-9,,破灭,,破灭,,pòmiè,动,pymupdf-native-table,
hsk_exam2025,page:293;sequence:8529,8529,7-9,7-9,,迫使,,迫使,,pòshǐ,动,pymupdf-native-table,
hsk_exam2025,page:293;sequence:8530,8530,7-9,7-9,,破碎,,破碎,,pòsuì,动,pymupdf-native-table,
hsk_exam2025,page:293;sequence:8531,8531,7-9,7-9,,扑克,,扑克,,pūkè,名,pymupdf-native-table,
hsk_exam2025,page:293;sequence:8532,8532,7-9,7-9,,铺路,,铺路,,pūlù,动,pymupdf-native-table,
hsk_exam2025,page:293;sequence:8533,8533,7-9,7-9,,扑面而来,,扑面而来,,pūmiàn’érlái,,pymupdf-native-table,
hsk_exam2025,page:293;sequence:8534,8534,7-9,7-9,,菩萨,,菩萨,,púsà,名,pymupdf-native-table,
hsk_exam2025,page:293;sequence:8535,8535,7-9,7-9,,谱,,谱,,pǔ,名、动,pymupdf-native-table,
hsk_exam2025,page:293;sequence:8536,8536,7-9,7-9,,朴实,,朴实,,pǔshí,形,pymupdf-native-table,
hsk_exam2025,page:293;sequence:8537,8537,7-9,7-9,,瀑布,,瀑布,,pùbù,名,pymupdf-native-table,
hsk_exam2025,page:293;sequence:8538,8538,7-9,7-9,,沏,,沏,,qī,动,pymupdf-native-table,
hsk_exam2025,page:293;sequence:8539,8539,7-9,7-9,,漆,,漆,,qī,名、动,pymupdf-native-table,
hsk_exam2025,page:293;sequence:8540,8540,7-9,7-9,,欺负,,欺负,,qīfu,动,pymupdf-native-table,
hsk_exam2025,page:293;sequence:8541,8541,7-9,7-9,,漆黑,,漆黑,,qīhēi,形,pymupdf-native-table,
hsk_exam2025,page:293;sequence:8542,8542,7-9,7-9,,凄凉,,凄凉,,qīliáng,形,pymupdf-native-table,
hsk_exam2025,page:293;sequence:8543,8543,7-9,7-9,,期盼,,期盼,,qīpàn,动,pymupdf-native-table,
hsk_exam2025,page:293;sequence:8544,8544,7-9,7-9,,蹊跷,,蹊跷,,qīqiao,形,pymupdf-native-table,
hsk_exam2025,page:293;sequence:8545,8545,7-9,7-9,,欺诈,,欺诈,,qīzhà,动,pymupdf-native-table,
hsk_exam2025,page:293;sequence:8546,8546,7-9,7-9,,七嘴八舌,,七嘴八舌,,qīzuǐ-bāshé,,pymupdf-native-table,
hsk_exam2025,page:293;sequence:8547,8547,7-9,7-9,,祈祷,,祈祷,,qídǎo,动,pymupdf-native-table,
hsk_exam2025,page:293;sequence:8548,8548,7-9,7-9,,奇观,,奇观,,qíguān,名,pymupdf-native-table,
hsk_exam2025,page:293;sequence:8549,8549,7-9,7-9,,奇妙,,奇妙,,qímiào,形,pymupdf-native-table,
hsk_exam2025,page:293;sequence:8550,8550,7-9,7-9,,旗袍,,旗袍,,qípáo,名,pymupdf-native-table,
hsk_exam2025,page:293;sequence:8551,8551,7-9,7-9,,崎岖,,崎岖,,qíqū,形,pymupdf-native-table,
hsk_exam2025,page:293;sequence:8552,8552,7-9,7-9,,歧视,,歧视,,qíshì,动,pymupdf-native-table,
hsk_exam2025,page:293;sequence:8553,8553,7-9,7-9,,奇特,,奇特,,qítè,形,pymupdf-native-table,
hsk_exam2025,page:293;sequence:8554,8554,7-9,7-9,,齐心协力,,齐心协力,,qíxīn-xiélì,,pymupdf-native-table,
hsk_exam2025,page:293;sequence:8555,8555,7-9,7-9,,旗帜,,旗帜,,qízhì,名,pymupdf-native-table,
hsk_exam2025,page:293;sequence:8556,8556,7-9,7-9,,起步,,起步,,qǐbù,动,pymupdf-native-table,
hsk_exam2025,page:293;sequence:8557,8557,7-9,7-9,,起草,,起草,,qǐcǎo,动,pymupdf-native-table,
hsk_exam2025,page:293;sequence:8558,8558,7-9,7-9,,启程,,启程,,qǐchéng,动,pymupdf-native-table,
hsk_exam2025,page:293;sequence:8559,8559,7-9,7-9,,起程,,起程,,qǐchéng,动,pymupdf-native-table,
hsk_exam2025,page:293;sequence:8560,8560,7-9,7-9,,启迪,,启迪,,qǐdí,动,pymupdf-native-table,
hsk_exam2025,page:294;sequence:8561,8561,7-9,7-9,,起伏,,起伏,,qǐfú,动,pymupdf-native-table,
hsk_exam2025,page:294;sequence:8562,8562,7-9,7-9,,乞丐,,乞丐,,qǐgài,名,pymupdf-native-table,
hsk_exam2025,page:294;sequence:8563,8563,7-9,7-9,,起哄,,起哄,,qǐhòng,动,pymupdf-native-table,
hsk_exam2025,page:294;sequence:8564,8564,7-9,7-9,,起劲,,起劲,,qǐjìn,形,pymupdf-native-table,
hsk_exam2025,page:294;sequence:8565,8565,7-9,7-9,,起码,,起码,,qǐmǎ,形,pymupdf-native-table,
hsk_exam2025,page:294;sequence:8566,8566,7-9,7-9,,启蒙,,启蒙,,qǐméng,动,pymupdf-native-table,
hsk_exam2025,page:294;sequence:8567,8567,7-9,7-9,,起跑线,,起跑线,,qǐpǎoxiàn,名,pymupdf-native-table,
hsk_exam2025,page:294;sequence:8568,8568,7-9,7-9,,乞求,,乞求,,qǐqiú,动,pymupdf-native-table,
hsk_exam2025,page:294;sequence:8569,8569,7-9,7-9,,起诉,,起诉,,qǐsù,动,pymupdf-native-table,
hsk_exam2025,page:294;sequence:8570,8570,7-9,7-9,,乞讨,,乞讨,,qǐtǎo,动,pymupdf-native-table,
hsk_exam2025,page:294;sequence:8571,8571,7-9,7-9,,企图,,企图,,qǐtú,动、名,pymupdf-native-table,
hsk_exam2025,page:294;sequence:8572,8572,7-9,7-9,,启用,,启用,,qǐyòng,动,pymupdf-native-table,
hsk_exam2025,page:294;sequence:8573,8573,7-9,7-9,,岂有此理,,岂有此理,,qǐyǒucǐlǐ,,pymupdf-native-table,
hsk_exam2025,page:294;sequence:8574,8574,7-9,7-9,,器材,,器材,,qìcái,名,pymupdf-native-table,
hsk_exam2025,page:294;sequence:8575,8575,7-9,7-9,,气愤,,气愤,,qìfèn,形,pymupdf-native-table,
hsk_exam2025,page:294;sequence:8576,8576,7-9,7-9,,气管,,气管,,qìguǎn,名,pymupdf-native-table,
hsk_exam2025,page:294;sequence:8577,8577,7-9,7-9,,器官,,器官,,qìguān,名,pymupdf-native-table,
hsk_exam2025,page:294;sequence:8578,8578,7-9,7-9,,契机,,契机,,qìjī,名,pymupdf-native-table,
hsk_exam2025,page:294;sequence:8579,8579,7-9,7-9,,迄今,,迄今,,qìjīn,动,pymupdf-native-table,
hsk_exam2025,page:294;sequence:8580,8580,7-9,7-9,,器具,,器具,,qìjù,名,pymupdf-native-table,
hsk_exam2025,page:294;sequence:8581,8581,7-9,7-9,,气流,,气流,,qìliú,名,pymupdf-native-table,
hsk_exam2025,page:294;sequence:8582,8582,7-9,7-9,,气馁,,气馁,,qìněi,形,pymupdf-native-table,
hsk_exam2025,page:294;sequence:8583,8583,7-9,7-9,,气派,,气派,,qìpài,名、形,pymupdf-native-table,
hsk_exam2025,page:294;sequence:8584,8584,7-9,7-9,,气泡,,气泡,,qìpào,名,pymupdf-native-table,
hsk_exam2025,page:294;sequence:8585,8585,7-9,7-9,,气魄,,气魄,,qìpò,名,pymupdf-native-table,
hsk_exam2025,page:294;sequence:8586,8586,7-9,7-9,,弃权,,弃权,,qìquán,动,pymupdf-native-table,
hsk_exam2025,page:294;sequence:8587,8587,7-9,7-9,,气色,,气色,,qìsè,名,pymupdf-native-table,
hsk_exam2025,page:294;sequence:8588,8588,7-9,7-9,,气势,,气势,,qìshì,名,pymupdf-native-table,
hsk_exam2025,page:294;sequence:8589,8589,7-9,7-9,,气息,,气息,,qìxī,名,pymupdf-native-table,
hsk_exam2025,page:294;sequence:8590,8590,7-9,7-9,,气象,,气象,,qìxiàng,名,pymupdf-native-table,
hsk_exam2025,page:294;sequence:8591,8591,7-9,7-9,,器械,,器械,,qìxiè,名,pymupdf-native-table,
hsk_exam2025,page:294;sequence:8592,8592,7-9,7-9,,气压,,气压,,qìyā,名,pymupdf-native-table,
hsk_exam2025,page:294;sequence:8593,8593,7-9,7-9,,契约,,契约,,qìyuē,名,pymupdf-native-table,
hsk_exam2025,page:294;sequence:8594,8594,7-9,7-9,,器重,,器重,,qìzhòng,动,pymupdf-native-table,
hsk_exam2025,page:294;sequence:8595,8595,7-9,7-9,,掐,,掐,,qiā,动,pymupdf-native-table,
hsk_exam2025,page:294;sequence:8596,8596,7-9,7-9,,卡,,卡,,qiǎ,动、名,pymupdf-native-table,
hsk_exam2025,page:294;sequence:8597,8597,7-9,7-9,,恰到好处,,恰到好处,,qiàdào-hǎochù,,pymupdf-native-table,
hsk_exam2025,page:294;sequence:8598,8598,7-9,7-9,,恰巧,,恰巧,,qiàqiǎo,副,pymupdf-native-table,
hsk_exam2025,page:294;sequence:8599,8599,7-9,7-9,,恰如其分,,恰如其分,,qiàrú-qífèn,,pymupdf-native-table,
hsk_exam2025,page:294;sequence:8600,8600,7-9,7-9,,洽谈,,洽谈,,qiàtán,动,pymupdf-native-table,
hsk_exam2025,page:295;sequence:8601,8601,7-9,7-9,,迁,,迁,,qiān,动,pymupdf-native-table,
hsk_exam2025,page:295;sequence:8602,8602,7-9,7-9,,签,,签2,2,qiān,名,pymupdf-native-table,
hsk_exam2025,page:295;sequence:8603,8603,7-9,7-9,,千变万化,,千变万化,,qiānbiàn-wànhuà,,pymupdf-native-table,
hsk_exam2025,page:295;sequence:8604,8604,7-9,7-9,,牵扯,,牵扯,,qiānchě,动,pymupdf-native-table,
hsk_exam2025,page:295;sequence:8605,8605,7-9,7-9,,千方百计,,千方百计,,qiānfāng-bǎijì,,pymupdf-native-table,
hsk_exam2025,page:295;sequence:8606,8606,7-9,7-9,,牵挂,,牵挂,,qiānguà,动,pymupdf-native-table,
hsk_exam2025,page:295;sequence:8607,8607,7-9,7-9,,迁就,,迁就,,qiānjiù,动,pymupdf-native-table,
hsk_exam2025,page:295;sequence:8608,8608,7-9,7-9,,千军万马,,千军万马,,qiānjūn-wànmǎ,,pymupdf-native-table,
hsk_exam2025,page:295;sequence:8609,8609,7-9,7-9,,千钧一发,,千钧一发,,qiānjūn-yífà,,pymupdf-native-table,
hsk_exam2025,page:295;sequence:8610,8610,7-9,7-9,,牵涉,,牵涉,,qiānshè,动,pymupdf-native-table,
hsk_exam2025,page:295;sequence:8611,8611,7-9,7-9,,签署,,签署,,qiānshǔ,动,pymupdf-native-table,
hsk_exam2025,page:295;sequence:8612,8612,7-9,7-9,,牵头,,牵头,,qiāntóu,动,pymupdf-native-table,
hsk_exam2025,page:295;sequence:8613,8613,7-9,7-9,,迁徙,,迁徙,,qiānxǐ,动,pymupdf-native-table,
hsk_exam2025,page:295;sequence:8614,8614,7-9,7-9,,谦逊,,谦逊,,qiānxùn,形,pymupdf-native-table,
hsk_exam2025,page:295;sequence:8615,8615,7-9,7-9,,迁移,,迁移,,qiānyí,动,pymupdf-native-table,
hsk_exam2025,page:295;sequence:8616,8616,7-9,7-9,,签约,,签约,,qiānyuē,动,pymupdf-native-table,
hsk_exam2025,page:295;sequence:8617,8617,7-9,7-9,,牵制,,牵制,,qiānzhì,动,pymupdf-native-table,
hsk_exam2025,page:295;sequence:8618,8618,7-9,7-9,,千姿百态,,千姿百态,,qiānzī-bǎitài,,pymupdf-native-table,
hsk_exam2025,page:295;sequence:8619,8619,7-9,7-9,,前辈,,前辈,,qiánbèi,名,pymupdf-native-table,
hsk_exam2025,page:295;sequence:8620,8620,7-9,7-9,,钱财,,钱财,,qiáncái,名,pymupdf-native-table,
hsk_exam2025,page:295;sequence:8621,8621,7-9,7-9,,前程,,前程,,qiánchéng,名,pymupdf-native-table,
hsk_exam2025,page:295;sequence:8622,8622,7-9,7-9,,虔诚,,虔诚,,qiánchéng,形,pymupdf-native-table,
hsk_exam2025,page:295;sequence:8623,8623,7-9,7-9,,潜伏,,潜伏,,qiánfú,动,pymupdf-native-table,
hsk_exam2025,page:295;sequence:8624,8624,7-9,7-9,,前赴后继,,前赴后继,,qiánfù-hòujì,,pymupdf-native-table,
hsk_exam2025,page:295;sequence:8625,8625,7-9,7-9,,潜能,,潜能,,qiánnéng,名,pymupdf-native-table,
hsk_exam2025,page:295;sequence:8626,8626,7-9,7-9,,前任,,前任,,qiánrèn,名,pymupdf-native-table,
hsk_exam2025,page:295;sequence:8627,8627,7-9,7-9,,潜入,,潜入,,qiánrù,动,pymupdf-native-table,
hsk_exam2025,page:295;sequence:8628,8628,7-9,7-9,,潜水,,潜水,,qiánshuǐ,动,pymupdf-native-table,
hsk_exam2025,page:295;sequence:8629,8629,7-9,7-9,,前所未有,,前所未有,,qiánsuǒwèiyǒu,,pymupdf-native-table,
hsk_exam2025,page:295;sequence:8630,8630,7-9,7-9,,前台,,前台,,qiántái,名,pymupdf-native-table,
hsk_exam2025,page:295;sequence:8631,8631,7-9,7-9,,潜艇,,潜艇,,qiántǐng,名,pymupdf-native-table,
hsk_exam2025,page:295;sequence:8632,8632,7-9,7-9,,前无古人,,前无古人,,qiánwúgǔrén,,pymupdf-native-table,
hsk_exam2025,page:295;sequence:8633,8633,7-9,7-9,,前夕,,前夕,,qiánxī,名,pymupdf-native-table,
hsk_exam2025,page:295;sequence:8634,8634,7-9,7-9,,前线,,前线,,qiánxiàn,名,pymupdf-native-table,
hsk_exam2025,page:295;sequence:8635,8635,7-9,7-9,,潜心,,潜心,,qiánxīn,动,pymupdf-native-table,
hsk_exam2025,page:295;sequence:8636,8636,7-9,7-9,,前沿,,前沿,,qiányán,名,pymupdf-native-table,
hsk_exam2025,page:295;sequence:8637,8637,7-9,7-9,,潜移默化,,潜移默化,,qiányí-mòhuà,,pymupdf-native-table,
hsk_exam2025,page:295;sequence:8638,8638,7-9,7-9,,潜在,,潜在,,qiánzài,形,pymupdf-native-table,
hsk_exam2025,page:295;sequence:8639,8639,7-9,7-9,,浅显,,浅显,,qiǎnxiǎn,形,pymupdf-native-table,
hsk_exam2025,page:295;sequence:8640,8640,7-9,7-9,,谴责,,谴责,,qiǎnzé,动,pymupdf-native-table,
hsk_exam2025,page:296;sequence:8641,8641,7-9,7-9,,欠缺,,欠缺,,qiànquē,动、名,pymupdf-native-table,
hsk_exam2025,page:296;sequence:8642,8642,7-9,7-9,,欠条,,欠条,,qiàntiáo,名,pymupdf-native-table,
hsk_exam2025,page:296;sequence:8643,8643,7-9,7-9,,歉意,,歉意,,qiànyì,名,pymupdf-native-table,
hsk_exam2025,page:296;sequence:8644,8644,7-9,7-9,,呛,,呛,,qiāng,动,pymupdf-native-table,
hsk_exam2025,page:296;sequence:8645,8645,7-9,7-9,,腔,,腔,,qiāng,名,pymupdf-native-table,
hsk_exam2025,page:296;sequence:8646,8646,7-9,7-9,,枪毙,,枪毙,,qiāngbì,动,pymupdf-native-table,
hsk_exam2025,page:296;sequence:8647,8647,7-9,7-9,,强盗,,强盗,,qiángdào,名,pymupdf-native-table,
hsk_exam2025,page:296;sequence:8648,8648,7-9,7-9,,强加,,强加,,qiángjiā,动,pymupdf-native-table,
hsk_exam2025,page:296;sequence:8649,8649,7-9,7-9,,强劲,,强劲,,qiángjìng,形,pymupdf-native-table,
hsk_exam2025,page:296;sequence:8650,8650,7-9,7-9,,强势,,强势,,qiángshì,名,pymupdf-native-table,
hsk_exam2025,page:296;sequence:8651,8651,7-9,7-9,,强项,,强项,,qiángxiàng,名,pymupdf-native-table,
hsk_exam2025,page:296;sequence:8652,8652,7-9,7-9,,强行,,强行,,qiángxíng,副,pymupdf-native-table,
hsk_exam2025,page:296;sequence:8653,8653,7-9,7-9,,强硬,,强硬,,qiángyìng,形,pymupdf-native-table,
hsk_exam2025,page:296;sequence:8654,8654,7-9,7-9,,强占,,强占,,qiángzhàn,动,pymupdf-native-table,
hsk_exam2025,page:296;sequence:8655,8655,7-9,7-9,,强制,,强制,,qiángzhì,动,pymupdf-native-table,
hsk_exam2025,page:296;sequence:8656,8656,7-9,7-9,,抢夺,,抢夺,,qiǎngduó,动,pymupdf-native-table,
hsk_exam2025,page:296;sequence:8657,8657,7-9,7-9,,抢劫,,抢劫,,qiǎngjié,动,pymupdf-native-table,
hsk_exam2025,page:296;sequence:8658,8658,7-9,7-9,,抢眼,,抢眼,,qiǎngyǎn,形,pymupdf-native-table,
hsk_exam2025,page:296;sequence:8659,8659,7-9,7-9,,呛,,呛,,qiàng,动,pymupdf-native-table,
hsk_exam2025,page:296;sequence:8660,8660,7-9,7-9,,敲诈,,敲诈,,qiāozhà,动,pymupdf-native-table,
hsk_exam2025,page:296;sequence:8661,8661,7-9,7-9,,憔悴,,憔悴,,qiáocuì,形,pymupdf-native-table,
hsk_exam2025,page:296;sequence:8662,8662,7-9,7-9,,巧合,,巧合,,qiǎohé,形,pymupdf-native-table,
hsk_exam2025,page:296;sequence:8663,8663,7-9,7-9,,翘,,翘,,qiào,动,pymupdf-native-table,
hsk_exam2025,page:296;sequence:8664,8664,7-9,7-9,,撬,,撬,,qiào,动,pymupdf-native-table,
hsk_exam2025,page:296;sequence:8665,8665,7-9,7-9,,窍门,,窍门,,qiàomén,名,pymupdf-native-table,
hsk_exam2025,page:296;sequence:8666,8666,7-9,7-9,,切除,,切除,,qiēchú,动,pymupdf-native-table,
hsk_exam2025,page:296;sequence:8667,8667,7-9,7-9,,切磋,,切磋,,qiēcuō,动,pymupdf-native-table,
hsk_exam2025,page:296;sequence:8668,8668,7-9,7-9,,切割,,切割,,qiēgē,动,pymupdf-native-table,
hsk_exam2025,page:296;sequence:8669,8669,7-9,7-9,,切换,,切换,,qiēhuàn,动,pymupdf-native-table,
hsk_exam2025,page:296;sequence:8670,8670,7-9,7-9,,且,,且,,qiě,连,pymupdf-native-table,
hsk_exam2025,page:296;sequence:8671,8671,7-9,7-9,,锲而不舍,,锲而不舍,,qiè’érbùshě,,pymupdf-native-table,
hsk_exam2025,page:296;sequence:8672,8672,7-9,7-9,,切记,,切记,,qièjì,动,pymupdf-native-table,
hsk_exam2025,page:296;sequence:8673,8673,7-9,7-9,,切忌,,切忌,,qièjì,动,pymupdf-native-table,
hsk_exam2025,page:296;sequence:8674,8674,7-9,7-9,,窃取,,窃取,,qièqǔ,动,pymupdf-native-table,
hsk_exam2025,page:296;sequence:8675,8675,7-9,7-9,,切身,,切身,,qièshēn,形,pymupdf-native-table,
hsk_exam2025,page:296;sequence:8676,8676,7-9,7-9,,惬意,,惬意,,qièyì,形,pymupdf-native-table,
hsk_exam2025,page:296;sequence:8677,8677,7-9,7-9,,侵犯,,侵犯,,qīnfàn,动,pymupdf-native-table,
hsk_exam2025,page:296;sequence:8678,8678,7-9,7-9,,侵害,,侵害,,qīnhài,动,pymupdf-native-table,
hsk_exam2025,page:296;sequence:8679,8679,7-9,7-9,,亲和力,,亲和力,,qīnhélì,名,pymupdf-native-table,
hsk_exam2025,page:296;sequence:8680,8680,7-9,7-9,,亲近,,亲近,,qīnjìn,形、动,pymupdf-native-table,
hsk_exam2025,page:297;sequence:8681,8681,7-9,7-9,,侵略,,侵略,,qīnlüè,动,pymupdf-native-table,
hsk_exam2025,page:297;sequence:8682,8682,7-9,7-9,,钦佩,,钦佩,,qīnpèi,动,pymupdf-native-table,
hsk_exam2025,page:297;sequence:8683,8683,7-9,7-9,,侵权,,侵权,,qīnquán,动,pymupdf-native-table,
hsk_exam2025,page:297;sequence:8684,8684,7-9,7-9,,亲热,,亲热,,qīnrè,形、动,pymupdf-native-table,
hsk_exam2025,page:297;sequence:8685,8685,7-9,7-9,,亲身,,亲身,,qīnshēn,形,pymupdf-native-table,
hsk_exam2025,page:297;sequence:8686,8686,7-9,7-9,,亲生,,亲生,,qīnshēng,形,pymupdf-native-table,
hsk_exam2025,page:297;sequence:8687,8687,7-9,7-9,,亲手,,亲手,,qīnshǒu,副,pymupdf-native-table,
hsk_exam2025,page:297;sequence:8688,8688,7-9,7-9,,亲眼,,亲眼,,qīnyǎn,副,pymupdf-native-table,
hsk_exam2025,page:297;sequence:8689,8689,7-9,7-9,,侵占,,侵占,,qīnzhàn,动,pymupdf-native-table,
hsk_exam2025,page:297;sequence:8690,8690,7-9,7-9,,勤工俭学,,勤工俭学,,qíngōng-jiǎnxué,,pymupdf-native-table,
hsk_exam2025,page:297;sequence:8691,8691,7-9,7-9,,勤俭,,勤俭,,qínjiǎn,形,pymupdf-native-table,
hsk_exam2025,page:297;sequence:8692,8692,7-9,7-9,,勤快,,勤快,,qínkuai,形,pymupdf-native-table,
hsk_exam2025,page:297;sequence:8693,8693,7-9,7-9,,琴棋书画,,琴棋书画,,qín-qí-shū-huà,,pymupdf-native-table,
hsk_exam2025,page:297;sequence:8694,8694,7-9,7-9,,寝室,,寝室,,qǐnshì,名,pymupdf-native-table,
hsk_exam2025,page:297;sequence:8695,8695,7-9,7-9,,轻而易举,,轻而易举,,qīng’éryìjǔ,,pymupdf-native-table,
hsk_exam2025,page:297;sequence:8696,8696,7-9,7-9,,清澈,,清澈,,qīngchè,形,pymupdf-native-table,
hsk_exam2025,page:297;sequence:8697,8697,7-9,7-9,,清除,,清除,,qīngchú,动,pymupdf-native-table,
hsk_exam2025,page:297;sequence:8698,8698,7-9,7-9,,清脆,,清脆,,qīngcuì,形,pymupdf-native-table,
hsk_exam2025,page:297;sequence:8699,8699,7-9,7-9,,清单,,清单,,qīngdān,名,pymupdf-native-table,
hsk_exam2025,page:297;sequence:8700,8700,7-9,7-9,,倾倒,,倾倒,,qīngdǎo,动,pymupdf-native-table,
hsk_exam2025,page:297;sequence:8701,8701,7-9,7-9,,倾家荡产,,倾家荡产,,qīngjiā-dàngchǎn,,pymupdf-native-table,
hsk_exam2025,page:297;sequence:8702,8702,7-9,7-9,,清静,,清静,,qīngjìng,形,pymupdf-native-table,
hsk_exam2025,page:297;sequence:8703,8703,7-9,7-9,,青睐,,青睐,,qīnglài,动,pymupdf-native-table,
hsk_exam2025,page:297;sequence:8704,8704,7-9,7-9,,清凉,,清凉,,qīngliáng,形,pymupdf-native-table,
hsk_exam2025,page:297;sequence:8705,8705,7-9,7-9,,轻蔑,,轻蔑,,qīngmiè,动,pymupdf-native-table,
hsk_exam2025,page:297;sequence:8706,8706,7-9,7-9,,轻视,,轻视,,qīngshì,动,pymupdf-native-table,
hsk_exam2025,page:297;sequence:8707,8707,7-9,7-9,,倾诉,,倾诉,,qīngsù,动,pymupdf-native-table,
hsk_exam2025,page:297;sequence:8708,8708,7-9,7-9,,青铜器,,青铜器,,qīngtóngqì,名,pymupdf-native-table,
hsk_exam2025,page:297;sequence:8709,8709,7-9,7-9,,轻微,,轻微,,qīngwēi,形,pymupdf-native-table,
hsk_exam2025,page:297;sequence:8710,8710,7-9,7-9,,倾销,,倾销,,qīngxiāo,动,pymupdf-native-table,
hsk_exam2025,page:297;sequence:8711,8711,7-9,7-9,,倾斜,,倾斜,,qīngxié,动,pymupdf-native-table,
hsk_exam2025,page:297;sequence:8712,8712,7-9,7-9,,清新,,清新,,qīngxīn,形,pymupdf-native-table,
hsk_exam2025,page:297;sequence:8713,8713,7-9,7-9,,轻型,,轻型,,qīngxíng,形,pymupdf-native-table,
hsk_exam2025,page:297;sequence:8714,8714,7-9,7-9,,情报,,情报,,qíngbào,名,pymupdf-native-table,
hsk_exam2025,page:297;sequence:8715,8715,7-9,7-9,,情不自禁,,情不自禁,,qíngbúzìjīn,,pymupdf-native-table,
hsk_exam2025,page:297;sequence:8716,8716,7-9,7-9,,情调,,情调,,qíngdiào,名,pymupdf-native-table,
hsk_exam2025,page:297;sequence:8717,8717,7-9,7-9,,情怀,,情怀,,qínghuái,名,pymupdf-native-table,
hsk_exam2025,page:297;sequence:8718,8718,7-9,7-9,,情结,,情结,,qíngjié,名,pymupdf-native-table,
hsk_exam2025,page:297;sequence:8719,8719,7-9,7-9,,情境,,情境,,qíngjìng,名,pymupdf-native-table,
hsk_exam2025,page:297;sequence:8720,8720,7-9,7-9,,情理,,情理,,qínglǐ,名,pymupdf-native-table,
hsk_exam2025,page:298;sequence:8721,8721,7-9,7-9,,情侣,,情侣,,qínglǚ,名,pymupdf-native-table,
hsk_exam2025,page:298;sequence:8722,8722,7-9,7-9,,情人,,情人,,qíngrén,名,pymupdf-native-table,
hsk_exam2025,page:298;sequence:8723,8723,7-9,7-9,,情商,,情商,,qíngshāng,名,pymupdf-native-table,
hsk_exam2025,page:298;sequence:8724,8724,7-9,7-9,,情谊,,情谊,,qíngyì,名,pymupdf-native-table,
hsk_exam2025,page:298;sequence:8725,8725,7-9,7-9,,情愿,,情愿,,qíngyuàn,动、副,pymupdf-native-table,
hsk_exam2025,page:298;sequence:8726,8726,7-9,7-9,,请柬,,请柬,,qǐngjiǎn,名,pymupdf-native-table,
hsk_exam2025,page:298;sequence:8727,8727,7-9,7-9,,请示,,请示,,qǐngshì,动,pymupdf-native-table,
hsk_exam2025,page:298;sequence:8728,8728,7-9,7-9,,请帖,,请帖,,qǐngtiě,名,pymupdf-native-table,
hsk_exam2025,page:298;sequence:8729,8729,7-9,7-9,,庆典,,庆典,,qìngdiǎn,名,pymupdf-native-table,
hsk_exam2025,page:298;sequence:8730,8730,7-9,7-9,,庆贺,,庆贺,,qìnghè,动,pymupdf-native-table,
hsk_exam2025,page:298;sequence:8731,8731,7-9,7-9,,庆幸,,庆幸,,qìngxìng,动,pymupdf-native-table,
hsk_exam2025,page:298;sequence:8732,8732,7-9,7-9,,丘陵,,丘陵,,qiūlíng,名,pymupdf-native-table,
hsk_exam2025,page:298;sequence:8733,8733,7-9,7-9,,囚犯,,囚犯,,qiúfàn,名,pymupdf-native-table,
hsk_exam2025,page:298;sequence:8734,8734,7-9,7-9,,求同存异,,求同存异,,qiútóng-cúnyì,,pymupdf-native-table,
hsk_exam2025,page:298;sequence:8735,8735,7-9,7-9,,求学,,求学,,qiúxué,动,pymupdf-native-table,
hsk_exam2025,page:298;sequence:8736,8736,7-9,7-9,,求医,,求医,,qiúyī,动,pymupdf-native-table,
hsk_exam2025,page:298;sequence:8737,8737,7-9,7-9,,求证,,求证,,qiúzhèng,动,pymupdf-native-table,
hsk_exam2025,page:298;sequence:8738,8738,7-9,7-9,,驱动,,驱动,,qūdòng,动,pymupdf-native-table,
hsk_exam2025,page:298;sequence:8739,8739,7-9,7-9,,屈服,,屈服,,qūfú,动,pymupdf-native-table,
hsk_exam2025,page:298;sequence:8740,8740,7-9,7-9,,区间,,区间,,qūjiān,名,pymupdf-native-table,
hsk_exam2025,page:298;sequence:8741,8741,7-9,7-9,,区区,,区区,,qūqū,形,pymupdf-native-table,
hsk_exam2025,page:298;sequence:8742,8742,7-9,7-9,,曲线,,曲线,,qūxiàn,名,pymupdf-native-table,
hsk_exam2025,page:298;sequence:8743,8743,7-9,7-9,,趋于,,趋于,,qūyú,动,pymupdf-native-table,
hsk_exam2025,page:298;sequence:8744,8744,7-9,7-9,,曲折,,曲折,,qūzhé,形,pymupdf-native-table,
hsk_exam2025,page:298;sequence:8745,8745,7-9,7-9,,驱逐,,驱逐,,qūzhú,动,pymupdf-native-table,
hsk_exam2025,page:298;sequence:8746,8746,7-9,7-9,,取而代之,,取而代之,,qǔ’érdàizhī,,pymupdf-native-table,
hsk_exam2025,page:298;sequence:8747,8747,7-9,7-9,,取材,,取材,,qǔcái,动,pymupdf-native-table,
hsk_exam2025,page:298;sequence:8748,8748,7-9,7-9,,取缔,,取缔,,qǔdì,动,pymupdf-native-table,
hsk_exam2025,page:298;sequence:8749,8749,7-9,7-9,,取经,,取经,,qǔjīng,动,pymupdf-native-table,
hsk_exam2025,page:298;sequence:8750,8750,7-9,7-9,,取决,,取决,,qǔjué,动,pymupdf-native-table,
hsk_exam2025,page:298;sequence:8751,8751,7-9,7-9,,取暖,,取暖,,qǔnuǎn,动,pymupdf-native-table,
hsk_exam2025,page:298;sequence:8752,8752,7-9,7-9,,取胜,,取胜,,qǔshèng,动,pymupdf-native-table,
hsk_exam2025,page:298;sequence:8753,8753,7-9,7-9,,取笑,,取笑,,qǔxiào,动,pymupdf-native-table,
hsk_exam2025,page:298;sequence:8754,8754,7-9,7-9,,曲艺,,曲艺,,qǔyì,名,pymupdf-native-table,
hsk_exam2025,page:298;sequence:8755,8755,7-9,7-9,,去除,,去除,,qùchú,动,pymupdf-native-table,
hsk_exam2025,page:298;sequence:8756,8756,7-9,7-9,,去处,,去处,,qùchù,名,pymupdf-native-table,
hsk_exam2025,page:298;sequence:8757,8757,7-9,7-9,,去向,,去向,,qùxiàng,名,pymupdf-native-table,
hsk_exam2025,page:298;sequence:8758,8758,7-9,7-9,,圈套,,圈套,,quāntào,名,pymupdf-native-table,
hsk_exam2025,page:298;sequence:8759,8759,7-9,7-9,,圈子,,圈子,,quānzi,名,pymupdf-native-table,
hsk_exam2025,page:298;sequence:8760,8760,7-9,7-9,,拳,,拳,,quán,名、动,pymupdf-native-table,
hsk_exam2025,page:299;sequence:8761,8761,7-9,7-9,,全方位,,全方位,,quánfāngwèi,名,pymupdf-native-table,
hsk_exam2025,page:299;sequence:8762,8762,7-9,7-9,,权衡,,权衡,,quánhéng,动,pymupdf-native-table,
hsk_exam2025,page:299;sequence:8763,8763,7-9,7-9,,拳击,,拳击,,quánjī,名,pymupdf-native-table,
hsk_exam2025,page:299;sequence:8764,8764,7-9,7-9,,全局,,全局,,quánjú,名,pymupdf-native-table,
hsk_exam2025,page:299;sequence:8765,8765,7-9,7-9,,全力以赴,,全力以赴,,quánlìyǐfù,,pymupdf-native-table,
hsk_exam2025,page:299;sequence:8766,8766,7-9,7-9,,全能,,全能,,quánnéng,形,pymupdf-native-table,
hsk_exam2025,page:299;sequence:8767,8767,7-9,7-9,,全身心,,全身心,,quánshēnxīn,副,pymupdf-native-table,
hsk_exam2025,page:299;sequence:8768,8768,7-9,7-9,,诠释,,诠释,,quánshì,动,pymupdf-native-table,
hsk_exam2025,page:299;sequence:8769,8769,7-9,7-9,,拳头,,拳头,,quántóu,名,pymupdf-native-table,
hsk_exam2025,page:299;sequence:8770,8770,7-9,7-9,,权威,,权威,,quánwēi,名、形,pymupdf-native-table,
hsk_exam2025,page:299;sequence:8771,8771,7-9,7-9,,权限,,权限,,quánxiàn,名,pymupdf-native-table,
hsk_exam2025,page:299;sequence:8772,8772,7-9,7-9,,全心全意,,全心全意,,quánxīn-quányì,,pymupdf-native-table,
hsk_exam2025,page:299;sequence:8773,8773,7-9,7-9,,权益,,权益,,quányì,名,pymupdf-native-table,
hsk_exam2025,page:299;sequence:8774,8774,7-9,7-9,,劝告,,劝告,,quàngào,动、名,pymupdf-native-table,
hsk_exam2025,page:299;sequence:8775,8775,7-9,7-9,,劝说,,劝说,,quànshuō,动,pymupdf-native-table,
hsk_exam2025,page:299;sequence:8776,8776,7-9,7-9,,劝阻,,劝阻,,quànzǔ,动,pymupdf-native-table,
hsk_exam2025,page:299;sequence:8777,8777,7-9,7-9,,缺口,,缺口,,quēkǒu,名,pymupdf-native-table,
hsk_exam2025,page:299;sequence:8778,8778,7-9,7-9,,缺失,,缺失,,quēshī,名、动,pymupdf-native-table,
hsk_exam2025,page:299;sequence:8779,8779,7-9,7-9,,缺席,,缺席,,quēxí,动,pymupdf-native-table,
hsk_exam2025,page:299;sequence:8780,8780,7-9,7-9,,瘸,,瘸,,qué,动,pymupdf-native-table,
hsk_exam2025,page:299;sequence:8781,8781,7-9,7-9,,确切,,确切,,quèqiè,形,pymupdf-native-table,
hsk_exam2025,page:299;sequence:8782,8782,7-9,7-9,,确信,,确信,,quèxìn,动,pymupdf-native-table,
hsk_exam2025,page:299;sequence:8783,8783,7-9,7-9,,确凿,,确凿,,quèzáo,形,pymupdf-native-table,
hsk_exam2025,page:299;sequence:8784,8784,7-9,7-9,,确诊,,确诊,,quèzhěn,动,pymupdf-native-table,
hsk_exam2025,page:299;sequence:8785,8785,7-9,7-9,,燃放,,燃放,,ránfàng,动,pymupdf-native-table,
hsk_exam2025,page:299;sequence:8786,8786,7-9,7-9,,燃气,,燃气,,ránqì,名,pymupdf-native-table,
hsk_exam2025,page:299;sequence:8787,8787,7-9,7-9,,燃油,,燃油,,rányóu,名,pymupdf-native-table,
hsk_exam2025,page:299;sequence:8788,8788,7-9,7-9,,嚷,,嚷,,rǎng,动,pymupdf-native-table,
hsk_exam2025,page:299;sequence:8789,8789,7-9,7-9,,让步,,让步,,ràngbù,动,pymupdf-native-table,
hsk_exam2025,page:299;sequence:8790,8790,7-9,7-9,,饶,,饶,,ráo,动,pymupdf-native-table,
hsk_exam2025,page:299;sequence:8791,8791,7-9,7-9,,饶恕,,饶恕,,ráoshù,动,pymupdf-native-table,
hsk_exam2025,page:299;sequence:8792,8792,7-9,7-9,,扰乱,,扰乱,,rǎoluàn,动,pymupdf-native-table,
hsk_exam2025,page:299;sequence:8793,8793,7-9,7-9,,绕行,,绕行,,ràoxíng,动,pymupdf-native-table,
hsk_exam2025,page:299;sequence:8794,8794,7-9,7-9,,绕远儿,,绕远儿,,ràoyuǎnr,动、形,pymupdf-native-table,
hsk_exam2025,page:299;sequence:8795,8795,7-9,7-9,,惹,,惹,,rě,动,pymupdf-native-table,
hsk_exam2025,page:299;sequence:8796,8796,7-9,7-9,,热潮,,热潮,,rècháo,名,pymupdf-native-table,
hsk_exam2025,page:299;sequence:8797,8797,7-9,7-9,,热带,,热带,,rèdài,名,pymupdf-native-table,
hsk_exam2025,page:299;sequence:8798,8798,7-9,7-9,,热泪盈眶,,热泪盈眶,,rèlèi-yíngkuàng,,pymupdf-native-table,
hsk_exam2025,page:299;sequence:8799,8799,7-9,7-9,,热腾腾,,热腾腾,,rèténgténg,形,pymupdf-native-table,
hsk_exam2025,page:299;sequence:8800,8800,7-9,7-9,,热销,,热销,,rèxiāo,动,pymupdf-native-table,
hsk_exam2025,page:300;sequence:8801,8801,7-9,7-9,,热衷,,热衷,,rèzhōng,动,pymupdf-native-table,
hsk_exam2025,page:300;sequence:8802,8802,7-9,7-9,,仁慈,,仁慈,,réncí,形,pymupdf-native-table,
hsk_exam2025,page:300;sequence:8803,8803,7-9,7-9,,人次,,人次,,réncì,量,pymupdf-native-table,
hsk_exam2025,page:300;sequence:8804,8804,7-9,7-9,,人道,,人道,,réndào,名、形,pymupdf-native-table,
hsk_exam2025,page:300;sequence:8805,8805,7-9,7-9,,人格,,人格,,réngé,名,pymupdf-native-table,
hsk_exam2025,page:300;sequence:8806,8806,7-9,7-9,,人间,,人间,,rénjiān,名,pymupdf-native-table,
hsk_exam2025,page:300;sequence:8807,8807,7-9,7-9,,人品,,人品,,rénpǐn,名,pymupdf-native-table,
hsk_exam2025,page:300;sequence:8808,8808,7-9,7-9,,人气,,人气,,rénqì,名,pymupdf-native-table,
hsk_exam2025,page:300;sequence:8809,8809,7-9,7-9,,人情,,人情,,rénqíng,名,pymupdf-native-table,
hsk_exam2025,page:300;sequence:8810,8810,7-9,7-9,,人权,,人权,,rénquán,名,pymupdf-native-table,
hsk_exam2025,page:300;sequence:8811,8811,7-9,7-9,,人身,,人身,,rénshēn,名,pymupdf-native-table,
hsk_exam2025,page:300;sequence:8812,8812,7-9,7-9,,人手,,人手,,rénshǒu,名,pymupdf-native-table,
hsk_exam2025,page:300;sequence:8813,8813,7-9,7-9,,人文,,人文,,rénwén,名,pymupdf-native-table,
hsk_exam2025,page:300;sequence:8814,8814,7-9,7-9,,人性,,人性,,rénxìng,名,pymupdf-native-table,
hsk_exam2025,page:300;sequence:8815,8815,7-9,7-9,,任性,,任性,,rénxìng,形,pymupdf-native-table,
hsk_exam2025,page:300;sequence:8816,8816,7-9,7-9,,人选,,人选,,rénxuǎn,名,pymupdf-native-table,
hsk_exam2025,page:300;sequence:8817,8817,7-9,7-9,,人缘儿,,人缘儿,,rényuánr,名,pymupdf-native-table,
hsk_exam2025,page:300;sequence:8818,8818,7-9,7-9,,人造,,人造,,rénzào,形,pymupdf-native-table,
hsk_exam2025,page:300;sequence:8819,8819,7-9,7-9,,人质,,人质,,rénzhì,名,pymupdf-native-table,
hsk_exam2025,page:300;sequence:8820,8820,7-9,7-9,,忍耐,,忍耐,,rěnnài,动,pymupdf-native-table,
hsk_exam2025,page:300;sequence:8821,8821,7-9,7-9,,忍心,,忍心,,rěnxīn,动,pymupdf-native-table,
hsk_exam2025,page:300;sequence:8822,8822,7-9,7-9,,任,,任,,rèn,动、连,pymupdf-native-table,
hsk_exam2025,page:300;sequence:8823,8823,7-9,7-9,,任命,,任命,,rènmìng,动,pymupdf-native-table,
hsk_exam2025,page:300;sequence:8824,8824,7-9,7-9,,任期,,任期,,rènqī,名,pymupdf-native-table,
hsk_exam2025,page:300;sequence:8825,8825,7-9,7-9,,韧性,,韧性,,rènxìng,名,pymupdf-native-table,
hsk_exam2025,page:300;sequence:8826,8826,7-9,7-9,,任意,,任意,,rènyì,副、形,pymupdf-native-table,
hsk_exam2025,page:300;sequence:8827,8827,7-9,7-9,,认证,,认证,,rènzhèng,动,pymupdf-native-table,
hsk_exam2025,page:300;sequence:8828,8828,7-9,7-9,,任职,,任职,,rènzhí,动,pymupdf-native-table,
hsk_exam2025,page:300;sequence:8829,8829,7-9,7-9,,任重道远,,任重道远,,rènzhòng-dàoyuǎn,,pymupdf-native-table,
hsk_exam2025,page:300;sequence:8830,8830,7-9,7-9,,日程,,日程,,rìchéng,名,pymupdf-native-table,
hsk_exam2025,page:300;sequence:8831,8831,7-9,7-9,,日复一日,,日复一日,,rìfùyírì,,pymupdf-native-table,
hsk_exam2025,page:300;sequence:8832,8832,7-9,7-9,,日趋,,日趋,,rìqū,副,pymupdf-native-table,
hsk_exam2025,page:300;sequence:8833,8833,7-9,7-9,,日新月异,,日新月异,,rìxīn-yuèyì,,pymupdf-native-table,
hsk_exam2025,page:300;sequence:8834,8834,7-9,7-9,,融,,融,,róng,动,pymupdf-native-table,
hsk_exam2025,page:300;sequence:8835,8835,7-9,7-9,,容光焕发,,容光焕发,,róngguāng-huànfā,,pymupdf-native-table,
hsk_exam2025,page:300;sequence:8836,8836,7-9,7-9,,荣获,,荣获,,rónghuò,动,pymupdf-native-table,
hsk_exam2025,page:300;sequence:8837,8837,7-9,7-9,,溶解,,溶解,,róngjiě,动,pymupdf-native-table,
hsk_exam2025,page:300;sequence:8838,8838,7-9,7-9,,容貌,,容貌,,róngmào,名,pymupdf-native-table,
hsk_exam2025,page:300;sequence:8839,8839,7-9,7-9,,容纳,,容纳,,róngnà,动,pymupdf-native-table,
hsk_exam2025,page:300;sequence:8840,8840,7-9,7-9,,容器,,容器,,róngqì,名,pymupdf-native-table,
hsk_exam2025,page:301;sequence:8841,8841,7-9,7-9,,融洽,,融洽,,róngqià,形,pymupdf-native-table,
hsk_exam2025,page:301;sequence:8842,8842,7-9,7-9,,容忍,,容忍,,róngrěn,动,pymupdf-native-table,
hsk_exam2025,page:301;sequence:8843,8843,7-9,7-9,,荣幸,,荣幸,,róngxìng,形,pymupdf-native-table,
hsk_exam2025,page:301;sequence:8844,8844,7-9,7-9,,容许,,容许,,róngxǔ,动,pymupdf-native-table,
hsk_exam2025,page:301;sequence:8845,8845,7-9,7-9,,容颜,,容颜,,róngyán,名,pymupdf-native-table,
hsk_exam2025,page:301;sequence:8846,8846,7-9,7-9,,荣耀,,荣耀,,róngyào,形,pymupdf-native-table,
hsk_exam2025,page:301;sequence:8847,8847,7-9,7-9,,融资,,融资,,róngzī,动、名,pymupdf-native-table,
hsk_exam2025,page:301;sequence:8848,8848,7-9,7-9,,冗长,,冗长,,rǒngcháng,形,pymupdf-native-table,
hsk_exam2025,page:301;sequence:8849,8849,7-9,7-9,,揉,,揉,,róu,动,pymupdf-native-table,
hsk_exam2025,page:301;sequence:8850,8850,7-9,7-9,,柔和,,柔和,,róuhé,形,pymupdf-native-table,
hsk_exam2025,page:301;sequence:8851,8851,7-9,7-9,,如痴如醉,,如痴如醉,,rúchī-rúzuì,,pymupdf-native-table,
hsk_exam2025,page:301;sequence:8852,8852,7-9,7-9,,如期,,如期,,rúqī,副,pymupdf-native-table,
hsk_exam2025,page:301;sequence:8853,8853,7-9,7-9,,如实,,如实,,rúshí,副,pymupdf-native-table,
hsk_exam2025,page:301;sequence:8854,8854,7-9,7-9,,如意,,如意,,rúyì,动、名,pymupdf-native-table,
hsk_exam2025,page:301;sequence:8855,8855,7-9,7-9,,如一,,如一,,rúyī,动,pymupdf-native-table,
hsk_exam2025,page:301;sequence:8856,8856,7-9,7-9,,如愿以偿,,如愿以偿,,rúyuànyǐcháng,,pymupdf-native-table,
hsk_exam2025,page:301;sequence:8857,8857,7-9,7-9,,乳制品,,乳制品,,rǔzhìpǐn,名,pymupdf-native-table,
hsk_exam2025,page:301;sequence:8858,8858,7-9,7-9,,入场,,入场,,rùchǎng,动,pymupdf-native-table,
hsk_exam2025,page:301;sequence:8859,8859,7-9,7-9,,入场券,,入场券,,rùchǎngquàn,名,pymupdf-native-table,
hsk_exam2025,page:301;sequence:8860,8860,7-9,7-9,,入侵,,入侵,,rùqīn,动,pymupdf-native-table,
hsk_exam2025,page:301;sequence:8861,8861,7-9,7-9,,入手,,入手,,rùshǒu,动,pymupdf-native-table,
hsk_exam2025,page:301;sequence:8862,8862,7-9,7-9,,软弱,,软弱,,ruǎnruò,形,pymupdf-native-table,
hsk_exam2025,page:301;sequence:8863,8863,7-9,7-9,,软实力,,软实力,,ruǎnshílì,名,pymupdf-native-table,
hsk_exam2025,page:301;sequence:8864,8864,7-9,7-9,,瑞雪,,瑞雪,,ruìxuě,名,pymupdf-native-table,
hsk_exam2025,page:301;sequence:8865,8865,7-9,7-9,,润,,润,,rùn,动、形,pymupdf-native-table,
hsk_exam2025,page:301;sequence:8866,8866,7-9,7-9,,若,,若,,ruò,连,pymupdf-native-table,
hsk_exam2025,page:301;sequence:8867,8867,7-9,7-9,,若干,,若干,,ruògān,代,pymupdf-native-table,
hsk_exam2025,page:301;sequence:8868,8868,7-9,7-9,,若是,,若是,,ruòshì,连,pymupdf-native-table,
hsk_exam2025,page:301;sequence:8869,8869,7-9,7-9,,弱势,,弱势,,ruòshì,名,pymupdf-native-table,
hsk_exam2025,page:301;sequence:8870,8870,7-9,7-9,,弱项,,弱项,,ruòxiàng,名,pymupdf-native-table,
hsk_exam2025,page:301;sequence:8871,8871,7-9,7-9,,撒,,撒,,sā,动,pymupdf-native-table,
hsk_exam2025,page:301;sequence:8872,8872,7-9,7-9,,撒谎,,撒谎,,sāhuǎng,动,pymupdf-native-table,
hsk_exam2025,page:301;sequence:8873,8873,7-9,7-9,,赛,,赛,,sài,动,pymupdf-native-table,
hsk_exam2025,page:301;sequence:8874,8874,7-9,7-9,,赛车,,赛车,,sàichē,动、名,pymupdf-native-table,
hsk_exam2025,page:301;sequence:8875,8875,7-9,7-9,,赛季,,赛季,,sàijì,名,pymupdf-native-table,
hsk_exam2025,page:301;sequence:8876,8876,7-9,7-9,,赛跑,,赛跑,,sàipǎo,动,pymupdf-native-table,
hsk_exam2025,page:301;sequence:8877,8877,7-9,7-9,,三番五次,,三番五次,,sānfān-wǔcì,,pymupdf-native-table,
hsk_exam2025,page:301;sequence:8878,8878,7-9,7-9,,三角,,三角,,sānjiǎo,名、形,pymupdf-native-table,
hsk_exam2025,page:301;sequence:8879,8879,7-9,7-9,,三维,,三维,,sānwéi,名、形,pymupdf-native-table,
hsk_exam2025,page:301;sequence:8880,8880,7-9,7-9,,散布,,散布,,sànbù,动,pymupdf-native-table,
hsk_exam2025,page:302;sequence:8881,8881,7-9,7-9,,散落,,散落,,sànluò,动,pymupdf-native-table,
hsk_exam2025,page:302;sequence:8882,8882,7-9,7-9,,桑拿,,桑拿,,sāngná,名,pymupdf-native-table,
hsk_exam2025,page:302;sequence:8883,8883,7-9,7-9,,嗓音,,嗓音,,sǎngyīn,名,pymupdf-native-table,
hsk_exam2025,page:302;sequence:8884,8884,7-9,7-9,,丧生,,丧生,,sàngshēng,动,pymupdf-native-table,
hsk_exam2025,page:302;sequence:8885,8885,7-9,7-9,,骚乱,,骚乱,,sāoluàn,动,pymupdf-native-table,
hsk_exam2025,page:302;sequence:8886,8886,7-9,7-9,,骚扰,,骚扰,,sāorǎo,动,pymupdf-native-table,
hsk_exam2025,page:302;sequence:8887,8887,7-9,7-9,,扫除,,扫除,,sǎochú,动,pymupdf-native-table,
hsk_exam2025,page:302;sequence:8888,8888,7-9,7-9,,扫墓,,扫墓,,sǎomù,动,pymupdf-native-table,
hsk_exam2025,page:302;sequence:8889,8889,7-9,7-9,,扫兴,,扫兴,,sǎoxìng,形,pymupdf-native-table,
hsk_exam2025,page:302;sequence:8890,8890,7-9,7-9,,嫂子,,嫂子,,sǎozi,名,pymupdf-native-table,
hsk_exam2025,page:302;sequence:8891,8891,7-9,7-9,,扫帚,,扫帚,,sàozhou,名,pymupdf-native-table,
hsk_exam2025,page:302;sequence:8892,8892,7-9,7-9,,僧人,,僧人,,sēngrén,名,pymupdf-native-table,
hsk_exam2025,page:302;sequence:8893,8893,7-9,7-9,,纱,,纱,,shā,名,pymupdf-native-table,
hsk_exam2025,page:302;sequence:8894,8894,7-9,7-9,,杀毒,,杀毒,,shādú,动,pymupdf-native-table,
hsk_exam2025,page:302;sequence:8895,8895,7-9,7-9,,杀害,,杀害,,shāhài,动,pymupdf-native-table,
hsk_exam2025,page:302;sequence:8896,8896,7-9,7-9,,沙龙,,沙龙,,shālóng,名,pymupdf-native-table,
hsk_exam2025,page:302;sequence:8897,8897,7-9,7-9,,杀手,,杀手,,shāshǒu,名,pymupdf-native-table,
hsk_exam2025,page:302;sequence:8898,8898,7-9,7-9,,沙滩,,沙滩,,shātān,名,pymupdf-native-table,
hsk_exam2025,page:302;sequence:8899,8899,7-9,7-9,,傻瓜,,傻瓜,,shǎguā,名,pymupdf-native-table,
hsk_exam2025,page:302;sequence:8900,8900,7-9,7-9,,筛,,筛,,shāi,动,pymupdf-native-table,
hsk_exam2025,page:302;sequence:8901,8901,7-9,7-9,,筛查,,筛查,,shāichá,动,pymupdf-native-table,
hsk_exam2025,page:302;sequence:8902,8902,7-9,7-9,,山川,,山川,,shānchuān,名,pymupdf-native-table,
hsk_exam2025,page:302;sequence:8903,8903,7-9,7-9,,煽动,,煽动,,shāndòng,动,pymupdf-native-table,
hsk_exam2025,page:302;sequence:8904,8904,7-9,7-9,,山谷,,山谷,,shāngǔ,名,pymupdf-native-table,
hsk_exam2025,page:302;sequence:8905,8905,7-9,7-9,,山岭,,山岭,,shānlǐng,名,pymupdf-native-table,
hsk_exam2025,page:302;sequence:8906,8906,7-9,7-9,,山脉,,山脉,,shānmài,名,pymupdf-native-table,
hsk_exam2025,page:302;sequence:8907,8907,7-9,7-9,,山寨,,山寨,,shānzhài,名、形,pymupdf-native-table,
hsk_exam2025,page:302;sequence:8908,8908,7-9,7-9,,闪烁,,闪烁,,shǎnshuò,动,pymupdf-native-table,
hsk_exam2025,page:302;sequence:8909,8909,7-9,7-9,,善,,善,,shàn,形,pymupdf-native-table,
hsk_exam2025,page:302;sequence:8910,8910,7-9,7-9,,膳食,,膳食,,shànshí,名,pymupdf-native-table,
hsk_exam2025,page:302;sequence:8911,8911,7-9,7-9,,赡养,,赡养,,shànyǎng,动,pymupdf-native-table,
hsk_exam2025,page:302;sequence:8912,8912,7-9,7-9,,善意,,善意,,shànyì,名,pymupdf-native-table,
hsk_exam2025,page:302;sequence:8913,8913,7-9,7-9,,擅自,,擅自,,shànzì,副,pymupdf-native-table,
hsk_exam2025,page:302;sequence:8914,8914,7-9,7-9,,伤脑筋,,伤脑筋,,shāng nǎojīn,,pymupdf-native-table,
hsk_exam2025,page:302;sequence:8915,8915,7-9,7-9,,伤残,,伤残,,shāngcán,动,pymupdf-native-table,
hsk_exam2025,page:302;sequence:8916,8916,7-9,7-9,,商贩,,商贩,,shāngfàn,名,pymupdf-native-table,
hsk_exam2025,page:302;sequence:8917,8917,7-9,7-9,,伤感,,伤感,,shānggǎn,形,pymupdf-native-table,
hsk_exam2025,page:302;sequence:8918,8918,7-9,7-9,,商贾,,商贾,,shānggǔ,名,pymupdf-native-table,
hsk_exam2025,page:302;sequence:8919,8919,7-9,7-9,,伤痕,,伤痕,,shānghén,名,pymupdf-native-table,
hsk_exam2025,page:302;sequence:8920,8920,7-9,7-9,,商机,,商机,,shāngjī,名,pymupdf-native-table,
hsk_exam2025,page:303;sequence:8921,8921,7-9,7-9,,伤势,,伤势,,shāngshì,名,pymupdf-native-table,
hsk_exam2025,page:303;sequence:8922,8922,7-9,7-9,,商讨,,商讨,,shāngtǎo,动,pymupdf-native-table,
hsk_exam2025,page:303;sequence:8923,8923,7-9,7-9,,商议,,商议,,shāngyì,动,pymupdf-native-table,
hsk_exam2025,page:303;sequence:8924,8924,7-9,7-9,,商用,,商用,,shāngyòng,形,pymupdf-native-table,
hsk_exam2025,page:303;sequence:8925,8925,7-9,7-9,,赏识,,赏识,,shǎngshí,动,pymupdf-native-table,
hsk_exam2025,page:303;sequence:8926,8926,7-9,7-9,,尚,,尚,,shàng,副、连,pymupdf-native-table,
hsk_exam2025,page:303;sequence:8927,8927,7-9,7-9,,上半场,,上半场,,shàngbànchǎng,名,pymupdf-native-table,
hsk_exam2025,page:303;sequence:8928,8928,7-9,7-9,,上报,,上报,,shàngbào,动,pymupdf-native-table,
hsk_exam2025,page:303;sequence:8929,8929,7-9,7-9,,上层,,上层,,shàngcéng,名,pymupdf-native-table,
hsk_exam2025,page:303;sequence:8930,8930,7-9,7-9,,上场,,上场,,shàngchǎng,动,pymupdf-native-table,
hsk_exam2025,page:303;sequence:8931,8931,7-9,7-9,,上岗,,上岗,,shànggǎng,动,pymupdf-native-table,
hsk_exam2025,page:303;sequence:8932,8932,7-9,7-9,,上火,,上火,,shànghuǒ,动,pymupdf-native-table,
hsk_exam2025,page:303;sequence:8933,8933,7-9,7-9,,上空,,上空,,shàngkōng,名,pymupdf-native-table,
hsk_exam2025,page:303;sequence:8934,8934,7-9,7-9,,尚且,,尚且,,shàngqiě,连,pymupdf-native-table,
hsk_exam2025,page:303;sequence:8935,8935,7-9,7-9,,上任,,上任,,shàngrèn,动、名,pymupdf-native-table,
hsk_exam2025,page:303;sequence:8936,8936,7-9,7-9,,上司,,上司,,shàngsi,名,pymupdf-native-table,
hsk_exam2025,page:303;sequence:8937,8937,7-9,7-9,,上诉,,上诉,,shàngsù,动,pymupdf-native-table,
hsk_exam2025,page:303;sequence:8938,8938,7-9,7-9,,上调,,上调,,shàngtiáo,动,pymupdf-native-table,
hsk_exam2025,page:303;sequence:8939,8939,7-9,7-9,,尚未,,尚未,,shàngwèi,副,pymupdf-native-table,
hsk_exam2025,page:303;sequence:8940,8940,7-9,7-9,,上限,,上限,,shàngxiàn,名,pymupdf-native-table,
hsk_exam2025,page:303;sequence:8941,8941,7-9,7-9,,上行,,上行,,shàngxíng,动,pymupdf-native-table,
hsk_exam2025,page:303;sequence:8942,8942,7-9,7-9,,上演,,上演,,shàngyǎn,动,pymupdf-native-table,
hsk_exam2025,page:303;sequence:8943,8943,7-9,7-9,,上瘾,,上瘾,,shàngyǐn,动,pymupdf-native-table,
hsk_exam2025,page:303;sequence:8944,8944,7-9,7-9,,上映,,上映,,shàngyìng,动,pymupdf-native-table,
hsk_exam2025,page:303;sequence:8945,8945,7-9,7-9,,上游,,上游,,shàngyóu,名,pymupdf-native-table,
hsk_exam2025,page:303;sequence:8946,8946,7-9,7-9,,捎,,捎,,shāo,动,pymupdf-native-table,
hsk_exam2025,page:303;sequence:8947,8947,7-9,7-9,,稍后,,稍后,,shāohòu,副,pymupdf-native-table,
hsk_exam2025,page:303;sequence:8948,8948,7-9,7-9,,烧毁,,烧毁,,shāohuǐ,动,pymupdf-native-table,
hsk_exam2025,page:303;sequence:8949,8949,7-9,7-9,,稍稍,,稍稍,,shāoshāo,副,pymupdf-native-table,
hsk_exam2025,page:303;sequence:8950,8950,7-9,7-9,,少不了,,少不了,,shǎobuliǎo,动,pymupdf-native-table,
hsk_exam2025,page:303;sequence:8951,8951,7-9,7-9,,哨,,哨,,shào,名,pymupdf-native-table,
hsk_exam2025,page:303;sequence:8952,8952,7-9,7-9,,少女,,少女,,shàonǚ,名,pymupdf-native-table,
hsk_exam2025,page:303;sequence:8953,8953,7-9,7-9,,奢侈,,奢侈,,shēchǐ,形,pymupdf-native-table,
hsk_exam2025,page:303;sequence:8954,8954,7-9,7-9,,奢望,,奢望,,shēwàng,动、名,pymupdf-native-table,
hsk_exam2025,page:303;sequence:8955,8955,7-9,7-9,,折,,折,,shé,动,pymupdf-native-table,
hsk_exam2025,page:303;sequence:8956,8956,7-9,7-9,,设,,设,,shè,动,pymupdf-native-table,
hsk_exam2025,page:303;sequence:8957,8957,7-9,7-9,,设定,,设定,,shèdìng,动,pymupdf-native-table,
hsk_exam2025,page:303;sequence:8958,8958,7-9,7-9,,设法,,设法,,shèfǎ,动,pymupdf-native-table,
hsk_exam2025,page:303;sequence:8959,8959,7-9,7-9,,社会主义,,社会主义,,shèhuì zhǔyì,,pymupdf-native-table,
hsk_exam2025,page:303;sequence:8960,8960,7-9,7-9,,社交,,社交,,shèjiāo,名,pymupdf-native-table,
hsk_exam2025,page:304;sequence:8961,8961,7-9,7-9,,涉猎,,涉猎,,shèliè,动,pymupdf-native-table,
hsk_exam2025,page:304;sequence:8962,8962,7-9,7-9,,社团,,社团,,shètuán,名,pymupdf-native-table,
hsk_exam2025,page:304;sequence:8963,8963,7-9,7-9,,涉嫌,,涉嫌,,shèxián,动,pymupdf-native-table,
hsk_exam2025,page:304;sequence:8964,8964,7-9,7-9,,深奥,,深奥,,shēn’ào,形,pymupdf-native-table,
hsk_exam2025,page:304;sequence:8965,8965,7-9,7-9,,申办,,申办,,shēnbàn,动,pymupdf-native-table,
hsk_exam2025,page:304;sequence:8966,8966,7-9,7-9,,申报,,申报,,shēnbào,动,pymupdf-native-table,
hsk_exam2025,page:304;sequence:8967,8967,7-9,7-9,,身不由己,,身不由己,,shēnbùyóujǐ,,pymupdf-native-table,
hsk_exam2025,page:304;sequence:8968,8968,7-9,7-9,,深沉,,深沉,,shēnchén,形,pymupdf-native-table,
hsk_exam2025,page:304;sequence:8969,8969,7-9,7-9,,深化,,深化,,shēnhuà,动,pymupdf-native-table,
hsk_exam2025,page:304;sequence:8970,8970,7-9,7-9,,身价,,身价,,shēnjià,名,pymupdf-native-table,
hsk_exam2025,page:304;sequence:8971,8971,7-9,7-9,,申领,,申领,,shēnlǐng,动,pymupdf-native-table,
hsk_exam2025,page:304;sequence:8972,8972,7-9,7-9,,深切,,深切,,shēnqiè,形,pymupdf-native-table,
hsk_exam2025,page:304;sequence:8973,8973,7-9,7-9,,深情,,深情,,shēnqíng,名、形,pymupdf-native-table,
hsk_exam2025,page:304;sequence:8974,8974,7-9,7-9,,深情厚谊,,深情厚谊,,shēnqíng-hòuyì,,pymupdf-native-table,
hsk_exam2025,page:304;sequence:8975,8975,7-9,7-9,,身躯,,身躯,,shēnqū,名,pymupdf-native-table,
hsk_exam2025,page:304;sequence:8976,8976,7-9,7-9,,深入人心,,深入人心,,shēnrù-rénxīn,,pymupdf-native-table,
hsk_exam2025,page:304;sequence:8977,8977,7-9,7-9,,绅士,,绅士,,shēnshì,名、形,pymupdf-native-table,
hsk_exam2025,page:304;sequence:8978,8978,7-9,7-9,,伸手,,伸手,,shēnshǒu,动,pymupdf-native-table,
hsk_exam2025,page:304;sequence:8979,8979,7-9,7-9,,深思,,深思,,shēnsī,动,pymupdf-native-table,
hsk_exam2025,page:304;sequence:8980,8980,7-9,7-9,,申诉,,申诉,,shēnsù,动,pymupdf-native-table,
hsk_exam2025,page:304;sequence:8981,8981,7-9,7-9,,深邃,,深邃,,shēnsuì,形,pymupdf-native-table,
hsk_exam2025,page:304;sequence:8982,8982,7-9,7-9,,伸缩,,伸缩,,shēnsuō,动,pymupdf-native-table,
hsk_exam2025,page:304;sequence:8983,8983,7-9,7-9,,呻吟,,呻吟,,shēnyín,动,pymupdf-native-table,
hsk_exam2025,page:304;sequence:8984,8984,7-9,7-9,,身影,,身影,,shēnyǐng,名,pymupdf-native-table,
hsk_exam2025,page:304;sequence:8985,8985,7-9,7-9,,深造,,深造,,shēnzào,动,pymupdf-native-table,
hsk_exam2025,page:304;sequence:8986,8986,7-9,7-9,,伸张,,伸张,,shēnzhāng,动,pymupdf-native-table,
hsk_exam2025,page:304;sequence:8987,8987,7-9,7-9,,身子,,身子,,shēnzi,名,pymupdf-native-table,
hsk_exam2025,page:304;sequence:8988,8988,7-9,7-9,,神气,,神气,,shénqì,名、形,pymupdf-native-table,
hsk_exam2025,page:304;sequence:8989,8989,7-9,7-9,,神情,,神情,,shénqíng,名,pymupdf-native-table,
hsk_exam2025,page:304;sequence:8990,8990,7-9,7-9,,神圣,,神圣,,shénshèng,形,pymupdf-native-table,
hsk_exam2025,page:304;sequence:8991,8991,7-9,7-9,,神态,,神态,,shéntài,名,pymupdf-native-table,
hsk_exam2025,page:304;sequence:8992,8992,7-9,7-9,,神仙,,神仙,,shénxiān,名,pymupdf-native-table,
hsk_exam2025,page:304;sequence:8993,8993,7-9,7-9,,审,,审,,shěn,动,pymupdf-native-table,
hsk_exam2025,page:304;sequence:8994,8994,7-9,7-9,,审查,,审查,,shěnchá,动,pymupdf-native-table,
hsk_exam2025,page:304;sequence:8995,8995,7-9,7-9,,审定,,审定,,shěndìng,动,pymupdf-native-table,
hsk_exam2025,page:304;sequence:8996,8996,7-9,7-9,,审核,,审核,,shěnhé,动,pymupdf-native-table,
hsk_exam2025,page:304;sequence:8997,8997,7-9,7-9,,审计,,审计,,shěnjì,动,pymupdf-native-table,
hsk_exam2025,page:304;sequence:8998,8998,7-9,7-9,,审理,,审理,,shěnlǐ,动,pymupdf-native-table,
hsk_exam2025,page:304;sequence:8999,8999,7-9,7-9,,审判,,审判,,shěnpàn,动,pymupdf-native-table,
hsk_exam2025,page:304;sequence:9000,9000,7-9,7-9,,审批,,审批,,shěnpī,动,pymupdf-native-table,
hsk_exam2025,page:305;sequence:9001,9001,7-9,7-9,,审视,,审视,,shěnshì,动,pymupdf-native-table,
hsk_exam2025,page:305;sequence:9002,9002,7-9,7-9,,肾,,肾,,shèn,名,pymupdf-native-table,
hsk_exam2025,page:305;sequence:9003,9003,7-9,7-9,,渗,,渗,,shèn,动,pymupdf-native-table,
hsk_exam2025,page:305;sequence:9004,9004,7-9,7-9,,渗透,,渗透,,shèntòu,动,pymupdf-native-table,
hsk_exam2025,page:305;sequence:9005,9005,7-9,7-9,,慎重,,慎重,,shènzhòng,形,pymupdf-native-table,
hsk_exam2025,page:305;sequence:9006,9006,7-9,7-9,,生产线,,生产线,,shēngchǎnxiàn,名,pymupdf-native-table,
hsk_exam2025,page:305;sequence:9007,9007,7-9,7-9,,声称,,声称,,shēngchēng,动,pymupdf-native-table,
hsk_exam2025,page:305;sequence:9008,9008,7-9,7-9,,牲畜,,牲畜,,shēngchù,名,pymupdf-native-table,
hsk_exam2025,page:305;sequence:9009,9009,7-9,7-9,,升华,,升华,,shēnghuá,动,pymupdf-native-table,
hsk_exam2025,page:305;sequence:9010,9010,7-9,7-9,,生机,,生机,,shēngjī,名,pymupdf-native-table,
hsk_exam2025,page:305;sequence:9011,9011,7-9,7-9,,生理,,生理,,shēnglǐ,名,pymupdf-native-table,
hsk_exam2025,page:305;sequence:9012,9012,7-9,7-9,,声明,,声明,,shēngmíng,动、名,pymupdf-native-table,
hsk_exam2025,page:305;sequence:9013,9013,7-9,7-9,,生命线,,生命线,,shēngmìngxiàn,名,pymupdf-native-table,
hsk_exam2025,page:305;sequence:9014,9014,7-9,7-9,,生怕,,生怕,,shēngpà,动,pymupdf-native-table,
hsk_exam2025,page:305;sequence:9015,9015,7-9,7-9,,生平,,生平,,shēngpíng,名,pymupdf-native-table,
hsk_exam2025,page:305;sequence:9016,9016,7-9,7-9,,生前,,生前,,shēngqián,名,pymupdf-native-table,
hsk_exam2025,page:305;sequence:9017,9017,7-9,7-9,,声势,,声势,,shēngshì,名,pymupdf-native-table,
hsk_exam2025,page:305;sequence:9018,9018,7-9,7-9,,生疏,,生疏,,shēngshū,形,pymupdf-native-table,
hsk_exam2025,page:305;sequence:9019,9019,7-9,7-9,,生死,,生死,,shēngsǐ,名、形,pymupdf-native-table,
hsk_exam2025,page:305;sequence:9020,9020,7-9,7-9,,声望,,声望,,shēngwàng,名,pymupdf-native-table,
hsk_exam2025,page:305;sequence:9021,9021,7-9,7-9,,生效,,生效,,shēngxiào,动,pymupdf-native-table,
hsk_exam2025,page:305;sequence:9022,9022,7-9,7-9,,生涯,,生涯,,shēngyá,名,pymupdf-native-table,
hsk_exam2025,page:305;sequence:9023,9023,7-9,7-9,,生硬,,生硬,,shēngyìng,形,pymupdf-native-table,
hsk_exam2025,page:305;sequence:9024,9024,7-9,7-9,,生育,,生育,,shēngyù,动,pymupdf-native-table,
hsk_exam2025,page:305;sequence:9025,9025,7-9,7-9,,声誉,,声誉,,shēngyù,名,pymupdf-native-table,
hsk_exam2025,page:305;sequence:9026,9026,7-9,7-9,,升值,,升值,,shēngzhí,动,pymupdf-native-table,
hsk_exam2025,page:305;sequence:9027,9027,7-9,7-9,,绳子,,绳子,,shéngzi,名,pymupdf-native-table,
hsk_exam2025,page:305;sequence:9028,9028,7-9,7-9,,省略,,省略,,shěnglüè,动,pymupdf-native-table,
hsk_exam2025,page:305;sequence:9029,9029,7-9,7-9,,省事,,省事,,shěngshì,动,pymupdf-native-table,
hsk_exam2025,page:305;sequence:9030,9030,7-9,7-9,,盛产,,盛产,,shèngchǎn,动,pymupdf-native-table,
hsk_exam2025,page:305;sequence:9031,9031,7-9,7-9,,胜出,,胜出,,shèngchū,动,pymupdf-native-table,
hsk_exam2025,page:305;sequence:9032,9032,7-9,7-9,,盛大,,盛大,,shèngdà,形,pymupdf-native-table,
hsk_exam2025,page:305;sequence:9033,9033,7-9,7-9,,胜负,,胜负,,shèngfù,名,pymupdf-native-table,
hsk_exam2025,page:305;sequence:9034,9034,7-9,7-9,,盛会,,盛会,,shènghuì,名,pymupdf-native-table,
hsk_exam2025,page:305;sequence:9035,9035,7-9,7-9,,盛开,,盛开,,shèngkāi,动,pymupdf-native-table,
hsk_exam2025,page:305;sequence:9036,9036,7-9,7-9,,盛气凌人,,盛气凌人,,shèngqì-língrén,,pymupdf-native-table,
hsk_exam2025,page:305;sequence:9037,9037,7-9,7-9,,盛情,,盛情,,shèngqíng,名,pymupdf-native-table,
hsk_exam2025,page:305;sequence:9038,9038,7-9,7-9,,胜任,,胜任,,shèngrèn,动,pymupdf-native-table,
hsk_exam2025,page:305;sequence:9039,9039,7-9,7-9,,盛夏,,盛夏,,shèngxià,名,pymupdf-native-table,
hsk_exam2025,page:305;sequence:9040,9040,7-9,7-9,,圣贤,,圣贤,,shèngxián,名,pymupdf-native-table,
hsk_exam2025,page:306;sequence:9041,9041,7-9,7-9,,盛行,,盛行,,shèngxíng,动,pymupdf-native-table,
hsk_exam2025,page:306;sequence:9042,9042,7-9,7-9,,盛宴,,盛宴,,shèngyàn,名,pymupdf-native-table,
hsk_exam2025,page:306;sequence:9043,9043,7-9,7-9,,失传,,失传,,shīchuán,动,pymupdf-native-table,
hsk_exam2025,page:306;sequence:9044,9044,7-9,7-9,,湿地,,湿地,,shīdì,名,pymupdf-native-table,
hsk_exam2025,page:306;sequence:9045,9045,7-9,7-9,,师范,,师范,,shīfàn,名,pymupdf-native-table,
hsk_exam2025,page:306;sequence:9046,9046,7-9,7-9,,施工,,施工,,shīgōng,动,pymupdf-native-table,
hsk_exam2025,page:306;sequence:9047,9047,7-9,7-9,,施加,,施加,,shījiā,动,pymupdf-native-table,
hsk_exam2025,page:306;sequence:9048,9048,7-9,7-9,,失控,,失控,,shīkòng,动,pymupdf-native-table,
hsk_exam2025,page:306;sequence:9049,9049,7-9,7-9,,失利,,失利,,shīlì,动,pymupdf-native-table,
hsk_exam2025,page:306;sequence:9050,9050,7-9,7-9,,失礼,,失礼,,shīlǐ,动,pymupdf-native-table,
hsk_exam2025,page:306;sequence:9051,9051,7-9,7-9,,失灵,,失灵,,shīlíng,动,pymupdf-native-table,
hsk_exam2025,page:306;sequence:9052,9052,7-9,7-9,,失落,,失落,,shīluò,动、形,pymupdf-native-table,
hsk_exam2025,page:306;sequence:9053,9053,7-9,7-9,,失明,,失明,,shīmíng,动,pymupdf-native-table,
hsk_exam2025,page:306;sequence:9054,9054,7-9,7-9,,湿润,,湿润,,shīrùn,形,pymupdf-native-table,
hsk_exam2025,page:306;sequence:9055,9055,7-9,7-9,,失事,,失事,,shīshì,动,pymupdf-native-table,
hsk_exam2025,page:306;sequence:9056,9056,7-9,7-9,,失态,,失态,,shītài,动,pymupdf-native-table,
hsk_exam2025,page:306;sequence:9057,9057,7-9,7-9,,尸体,,尸体,,shītǐ,名,pymupdf-native-table,
hsk_exam2025,page:306;sequence:9058,9058,7-9,7-9,,失效,,失效,,shīxiào,动,pymupdf-native-table,
hsk_exam2025,page:306;sequence:9059,9059,7-9,7-9,,施行,,施行,,shīxíng,动,pymupdf-native-table,
hsk_exam2025,page:306;sequence:9060,9060,7-9,7-9,,施压,,施压,,shīyā,动,pymupdf-native-table,
hsk_exam2025,page:306;sequence:9061,9061,7-9,7-9,,施展,,施展,,shīzhǎn,动,pymupdf-native-table,
hsk_exam2025,page:306;sequence:9062,9062,7-9,7-9,,师长,,师长,,shīzhǎng,名,pymupdf-native-table,
hsk_exam2025,page:306;sequence:9063,9063,7-9,7-9,,师资,,师资,,shīzī,名,pymupdf-native-table,
hsk_exam2025,page:306;sequence:9064,9064,7-9,7-9,,失踪,,失踪,,shīzōng,动,pymupdf-native-table,
hsk_exam2025,page:306;sequence:9065,9065,7-9,7-9,,时隔,,时隔,,shí gé,,pymupdf-native-table,
hsk_exam2025,page:306;sequence:9066,9066,7-9,7-9,,时而,,时而,,shí’ér,副,pymupdf-native-table,
hsk_exam2025,page:306;sequence:9067,9067,7-9,7-9,,实地,,实地,,shídì,名、副,pymupdf-native-table,
hsk_exam2025,page:306;sequence:9068,9068,7-9,7-9,,时段,,时段,,shíduàn,名,pymupdf-native-table,
hsk_exam2025,page:306;sequence:9069,9069,7-9,7-9,,时好时坏,,时好时坏,,shíhǎo-shíhuài,,pymupdf-native-table,
hsk_exam2025,page:306;sequence:9070,9070,7-9,7-9,,实话实说,,实话实说,,shíhuà-shíshuō,,pymupdf-native-table,
hsk_exam2025,page:306;sequence:9071,9071,7-9,7-9,,时节,,时节,,shíjié,名,pymupdf-native-table,
hsk_exam2025,page:306;sequence:9072,9072,7-9,7-9,,时空,,时空,,shíkōng,名,pymupdf-native-table,
hsk_exam2025,page:306;sequence:9073,9073,7-9,7-9,,实况,,实况,,shíkuàng,名,pymupdf-native-table,
hsk_exam2025,page:306;sequence:9074,9074,7-9,7-9,,时髦,,时髦,,shímáo,形,pymupdf-native-table,
hsk_exam2025,page:306;sequence:9075,9075,7-9,7-9,,时时,,时时,,shíshí,副,pymupdf-native-table,
hsk_exam2025,page:306;sequence:9076,9076,7-9,7-9,,时事,,时事,,shíshì,名,pymupdf-native-table,
hsk_exam2025,page:306;sequence:9077,9077,7-9,7-9,,实事求是,,实事求是,,shíshì-qiúshì,,pymupdf-native-table,
hsk_exam2025,page:306;sequence:9078,9078,7-9,7-9,,食宿,,食宿,,shísù,名,pymupdf-native-table,
hsk_exam2025,page:306;sequence:9079,9079,7-9,7-9,,实体,,实体,,shítǐ,名,pymupdf-native-table,
hsk_exam2025,page:306;sequence:9080,9080,7-9,7-9,,实物,,实物,,shíwù,名,pymupdf-native-table,
hsk_exam2025,page:307;sequence:9081,9081,7-9,7-9,,时装,,时装,,shízhuāng,名,pymupdf-native-table,
hsk_exam2025,page:307;sequence:9082,9082,7-9,7-9,,屎,,屎,,shǐ,名,pymupdf-native-table,
hsk_exam2025,page:307;sequence:9083,9083,7-9,7-9,,使唤,,使唤,,shǐhuan,动,pymupdf-native-table,
hsk_exam2025,page:307;sequence:9084,9084,7-9,7-9,,使命,,使命,,shǐmìng,名,pymupdf-native-table,
hsk_exam2025,page:307;sequence:9085,9085,7-9,7-9,,史无前例,,史无前例,,shǐwúqiánlì,,pymupdf-native-table,
hsk_exam2025,page:307;sequence:9086,9086,7-9,7-9,,使者,,使者,,shǐzhě,名,pymupdf-native-table,
hsk_exam2025,page:307;sequence:9087,9087,7-9,7-9,,势必,,势必,,shìbì,副,pymupdf-native-table,
hsk_exam2025,page:307;sequence:9088,9088,7-9,7-9,,势不可当,,势不可当,,shìbùkědāng,,pymupdf-native-table,
hsk_exam2025,page:307;sequence:9089,9089,7-9,7-9,,视察,,视察,,shìchá,动,pymupdf-native-table,
hsk_exam2025,page:307;sequence:9090,9090,7-9,7-9,,市场经济,,市场经济,,shìchǎng jīngjì,,pymupdf-native-table,
hsk_exam2025,page:307;sequence:9091,9091,7-9,7-9,,世代,,世代,,shìdài,名,pymupdf-native-table,
hsk_exam2025,page:307;sequence:9092,9092,7-9,7-9,,试点,,试点,,shìdiǎn,动、名,pymupdf-native-table,
hsk_exam2025,page:307;sequence:9093,9093,7-9,7-9,,是非,,是非,,shìfēi,名,pymupdf-native-table,
hsk_exam2025,page:307;sequence:9094,9094,7-9,7-9,,世故,,世故,,shìgù,名,pymupdf-native-table,
hsk_exam2025,page:307;sequence:9095,9095,7-9,7-9,,嗜好,,嗜好,,shìhào,名,pymupdf-native-table,
hsk_exam2025,page:307;sequence:9096,9096,7-9,7-9,,侍候,,侍候,,shìhòu,动,pymupdf-native-table,
hsk_exam2025,page:307;sequence:9097,9097,7-9,7-9,,事迹,,事迹,,shìjì,名,pymupdf-native-table,
hsk_exam2025,page:307;sequence:9098,9098,7-9,7-9,,世间,,世间,,shìjiān,名,pymupdf-native-table,
hsk_exam2025,page:307;sequence:9099,9099,7-9,7-9,,视角,,视角,,shìjiǎo,名,pymupdf-native-table,
hsk_exam2025,page:307;sequence:9100,9100,7-9,7-9,,适量,,适量,,shìliàng,形,pymupdf-native-table,
hsk_exam2025,page:307;sequence:9101,9101,7-9,7-9,,士气,,士气,,shìqì,名,pymupdf-native-table,
hsk_exam2025,page:307;sequence:9102,9102,7-9,7-9,,世人,,世人,,shìrén,名,pymupdf-native-table,
hsk_exam2025,page:307;sequence:9103,9103,7-9,7-9,,适时,,适时,,shìshí,形,pymupdf-native-table,
hsk_exam2025,page:307;sequence:9104,9104,7-9,7-9,,逝世,,逝世,,shìshì,动,pymupdf-native-table,
hsk_exam2025,page:307;sequence:9105,9105,7-9,7-9,,事态,,事态,,shìtài,名,pymupdf-native-table,
hsk_exam2025,page:307;sequence:9106,9106,7-9,7-9,,试探,,试探,,shìtan,动,pymupdf-native-table,
hsk_exam2025,page:307;sequence:9107,9107,7-9,7-9,,势头,,势头,,shìtou,名,pymupdf-native-table,
hsk_exam2025,page:307;sequence:9108,9108,7-9,7-9,,示威,,示威,,shìwēi,动,pymupdf-native-table,
hsk_exam2025,page:307;sequence:9109,9109,7-9,7-9,,事务所,,事务所,,shìwùsuǒ,名,pymupdf-native-table,
hsk_exam2025,page:307;sequence:9110,9110,7-9,7-9,,视线,,视线,,shìxiàn,名,pymupdf-native-table,
hsk_exam2025,page:307;sequence:9111,9111,7-9,7-9,,试行,,试行,,shìxíng,动,pymupdf-native-table,
hsk_exam2025,page:307;sequence:9112,9112,7-9,7-9,,视野,,视野,,shìyě,名,pymupdf-native-table,
hsk_exam2025,page:307;sequence:9113,9113,7-9,7-9,,事宜,,事宜,,shìyí,名,pymupdf-native-table,
hsk_exam2025,page:307;sequence:9114,9114,7-9,7-9,,示意,,示意,,shìyì,动,pymupdf-native-table,
hsk_exam2025,page:307;sequence:9115,9115,7-9,7-9,,市值,,市值,,shìzhí,名,pymupdf-native-table,
hsk_exam2025,page:307;sequence:9116,9116,7-9,7-9,,柿子,,柿子,,shìzi,名,pymupdf-native-table,
hsk_exam2025,page:307;sequence:9117,9117,7-9,7-9,,收复,,收复,,shōufù,动,pymupdf-native-table,
hsk_exam2025,page:307;sequence:9118,9118,7-9,7-9,,收割,,收割,,shōugē,动,pymupdf-native-table,
hsk_exam2025,page:307;sequence:9119,9119,7-9,7-9,,收据,,收据,,shōujù,名,pymupdf-native-table,
hsk_exam2025,page:307;sequence:9120,9120,7-9,7-9,,收敛,,收敛,,shōuliǎn,动,pymupdf-native-table,
hsk_exam2025,page:308;sequence:9121,9121,7-9,7-9,,收留,,收留,,shōuliú,动,pymupdf-native-table,
hsk_exam2025,page:308;sequence:9122,9122,7-9,7-9,,收买,,收买,,shōumǎi,动,pymupdf-native-table,
hsk_exam2025,page:308;sequence:9123,9123,7-9,7-9,,收视率,,收视率,,shōushìlǜ,名,pymupdf-native-table,
hsk_exam2025,page:308;sequence:9124,9124,7-9,7-9,,收缩,,收缩,,shōusuō,动,pymupdf-native-table,
hsk_exam2025,page:308;sequence:9125,9125,7-9,7-9,,收养,,收养,,shōuyǎng,动,pymupdf-native-table,
hsk_exam2025,page:308;sequence:9126,9126,7-9,7-9,,收音机,,收音机,,shōuyīnjī,名,pymupdf-native-table,
hsk_exam2025,page:308;sequence:9127,9127,7-9,7-9,,收支,,收支,,shōuzhī,名,pymupdf-native-table,
hsk_exam2025,page:308;sequence:9128,9128,7-9,7-9,,手册,,手册,,shǒucè,名,pymupdf-native-table,
hsk_exam2025,page:308;sequence:9129,9129,7-9,7-9,,首创,,首创,,shǒuchuàng,动,pymupdf-native-table,
hsk_exam2025,page:308;sequence:9130,9130,7-9,7-9,,手动,,手动,,shǒudòng,形,pymupdf-native-table,
hsk_exam2025,page:308;sequence:9131,9131,7-9,7-9,,首付,,首付,,shǒufù,名,pymupdf-native-table,
hsk_exam2025,page:308;sequence:9132,9132,7-9,7-9,,首府,,首府,,shǒufǔ,名,pymupdf-native-table,
hsk_exam2025,page:308;sequence:9133,9133,7-9,7-9,,守候,,守候,,shǒuhòu,动,pymupdf-native-table,
hsk_exam2025,page:308;sequence:9134,9134,7-9,7-9,,守护,,守护,,shǒuhù,动,pymupdf-native-table,
hsk_exam2025,page:308;sequence:9135,9135,7-9,7-9,,手脚,,手脚,,shǒujiǎo,名,pymupdf-native-table,
hsk_exam2025,page:308;sequence:9136,9136,7-9,7-9,,首脑,,首脑,,shǒunǎo,名,pymupdf-native-table,
hsk_exam2025,page:308;sequence:9137,9137,7-9,7-9,,手帕,,手帕,,shǒupà,名,pymupdf-native-table,
hsk_exam2025,page:308;sequence:9138,9138,7-9,7-9,,首批,,首批,,shǒupī,数量,pymupdf-native-table,
hsk_exam2025,page:308;sequence:9139,9139,7-9,7-9,,手枪,,手枪,,shǒuqiāng,名,pymupdf-native-table,
hsk_exam2025,page:308;sequence:9140,9140,7-9,7-9,,首饰,,首饰,,shǒushì,名,pymupdf-native-table,
hsk_exam2025,page:308;sequence:9141,9141,7-9,7-9,,手头,,手头,,shǒutóu,名,pymupdf-native-table,
hsk_exam2025,page:308;sequence:9142,9142,7-9,7-9,,手腕,,手腕,,shǒuwàn,名,pymupdf-native-table,
hsk_exam2025,page:308;sequence:9143,9143,7-9,7-9,,首席,,首席,,shǒuxí,名、形,pymupdf-native-table,
hsk_exam2025,page:308;sequence:9144,9144,7-9,7-9,,守信,,守信,,shǒuxìn,动,pymupdf-native-table,
hsk_exam2025,page:308;sequence:9145,9145,7-9,7-9,,手艺,,手艺,,shǒuyì,名,pymupdf-native-table,
hsk_exam2025,page:308;sequence:9146,9146,7-9,7-9,,手掌,,手掌,,shǒuzhǎng,名,pymupdf-native-table,
hsk_exam2025,page:308;sequence:9147,9147,7-9,7-9,,守株待兔,,守株待兔,,shǒuzhū-dàitù,,pymupdf-native-table,
hsk_exam2025,page:308;sequence:9148,9148,7-9,7-9,,受宠若惊,,受宠若惊,,shòuchǒng-ruòjīng,,pymupdf-native-table,
hsk_exam2025,page:308;sequence:9149,9149,7-9,7-9,,受挫,,受挫,,shòucuò,动,pymupdf-native-table,
hsk_exam2025,page:308;sequence:9150,9150,7-9,7-9,,受害,,受害,,shòuhài,动,pymupdf-native-table,
hsk_exam2025,page:308;sequence:9151,9151,7-9,7-9,,受害人,,受害人,,shòuhàirén,名,pymupdf-native-table,
hsk_exam2025,page:308;sequence:9152,9152,7-9,7-9,,受贿,,受贿,,shòuhuì,动,pymupdf-native-table,
hsk_exam2025,page:308;sequence:9153,9153,7-9,7-9,,受惊,,受惊,,shòujīng,动,pymupdf-native-table,
hsk_exam2025,page:308;sequence:9154,9154,7-9,7-9,,受苦,,受苦,,shòukǔ,动,pymupdf-native-table,
hsk_exam2025,page:308;sequence:9155,9155,7-9,7-9,,受理,,受理,,shòulǐ,动,pymupdf-native-table,
hsk_exam2025,page:308;sequence:9156,9156,7-9,7-9,,受骗,,受骗,,shòupiàn,动,pymupdf-native-table,
hsk_exam2025,page:308;sequence:9157,9157,7-9,7-9,,授权,,授权,,shòuquán,动,pymupdf-native-table,
hsk_exam2025,page:308;sequence:9158,9158,7-9,7-9,,受益,,受益,,shòuyì,动,pymupdf-native-table,
hsk_exam2025,page:308;sequence:9159,9159,7-9,7-9,,受益匪浅,,受益匪浅,,shòuyì-fěiqiǎn,,pymupdf-native-table,
hsk_exam2025,page:308;sequence:9160,9160,7-9,7-9,,授予,,授予,,shòuyǔ,动,pymupdf-native-table,
hsk_exam2025,page:309;sequence:9161,9161,7-9,7-9,,受罪,,受罪,,shòuzuì,动,pymupdf-native-table,
hsk_exam2025,page:309;sequence:9162,9162,7-9,7-9,,梳,,梳,,shū,动,pymupdf-native-table,
hsk_exam2025,page:309;sequence:9163,9163,7-9,7-9,,舒畅,,舒畅,,shūchàng,形,pymupdf-native-table,
hsk_exam2025,page:309;sequence:9164,9164,7-9,7-9,,疏导,,疏导,,shūdǎo,动,pymupdf-native-table,
hsk_exam2025,page:309;sequence:9165,9165,7-9,7-9,,疏忽,,疏忽,,shūhu,动,pymupdf-native-table,
hsk_exam2025,page:309;sequence:9166,9166,7-9,7-9,,书记,,书记,,shūjì,名,pymupdf-native-table,
hsk_exam2025,page:309;sequence:9167,9167,7-9,7-9,,梳理,,梳理,,shūlǐ,动,pymupdf-native-table,
hsk_exam2025,page:309;sequence:9168,9168,7-9,7-9,,枢纽,,枢纽,,shūniǔ,名,pymupdf-native-table,
hsk_exam2025,page:309;sequence:9169,9169,7-9,7-9,,抒情,,抒情,,shūqíng,动,pymupdf-native-table,
hsk_exam2025,page:309;sequence:9170,9170,7-9,7-9,,疏散,,疏散,,shūsàn,形、动,pymupdf-native-table,
hsk_exam2025,page:309;sequence:9171,9171,7-9,7-9,,疏通,,疏通,,shūtōng,动,pymupdf-native-table,
hsk_exam2025,page:309;sequence:9172,9172,7-9,7-9,,输血,,输血,,shūxuè,动,pymupdf-native-table,
hsk_exam2025,page:309;sequence:9173,9173,7-9,7-9,,输液,,输液,,shūyè,动,pymupdf-native-table,
hsk_exam2025,page:309;sequence:9174,9174,7-9,7-9,,疏远,,疏远,,shūyuǎn,形、动,pymupdf-native-table,
hsk_exam2025,page:309;sequence:9175,9175,7-9,7-9,,舒展,,舒展,,shūzhǎn,动、形,pymupdf-native-table,
hsk_exam2025,page:309;sequence:9176,9176,7-9,7-9,,梳子,,梳子,,shūzi,名,pymupdf-native-table,
hsk_exam2025,page:309;sequence:9177,9177,7-9,7-9,,赎,,赎,,shú,动,pymupdf-native-table,
hsk_exam2025,page:309;sequence:9178,9178,7-9,7-9,,曙光,,曙光,,shǔguāng,名,pymupdf-native-table,
hsk_exam2025,page:309;sequence:9179,9179,7-9,7-9,,属相,,属相,,shǔxiàng,名,pymupdf-native-table,
hsk_exam2025,page:309;sequence:9180,9180,7-9,7-9,,属性,,属性,,shǔxìng,名,pymupdf-native-table,
hsk_exam2025,page:309;sequence:9181,9181,7-9,7-9,,数一数二,,数一数二,,shǔyī-shǔ’èr,,pymupdf-native-table,
hsk_exam2025,page:309;sequence:9182,9182,7-9,7-9,,数额,,数额,,shù’é,名,pymupdf-native-table,
hsk_exam2025,page:309;sequence:9183,9183,7-9,7-9,,束缚,,束缚,,shùfù,动,pymupdf-native-table,
hsk_exam2025,page:309;sequence:9184,9184,7-9,7-9,,树干,,树干,,shùgàn,名,pymupdf-native-table,
hsk_exam2025,page:309;sequence:9185,9185,7-9,7-9,,数据库,,数据库,,shùjùkù,名,pymupdf-native-table,
hsk_exam2025,page:309;sequence:9186,9186,7-9,7-9,,竖立,,竖立,,shùlì,动,pymupdf-native-table,
hsk_exam2025,page:309;sequence:9187,9187,7-9,7-9,,数码,,数码,,shùmǎ,形,pymupdf-native-table,
hsk_exam2025,page:309;sequence:9188,9188,7-9,7-9,,树梢,,树梢,,shùshāo,名,pymupdf-native-table,
hsk_exam2025,page:309;sequence:9189,9189,7-9,7-9,,束手无策,,束手无策,,shùshǒu-wúcè,,pymupdf-native-table,
hsk_exam2025,page:309;sequence:9190,9190,7-9,7-9,,树荫,,树荫,,shùyīn,名,pymupdf-native-table,
hsk_exam2025,page:309;sequence:9191,9191,7-9,7-9,,刷新,,刷新,,shuāxīn,动,pymupdf-native-table,
hsk_exam2025,page:309;sequence:9192,9192,7-9,7-9,,耍,,耍,,shuǎ,动,pymupdf-native-table,
hsk_exam2025,page:309;sequence:9193,9193,7-9,7-9,,耍赖,,耍赖,,shuǎlài,动,pymupdf-native-table,
hsk_exam2025,page:309;sequence:9194,9194,7-9,7-9,,衰减,,衰减,,shuāijiǎn,动,pymupdf-native-table,
hsk_exam2025,page:309;sequence:9195,9195,7-9,7-9,,摔跤,,摔跤,,shuāijiāo,动,pymupdf-native-table,
hsk_exam2025,page:309;sequence:9196,9196,7-9,7-9,,衰竭,,衰竭,,shuāijié,动,pymupdf-native-table,
hsk_exam2025,page:309;sequence:9197,9197,7-9,7-9,,衰落,,衰落,,shuāiluò,动,pymupdf-native-table,
hsk_exam2025,page:309;sequence:9198,9198,7-9,7-9,,衰弱,,衰弱,,shuāiruò,形,pymupdf-native-table,
hsk_exam2025,page:309;sequence:9199,9199,7-9,7-9,,衰退,,衰退,,shuāituì,动,pymupdf-native-table,
hsk_exam2025,page:309;sequence:9200,9200,7-9,7-9,,甩,,甩,,shuǎi,动,pymupdf-native-table,
hsk_exam2025,page:310;sequence:9201,9201,7-9,7-9,,率,,率,,shuài,动,pymupdf-native-table,
hsk_exam2025,page:310;sequence:9202,9202,7-9,7-9,,拴,,拴,,shuān,动,pymupdf-native-table,
hsk_exam2025,page:310;sequence:9203,9203,7-9,7-9,,涮,,涮,,shuàn,动,pymupdf-native-table,
hsk_exam2025,page:310;sequence:9204,9204,7-9,7-9,,霜,,霜,,shuāng,名,pymupdf-native-table,
hsk_exam2025,page:310;sequence:9205,9205,7-9,7-9,,双胞胎,,双胞胎,,shuāngbāotāi,名,pymupdf-native-table,
hsk_exam2025,page:310;sequence:9206,9206,7-9,7-9,,双边,,双边,,shuāngbiān,形,pymupdf-native-table,
hsk_exam2025,page:310;sequence:9207,9207,7-9,7-9,,双重,,双重,,shuāngchóng,形,pymupdf-native-table,
hsk_exam2025,page:310;sequence:9208,9208,7-9,7-9,,双向,,双向,,shuāngxiàng,形,pymupdf-native-table,
hsk_exam2025,page:310;sequence:9209,9209,7-9,7-9,,双赢,,双赢,,shuāngyíng,动,pymupdf-native-table,
hsk_exam2025,page:310;sequence:9210,9210,7-9,7-9,,爽,,爽,,shuǎng,形,pymupdf-native-table,
hsk_exam2025,page:310;sequence:9211,9211,7-9,7-9,,爽快,,爽快,,shuǎngkuai,形,pymupdf-native-table,
hsk_exam2025,page:310;sequence:9212,9212,7-9,7-9,,水产,,水产,,shuǐchǎn,名,pymupdf-native-table,
hsk_exam2025,page:310;sequence:9213,9213,7-9,7-9,,水滴石穿,,水滴石穿,,shuǐdī-shíchuān,,pymupdf-native-table,
hsk_exam2025,page:310;sequence:9214,9214,7-9,7-9,,水晶,,水晶,,shuǐjīng,名,pymupdf-native-table,
hsk_exam2025,page:310;sequence:9215,9215,7-9,7-9,,水利,,水利,,shuǐlì,名,pymupdf-native-table,
hsk_exam2025,page:310;sequence:9216,9216,7-9,7-9,,水龙头,,水龙头,,shuǐlóngtóu,名,pymupdf-native-table,
hsk_exam2025,page:310;sequence:9217,9217,7-9,7-9,,水落石出,,水落石出,,shuǐluò-shíchū,,pymupdf-native-table,
hsk_exam2025,page:310;sequence:9218,9218,7-9,7-9,,水汽,,水汽,,shuǐqì,名,pymupdf-native-table,
hsk_exam2025,page:310;sequence:9219,9219,7-9,7-9,,水土,,水土,,shuǐtǔ,名,pymupdf-native-table,
hsk_exam2025,page:310;sequence:9220,9220,7-9,7-9,,水域,,水域,,shuǐyù,名,pymupdf-native-table,
hsk_exam2025,page:310;sequence:9221,9221,7-9,7-9,,水源,,水源,,shuǐyuán,名,pymupdf-native-table,
hsk_exam2025,page:310;sequence:9222,9222,7-9,7-9,,水涨船高,,水涨船高,,shuǐzhǎng-chuángāo,,pymupdf-native-table,
hsk_exam2025,page:310;sequence:9223,9223,7-9,7-9,,水准,,水准,,shuǐzhǔn,名,pymupdf-native-table,
hsk_exam2025,page:310;sequence:9224,9224,7-9,7-9,,睡袋,,睡袋,,shuìdài,名,pymupdf-native-table,
hsk_exam2025,page:310;sequence:9225,9225,7-9,7-9,,税收,,税收,,shuìshōu,名,pymupdf-native-table,
hsk_exam2025,page:310;sequence:9226,9226,7-9,7-9,,税务,,税务,,shuìwù,名,pymupdf-native-table,
hsk_exam2025,page:310;sequence:9227,9227,7-9,7-9,,顺差,,顺差,,shùnchā,名,pymupdf-native-table,
hsk_exam2025,page:310;sequence:9228,9228,7-9,7-9,,顺畅,,顺畅,,shùnchàng,形,pymupdf-native-table,
hsk_exam2025,page:310;sequence:9229,9229,7-9,7-9,,顺从,,顺从,,shùncóng,动,pymupdf-native-table,
hsk_exam2025,page:310;sequence:9230,9230,7-9,7-9,,顺理成章,,顺理成章,,shùnlǐ-chéngzhāng,,pymupdf-native-table,
hsk_exam2025,page:310;sequence:9231,9231,7-9,7-9,,顺路,,顺路,,shùnlù,副、形,pymupdf-native-table,
hsk_exam2025,page:310;sequence:9232,9232,7-9,7-9,,顺其自然,,顺其自然,,shùnqízìrán,,pymupdf-native-table,
hsk_exam2025,page:310;sequence:9233,9233,7-9,7-9,,顺势,,顺势,,shùnshì,副,pymupdf-native-table,
hsk_exam2025,page:310;sequence:9234,9234,7-9,7-9,,顺手,,顺手,,shùnshǒu,形、副,pymupdf-native-table,
hsk_exam2025,page:310;sequence:9235,9235,7-9,7-9,,顺心,,顺心,,shùnxīn,形,pymupdf-native-table,
hsk_exam2025,page:310;sequence:9236,9236,7-9,7-9,,顺延,,顺延,,shùnyán,动,pymupdf-native-table,
hsk_exam2025,page:310;sequence:9237,9237,7-9,7-9,,顺应,,顺应,,shùnyìng,动,pymupdf-native-table,
hsk_exam2025,page:310;sequence:9238,9238,7-9,7-9,,说不上,,说不上,,shuōbushàng,动,pymupdf-native-table,
hsk_exam2025,page:310;sequence:9239,9239,7-9,7-9,,说谎,,说谎,,shuōhuǎng,动,pymupdf-native-table,
hsk_exam2025,page:310;sequence:9240,9240,7-9,7-9,,说情,,说情,,shuōqíng,动,pymupdf-native-table,
hsk_exam2025,page:311;sequence:9241,9241,7-9,7-9,,硕果,,硕果,,shuòguǒ,名,pymupdf-native-table,
hsk_exam2025,page:311;sequence:9242,9242,7-9,7-9,,丝,,丝,,sī,名,pymupdf-native-table,
hsk_exam2025,page:311;sequence:9243,9243,7-9,7-9,,撕,,撕,,sī,动,pymupdf-native-table,
hsk_exam2025,page:311;sequence:9244,9244,7-9,7-9,,丝绸,,丝绸,,sīchóu,名,pymupdf-native-table,
hsk_exam2025,page:311;sequence:9245,9245,7-9,7-9,,司法,,司法,,sīfǎ,动,pymupdf-native-table,
hsk_exam2025,page:311;sequence:9246,9246,7-9,7-9,,丝毫,,丝毫,,sīháo,形,pymupdf-native-table,
hsk_exam2025,page:311;sequence:9247,9247,7-9,7-9,,私家车,,私家车,,sījiāchē,名,pymupdf-native-table,
hsk_exam2025,page:311;sequence:9248,9248,7-9,7-9,,司空见惯,,司空见惯,,sīkōng-jiànguàn,,pymupdf-native-table,
hsk_exam2025,page:311;sequence:9249,9249,7-9,7-9,,私立,,私立,,sīlì,动、形,pymupdf-native-table,
hsk_exam2025,page:311;sequence:9250,9250,7-9,7-9,,司令,,司令,,sīlìng,名,pymupdf-native-table,
hsk_exam2025,page:311;sequence:9251,9251,7-9,7-9,,思前想后,,思前想后,,sīqián-xiǎnghòu,,pymupdf-native-table,
hsk_exam2025,page:311;sequence:9252,9252,7-9,7-9,,私事,,私事,,sīshì,名,pymupdf-native-table,
hsk_exam2025,page:311;sequence:9253,9253,7-9,7-9,,思索,,思索,,sīsuǒ,动,pymupdf-native-table,
hsk_exam2025,page:311;sequence:9254,9254,7-9,7-9,,私下,,私下,,sīxià,名,pymupdf-native-table,
hsk_exam2025,page:311;sequence:9255,9255,7-9,7-9,,思绪,,思绪,,sīxù,名,pymupdf-native-table,
hsk_exam2025,page:311;sequence:9256,9256,7-9,7-9,,私营,,私营,,sīyíng,形,pymupdf-native-table,
hsk_exam2025,page:311;sequence:9257,9257,7-9,7-9,,私有,,私有,,sīyǒu,动,pymupdf-native-table,
hsk_exam2025,page:311;sequence:9258,9258,7-9,7-9,,私自,,私自,,sīzì,副,pymupdf-native-table,
hsk_exam2025,page:311;sequence:9259,9259,7-9,7-9,,死心,,死心,,sǐxīn,动,pymupdf-native-table,
hsk_exam2025,page:311;sequence:9260,9260,7-9,7-9,,寺,,寺,,sì,名,pymupdf-native-table,
hsk_exam2025,page:311;sequence:9261,9261,7-9,7-9,,似曾相识,,似曾相识,,sìcéng-xiāngshí,,pymupdf-native-table,
hsk_exam2025,page:311;sequence:9262,9262,7-9,7-9,,四方,,四方,,sìfāng,名,pymupdf-native-table,
hsk_exam2025,page:311;sequence:9263,9263,7-9,7-9,,伺机,,伺机,,sìjī,动,pymupdf-native-table,
hsk_exam2025,page:311;sequence:9264,9264,7-9,7-9,,饲料,,饲料,,sìliào,名,pymupdf-native-table,
hsk_exam2025,page:311;sequence:9265,9265,7-9,7-9,,四面八方,,四面八方,,sìmiàn-bāfāng,,pymupdf-native-table,
hsk_exam2025,page:311;sequence:9266,9266,7-9,7-9,,寺庙,,寺庙,,sìmiào,名,pymupdf-native-table,
hsk_exam2025,page:311;sequence:9267,9267,7-9,7-9,,似是而非,,似是而非,,sìshì-érfēi,,pymupdf-native-table,
hsk_exam2025,page:311;sequence:9268,9268,7-9,7-9,,四通八达,,四通八达,,sìtōng-bādá,,pymupdf-native-table,
hsk_exam2025,page:311;sequence:9269,9269,7-9,7-9,,肆无忌惮,,肆无忌惮,,sìwú-jìdàn,,pymupdf-native-table,
hsk_exam2025,page:311;sequence:9270,9270,7-9,7-9,,饲养,,饲养,,sìyǎng,动,pymupdf-native-table,
hsk_exam2025,page:311;sequence:9271,9271,7-9,7-9,,四肢,,四肢,,sìzhī,名,pymupdf-native-table,
hsk_exam2025,page:311;sequence:9272,9272,7-9,7-9,,松弛,,松弛,,sōngchí,形,pymupdf-native-table,
hsk_exam2025,page:311;sequence:9273,9273,7-9,7-9,,松树,,松树,,sōngshù,名,pymupdf-native-table,
hsk_exam2025,page:311;sequence:9274,9274,7-9,7-9,,松懈,,松懈,,sōngxiè,形、动,pymupdf-native-table,
hsk_exam2025,page:311;sequence:9275,9275,7-9,7-9,,耸,,耸,,sǒng,动,pymupdf-native-table,
hsk_exam2025,page:311;sequence:9276,9276,7-9,7-9,,耸立,,耸立,,sǒnglì,动,pymupdf-native-table,
hsk_exam2025,page:311;sequence:9277,9277,7-9,7-9,,怂恿,,怂恿,,sǒngyǒng,动,pymupdf-native-table,
hsk_exam2025,page:311;sequence:9278,9278,7-9,7-9,,送别,,送别,,sòngbié,动,pymupdf-native-table,
hsk_exam2025,page:311;sequence:9279,9279,7-9,7-9,,送行,,送行,,sòngxíng,动,pymupdf-native-table,
hsk_exam2025,page:311;sequence:9280,9280,7-9,7-9,,搜查,,搜查,,sōuchá,动,pymupdf-native-table,
hsk_exam2025,page:312;sequence:9281,9281,7-9,7-9,,搜救,,搜救,,sōujiù,动,pymupdf-native-table,
hsk_exam2025,page:312;sequence:9282,9282,7-9,7-9,,搜寻,,搜寻,,sōuxún,动,pymupdf-native-table,
hsk_exam2025,page:312;sequence:9283,9283,7-9,7-9,,酥,,酥,,sū,形,pymupdf-native-table,
hsk_exam2025,page:312;sequence:9284,9284,7-9,7-9,,苏醒,,苏醒,,sūxǐng,动,pymupdf-native-table,
hsk_exam2025,page:312;sequence:9285,9285,7-9,7-9,,俗,,俗,,sú,形,pymupdf-native-table,
hsk_exam2025,page:312;sequence:9286,9286,7-9,7-9,,俗称,,俗称,,súchēng,动、名,pymupdf-native-table,
hsk_exam2025,page:312;sequence:9287,9287,7-9,7-9,,俗话,,俗话,,súhuà,名,pymupdf-native-table,
hsk_exam2025,page:312;sequence:9288,9288,7-9,7-9,,俗语,,俗语,,súyǔ,名,pymupdf-native-table,
hsk_exam2025,page:312;sequence:9289,9289,7-9,7-9,,素,,素,,sù,形、名,pymupdf-native-table,
hsk_exam2025,page:312;sequence:9290,9290,7-9,7-9,,素不相识,,素不相识,,sùbùxiāngshí,,pymupdf-native-table,
hsk_exam2025,page:312;sequence:9291,9291,7-9,7-9,,素材,,素材,,sùcái,名,pymupdf-native-table,
hsk_exam2025,page:312;sequence:9292,9292,7-9,7-9,,诉苦,,诉苦,,sùkǔ,动,pymupdf-native-table,
hsk_exam2025,page:312;sequence:9293,9293,7-9,7-9,,诉求,,诉求,,sùqiú,动、名,pymupdf-native-table,
hsk_exam2025,page:312;sequence:9294,9294,7-9,7-9,,素食,,素食,,sùshí,名、动,pymupdf-native-table,
hsk_exam2025,page:312;sequence:9295,9295,7-9,7-9,,诉说,,诉说,,sùshuō,动,pymupdf-native-table,
hsk_exam2025,page:312;sequence:9296,9296,7-9,7-9,,诉讼,,诉讼,,sùsòng,动,pymupdf-native-table,
hsk_exam2025,page:312;sequence:9297,9297,7-9,7-9,,素养,,素养,,sùyǎng,名,pymupdf-native-table,
hsk_exam2025,page:312;sequence:9298,9298,7-9,7-9,,诉诸,,诉诸,,sùzhū,动,pymupdf-native-table,
hsk_exam2025,page:312;sequence:9299,9299,7-9,7-9,,蒜,,蒜,,suàn,名,pymupdf-native-table,
hsk_exam2025,page:312;sequence:9300,9300,7-9,7-9,,算计,,算计,,suànjì,动,pymupdf-native-table,
hsk_exam2025,page:312;sequence:9301,9301,7-9,7-9,,算盘,,算盘,,suànpán,名,pymupdf-native-table,
hsk_exam2025,page:312;sequence:9302,9302,7-9,7-9,,算数,,算数,,suànshù,动,pymupdf-native-table,
hsk_exam2025,page:312;sequence:9303,9303,7-9,7-9,,算账,,算账,,suànzhàng,动,pymupdf-native-table,
hsk_exam2025,page:312;sequence:9304,9304,7-9,7-9,,虽说,,虽说,,suīshuō,连,pymupdf-native-table,
hsk_exam2025,page:312;sequence:9305,9305,7-9,7-9,,随处可见,,随处可见,,suíchù kě jiàn,,pymupdf-native-table,
hsk_exam2025,page:312;sequence:9306,9306,7-9,7-9,,随即,,随即,,suíjí,副,pymupdf-native-table,
hsk_exam2025,page:312;sequence:9307,9307,7-9,7-9,,随机,,随机,,suíjī,副、形,pymupdf-native-table,
hsk_exam2025,page:312;sequence:9308,9308,7-9,7-9,,随身,,随身,,suíshēn,形,pymupdf-native-table,
hsk_exam2025,page:312;sequence:9309,9309,7-9,7-9,,随时随地,,随时随地,,suíshí-suídì,,pymupdf-native-table,
hsk_exam2025,page:312;sequence:9310,9310,7-9,7-9,,随心所欲,,随心所欲,,suíxīnsuǒyù,,pymupdf-native-table,
hsk_exam2025,page:312;sequence:9311,9311,7-9,7-9,,隧道,,隧道,,suìdào,名,pymupdf-native-table,
hsk_exam2025,page:312;sequence:9312,9312,7-9,7-9,,损人利己,,损人利己,,sǔnrén-lìjǐ,,pymupdf-native-table,
hsk_exam2025,page:312;sequence:9313,9313,7-9,7-9,,缩,,缩,,suō,动,pymupdf-native-table,
hsk_exam2025,page:312;sequence:9314,9314,7-9,7-9,,缩减,,缩减,,suōjiǎn,动,pymupdf-native-table,
hsk_exam2025,page:312;sequence:9315,9315,7-9,7-9,,缩水,,缩水,,suōshuǐ,动,pymupdf-native-table,
hsk_exam2025,page:312;sequence:9316,9316,7-9,7-9,,缩影,,缩影,,suōyǐng,名,pymupdf-native-table,
hsk_exam2025,page:312;sequence:9317,9317,7-9,7-9,,锁定,,锁定,,suǒdìng,动,pymupdf-native-table,
hsk_exam2025,page:312;sequence:9318,9318,7-9,7-9,,索赔,,索赔,,suǒpéi,动,pymupdf-native-table,
hsk_exam2025,page:312;sequence:9319,9319,7-9,7-9,,索取,,索取,,suǒqǔ,动,pymupdf-native-table,
hsk_exam2025,page:312;sequence:9320,9320,7-9,7-9,,所属,,所属,,suǒshǔ,形、名,pymupdf-native-table,
hsk_exam2025,page:313;sequence:9321,9321,7-9,7-9,,琐碎,,琐碎,,suǒsuì,形,pymupdf-native-table,
hsk_exam2025,page:313;sequence:9322,9322,7-9,7-9,,所谓,,所谓,,suǒwèi,形,pymupdf-native-table,
hsk_exam2025,page:313;sequence:9323,9323,7-9,7-9,,索性,,索性,,suǒxìng,副,pymupdf-native-table,
hsk_exam2025,page:313;sequence:9324,9324,7-9,7-9,,所在,,所在,,suǒzài,名,pymupdf-native-table,
hsk_exam2025,page:313;sequence:9325,9325,7-9,7-9,,所作所为,,所作所为,,suǒzuò-suǒwéi,,pymupdf-native-table,
hsk_exam2025,page:313;sequence:9326,9326,7-9,7-9,,塌,,塌,,tā,动,pymupdf-native-table,
hsk_exam2025,page:313;sequence:9327,9327,7-9,7-9,,踏,,踏,,tà,动,pymupdf-native-table,
hsk_exam2025,page:313;sequence:9328,9328,7-9,7-9,,胎,,胎,,tāi,量、名,pymupdf-native-table,
hsk_exam2025,page:313;sequence:9329,9329,7-9,7-9,,胎儿,,胎儿,,tāi’ér,名,pymupdf-native-table,
hsk_exam2025,page:313;sequence:9330,9330,7-9,7-9,,泰斗,,泰斗,,tàidǒu,名,pymupdf-native-table,
hsk_exam2025,page:313;sequence:9331,9331,7-9,7-9,,太极,,太极,,tàijí,名,pymupdf-native-table,
hsk_exam2025,page:313;sequence:9332,9332,7-9,7-9,,太平,,太平,,tàipíng,形,pymupdf-native-table,
hsk_exam2025,page:313;sequence:9333,9333,7-9,7-9,,态势,,态势,,tàishì,名,pymupdf-native-table,
hsk_exam2025,page:313;sequence:9334,9334,7-9,7-9,,贪,,贪,,tān,动、形,pymupdf-native-table,
hsk_exam2025,page:313;sequence:9335,9335,7-9,7-9,,摊,,摊,,tān,动、名、量,pymupdf-native-table,
hsk_exam2025,page:313;sequence:9336,9336,7-9,7-9,,瘫,,瘫,,tān,动,pymupdf-native-table,
hsk_exam2025,page:313;sequence:9337,9337,7-9,7-9,,贪吃,,贪吃,,tānchī,形,pymupdf-native-table,
hsk_exam2025,page:313;sequence:9338,9338,7-9,7-9,,瘫痪,,瘫痪,,tānhuàn,动,pymupdf-native-table,
hsk_exam2025,page:313;sequence:9339,9339,7-9,7-9,,贪婪,,贪婪,,tānlán,形,pymupdf-native-table,
hsk_exam2025,page:313;sequence:9340,9340,7-9,7-9,,贪污,,贪污,,tānwū,动,pymupdf-native-table,
hsk_exam2025,page:313;sequence:9341,9341,7-9,7-9,,坛,,坛,,tán,名,pymupdf-native-table,
hsk_exam2025,page:313;sequence:9342,9342,7-9,7-9,,痰,,痰,,tán,名,pymupdf-native-table,
hsk_exam2025,page:313;sequence:9343,9343,7-9,7-9,,谈及,,谈及,,tánjí,动,pymupdf-native-table,
hsk_exam2025,page:313;sequence:9344,9344,7-9,7-9,,坦白,,坦白,,tǎnbái,形、动,pymupdf-native-table,
hsk_exam2025,page:313;sequence:9345,9345,7-9,7-9,,坦诚,,坦诚,,tǎnchéng,形,pymupdf-native-table,
hsk_exam2025,page:313;sequence:9346,9346,7-9,7-9,,坦克,,坦克,,tǎnkè,名,pymupdf-native-table,
hsk_exam2025,page:313;sequence:9347,9347,7-9,7-9,,坦然,,坦然,,tǎnrán,形,pymupdf-native-table,
hsk_exam2025,page:313;sequence:9348,9348,7-9,7-9,,坦率,,坦率,,tǎnshuài,形,pymupdf-native-table,
hsk_exam2025,page:313;sequence:9349,9349,7-9,7-9,,坦言,,坦言,,tǎnyán,动、名,pymupdf-native-table,
hsk_exam2025,page:313;sequence:9350,9350,7-9,7-9,,毯子,,毯子,,tǎnzi,名,pymupdf-native-table,
hsk_exam2025,page:313;sequence:9351,9351,7-9,7-9,,炭,,炭,,tàn,名,pymupdf-native-table,
hsk_exam2025,page:313;sequence:9352,9352,7-9,7-9,,探,,探,,tàn,动,pymupdf-native-table,
hsk_exam2025,page:313;sequence:9353,9353,7-9,7-9,,探测,,探测,,tàncè,动,pymupdf-native-table,
hsk_exam2025,page:313;sequence:9354,9354,7-9,7-9,,探究,,探究,,tànjiū,动,pymupdf-native-table,
hsk_exam2025,page:313;sequence:9355,9355,7-9,7-9,,叹气,,叹气,,tànqì,动,pymupdf-native-table,
hsk_exam2025,page:313;sequence:9356,9356,7-9,7-9,,探亲,,探亲,,tànqīn,动,pymupdf-native-table,
hsk_exam2025,page:313;sequence:9357,9357,7-9,7-9,,探求,,探求,,tànqiú,动,pymupdf-native-table,
hsk_exam2025,page:313;sequence:9358,9358,7-9,7-9,,探望,,探望,,tànwàng,动,pymupdf-native-table,
hsk_exam2025,page:313;sequence:9359,9359,7-9,7-9,,探险,,探险,,tànxiǎn,动,pymupdf-native-table,
hsk_exam2025,page:313;sequence:9360,9360,7-9,7-9,,堂,,堂,,táng,名、量,pymupdf-native-table,
hsk_exam2025,page:314;sequence:9361,9361,7-9,7-9,,糖尿病,,糖尿病,,tángniàobìng,名,pymupdf-native-table,
hsk_exam2025,page:314;sequence:9362,9362,7-9,7-9,,淌,,淌,,tǎng,动,pymupdf-native-table,
hsk_exam2025,page:314;sequence:9363,9363,7-9,7-9,,倘若,,倘若,,tǎngruò,连,pymupdf-native-table,
hsk_exam2025,page:314;sequence:9364,9364,7-9,7-9,,掏腰包,,掏腰包,,tāo yāobāo,,pymupdf-native-table,
hsk_exam2025,page:314;sequence:9365,9365,7-9,7-9,,滔滔不绝,,滔滔不绝,,tāotāo-bùjué,,pymupdf-native-table,
hsk_exam2025,page:314;sequence:9366,9366,7-9,7-9,,淘,,淘,,táo,动,pymupdf-native-table,
hsk_exam2025,page:314;sequence:9367,9367,7-9,7-9,,逃避,,逃避,,táobì,动,pymupdf-native-table,
hsk_exam2025,page:314;sequence:9368,9368,7-9,7-9,,陶瓷,,陶瓷,,táocí,名,pymupdf-native-table,
hsk_exam2025,page:314;sequence:9369,9369,7-9,7-9,,逃生,,逃生,,táoshēng,动,pymupdf-native-table,
hsk_exam2025,page:314;sequence:9370,9370,7-9,7-9,,逃亡,,逃亡,,táowáng,动,pymupdf-native-table,
hsk_exam2025,page:314;sequence:9371,9371,7-9,7-9,,陶冶,,陶冶,,táoyě,动,pymupdf-native-table,
hsk_exam2025,page:314;sequence:9372,9372,7-9,7-9,,陶醉,,陶醉,,táozuì,动,pymupdf-native-table,
hsk_exam2025,page:314;sequence:9373,9373,7-9,7-9,,讨,,讨,,tǎo,动,pymupdf-native-table,
hsk_exam2025,page:314;sequence:9374,9374,7-9,7-9,,讨好,,讨好,,tǎohǎo,动,pymupdf-native-table,
hsk_exam2025,page:314;sequence:9375,9375,7-9,7-9,,讨价还价,,讨价还价,,tǎojià-huánjià,,pymupdf-native-table,
hsk_exam2025,page:314;sequence:9376,9376,7-9,7-9,,特此,,特此,,tècǐ,副,pymupdf-native-table,
hsk_exam2025,page:314;sequence:9377,9377,7-9,7-9,,特例,,特例,,tèlì,名,pymupdf-native-table,
hsk_exam2025,page:314;sequence:9378,9378,7-9,7-9,,特权,,特权,,tèquán,名,pymupdf-native-table,
hsk_exam2025,page:314;sequence:9379,9379,7-9,7-9,,特邀,,特邀,,tèyāo,动,pymupdf-native-table,
hsk_exam2025,page:314;sequence:9380,9380,7-9,7-9,,特制,,特制,,tèzhì,动,pymupdf-native-table,
hsk_exam2025,page:314;sequence:9381,9381,7-9,7-9,,特质,,特质,,tèzhì,名,pymupdf-native-table,
hsk_exam2025,page:314;sequence:9382,9382,7-9,7-9,,腾,,腾,,téng,动,pymupdf-native-table,
hsk_exam2025,page:314;sequence:9383,9383,7-9,7-9,,疼爱,,疼爱,,téngài,动,pymupdf-native-table,
hsk_exam2025,page:314;sequence:9384,9384,7-9,7-9,,藤蔓,,藤蔓,,téngwàn,名,pymupdf-native-table,
hsk_exam2025,page:314;sequence:9385,9385,7-9,7-9,,剔除,,剔除,,tīchú,动,pymupdf-native-table,
hsk_exam2025,page:314;sequence:9386,9386,7-9,7-9,,梯子,,梯子,,tīzi,名,pymupdf-native-table,
hsk_exam2025,page:314;sequence:9387,9387,7-9,7-9,,提拔,,提拔,,tíbá,动,pymupdf-native-table,
hsk_exam2025,page:314;sequence:9388,9388,7-9,7-9,,提纲,,提纲,,tígāng,名,pymupdf-native-table,
hsk_exam2025,page:314;sequence:9389,9389,7-9,7-9,,提及,,提及,,tíjí,动,pymupdf-native-table,
hsk_exam2025,page:314;sequence:9390,9390,7-9,7-9,,提炼,,提炼,,tíliàn,动,pymupdf-native-table,
hsk_exam2025,page:314;sequence:9391,9391,7-9,7-9,,提名,,提名,,tímíng,动,pymupdf-native-table,
hsk_exam2025,page:314;sequence:9392,9392,7-9,7-9,,提速,,提速,,tísù,动,pymupdf-native-table,
hsk_exam2025,page:314;sequence:9393,9393,7-9,7-9,,提心吊胆,,提心吊胆,,tíxīn-diàodǎn,,pymupdf-native-table,
hsk_exam2025,page:314;sequence:9394,9394,7-9,7-9,,提议,,提议,,tíyì,动、名,pymupdf-native-table,
hsk_exam2025,page:314;sequence:9395,9395,7-9,7-9,,体裁,,体裁,,tǐcái,名,pymupdf-native-table,
hsk_exam2025,page:314;sequence:9396,9396,7-9,7-9,,体谅,,体谅,,tǐliàng,动,pymupdf-native-table,
hsk_exam2025,page:314;sequence:9397,9397,7-9,7-9,,体面,,体面,,tǐmiàn,名、形,pymupdf-native-table,
hsk_exam2025,page:314;sequence:9398,9398,7-9,7-9,,体能,,体能,,tǐnéng,名,pymupdf-native-table,
hsk_exam2025,page:314;sequence:9399,9399,7-9,7-9,,体魄,,体魄,,tǐpò,名,pymupdf-native-table,
hsk_exam2025,page:314;sequence:9400,9400,7-9,7-9,,体态,,体态,,tǐtài,名,pymupdf-native-table,
hsk_exam2025,page:315;sequence:9401,9401,7-9,7-9,,体贴,,体贴,,tǐtiē,动,pymupdf-native-table,
hsk_exam2025,page:315;sequence:9402,9402,7-9,7-9,,体制,,体制,,tǐzhì,名,pymupdf-native-table,
hsk_exam2025,page:315;sequence:9403,9403,7-9,7-9,,体质,,体质,,tǐzhì,名,pymupdf-native-table,
hsk_exam2025,page:315;sequence:9404,9404,7-9,7-9,,剃,,剃,,tì,动,pymupdf-native-table,
hsk_exam2025,page:315;sequence:9405,9405,7-9,7-9,,替补,,替补,,tìbǔ,动、名,pymupdf-native-table,
hsk_exam2025,page:315;sequence:9406,9406,7-9,7-9,,替换,,替换,,tìhuàn,动,pymupdf-native-table,
hsk_exam2025,page:315;sequence:9407,9407,7-9,7-9,,天长地久,,天长地久,,tiāncháng-dìjiǔ,,pymupdf-native-table,
hsk_exam2025,page:315;sequence:9408,9408,7-9,7-9,,天敌,,天敌,,tiāndí,名,pymupdf-native-table,
hsk_exam2025,page:315;sequence:9409,9409,7-9,7-9,,天地,,天地,,tiāndì,名,pymupdf-native-table,
hsk_exam2025,page:315;sequence:9410,9410,7-9,7-9,,天鹅,,天鹅,,tiān’é,名,pymupdf-native-table,
hsk_exam2025,page:315;sequence:9411,9411,7-9,7-9,,天分,,天分,,tiānfèn,名,pymupdf-native-table,
hsk_exam2025,page:315;sequence:9412,9412,7-9,7-9,,天赋,,天赋,,tiānfù,动、名,pymupdf-native-table,
hsk_exam2025,page:315;sequence:9413,9413,7-9,7-9,,天花板,,天花板,,tiānhuābǎn,名,pymupdf-native-table,
hsk_exam2025,page:315;sequence:9414,9414,7-9,7-9,,添加剂,,添加剂,,tiānjiājì,名,pymupdf-native-table,
hsk_exam2025,page:315;sequence:9415,9415,7-9,7-9,,天经地义,,天经地义,,tiānjīng-dìyì,,pymupdf-native-table,
hsk_exam2025,page:315;sequence:9416,9416,7-9,7-9,,天伦之乐,,天伦之乐,,tiānlúnzhīlè,,pymupdf-native-table,
hsk_exam2025,page:315;sequence:9417,9417,7-9,7-9,,天平,,天平,,tiānpíng,名,pymupdf-native-table,
hsk_exam2025,page:315;sequence:9418,9418,7-9,7-9,,天桥,,天桥,,tiānqiáo,名,pymupdf-native-table,
hsk_exam2025,page:315;sequence:9419,9419,7-9,7-9,,天生,,天生,,tiānshēng,形,pymupdf-native-table,
hsk_exam2025,page:315;sequence:9420,9420,7-9,7-9,,天使,,天使,,tiānshǐ,名,pymupdf-native-table,
hsk_exam2025,page:315;sequence:9421,9421,7-9,7-9,,天堂,,天堂,,tiāntáng,名,pymupdf-native-table,
hsk_exam2025,page:315;sequence:9422,9422,7-9,7-9,,天线,,天线,,tiānxiàn,名,pymupdf-native-table,
hsk_exam2025,page:315;sequence:9423,9423,7-9,7-9,,天性,,天性,,tiānxìng,名,pymupdf-native-table,
hsk_exam2025,page:315;sequence:9424,9424,7-9,7-9,,填补,,填补,,tiánbǔ,动,pymupdf-native-table,
hsk_exam2025,page:315;sequence:9425,9425,7-9,7-9,,填充,,填充,,tiánchōng,动,pymupdf-native-table,
hsk_exam2025,page:315;sequence:9426,9426,7-9,7-9,,田间,,田间,,tiánjiān,名,pymupdf-native-table,
hsk_exam2025,page:315;sequence:9427,9427,7-9,7-9,,甜美,,甜美,,tiánměi,形,pymupdf-native-table,
hsk_exam2025,page:315;sequence:9428,9428,7-9,7-9,,甜蜜,,甜蜜,,tiánmì,形,pymupdf-native-table,
hsk_exam2025,page:315;sequence:9429,9429,7-9,7-9,,田野,,田野,,tiányě,名,pymupdf-native-table,
hsk_exam2025,page:315;sequence:9430,9430,7-9,7-9,,田园,,田园,,tiányuán,名,pymupdf-native-table,
hsk_exam2025,page:315;sequence:9431,9431,7-9,7-9,,舔,,舔,,tiǎn,动,pymupdf-native-table,
hsk_exam2025,page:315;sequence:9432,9432,7-9,7-9,,挑剔,,挑剔,,tiāoti,动,pymupdf-native-table,
hsk_exam2025,page:315;sequence:9433,9433,7-9,7-9,,调和,,调和,,tiáohé,形、动,pymupdf-native-table,
hsk_exam2025,page:315;sequence:9434,9434,7-9,7-9,,调剂,,调剂,,tiáojì,动,pymupdf-native-table,
hsk_exam2025,page:315;sequence:9435,9435,7-9,7-9,,调解,,调解,,tiáojiě,动,pymupdf-native-table,
hsk_exam2025,page:315;sequence:9436,9436,7-9,7-9,,调侃,,调侃,,tiáokǎn,动,pymupdf-native-table,
hsk_exam2025,page:315;sequence:9437,9437,7-9,7-9,,调控,,调控,,tiáokòng,动,pymupdf-native-table,
hsk_exam2025,page:315;sequence:9438,9438,7-9,7-9,,条款,,条款,,tiáokuǎn,名,pymupdf-native-table,
hsk_exam2025,page:315;sequence:9439,9439,7-9,7-9,,条例,,条例,,tiáolì,名,pymupdf-native-table,
hsk_exam2025,page:315;sequence:9440,9440,7-9,7-9,,条理,,条理,,tiáolǐ,名,pymupdf-native-table,
hsk_exam2025,page:316;sequence:9441,9441,7-9,7-9,,调料,,调料,,tiáoliào,名,pymupdf-native-table,
hsk_exam2025,page:316;sequence:9442,9442,7-9,7-9,,调试,,调试,,tiáoshì,动,pymupdf-native-table,
hsk_exam2025,page:316;sequence:9443,9443,7-9,7-9,,条约,,条约,,tiáoyuē,名,pymupdf-native-table,
hsk_exam2025,page:316;sequence:9444,9444,7-9,7-9,,挑,,挑,,tiǎo,动,pymupdf-native-table,
hsk_exam2025,page:316;sequence:9445,9445,7-9,7-9,,挑拨,,挑拨,,tiǎobō,动,pymupdf-native-table,
hsk_exam2025,page:316;sequence:9446,9446,7-9,7-9,,挑衅,,挑衅,,tiǎoxìn,动,pymupdf-native-table,
hsk_exam2025,page:316;sequence:9447,9447,7-9,7-9,,跳槽,,跳槽,,tiàocáo,动,pymupdf-native-table,
hsk_exam2025,page:316;sequence:9448,9448,7-9,7-9,,跳动,,跳动,,tiàodòng,动,pymupdf-native-table,
hsk_exam2025,page:316;sequence:9449,9449,7-9,7-9,,跳伞,,跳伞,,tiàosǎn,动,pymupdf-native-table,
hsk_exam2025,page:316;sequence:9450,9450,7-9,7-9,,眺望,,眺望,,tiàowàng,动,pymupdf-native-table,
hsk_exam2025,page:316;sequence:9451,9451,7-9,7-9,,跳跃,,跳跃,,tiàoyuè,动,pymupdf-native-table,
hsk_exam2025,page:316;sequence:9452,9452,7-9,7-9,,贴切,,贴切,,tiēqiè,形,pymupdf-native-table,
hsk_exam2025,page:316;sequence:9453,9453,7-9,7-9,,铁,,铁,,tiě,名、形,pymupdf-native-table,
hsk_exam2025,page:316;sequence:9454,9454,7-9,7-9,,帖子,,帖子,,tiězi,名,pymupdf-native-table,
hsk_exam2025,page:316;sequence:9455,9455,7-9,7-9,,听从,,听从,,tīngcóng,动,pymupdf-native-table,
hsk_exam2025,page:316;sequence:9456,9456,7-9,7-9,,停泊,,停泊,,tíngbó,动,pymupdf-native-table,
hsk_exam2025,page:316;sequence:9457,9457,7-9,7-9,,停顿,,停顿,,tíngdùn,动,pymupdf-native-table,
hsk_exam2025,page:316;sequence:9458,9458,7-9,7-9,,停放,,停放,,tíngfàng,动,pymupdf-native-table,
hsk_exam2025,page:316;sequence:9459,9459,7-9,7-9,,停业,,停业,,tíngyè,动,pymupdf-native-table,
hsk_exam2025,page:316;sequence:9460,9460,7-9,7-9,,停滞,,停滞,,tíngzhì,动,pymupdf-native-table,
hsk_exam2025,page:316;sequence:9461,9461,7-9,7-9,,亭子,,亭子,,tíngzi,名,pymupdf-native-table,
hsk_exam2025,page:316;sequence:9462,9462,7-9,7-9,,挺拔,,挺拔,,tǐngbá,形,pymupdf-native-table,
hsk_exam2025,page:316;sequence:9463,9463,7-9,7-9,,通报,,通报,,tōngbào,动、名,pymupdf-native-table,
hsk_exam2025,page:316;sequence:9464,9464,7-9,7-9,,通畅,,通畅,,tōngchàng,形,pymupdf-native-table,
hsk_exam2025,page:316;sequence:9465,9465,7-9,7-9,,通车,,通车,,tōngchē,动,pymupdf-native-table,
hsk_exam2025,page:316;sequence:9466,9466,7-9,7-9,,通告,,通告,,tōnggào,动、名,pymupdf-native-table,
hsk_exam2025,page:316;sequence:9467,9467,7-9,7-9,,通红,,通红,,tōnghóng,形,pymupdf-native-table,
hsk_exam2025,page:316;sequence:9468,9468,7-9,7-9,,通货膨胀,,通货膨胀,,tōnghuò péngzhàng,,pymupdf-native-table,
hsk_exam2025,page:316;sequence:9469,9469,7-9,7-9,,通缉,,通缉,,tōngjī,动,pymupdf-native-table,
hsk_exam2025,page:316;sequence:9470,9470,7-9,7-9,,通顺,,通顺,,tōngshùn,形,pymupdf-native-table,
hsk_exam2025,page:316;sequence:9471,9471,7-9,7-9,,通俗,,通俗,,tōngsú,形,pymupdf-native-table,
hsk_exam2025,page:316;sequence:9472,9472,7-9,7-9,,通通,,通通,,tōngtōng,副,pymupdf-native-table,
hsk_exam2025,page:316;sequence:9473,9473,7-9,7-9,,通宵,,通宵,,tōngxiāo,名,pymupdf-native-table,
hsk_exam2025,page:316;sequence:9474,9474,7-9,7-9,,同胞,,同胞,,tóngbāo,名,pymupdf-native-table,
hsk_exam2025,page:316;sequence:9475,9475,7-9,7-9,,同比,,同比,,tóngbǐ,动,pymupdf-native-table,
hsk_exam2025,page:316;sequence:9476,9476,7-9,7-9,,同步,,同步,,tóngbù,动,pymupdf-native-table,
hsk_exam2025,page:316;sequence:9477,9477,7-9,7-9,,同等,,同等,,tóngděng,形,pymupdf-native-table,
hsk_exam2025,page:316;sequence:9478,9478,7-9,7-9,,同感,,同感,,tónggǎn,名,pymupdf-native-table,
hsk_exam2025,page:316;sequence:9479,9479,7-9,7-9,,同伙,,同伙,,tónghuǒ,动、名,pymupdf-native-table,
hsk_exam2025,page:316;sequence:9480,9480,7-9,7-9,,同盟,,同盟,,tóngméng,动、名,pymupdf-native-table,
hsk_exam2025,page:317;sequence:9481,9481,7-9,7-9,,同期,,同期,,tóngqī,名,pymupdf-native-table,
hsk_exam2025,page:317;sequence:9482,9482,7-9,7-9,,同仁,,同仁,,tóngrén,名,pymupdf-native-table,
hsk_exam2025,page:317;sequence:9483,9483,7-9,7-9,,同志,,同志,,tóngzhì,名,pymupdf-native-table,
hsk_exam2025,page:317;sequence:9484,9484,7-9,7-9,,同舟共济,,同舟共济,,tóngzhōu-gòngjì,,pymupdf-native-table,
hsk_exam2025,page:317;sequence:9485,9485,7-9,7-9,,捅,,捅,,tǒng,动,pymupdf-native-table,
hsk_exam2025,page:317;sequence:9486,9486,7-9,7-9,,筒,,筒,,tǒng,名,pymupdf-native-table,
hsk_exam2025,page:317;sequence:9487,9487,7-9,7-9,,统筹,,统筹,,tǒngchóu,动,pymupdf-native-table,
hsk_exam2025,page:317;sequence:9488,9488,7-9,7-9,,统统,,统统,,tǒngtǒng,副,pymupdf-native-table,
hsk_exam2025,page:317;sequence:9489,9489,7-9,7-9,,统治,,统治,,tǒngzhì,动,pymupdf-native-table,
hsk_exam2025,page:317;sequence:9490,9490,7-9,7-9,,痛心,,痛心,,tòngxīn,形,pymupdf-native-table,
hsk_exam2025,page:317;sequence:9491,9491,7-9,7-9,,偷窥,,偷窥,,tōukuī,动,pymupdf-native-table,
hsk_exam2025,page:317;sequence:9492,9492,7-9,7-9,,偷懒,,偷懒,,tōulǎn,动,pymupdf-native-table,
hsk_exam2025,page:317;sequence:9493,9493,7-9,7-9,,投奔,,投奔,,tóubèn,动,pymupdf-native-table,
hsk_exam2025,page:317;sequence:9494,9494,7-9,7-9,,投放,,投放,,tóufàng,动,pymupdf-native-table,
hsk_exam2025,page:317;sequence:9495,9495,7-9,7-9,,投稿,,投稿,,tóugǎo,动,pymupdf-native-table,
hsk_exam2025,page:317;sequence:9496,9496,7-9,7-9,,头号,,头号,,tóuhào,形,pymupdf-native-table,
hsk_exam2025,page:317;sequence:9497,9497,7-9,7-9,,投机,,投机,,tóujī,形、动,pymupdf-native-table,
hsk_exam2025,page:317;sequence:9498,9498,7-9,7-9,,投射,,投射,,tóushè,动,pymupdf-native-table,
hsk_exam2025,page:317;sequence:9499,9499,7-9,7-9,,投身,,投身,,tóushēn,动,pymupdf-native-table,
hsk_exam2025,page:317;sequence:9500,9500,7-9,7-9,,头条,,头条,,tóutiáo,名,pymupdf-native-table,
hsk_exam2025,page:317;sequence:9501,9501,7-9,7-9,,头头是道,,头头是道,,tóutóu-shìdào,,pymupdf-native-table,
hsk_exam2025,page:317;sequence:9502,9502,7-9,7-9,,头衔,,头衔,,tóuxián,名,pymupdf-native-table,
hsk_exam2025,page:317;sequence:9503,9503,7-9,7-9,,投降,,投降,,tóuxiáng,动,pymupdf-native-table,
hsk_exam2025,page:317;sequence:9504,9504,7-9,7-9,,投掷,,投掷,,tóuzhì,动,pymupdf-native-table,
hsk_exam2025,page:317;sequence:9505,9505,7-9,7-9,,透彻,,透彻,,tòuchè,形,pymupdf-native-table,
hsk_exam2025,page:317;sequence:9506,9506,7-9,7-9,,透气,,透气,,tòuqì,动,pymupdf-native-table,
hsk_exam2025,page:317;sequence:9507,9507,7-9,7-9,,透支,,透支,,tòuzhī,动,pymupdf-native-table,
hsk_exam2025,page:317;sequence:9508,9508,7-9,7-9,,凸,,凸,,tū,形,pymupdf-native-table,
hsk_exam2025,page:317;sequence:9509,9509,7-9,7-9,,秃,,秃,,tū,形,pymupdf-native-table,
hsk_exam2025,page:317;sequence:9510,9510,7-9,7-9,,突击,,突击,,tūjī,动,pymupdf-native-table,
hsk_exam2025,page:317;sequence:9511,9511,7-9,7-9,,突破口,,突破口,,tūpòkǒu,名,pymupdf-native-table,
hsk_exam2025,page:317;sequence:9512,9512,7-9,7-9,,突如其来,,突如其来,,tūrú-qílái,,pymupdf-native-table,
hsk_exam2025,page:317;sequence:9513,9513,7-9,7-9,,突兀,,突兀,,tūwù,形,pymupdf-native-table,
hsk_exam2025,page:317;sequence:9514,9514,7-9,7-9,,凸显,,凸显,,tūxiǎn,动,pymupdf-native-table,
hsk_exam2025,page:317;sequence:9515,9515,7-9,7-9,,涂,,涂,,tú,动,pymupdf-native-table,
hsk_exam2025,page:317;sequence:9516,9516,7-9,7-9,,徒步,,徒步,,túbù,副,pymupdf-native-table,
hsk_exam2025,page:317;sequence:9517,9517,7-9,7-9,,徒劳,,徒劳,,túláo,动,pymupdf-native-table,
hsk_exam2025,page:317;sequence:9518,9518,7-9,7-9,,屠杀,,屠杀,,túshā,动,pymupdf-native-table,
hsk_exam2025,page:317;sequence:9519,9519,7-9,7-9,,图形,,图形,,túxíng,名,pymupdf-native-table,
hsk_exam2025,page:317;sequence:9520,9520,7-9,7-9,,图纸,,图纸,,túzhǐ,名,pymupdf-native-table,
hsk_exam2025,page:318;sequence:9521,9521,7-9,7-9,,吐槽,,吐槽,,tǔcáo,动,pymupdf-native-table,
hsk_exam2025,page:318;sequence:9522,9522,7-9,7-9,,土生土长,,土生土长,,tǔshēng-tǔzhǎng,,pymupdf-native-table,
hsk_exam2025,page:318;sequence:9523,9523,7-9,7-9,,团伙,,团伙,,tuánhuǒ,名,pymupdf-native-table,
hsk_exam2025,page:318;sequence:9524,9524,7-9,7-9,,团聚,,团聚,,tuánjù,动,pymupdf-native-table,
hsk_exam2025,page:318;sequence:9525,9525,7-9,7-9,,团员,,团员,,tuányuán,名,pymupdf-native-table,
hsk_exam2025,page:318;sequence:9526,9526,7-9,7-9,,推崇,,推崇,,tuīchóng,动,pymupdf-native-table,
hsk_exam2025,page:318;sequence:9527,9527,7-9,7-9,,推辞,,推辞,,tuīcí,动,pymupdf-native-table,
hsk_exam2025,page:318;sequence:9528,9528,7-9,7-9,,推断,,推断,,tuīduàn,动,pymupdf-native-table,
hsk_exam2025,page:318;sequence:9529,9529,7-9,7-9,,推翻,,推翻,,tuīfān,动,pymupdf-native-table,
hsk_exam2025,page:318;sequence:9530,9530,7-9,7-9,,推理,,推理,,tuīlǐ,动,pymupdf-native-table,
hsk_exam2025,page:318;sequence:9531,9531,7-9,7-9,,推论,,推论,,tuīlùn,动、名,pymupdf-native-table,
hsk_exam2025,page:318;sequence:9532,9532,7-9,7-9,,推敲,,推敲,,tuīqiāo,动,pymupdf-native-table,
hsk_exam2025,page:318;sequence:9533,9533,7-9,7-9,,推算,,推算,,tuīsuàn,动,pymupdf-native-table,
hsk_exam2025,page:318;sequence:9534,9534,7-9,7-9,,推卸,,推卸,,tuīxiè,动,pymupdf-native-table,
hsk_exam2025,page:318;sequence:9535,9535,7-9,7-9,,推选,,推选,,tuīxuǎn,动,pymupdf-native-table,
hsk_exam2025,page:318;sequence:9536,9536,7-9,7-9,,推移,,推移,,tuīyí,动,pymupdf-native-table,
hsk_exam2025,page:318;sequence:9537,9537,7-9,7-9,,颓废,,颓废,,tuífèi,形,pymupdf-native-table,
hsk_exam2025,page:318;sequence:9538,9538,7-9,7-9,,退步,,退步,,tuìbù,动,pymupdf-native-table,
hsk_exam2025,page:318;sequence:9539,9539,7-9,7-9,,退化,,退化,,tuìhuà,动,pymupdf-native-table,
hsk_exam2025,page:318;sequence:9540,9540,7-9,7-9,,退回,,退回,,tuìhuí,动,pymupdf-native-table,
hsk_exam2025,page:318;sequence:9541,9541,7-9,7-9,,退却,,退却,,tuìquè,动,pymupdf-native-table,
hsk_exam2025,page:318;sequence:9542,9542,7-9,7-9,,退让,,退让,,tuìràng,动,pymupdf-native-table,
hsk_exam2025,page:318;sequence:9543,9543,7-9,7-9,,退缩,,退缩,,tuìsuō,动,pymupdf-native-table,
hsk_exam2025,page:318;sequence:9544,9544,7-9,7-9,,退役,,退役,,tuìyì,动,pymupdf-native-table,
hsk_exam2025,page:318;sequence:9545,9545,7-9,7-9,,吞吞吐吐,,吞吞吐吐,,tūntūntǔtǔ,形,pymupdf-native-table,
hsk_exam2025,page:318;sequence:9546,9546,7-9,7-9,,臀,,臀,,tún,名,pymupdf-native-table,
hsk_exam2025,page:318;sequence:9547,9547,7-9,7-9,,托,,托,,tuō,动、名,pymupdf-native-table,
hsk_exam2025,page:318;sequence:9548,9548,7-9,7-9,,托付,,托付,,tuōfù,动,pymupdf-native-table,
hsk_exam2025,page:318;sequence:9549,9549,7-9,7-9,,脱节,,脱节,,tuōjié,动,pymupdf-native-table,
hsk_exam2025,page:318;sequence:9550,9550,7-9,7-9,,脱口而出,,脱口而出,,tuōkǒu’érchū,,pymupdf-native-table,
hsk_exam2025,page:318;sequence:9551,9551,7-9,7-9,,拖累,,拖累,,tuōlěi,动,pymupdf-native-table,
hsk_exam2025,page:318;sequence:9552,9552,7-9,7-9,,脱离,,脱离,,tuōlí,动,pymupdf-native-table,
hsk_exam2025,page:318;sequence:9553,9553,7-9,7-9,,脱落,,脱落,,tuōluò,动,pymupdf-native-table,
hsk_exam2025,page:318;sequence:9554,9554,7-9,7-9,,拖欠,,拖欠,,tuōqiàn,动,pymupdf-native-table,
hsk_exam2025,page:318;sequence:9555,9555,7-9,7-9,,脱身,,脱身,,tuōshēn,动,pymupdf-native-table,
hsk_exam2025,page:318;sequence:9556,9556,7-9,7-9,,脱颖而出,,脱颖而出,,tuōyǐng’érchū,,pymupdf-native-table,
hsk_exam2025,page:318;sequence:9557,9557,7-9,7-9,,驮,,驮,,tuó,动,pymupdf-native-table,
hsk_exam2025,page:318;sequence:9558,9558,7-9,7-9,,妥,,妥,,tuǒ,形,pymupdf-native-table,
hsk_exam2025,page:318;sequence:9559,9559,7-9,7-9,,妥当,,妥当,,tuǒdàng,形,pymupdf-native-table,
hsk_exam2025,page:318;sequence:9560,9560,7-9,7-9,,妥善,,妥善,,tuǒshàn,形,pymupdf-native-table,
hsk_exam2025,page:319;sequence:9561,9561,7-9,7-9,,妥协,,妥协,,tuǒxié,动,pymupdf-native-table,
hsk_exam2025,page:319;sequence:9562,9562,7-9,7-9,,椭圆,,椭圆,,tuǒyuán,名,pymupdf-native-table,
hsk_exam2025,page:319;sequence:9563,9563,7-9,7-9,,拓宽,,拓宽,,tuòkuān,动,pymupdf-native-table,
hsk_exam2025,page:319;sequence:9564,9564,7-9,7-9,,唾弃,,唾弃,,tuòqì,动,pymupdf-native-table,
hsk_exam2025,page:319;sequence:9565,9565,7-9,7-9,,唾液,,唾液,,tuòyè,名,pymupdf-native-table,
hsk_exam2025,page:319;sequence:9566,9566,7-9,7-9,,拓展,,拓展,,tuòzhǎn,动,pymupdf-native-table,
hsk_exam2025,page:319;sequence:9567,9567,7-9,7-9,,挖掘,,挖掘,,wājué,动,pymupdf-native-table,
hsk_exam2025,page:319;sequence:9568,9568,7-9,7-9,,挖苦,,挖苦,,wāku,动,pymupdf-native-table,
hsk_exam2025,page:319;sequence:9569,9569,7-9,7-9,,瓦,,瓦,,wǎ,名,pymupdf-native-table,
hsk_exam2025,page:319;sequence:9570,9570,7-9,7-9,,瓦解,,瓦解,,wǎjiě,动,pymupdf-native-table,
hsk_exam2025,page:319;sequence:9571,9571,7-9,7-9,,歪曲,,歪曲,,wāiqū,动,pymupdf-native-table,
hsk_exam2025,page:319;sequence:9572,9572,7-9,7-9,,外币,,外币,,wàibì,名,pymupdf-native-table,
hsk_exam2025,page:319;sequence:9573,9573,7-9,7-9,,外行,,外行,,wàiháng,形、名,pymupdf-native-table,
hsk_exam2025,page:319;sequence:9574,9574,7-9,7-9,,外号,,外号,,wàihào,名,pymupdf-native-table,
hsk_exam2025,page:319;sequence:9575,9575,7-9,7-9,,外汇,,外汇,,wàihuì,名,pymupdf-native-table,
hsk_exam2025,page:319;sequence:9576,9576,7-9,7-9,,外籍,,外籍,,wàijí,名,pymupdf-native-table,
hsk_exam2025,page:319;sequence:9577,9577,7-9,7-9,,外贸,,外贸,,wàimào,名,pymupdf-native-table,
hsk_exam2025,page:319;sequence:9578,9578,7-9,7-9,,外貌,,外貌,,wàimào,名,pymupdf-native-table,
hsk_exam2025,page:319;sequence:9579,9579,7-9,7-9,,外向,,外向,,wàixiàng,形,pymupdf-native-table,
hsk_exam2025,page:319;sequence:9580,9580,7-9,7-9,,外星人,,外星人,,wàixīngrén,名,pymupdf-native-table,
hsk_exam2025,page:319;sequence:9581,9581,7-9,7-9,,外援,,外援,,wàiyuán,名,pymupdf-native-table,
hsk_exam2025,page:319;sequence:9582,9582,7-9,7-9,,外在,,外在,,wàizài,形,pymupdf-native-table,
hsk_exam2025,page:319;sequence:9583,9583,7-9,7-9,,外资,,外资,,wàizī,名,pymupdf-native-table,
hsk_exam2025,page:319;sequence:9584,9584,7-9,7-9,,丸,,丸,,wán,名、量,pymupdf-native-table,
hsk_exam2025,page:319;sequence:9585,9585,7-9,7-9,,完备,,完备,,wánbèi,形,pymupdf-native-table,
hsk_exam2025,page:319;sequence:9586,9586,7-9,7-9,,完毕,,完毕,,wánbì,动,pymupdf-native-table,
hsk_exam2025,page:319;sequence:9587,9587,7-9,7-9,,顽固,,顽固,,wángù,形,pymupdf-native-table,
hsk_exam2025,page:319;sequence:9588,9588,7-9,7-9,,完好,,完好,,wánhǎo,形,pymupdf-native-table,
hsk_exam2025,page:319;sequence:9589,9589,7-9,7-9,,玩弄,,玩弄,,wánnòng,动,pymupdf-native-table,
hsk_exam2025,page:319;sequence:9590,9590,7-9,7-9,,顽皮,,顽皮,,wánpí,形,pymupdf-native-table,
hsk_exam2025,page:319;sequence:9591,9591,7-9,7-9,,玩耍,,玩耍,,wánshuǎ,动,pymupdf-native-table,
hsk_exam2025,page:319;sequence:9592,9592,7-9,7-9,,玩意儿,,玩意儿,,wányìr,名,pymupdf-native-table,
hsk_exam2025,page:319;sequence:9593,9593,7-9,7-9,,丸子,,丸子,,wánzi,名,pymupdf-native-table,
hsk_exam2025,page:319;sequence:9594,9594,7-9,7-9,,挽,,挽,,wǎn,动,pymupdf-native-table,
hsk_exam2025,page:319;sequence:9595,9595,7-9,7-9,,挽回,,挽回,,wǎnhuí,动,pymupdf-native-table,
hsk_exam2025,page:319;sequence:9596,9596,7-9,7-9,,挽救,,挽救,,wǎnjiù,动,pymupdf-native-table,
hsk_exam2025,page:319;sequence:9597,9597,7-9,7-9,,晚年,,晚年,,wǎnnián,名,pymupdf-native-table,
hsk_exam2025,page:319;sequence:9598,9598,7-9,7-9,,晚期,,晚期,,wǎnqī,名,pymupdf-native-table,
hsk_exam2025,page:319;sequence:9599,9599,7-9,7-9,,惋惜,,惋惜,,wǎnxī,形,pymupdf-native-table,
hsk_exam2025,page:319;sequence:9600,9600,7-9,7-9,,晚霞,,晚霞,,wǎnxiá,名,pymupdf-native-table,
hsk_exam2025,page:320;sequence:9601,9601,7-9,7-9,,万分,,万分,,wànfēn,副,pymupdf-native-table,
hsk_exam2025,page:320;sequence:9602,9602,7-9,7-9,,万能,,万能,,wànnéng,形,pymupdf-native-table,
hsk_exam2025,page:320;sequence:9603,9603,7-9,7-9,,万万,,万万,,wànwàn,副,pymupdf-native-table,
hsk_exam2025,page:320;sequence:9604,9604,7-9,7-9,,万无一失,,万无一失,,wànwú-yìshī,,pymupdf-native-table,
hsk_exam2025,page:320;sequence:9605,9605,7-9,7-9,,汪洋,,汪洋,,wāngyáng,形,pymupdf-native-table,
hsk_exam2025,page:320;sequence:9606,9606,7-9,7-9,,王朝,,王朝,,wángcháo,名,pymupdf-native-table,
hsk_exam2025,page:320;sequence:9607,9607,7-9,7-9,,王国,,王国,,wángguó,名,pymupdf-native-table,
hsk_exam2025,page:320;sequence:9608,9608,7-9,7-9,,王牌,,王牌,,wángpái,名,pymupdf-native-table,
hsk_exam2025,page:320;sequence:9609,9609,7-9,7-9,,亡羊补牢,,亡羊补牢,,wángyáng-bǔláo,,pymupdf-native-table,
hsk_exam2025,page:320;sequence:9610,9610,7-9,7-9,,往常,,往常,,wǎngcháng,名,pymupdf-native-table,
hsk_exam2025,page:320;sequence:9611,9611,7-9,7-9,,网点,,网点,,wǎngdiǎn,名,pymupdf-native-table,
hsk_exam2025,page:320;sequence:9612,9612,7-9,7-9,,网民,,网民,,wǎngmín,名,pymupdf-native-table,
hsk_exam2025,page:320;sequence:9613,9613,7-9,7-9,,往日,,往日,,wǎngrì,名,pymupdf-native-table,
hsk_exam2025,page:320;sequence:9614,9614,7-9,7-9,,往事,,往事,,wǎngshì,名,pymupdf-native-table,
hsk_exam2025,page:320;sequence:9615,9615,7-9,7-9,,旺,,旺,,wàng,形,pymupdf-native-table,
hsk_exam2025,page:320;sequence:9616,9616,7-9,7-9,,旺季,,旺季,,wàngjì,名,pymupdf-native-table,
hsk_exam2025,page:320;sequence:9617,9617,7-9,7-9,,旺盛,,旺盛,,wàngshèng,形,pymupdf-native-table,
hsk_exam2025,page:320;sequence:9618,9618,7-9,7-9,,妄想,,妄想,,wàngxiǎng,动、名,pymupdf-native-table,
hsk_exam2025,page:320;sequence:9619,9619,7-9,7-9,,望远镜,,望远镜,,wàngyuǎnjìng,名,pymupdf-native-table,
hsk_exam2025,page:320;sequence:9620,9620,7-9,7-9,,微,,微,,wēi,副,pymupdf-native-table,
hsk_exam2025,page:320;sequence:9621,9621,7-9,7-9,,微波炉,,微波炉,,wēibōlú,名,pymupdf-native-table,
hsk_exam2025,page:320;sequence:9622,9622,7-9,7-9,,微不足道,,微不足道,,wēibùzúdào,,pymupdf-native-table,
hsk_exam2025,page:320;sequence:9623,9623,7-9,7-9,,威风,,威风,,wēifēng,名、形,pymupdf-native-table,
hsk_exam2025,page:320;sequence:9624,9624,7-9,7-9,,微观,,微观,,wēiguān,形,pymupdf-native-table,
hsk_exam2025,page:320;sequence:9625,9625,7-9,7-9,,危及,,危及,,wēijí,动,pymupdf-native-table,
hsk_exam2025,page:320;sequence:9626,9626,7-9,7-9,,危急,,危急,,wēijí,形,pymupdf-native-table,
hsk_exam2025,page:320;sequence:9627,9627,7-9,7-9,,威力,,威力,,wēilì,名,pymupdf-native-table,
hsk_exam2025,page:320;sequence:9628,9628,7-9,7-9,,微妙,,微妙,,wēimiào,形,pymupdf-native-table,
hsk_exam2025,page:320;sequence:9629,9629,7-9,7-9,,微弱,,微弱,,wēiruò,形,pymupdf-native-table,
hsk_exam2025,page:320;sequence:9630,9630,7-9,7-9,,威慑,,威慑,,wēishè,动,pymupdf-native-table,
hsk_exam2025,page:320;sequence:9631,9631,7-9,7-9,,微生物,,微生物,,wēishēngwù,名,pymupdf-native-table,
hsk_exam2025,page:320;sequence:9632,9632,7-9,7-9,,威望,,威望,,wēiwàng,名,pymupdf-native-table,
hsk_exam2025,page:320;sequence:9633,9633,7-9,7-9,,微微,,微微,,wēiwēi,形、副,pymupdf-native-table,
hsk_exam2025,page:320;sequence:9634,9634,7-9,7-9,,威信,,威信,,wēixìn,名,pymupdf-native-table,
hsk_exam2025,page:320;sequence:9635,9635,7-9,7-9,,微型,,微型,,wēixíng,形,pymupdf-native-table,
hsk_exam2025,page:320;sequence:9636,9636,7-9,7-9,,唯,,唯,,wéi,副,pymupdf-native-table,
hsk_exam2025,page:320;sequence:9637,9637,7-9,7-9,,违背,,违背,,wéibèi,动,pymupdf-native-table,
hsk_exam2025,page:320;sequence:9638,9638,7-9,7-9,,唯独,,唯独,,wéidú,副,pymupdf-native-table,
hsk_exam2025,page:320;sequence:9639,9639,7-9,7-9,,围观,,围观,,wéiguān,动,pymupdf-native-table,
hsk_exam2025,page:320;sequence:9640,9640,7-9,7-9,,围墙,,围墙,,wéiqiáng,名,pymupdf-native-table,
hsk_exam2025,page:321;sequence:9641,9641,7-9,7-9,,维权,,维权,,wéiquán,动,pymupdf-native-table,
hsk_exam2025,page:321;sequence:9642,9642,7-9,7-9,,为人,,为人,,wéirén,动、名,pymupdf-native-table,
hsk_exam2025,page:321;sequence:9643,9643,7-9,7-9,,唯有,,唯有,,wéiyǒu,连、副,pymupdf-native-table,
hsk_exam2025,page:321;sequence:9644,9644,7-9,7-9,,违约,,违约,,wéiyuē,动,pymupdf-native-table,
hsk_exam2025,page:321;sequence:9645,9645,7-9,7-9,,违章,,违章,,wéizhāng,动,pymupdf-native-table,
hsk_exam2025,page:321;sequence:9646,9646,7-9,7-9,,纬度,,纬度,,wěidù,名,pymupdf-native-table,
hsk_exam2025,page:321;sequence:9647,9647,7-9,7-9,,尾气,,尾气,,wěiqì,名,pymupdf-native-table,
hsk_exam2025,page:321;sequence:9648,9648,7-9,7-9,,尾声,,尾声,,wěishēng,名,pymupdf-native-table,
hsk_exam2025,page:321;sequence:9649,9649,7-9,7-9,,萎缩,,萎缩,,wěisuō,动,pymupdf-native-table,
hsk_exam2025,page:321;sequence:9650,9650,7-9,7-9,,委婉,,委婉,,wěiwǎn,形,pymupdf-native-table,
hsk_exam2025,page:321;sequence:9651,9651,7-9,7-9,,委员,,委员,,wěiyuán,名,pymupdf-native-table,
hsk_exam2025,page:321;sequence:9652,9652,7-9,7-9,,委员会,,委员会,,wěiyuánhuì,名,pymupdf-native-table,
hsk_exam2025,page:321;sequence:9653,9653,7-9,7-9,,伪造,,伪造,,wěizào,动,pymupdf-native-table,
hsk_exam2025,page:321;sequence:9654,9654,7-9,7-9,,伪装,,伪装,,wěizhuāng,动、名,pymupdf-native-table,
hsk_exam2025,page:321;sequence:9655,9655,7-9,7-9,,味精,,味精,,wèijīng,名,pymupdf-native-table,
hsk_exam2025,page:321;sequence:9656,9656,7-9,7-9,,畏惧,,畏惧,,wèijù,动,pymupdf-native-table,
hsk_exam2025,page:321;sequence:9657,9657,7-9,7-9,,蔚蓝,,蔚蓝,,wèilán,形,pymupdf-native-table,
hsk_exam2025,page:321;sequence:9658,9658,7-9,7-9,,慰劳,,慰劳,,wèiláo,动,pymupdf-native-table,
hsk_exam2025,page:321;sequence:9659,9659,7-9,7-9,,未免,,未免,,wèimiǎn,副,pymupdf-native-table,
hsk_exam2025,page:321;sequence:9660,9660,7-9,7-9,,卫视,,卫视,,wèishì,名,pymupdf-native-table,
hsk_exam2025,page:321;sequence:9661,9661,7-9,7-9,,畏缩,,畏缩,,wèisuō,动,pymupdf-native-table,
hsk_exam2025,page:321;sequence:9662,9662,7-9,7-9,,慰问,,慰问,,wèiwèn,动,pymupdf-native-table,
hsk_exam2025,page:321;sequence:9663,9663,7-9,7-9,,卫星,,卫星,,wèixīng,名、形,pymupdf-native-table,
hsk_exam2025,page:321;sequence:9664,9664,7-9,7-9,,喂养,,喂养,,wèiyǎng,动,pymupdf-native-table,
hsk_exam2025,page:321;sequence:9665,9665,7-9,7-9,,未知数,,未知数,,wèizhīshù,名,pymupdf-native-table,
hsk_exam2025,page:321;sequence:9666,9666,7-9,7-9,,位子,,位子,,wèizi,名,pymupdf-native-table,
hsk_exam2025,page:321;sequence:9667,9667,7-9,7-9,,温差,,温差,,wēnchà,名,pymupdf-native-table,
hsk_exam2025,page:321;sequence:9668,9668,7-9,7-9,,温带,,温带,,wēndài,名,pymupdf-native-table,
hsk_exam2025,page:321;sequence:9669,9669,7-9,7-9,,温度计,,温度计,,wēndùjì,名,pymupdf-native-table,
hsk_exam2025,page:321;sequence:9670,9670,7-9,7-9,,温泉,,温泉,,wēnquán,名,pymupdf-native-table,
hsk_exam2025,page:321;sequence:9671,9671,7-9,7-9,,温室,,温室,,wēnshì,名,pymupdf-native-table,
hsk_exam2025,page:321;sequence:9672,9672,7-9,7-9,,温习,,温习,,wēnxí,动,pymupdf-native-table,
hsk_exam2025,page:321;sequence:9673,9673,7-9,7-9,,温馨,,温馨,,wēnxīn,形,pymupdf-native-table,
hsk_exam2025,page:321;sequence:9674,9674,7-9,7-9,,瘟疫,,瘟疫,,wēnyì,名,pymupdf-native-table,
hsk_exam2025,page:321;sequence:9675,9675,7-9,7-9,,文,,文,,wén,名,pymupdf-native-table,
hsk_exam2025,page:321;sequence:9676,9676,7-9,7-9,,文盲,,文盲,,wénmáng,名,pymupdf-native-table,
hsk_exam2025,page:321;sequence:9677,9677,7-9,7-9,,文凭,,文凭,,wénpíng,名,pymupdf-native-table,
hsk_exam2025,page:321;sequence:9678,9678,7-9,7-9,,文人,,文人,,wénrén,名,pymupdf-native-table,
hsk_exam2025,page:321;sequence:9679,9679,7-9,7-9,,文雅,,文雅,,wényǎ,形,pymupdf-native-table,
hsk_exam2025,page:321;sequence:9680,9680,7-9,7-9,,蚊帐,,蚊帐,,wénzhàng,名,pymupdf-native-table,
hsk_exam2025,page:322;sequence:9681,9681,7-9,7-9,,蚊子,,蚊子,,wénzi,名,pymupdf-native-table,
hsk_exam2025,page:322;sequence:9682,9682,7-9,7-9,,吻,,吻,,wěn,动、名,pymupdf-native-table,
hsk_exam2025,page:322;sequence:9683,9683,7-9,7-9,,稳,,稳,,wěn,形、动,pymupdf-native-table,
hsk_exam2025,page:322;sequence:9684,9684,7-9,7-9,,稳固,,稳固,,wěngù,形、动,pymupdf-native-table,
hsk_exam2025,page:322;sequence:9685,9685,7-9,7-9,,吻合,,吻合,,wěnhé,形,pymupdf-native-table,
hsk_exam2025,page:322;sequence:9686,9686,7-9,7-9,,稳健,,稳健,,wěnjiàn,形,pymupdf-native-table,
hsk_exam2025,page:322;sequence:9687,9687,7-9,7-9,,紊乱,,紊乱,,wěnluàn,形,pymupdf-native-table,
hsk_exam2025,page:322;sequence:9688,9688,7-9,7-9,,稳妥,,稳妥,,wěntuǒ,形,pymupdf-native-table,
hsk_exam2025,page:322;sequence:9689,9689,7-9,7-9,,稳重,,稳重,,wěnzhòng,形,pymupdf-native-table,
hsk_exam2025,page:322;sequence:9690,9690,7-9,7-9,,问候,,问候,,wènhòu,动,pymupdf-native-table,
hsk_exam2025,page:322;sequence:9691,9691,7-9,7-9,,问世,,问世,,wènshì,动,pymupdf-native-table,
hsk_exam2025,page:322;sequence:9692,9692,7-9,7-9,,窝,,窝,,wō,名、动、量,pymupdf-native-table,
hsk_exam2025,page:322;sequence:9693,9693,7-9,7-9,,卧,,卧,,wò,动,pymupdf-native-table,
hsk_exam2025,page:322;sequence:9694,9694,7-9,7-9,,卧铺,,卧铺,,wòpù,名,pymupdf-native-table,
hsk_exam2025,page:322;sequence:9695,9695,7-9,7-9,,污秽,,污秽,,wūhuì,形、名,pymupdf-native-table,
hsk_exam2025,page:322;sequence:9696,9696,7-9,7-9,,污蔑,,污蔑,,wūmiè,动,pymupdf-native-table,
hsk_exam2025,page:322;sequence:9697,9697,7-9,7-9,,诬陷,,诬陷,,wūxiàn,动,pymupdf-native-table,
hsk_exam2025,page:322;sequence:9698,9698,7-9,7-9,,屋檐,,屋檐,,wūyán,名,pymupdf-native-table,
hsk_exam2025,page:322;sequence:9699,9699,7-9,7-9,,呜咽,,呜咽,,wūyè,动,pymupdf-native-table,
hsk_exam2025,page:322;sequence:9700,9700,7-9,7-9,,乌云,,乌云,,wūyún,名,pymupdf-native-table,
hsk_exam2025,page:322;sequence:9701,9701,7-9,7-9,,无比,,无比,,wúbǐ,动,pymupdf-native-table,
hsk_exam2025,page:322;sequence:9702,9702,7-9,7-9,,无边无际,,无边无际,,wúbiān-wújì,,pymupdf-native-table,
hsk_exam2025,page:322;sequence:9703,9703,7-9,7-9,,无不,,无不,,wúbù,副,pymupdf-native-table,
hsk_exam2025,page:322;sequence:9704,9704,7-9,7-9,,无偿,,无偿,,wúcháng,形,pymupdf-native-table,
hsk_exam2025,page:322;sequence:9705,9705,7-9,7-9,,无耻,,无耻,,wúchǐ,形,pymupdf-native-table,
hsk_exam2025,page:322;sequence:9706,9706,7-9,7-9,,无从,,无从,,wúcóng,副,pymupdf-native-table,
hsk_exam2025,page:322;sequence:9707,9707,7-9,7-9,,无敌,,无敌,,wúdí,动,pymupdf-native-table,
hsk_exam2025,page:322;sequence:9708,9708,7-9,7-9,,无动于衷,,无动于衷,,wúdòngyúzhōng,,pymupdf-native-table,
hsk_exam2025,page:322;sequence:9709,9709,7-9,7-9,,无非,,无非,,wúfēi,副,pymupdf-native-table,
hsk_exam2025,page:322;sequence:9710,9710,7-9,7-9,,无故,,无故,,wúgù,副,pymupdf-native-table,
hsk_exam2025,page:322;sequence:9711,9711,7-9,7-9,,无辜,,无辜,,wúgū,形、名,pymupdf-native-table,
hsk_exam2025,page:322;sequence:9712,9712,7-9,7-9,,无关紧要,,无关紧要,,wúguān-jǐnyào,,pymupdf-native-table,
hsk_exam2025,page:322;sequence:9713,9713,7-9,7-9,,无话可说,,无话可说,,wúhuà-kěshuō,,pymupdf-native-table,
hsk_exam2025,page:322;sequence:9714,9714,7-9,7-9,,无家可归,,无家可归,,wújiā-kěguī,,pymupdf-native-table,
hsk_exam2025,page:322;sequence:9715,9715,7-9,7-9,,无价之宝,,无价之宝,,wújiàzhībǎo,,pymupdf-native-table,
hsk_exam2025,page:322;sequence:9716,9716,7-9,7-9,,无精打采,,无精打采,,wújīng-dǎcǎi,,pymupdf-native-table,
hsk_exam2025,page:322;sequence:9717,9717,7-9,7-9,,无济于事,,无济于事,,wújìyúshì,,pymupdf-native-table,
hsk_exam2025,page:322;sequence:9718,9718,7-9,7-9,,无可厚非,,无可厚非,,wúkěhòufēi,,pymupdf-native-table,
hsk_exam2025,page:322;sequence:9719,9719,7-9,7-9,,无可奈何,,无可奈何,,wúkěnàihé,,pymupdf-native-table,
hsk_exam2025,page:322;sequence:9720,9720,7-9,7-9,,无赖,,无赖,,wúlài,形、名,pymupdf-native-table,
hsk_exam2025,page:323;sequence:9721,9721,7-9,7-9,,无力,,无力,,wúlì,动,pymupdf-native-table,
hsk_exam2025,page:323;sequence:9722,9722,7-9,7-9,,无理,,无理,,wúlǐ,动,pymupdf-native-table,
hsk_exam2025,page:323;sequence:9723,9723,7-9,7-9,,无论如何,,无论如何,,wúlùn-rúhé,,pymupdf-native-table,
hsk_exam2025,page:323;sequence:9724,9724,7-9,7-9,,无能,,无能,,wúnéng,形,pymupdf-native-table,
hsk_exam2025,page:323;sequence:9725,9725,7-9,7-9,,无能为力,,无能为力,,wúnéngwéilì,,pymupdf-native-table,
hsk_exam2025,page:323;sequence:9726,9726,7-9,7-9,,无情,,无情,,wúqíng,形,pymupdf-native-table,
hsk_exam2025,page:323;sequence:9727,9727,7-9,7-9,,无穷,,无穷,,wúqióng,动,pymupdf-native-table,
hsk_exam2025,page:323;sequence:9728,9728,7-9,7-9,,无私,,无私,,wúsī,形,pymupdf-native-table,
hsk_exam2025,page:323;sequence:9729,9729,7-9,7-9,,无所事事,,无所事事,,wúsuǒshìshì,,pymupdf-native-table,
hsk_exam2025,page:323;sequence:9730,9730,7-9,7-9,,无所作为,,无所作为,,wúsuǒzuòwéi,,pymupdf-native-table,
hsk_exam2025,page:323;sequence:9731,9731,7-9,7-9,,无条件,,无条件,,wútiáojiàn,动,pymupdf-native-table,
hsk_exam2025,page:323;sequence:9732,9732,7-9,7-9,,无微不至,,无微不至,,wúwēi-búzhì,,pymupdf-native-table,
hsk_exam2025,page:323;sequence:9733,9733,7-9,7-9,,无线,,无线,,wúxiàn,形,pymupdf-native-table,
hsk_exam2025,page:323;sequence:9734,9734,7-9,7-9,,无形,,无形,,wúxíng,形、副,pymupdf-native-table,
hsk_exam2025,page:323;sequence:9735,9735,7-9,7-9,,无须,,无须,,wúxū,副,pymupdf-native-table,
hsk_exam2025,page:323;sequence:9736,9736,7-9,7-9,,无意,,无意,,wúyì,动、副,pymupdf-native-table,
hsk_exam2025,page:323;sequence:9737,9737,7-9,7-9,,无忧无虑,,无忧无虑,,wúyōu-wúlǜ,,pymupdf-native-table,
hsk_exam2025,page:323;sequence:9738,9738,7-9,7-9,,无缘,,无缘,,wúyuán,动、副,pymupdf-native-table,
hsk_exam2025,page:323;sequence:9739,9739,7-9,7-9,,无知,,无知,,wúzhī,形,pymupdf-native-table,
hsk_exam2025,page:323;sequence:9740,9740,7-9,7-9,,捂,,捂,,wǔ,动,pymupdf-native-table,
hsk_exam2025,page:323;sequence:9741,9741,7-9,7-9,,舞,,舞,,wǔ,名、动,pymupdf-native-table,
hsk_exam2025,page:323;sequence:9742,9742,7-9,7-9,,五官,,五官,,wǔguān,名,pymupdf-native-table,
hsk_exam2025,page:323;sequence:9743,9743,7-9,7-9,,五花八门,,五花八门,,wǔhuā-bāmén,,pymupdf-native-table,
hsk_exam2025,page:323;sequence:9744,9744,7-9,7-9,,五湖四海,,五湖四海,,wǔhú-sìhǎi,,pymupdf-native-table,
hsk_exam2025,page:323;sequence:9745,9745,7-9,7-9,,武力,,武力,,wǔlì,名,pymupdf-native-table,
hsk_exam2025,page:323;sequence:9746,9746,7-9,7-9,,侮辱,,侮辱,,wǔrǔ,动,pymupdf-native-table,
hsk_exam2025,page:323;sequence:9747,9747,7-9,7-9,,武侠,,武侠,,wǔxiá,名,pymupdf-native-table,
hsk_exam2025,page:323;sequence:9748,9748,7-9,7-9,,武装,,武装,,wǔzhuāng,名、动,pymupdf-native-table,
hsk_exam2025,page:323;sequence:9749,9749,7-9,7-9,,勿,,勿,,wù,副,pymupdf-native-table,
hsk_exam2025,page:323;sequence:9750,9750,7-9,7-9,,务必,,务必,,wùbì,副,pymupdf-native-table,
hsk_exam2025,page:323;sequence:9751,9751,7-9,7-9,,误差,,误差,,wùchā,名,pymupdf-native-table,
hsk_exam2025,page:323;sequence:9752,9752,7-9,7-9,,误导,,误导,,wùdǎo,动,pymupdf-native-table,
hsk_exam2025,page:323;sequence:9753,9753,7-9,7-9,,务工,,务工,,wùgōng,动,pymupdf-native-table,
hsk_exam2025,page:323;sequence:9754,9754,7-9,7-9,,物力,,物力,,wùlì,名,pymupdf-native-table,
hsk_exam2025,page:323;sequence:9755,9755,7-9,7-9,,物流,,物流,,wùliú,名,pymupdf-native-table,
hsk_exam2025,page:323;sequence:9756,9756,7-9,7-9,,物美价廉,,物美价廉,,wùměi-jiàlián,,pymupdf-native-table,
hsk_exam2025,page:323;sequence:9757,9757,7-9,7-9,,误区,,误区,,wùqū,名,pymupdf-native-table,
hsk_exam2025,page:323;sequence:9758,9758,7-9,7-9,,物色,,物色,,wùsè,动,pymupdf-native-table,
hsk_exam2025,page:323;sequence:9759,9759,7-9,7-9,,务实,,务实,,wùshí,动、形,pymupdf-native-table,
hsk_exam2025,page:323;sequence:9760,9760,7-9,7-9,,物证,,物证,,wùzhèng,名,pymupdf-native-table,
hsk_exam2025,page:324;sequence:9761,9761,7-9,7-9,,物种,,物种,,wùzhǒng,名,pymupdf-native-table,
hsk_exam2025,page:324;sequence:9762,9762,7-9,7-9,,物资,,物资,,wùzī,名,pymupdf-native-table,
hsk_exam2025,page:324;sequence:9763,9763,7-9,7-9,,稀,,稀,,xī,形,pymupdf-native-table,
hsk_exam2025,page:324;sequence:9764,9764,7-9,7-9,,溪,,溪,,xī,名,pymupdf-native-table,
hsk_exam2025,page:324;sequence:9765,9765,7-9,7-9,,吸毒,,吸毒,,xīdú,动,pymupdf-native-table,
hsk_exam2025,page:324;sequence:9766,9766,7-9,7-9,,膝盖,,膝盖,,xīgài,名,pymupdf-native-table,
hsk_exam2025,page:324;sequence:9767,9767,7-9,7-9,,稀罕,,稀罕,,xīhan,形、动,pymupdf-native-table,
hsk_exam2025,page:324;sequence:9768,9768,7-9,7-9,,熄火,,熄火,,xīhuǒ,动,pymupdf-native-table,
hsk_exam2025,page:324;sequence:9769,9769,7-9,7-9,,犀利,,犀利,,xīlì,形,pymupdf-native-table,
hsk_exam2025,page:324;sequence:9770,9770,7-9,7-9,,奚落,,奚落,,xīluò,动,pymupdf-native-table,
hsk_exam2025,page:324;sequence:9771,9771,7-9,7-9,,熄灭,,熄灭,,xīmiè,动,pymupdf-native-table,
hsk_exam2025,page:324;sequence:9772,9772,7-9,7-9,,吸纳,,吸纳,,xīnà,动,pymupdf-native-table,
hsk_exam2025,page:324;sequence:9773,9773,7-9,7-9,,稀奇,,稀奇,,xīqí,形,pymupdf-native-table,
hsk_exam2025,page:324;sequence:9774,9774,7-9,7-9,,昔日,,昔日,,xīrì,名,pymupdf-native-table,
hsk_exam2025,page:324;sequence:9775,9775,7-9,7-9,,稀少,,稀少,,xīshǎo,形,pymupdf-native-table,
hsk_exam2025,page:324;sequence:9776,9776,7-9,7-9,,牺牲,,牺牲,,xīshēng,动,pymupdf-native-table,
hsk_exam2025,page:324;sequence:9777,9777,7-9,7-9,,嬉笑,,嬉笑,,xīxiào,动,pymupdf-native-table,
hsk_exam2025,page:324;sequence:9778,9778,7-9,7-9,,熙熙攘攘,,熙熙攘攘,,xīxī-rǎngrǎng,形,pymupdf-native-table,
hsk_exam2025,page:324;sequence:9779,9779,7-9,7-9,,息息相关,,息息相关,,xīxī-xiāngguān,,pymupdf-native-table,
hsk_exam2025,page:324;sequence:9780,9780,7-9,7-9,,夕阳,,夕阳,,xīyáng,名、形,pymupdf-native-table,
hsk_exam2025,page:324;sequence:9781,9781,7-9,7-9,,稀有,,稀有,,xīyǒu,形,pymupdf-native-table,
hsk_exam2025,page:324;sequence:9782,9782,7-9,7-9,,锡纸,,锡纸,,xīzhǐ,名,pymupdf-native-table,
hsk_exam2025,page:324;sequence:9783,9783,7-9,7-9,,席,,席,,xí,名、量,pymupdf-native-table,
hsk_exam2025,page:324;sequence:9784,9784,7-9,7-9,,袭击,,袭击,,xíjī,动,pymupdf-native-table,
hsk_exam2025,page:324;sequence:9785,9785,7-9,7-9,,席位,,席位,,xíwèi,名,pymupdf-native-table,
hsk_exam2025,page:324;sequence:9786,9786,7-9,7-9,,喜出望外,,喜出望外,,xǐchūwàngwài,,pymupdf-native-table,
hsk_exam2025,page:324;sequence:9787,9787,7-9,7-9,,洗涤,,洗涤,,xǐdí,动,pymupdf-native-table,
hsk_exam2025,page:324;sequence:9788,9788,7-9,7-9,,喜好,,喜好,,xǐhào,动,pymupdf-native-table,
hsk_exam2025,page:324;sequence:9789,9789,7-9,7-9,,喜酒,,喜酒,,xǐjiǔ,名,pymupdf-native-table,
hsk_exam2025,page:324;sequence:9790,9790,7-9,7-9,,洗礼,,洗礼,,xǐlǐ,名,pymupdf-native-table,
hsk_exam2025,page:324;sequence:9791,9791,7-9,7-9,,喜怒哀乐,,喜怒哀乐,,xǐ-nù-āi-lè,,pymupdf-native-table,
hsk_exam2025,page:324;sequence:9792,9792,7-9,7-9,,喜庆,,喜庆,,xǐqìng,形、名,pymupdf-native-table,
hsk_exam2025,page:324;sequence:9793,9793,7-9,7-9,,喜糖,,喜糖,,xǐtáng,名,pymupdf-native-table,
hsk_exam2025,page:324;sequence:9794,9794,7-9,7-9,,喜闻乐见,,喜闻乐见,,xǐwén-lèjiàn,,pymupdf-native-table,
hsk_exam2025,page:324;sequence:9795,9795,7-9,7-9,,喜洋洋,,喜洋洋,,xǐyángyáng,形,pymupdf-native-table,
hsk_exam2025,page:324;sequence:9796,9796,7-9,7-9,,喜悦,,喜悦,,xǐyuè,形,pymupdf-native-table,
hsk_exam2025,page:324;sequence:9797,9797,7-9,7-9,,细腻,,细腻,,xìnì,形,pymupdf-native-table,
hsk_exam2025,page:324;sequence:9798,9798,7-9,7-9,,细微,,细微,,xìwēi,形,pymupdf-native-table,
hsk_exam2025,page:324;sequence:9799,9799,7-9,7-9,,虾,,虾,,xiā,名,pymupdf-native-table,
hsk_exam2025,page:324;sequence:9800,9800,7-9,7-9,,瞎,,瞎,,xiā,动、副,pymupdf-native-table,
hsk_exam2025,page:325;sequence:9801,9801,7-9,7-9,,狭隘,,狭隘,,xiá’ài,形,pymupdf-native-table,
hsk_exam2025,page:325;sequence:9802,9802,7-9,7-9,,瑕疵,,瑕疵,,xiácī,名,pymupdf-native-table,
hsk_exam2025,page:325;sequence:9803,9803,7-9,7-9,,峡谷,,峡谷,,xiágǔ,名,pymupdf-native-table,
hsk_exam2025,page:325;sequence:9804,9804,7-9,7-9,,辖区,,辖区,,xiáqū,名,pymupdf-native-table,
hsk_exam2025,page:325;sequence:9805,9805,7-9,7-9,,狭小,,狭小,,xiáxiǎo,形,pymupdf-native-table,
hsk_exam2025,page:325;sequence:9806,9806,7-9,7-9,,狭义,,狭义,,xiáyì,名,pymupdf-native-table,
hsk_exam2025,page:325;sequence:9807,9807,7-9,7-9,,狭窄,,狭窄,,xiázhǎi,形,pymupdf-native-table,
hsk_exam2025,page:325;sequence:9808,9808,7-9,7-9,,下半场,,下半场,,xiàbànchǎng,名,pymupdf-native-table,
hsk_exam2025,page:325;sequence:9809,9809,7-9,7-9,,下场,,下场,,xiàchǎng,名,pymupdf-native-table,
hsk_exam2025,page:325;sequence:9810,9810,7-9,7-9,,下达,,下达,,xiàdá,动,pymupdf-native-table,
hsk_exam2025,page:325;sequence:9811,9811,7-9,7-9,,下跌,,下跌,,xiàdiē,动,pymupdf-native-table,
hsk_exam2025,page:325;sequence:9812,9812,7-9,7-9,,吓唬,,吓唬,,xiàhu,动,pymupdf-native-table,
hsk_exam2025,page:325;sequence:9813,9813,7-9,7-9,,下滑,,下滑,,xiàhuá,动,pymupdf-native-table,
hsk_exam2025,page:325;sequence:9814,9814,7-9,7-9,,下级,,下级,,xiàjí,名,pymupdf-native-table,
hsk_exam2025,page:325;sequence:9815,9815,7-9,7-9,,下令,,下令,,xiàlìng,动,pymupdf-native-table,
hsk_exam2025,page:325;sequence:9816,9816,7-9,7-9,,下落,,下落,,xiàluò,名、动,pymupdf-native-table,
hsk_exam2025,page:325;sequence:9817,9817,7-9,7-9,,吓人,,吓人,,xiàrén,形,pymupdf-native-table,
hsk_exam2025,page:325;sequence:9818,9818,7-9,7-9,,下手,,下手,,xiàshǒu,动,pymupdf-native-table,
hsk_exam2025,page:325;sequence:9819,9819,7-9,7-9,,下属,,下属,,xiàshǔ,名,pymupdf-native-table,
hsk_exam2025,page:325;sequence:9820,9820,7-9,7-9,,下台,,下台,,xiàtái,动,pymupdf-native-table,
hsk_exam2025,page:325;sequence:9821,9821,7-9,7-9,,下调,,下调,,xiàtiáo,动,pymupdf-native-table,
hsk_exam2025,page:325;sequence:9822,9822,7-9,7-9,,下行,,下行,,xiàxíng,动,pymupdf-native-table,
hsk_exam2025,page:325;sequence:9823,9823,7-9,7-9,,下意识,,下意识,,xiàyìshí,名、副,pymupdf-native-table,
hsk_exam2025,page:325;sequence:9824,9824,7-9,7-9,,下游,,下游,,xiàyóu,名,pymupdf-native-table,
hsk_exam2025,page:325;sequence:9825,9825,7-9,7-9,,下坠,,下坠,,xiàzhuì,动,pymupdf-native-table,
hsk_exam2025,page:325;sequence:9826,9826,7-9,7-9,,掀,,掀,,xiān,动,pymupdf-native-table,
hsk_exam2025,page:325;sequence:9827,9827,7-9,7-9,,先锋,,先锋,,xiānfēng,名,pymupdf-native-table,
hsk_exam2025,page:325;sequence:9828,9828,7-9,7-9,,仙鹤,,仙鹤,,xiānhè,名,pymupdf-native-table,
hsk_exam2025,page:325;sequence:9829,9829,7-9,7-9,,鲜活,,鲜活,,xiānhuó,形,pymupdf-native-table,
hsk_exam2025,page:325;sequence:9830,9830,7-9,7-9,,先例,,先例,,xiānlì,名,pymupdf-native-table,
hsk_exam2025,page:325;sequence:9831,9831,7-9,7-9,,鲜美,,鲜美,,xiānměi,形,pymupdf-native-table,
hsk_exam2025,page:325;sequence:9832,9832,7-9,7-9,,仙女,,仙女,,xiānnǚ,名,pymupdf-native-table,
hsk_exam2025,page:325;sequence:9833,9833,7-9,7-9,,掀起,,掀起,,xiānqǐ,动,pymupdf-native-table,
hsk_exam2025,page:325;sequence:9834,9834,7-9,7-9,,先天,,先天,,xiāntiān,名,pymupdf-native-table,
hsk_exam2025,page:325;sequence:9835,9835,7-9,7-9,,纤维,,纤维,,xiānwéi,名,pymupdf-native-table,
hsk_exam2025,page:325;sequence:9836,9836,7-9,7-9,,鲜血,,鲜血,,xiānxuè,名,pymupdf-native-table,
hsk_exam2025,page:325;sequence:9837,9837,7-9,7-9,,弦,,弦,,xián,名,pymupdf-native-table,
hsk_exam2025,page:325;sequence:9838,9838,7-9,7-9,,闲话,,闲话,,xiánhuà,名、动,pymupdf-native-table,
hsk_exam2025,page:325;sequence:9839,9839,7-9,7-9,,衔接,,衔接,,xiánjiē,动,pymupdf-native-table,
hsk_exam2025,page:325;sequence:9840,9840,7-9,7-9,,嫌弃,,嫌弃,,xiánqì,动,pymupdf-native-table,
hsk_exam2025,page:326;sequence:9841,9841,7-9,7-9,,嫌疑,,嫌疑,,xiányí,名,pymupdf-native-table,
hsk_exam2025,page:326;sequence:9842,9842,7-9,7-9,,闲置,,闲置,,xiánzhì,动,pymupdf-native-table,
hsk_exam2025,page:326;sequence:9843,9843,7-9,7-9,,显而易见,,显而易见,,xiǎn’éryìjiàn,,pymupdf-native-table,
hsk_exam2025,page:326;sequence:9844,9844,7-9,7-9,,显赫,,显赫,,xiǎnhè,形,pymupdf-native-table,
hsk_exam2025,page:326;sequence:9845,9845,7-9,7-9,,显露,,显露,,xiǎnlù,动,pymupdf-native-table,
hsk_exam2025,page:326;sequence:9846,9846,7-9,7-9,,显示器,,显示器,,xiǎnshìqì,名,pymupdf-native-table,
hsk_exam2025,page:326;sequence:9847,9847,7-9,7-9,,显微镜,,显微镜,,xiǎnwēijìng,名,pymupdf-native-table,
hsk_exam2025,page:326;sequence:9848,9848,7-9,7-9,,鲜为人知,,鲜为人知,,xiǎnwéirénzhī,,pymupdf-native-table,
hsk_exam2025,page:326;sequence:9849,9849,7-9,7-9,,显现,,显现,,xiǎnxiàn,动,pymupdf-native-table,
hsk_exam2025,page:326;sequence:9850,9850,7-9,7-9,,显性,,显性,,xiǎnxìng,形,pymupdf-native-table,
hsk_exam2025,page:326;sequence:9851,9851,7-9,7-9,,显眼,,显眼,,xiǎnyǎn,形,pymupdf-native-table,
hsk_exam2025,page:326;sequence:9852,9852,7-9,7-9,,陷,,陷,,xiàn,动,pymupdf-native-table,
hsk_exam2025,page:326;sequence:9853,9853,7-9,7-9,,馅,,馅,,xiàn,名,pymupdf-native-table,
hsk_exam2025,page:326;sequence:9854,9854,7-9,7-9,,献,,献,,xiàn,动,pymupdf-native-table,
hsk_exam2025,page:326;sequence:9855,9855,7-9,7-9,,现成,,现成,,xiànchéng,形,pymupdf-native-table,
hsk_exam2025,page:326;sequence:9856,9856,7-9,7-9,,限定,,限定,,xiàndìng,动,pymupdf-native-table,
hsk_exam2025,page:326;sequence:9857,9857,7-9,7-9,,宪法,,宪法,,xiànfǎ,名,pymupdf-native-table,
hsk_exam2025,page:326;sequence:9858,9858,7-9,7-9,,陷害,,陷害,,xiànhài,动,pymupdf-native-table,
hsk_exam2025,page:326;sequence:9859,9859,7-9,7-9,,陷阱,,陷阱,,xiànjǐng,名,pymupdf-native-table,
hsk_exam2025,page:326;sequence:9860,9860,7-9,7-9,,现任,,现任,,xiànrèn,动、形,pymupdf-native-table,
hsk_exam2025,page:326;sequence:9861,9861,7-9,7-9,,线条,,线条,,xiàntiáo,名,pymupdf-native-table,
hsk_exam2025,page:326;sequence:9862,9862,7-9,7-9,,现行,,现行,,xiànxíng,形,pymupdf-native-table,
hsk_exam2025,page:326;sequence:9863,9863,7-9,7-9,,镶,,镶,,xiāng,动,pymupdf-native-table,
hsk_exam2025,page:326;sequence:9864,9864,7-9,7-9,,相伴,,相伴,,xiāngbàn,动,pymupdf-native-table,
hsk_exam2025,page:326;sequence:9865,9865,7-9,7-9,,相辅相成,,相辅相成,,xiāngfǔ-xiāngchéng,,pymupdf-native-table,
hsk_exam2025,page:326;sequence:9866,9866,7-9,7-9,,相继,,相继,,xiāngjì,副,pymupdf-native-table,
hsk_exam2025,page:326;sequence:9867,9867,7-9,7-9,,相近,,相近,,xiāngjìn,形,pymupdf-native-table,
hsk_exam2025,page:326;sequence:9868,9868,7-9,7-9,,香料,,香料,,xiāngliào,名,pymupdf-native-table,
hsk_exam2025,page:326;sequence:9869,9869,7-9,7-9,,镶嵌,,镶嵌,,xiāngqiàn,动,pymupdf-native-table,
hsk_exam2025,page:326;sequence:9870,9870,7-9,7-9,,乡亲,,乡亲,,xiāngqīn,名,pymupdf-native-table,
hsk_exam2025,page:326;sequence:9871,9871,7-9,7-9,,相识,,相识,,xiāngshí,动、名,pymupdf-native-table,
hsk_exam2025,page:326;sequence:9872,9872,7-9,7-9,,相提并论,,相提并论,,xiāngtí-bìnglùn,,pymupdf-native-table,
hsk_exam2025,page:326;sequence:9873,9873,7-9,7-9,,相通,,相通,,xiāngtōng,动,pymupdf-native-table,
hsk_exam2025,page:326;sequence:9874,9874,7-9,7-9,,乡下,,乡下,,xiāngxia,名,pymupdf-native-table,
hsk_exam2025,page:326;sequence:9875,9875,7-9,7-9,,香油,,香油,,xiāngyóu,名,pymupdf-native-table,
hsk_exam2025,page:326;sequence:9876,9876,7-9,7-9,,相遇,,相遇,,xiāngyù,动,pymupdf-native-table,
hsk_exam2025,page:326;sequence:9877,9877,7-9,7-9,,相约,,相约,,xiāngyuē,动,pymupdf-native-table,
hsk_exam2025,page:326;sequence:9878,9878,7-9,7-9,,祥和,,祥和,,xiánghé,形,pymupdf-native-table,
hsk_exam2025,page:326;sequence:9879,9879,7-9,7-9,,详尽,,详尽,,xiángjìn,形,pymupdf-native-table,
hsk_exam2025,page:326;sequence:9880,9880,7-9,7-9,,享,,享,,xiǎng,动,pymupdf-native-table,
hsk_exam2025,page:327;sequence:9881,9881,7-9,7-9,,想方设法,,想方设法,,xiǎngfāng-shèfǎ,,pymupdf-native-table,
hsk_exam2025,page:327;sequence:9882,9882,7-9,7-9,,响亮,,响亮,,xiǎngliàng,形,pymupdf-native-table,
hsk_exam2025,page:327;sequence:9883,9883,7-9,7-9,,响应,,响应,,xiǎngyìng,动,pymupdf-native-table,
hsk_exam2025,page:327;sequence:9884,9884,7-9,7-9,,享用,,享用,,xiǎngyòng,动,pymupdf-native-table,
hsk_exam2025,page:327;sequence:9885,9885,7-9,7-9,,享有,,享有,,xiǎngyǒu,动,pymupdf-native-table,
hsk_exam2025,page:327;sequence:9886,9886,7-9,7-9,,巷,,巷,,xiàng,名,pymupdf-native-table,
hsk_exam2025,page:327;sequence:9887,9887,7-9,7-9,,向导,,向导,,xiàngdǎo,名,pymupdf-native-table,
hsk_exam2025,page:327;sequence:9888,9888,7-9,7-9,,橡胶,,橡胶,,xiàngjiāo,名,pymupdf-native-table,
hsk_exam2025,page:327;sequence:9889,9889,7-9,7-9,,向来,,向来,,xiànglái,副,pymupdf-native-table,
hsk_exam2025,page:327;sequence:9890,9890,7-9,7-9,,相貌,,相貌,,xiàngmào,名,pymupdf-native-table,
hsk_exam2025,page:327;sequence:9891,9891,7-9,7-9,,像样,,像样,,xiàngyàng,形,pymupdf-native-table,
hsk_exam2025,page:327;sequence:9892,9892,7-9,7-9,,消,,消,,xiāo,动,pymupdf-native-table,
hsk_exam2025,page:327;sequence:9893,9893,7-9,7-9,,销,,销,,xiāo,动,pymupdf-native-table,
hsk_exam2025,page:327;sequence:9894,9894,7-9,7-9,,削,,削,,xiāo,动,pymupdf-native-table,
hsk_exam2025,page:327;sequence:9895,9895,7-9,7-9,,消沉,,消沉,,xiāochén,形,pymupdf-native-table,
hsk_exam2025,page:327;sequence:9896,9896,7-9,7-9,,销毁,,销毁,,xiāohuǐ,动,pymupdf-native-table,
hsk_exam2025,page:327;sequence:9897,9897,7-9,7-9,,消磨,,消磨,,xiāomó,动,pymupdf-native-table,
hsk_exam2025,page:327;sequence:9898,9898,7-9,7-9,,消遣,,消遣,,xiāoqiǎn,动,pymupdf-native-table,
hsk_exam2025,page:327;sequence:9899,9899,7-9,7-9,,潇洒,,潇洒,,xiāosǎ,形,pymupdf-native-table,
hsk_exam2025,page:327;sequence:9900,9900,7-9,7-9,,萧条,,萧条,,xiāotiáo,形,pymupdf-native-table,
hsk_exam2025,page:327;sequence:9901,9901,7-9,7-9,,嚣张,,嚣张,,xiāozhāng,形,pymupdf-native-table,
hsk_exam2025,page:327;sequence:9902,9902,7-9,7-9,,小菜一碟,,小菜一碟,,xiǎocài-yìdié,,pymupdf-native-table,
hsk_exam2025,page:327;sequence:9903,9903,7-9,7-9,,小丑,,小丑,,xiǎochǒu,名,pymupdf-native-table,
hsk_exam2025,page:327;sequence:9904,9904,7-9,7-9,,小费,,小费,,xiǎofèi,名,pymupdf-native-table,
hsk_exam2025,page:327;sequence:9905,9905,7-9,7-9,,小看,,小看,,xiǎokàn,动,pymupdf-native-table,
hsk_exam2025,page:327;sequence:9906,9906,7-9,7-9,,小康,,小康,,xiǎokāng,形,pymupdf-native-table,
hsk_exam2025,page:327;sequence:9907,9907,7-9,7-9,,小品,,小品,,xiǎopǐn,名,pymupdf-native-table,
hsk_exam2025,page:327;sequence:9908,9908,7-9,7-9,,小人,,小人,,xiǎorén,名,pymupdf-native-table,
hsk_exam2025,page:327;sequence:9909,9909,7-9,7-9,,小提琴,,小提琴,,xiǎotíqín,名,pymupdf-native-table,
hsk_exam2025,page:327;sequence:9910,9910,7-9,7-9,,小心翼翼,,小心翼翼,,xiǎoxīn-yìyì,,pymupdf-native-table,
hsk_exam2025,page:327;sequence:9911,9911,7-9,7-9,,效仿,,效仿,,xiàofǎng,动,pymupdf-native-table,
hsk_exam2025,page:327;sequence:9912,9912,7-9,7-9,,孝敬,,孝敬,,xiàojìng,动,pymupdf-native-table,
hsk_exam2025,page:327;sequence:9913,9913,7-9,7-9,,效力,,效力,,xiàolì,动、名,pymupdf-native-table,
hsk_exam2025,page:327;sequence:9914,9914,7-9,7-9,,孝顺,,孝顺,,xiàoshùn,动,pymupdf-native-table,
hsk_exam2025,page:327;sequence:9915,9915,7-9,7-9,,肖像,,肖像,,xiàoxiàng,名,pymupdf-native-table,
hsk_exam2025,page:327;sequence:9916,9916,7-9,7-9,,效益,,效益,,xiàoyì,名,pymupdf-native-table,
hsk_exam2025,page:327;sequence:9917,9917,7-9,7-9,,邪,,邪,,xié,形,pymupdf-native-table,
hsk_exam2025,page:327;sequence:9918,9918,7-9,7-9,,挟持,,挟持,,xiéchí,动,pymupdf-native-table,
hsk_exam2025,page:327;sequence:9919,9919,7-9,7-9,,协定,,协定,,xiédìng,名、动,pymupdf-native-table,
hsk_exam2025,page:327;sequence:9920,9920,7-9,7-9,,邪恶,,邪恶,,xié’è,形,pymupdf-native-table,
hsk_exam2025,page:328;sequence:9921,9921,7-9,7-9,,协商,,协商,,xiéshāng,动,pymupdf-native-table,
hsk_exam2025,page:328;sequence:9922,9922,7-9,7-9,,携手,,携手,,xiéshǒu,动,pymupdf-native-table,
hsk_exam2025,page:328;sequence:9923,9923,7-9,7-9,,协同,,协同,,xiétóng,动,pymupdf-native-table,
hsk_exam2025,page:328;sequence:9924,9924,7-9,7-9,,协作,,协作,,xiézuò,动,pymupdf-native-table,
hsk_exam2025,page:328;sequence:9925,9925,7-9,7-9,,写照,,写照,,xiězhào,动、名,pymupdf-native-table,
hsk_exam2025,page:328;sequence:9926,9926,7-9,7-9,,泄,,泄,,xiè,动,pymupdf-native-table,
hsk_exam2025,page:328;sequence:9927,9927,7-9,7-9,,泻,,泻,,xiè,动,pymupdf-native-table,
hsk_exam2025,page:328;sequence:9928,9928,7-9,7-9,,卸,,卸,,xiè,动,pymupdf-native-table,
hsk_exam2025,page:328;sequence:9929,9929,7-9,7-9,,谢绝,,谢绝,,xièjué,动,pymupdf-native-table,
hsk_exam2025,page:328;sequence:9930,9930,7-9,7-9,,泄漏,,泄漏,,xièlòu,动,pymupdf-native-table,
hsk_exam2025,page:328;sequence:9931,9931,7-9,7-9,,泄露,,泄露,,xièlòu,动,pymupdf-native-table,
hsk_exam2025,page:328;sequence:9932,9932,7-9,7-9,,泄密,,泄密,,xièmì,动,pymupdf-native-table,
hsk_exam2025,page:328;sequence:9933,9933,7-9,7-9,,泄气,,泄气,,xièqì,动、形,pymupdf-native-table,
hsk_exam2025,page:328;sequence:9934,9934,7-9,7-9,,卸任,,卸任,,xièrèn,动,pymupdf-native-table,
hsk_exam2025,page:328;sequence:9935,9935,7-9,7-9,,卸载,,卸载,,xièzài,动,pymupdf-native-table,
hsk_exam2025,page:328;sequence:9936,9936,7-9,7-9,,心安理得,,心安理得,,xīn’ān-lǐdé,,pymupdf-native-table,
hsk_exam2025,page:328;sequence:9937,9937,7-9,7-9,,心病,,心病,,xīnbìng,名,pymupdf-native-table,
hsk_exam2025,page:328;sequence:9938,9938,7-9,7-9,,心肠,,心肠,,xīncháng,名,pymupdf-native-table,
hsk_exam2025,page:328;sequence:9939,9939,7-9,7-9,,新潮,,新潮,,xīncháo,名、形,pymupdf-native-table,
hsk_exam2025,page:328;sequence:9940,9940,7-9,7-9,,新陈代谢,,新陈代谢,,xīnchén-dàixiè,,pymupdf-native-table,
hsk_exam2025,page:328;sequence:9941,9941,7-9,7-9,,薪酬,,薪酬,,xīnchóu,名,pymupdf-native-table,
hsk_exam2025,page:328;sequence:9942,9942,7-9,7-9,,新春,,新春,,xīnchūn,名,pymupdf-native-table,
hsk_exam2025,page:328;sequence:9943,9943,7-9,7-9,,心得,,心得,,xīndé,名,pymupdf-native-table,
hsk_exam2025,page:328;sequence:9944,9944,7-9,7-9,,心甘情愿,,心甘情愿,,xīngān-qíngyuàn,,pymupdf-native-table,
hsk_exam2025,page:328;sequence:9945,9945,7-9,7-9,,心慌,,心慌,,xīnhuāng,形,pymupdf-native-table,
hsk_exam2025,page:328;sequence:9946,9946,7-9,7-9,,心急如焚,,心急如焚,,xīnjí-rúfén,,pymupdf-native-table,
hsk_exam2025,page:328;sequence:9947,9947,7-9,7-9,,心灵手巧,,心灵手巧,,xīnlíng-shǒuqiǎo,,pymupdf-native-table,
hsk_exam2025,page:328;sequence:9948,9948,7-9,7-9,,芯片,,芯片,,xīnpiàn,名,pymupdf-native-table,
hsk_exam2025,page:328;sequence:9949,9949,7-9,7-9,,新奇,,新奇,,xīnqí,形,pymupdf-native-table,
hsk_exam2025,page:328;sequence:9950,9950,7-9,7-9,,辛勤,,辛勤,,xīnqín,形,pymupdf-native-table,
hsk_exam2025,page:328;sequence:9951,9951,7-9,7-9,,心声,,心声,,xīnshēng,名,pymupdf-native-table,
hsk_exam2025,page:328;sequence:9952,9952,7-9,7-9,,新生,,新生,,xīnshēng,形、名,pymupdf-native-table,
hsk_exam2025,page:328;sequence:9953,9953,7-9,7-9,,心事,,心事,,xīnshì,名,pymupdf-native-table,
hsk_exam2025,page:328;sequence:9954,9954,7-9,7-9,,新式,,新式,,xīnshì,形,pymupdf-native-table,
hsk_exam2025,page:328;sequence:9955,9955,7-9,7-9,,新手,,新手,,xīnshǒu,名,pymupdf-native-table,
hsk_exam2025,page:328;sequence:9956,9956,7-9,7-9,,心思,,心思,,xīnsi,名,pymupdf-native-table,
hsk_exam2025,page:328;sequence:9957,9957,7-9,7-9,,心酸,,心酸,,xīnsuān,形,pymupdf-native-table,
hsk_exam2025,page:328;sequence:9958,9958,7-9,7-9,,辛酸,,辛酸,,xīnsuān,形,pymupdf-native-table,
hsk_exam2025,page:328;sequence:9959,9959,7-9,7-9,,欣慰,,欣慰,,xīnwèi,形,pymupdf-native-table,
hsk_exam2025,page:328;sequence:9960,9960,7-9,7-9,,欣喜,,欣喜,,xīnxǐ,形,pymupdf-native-table,
hsk_exam2025,page:329;sequence:9961,9961,7-9,7-9,,心想事成,,心想事成,,xīnxiǎng-shìchéng,,pymupdf-native-table,
hsk_exam2025,page:329;sequence:9962,9962,7-9,7-9,,欣欣向荣,,欣欣向荣,,xīnxīn-xiàngróng,,pymupdf-native-table,
hsk_exam2025,page:329;sequence:9963,9963,7-9,7-9,,心胸,,心胸,,xīnxiōng,名,pymupdf-native-table,
hsk_exam2025,page:329;sequence:9964,9964,7-9,7-9,,心血,,心血,,xīnxuè,名,pymupdf-native-table,
hsk_exam2025,page:329;sequence:9965,9965,7-9,7-9,,心眼儿,,心眼儿,,xīnyǎnr,名,pymupdf-native-table,
hsk_exam2025,page:329;sequence:9966,9966,7-9,7-9,,心意,,心意,,xīnyì,名,pymupdf-native-table,
hsk_exam2025,page:329;sequence:9967,9967,7-9,7-9,,信贷,,信贷,,xìndài,名,pymupdf-native-table,
hsk_exam2025,page:329;sequence:9968,9968,7-9,7-9,,信件,,信件,,xìnjiàn,名,pymupdf-native-table,
hsk_exam2025,page:329;sequence:9969,9969,7-9,7-9,,信仰,,信仰,,xìnyǎng,动、名,pymupdf-native-table,
hsk_exam2025,page:329;sequence:9970,9970,7-9,7-9,,信誉,,信誉,,xìnyù,名,pymupdf-native-table,
hsk_exam2025,page:329;sequence:9971,9971,7-9,7-9,,腥,,腥,,xīng,形,pymupdf-native-table,
hsk_exam2025,page:329;sequence:9972,9972,7-9,7-9,,兴奋剂,,兴奋剂,,xīngfènjì,名,pymupdf-native-table,
hsk_exam2025,page:329;sequence:9973,9973,7-9,7-9,,星级,,星级,,xīngjí,名、形,pymupdf-native-table,
hsk_exam2025,page:329;sequence:9974,9974,7-9,7-9,,兴建,,兴建,,xīngjiàn,动,pymupdf-native-table,
hsk_exam2025,page:329;sequence:9975,9975,7-9,7-9,,兴隆,,兴隆,,xīnglóng,形,pymupdf-native-table,
hsk_exam2025,page:329;sequence:9976,9976,7-9,7-9,,星球,,星球,,xīngqiú,名,pymupdf-native-table,
hsk_exam2025,page:329;sequence:9977,9977,7-9,7-9,,兴盛,,兴盛,,xīngshèng,形,pymupdf-native-table,
hsk_exam2025,page:329;sequence:9978,9978,7-9,7-9,,兴旺,,兴旺,,xīngwàng,形,pymupdf-native-table,
hsk_exam2025,page:329;sequence:9979,9979,7-9,7-9,,星系,,星系,,xīngxì,名,pymupdf-native-table,
hsk_exam2025,page:329;sequence:9980,9980,7-9,7-9,,猩猩,,猩猩,,xīngxing,名,pymupdf-native-table,
hsk_exam2025,page:329;sequence:9981,9981,7-9,7-9,,星座,,星座,,xīngzuò,名,pymupdf-native-table,
hsk_exam2025,page:329;sequence:9982,9982,7-9,7-9,,刑法,,刑法,,xíngfǎ,名,pymupdf-native-table,
hsk_exam2025,page:329;sequence:9983,9983,7-9,7-9,,刑事,,刑事,,xíngshì,形,pymupdf-native-table,
hsk_exam2025,page:329;sequence:9984,9984,7-9,7-9,,行使,,行使,,xíngshǐ,动,pymupdf-native-table,
hsk_exam2025,page:329;sequence:9985,9985,7-9,7-9,,行星,,行星,,xíngxīng,名,pymupdf-native-table,
hsk_exam2025,page:329;sequence:9986,9986,7-9,7-9,,形形色色,,形形色色,,xíngxíngsèsè,形,pymupdf-native-table,
hsk_exam2025,page:329;sequence:9987,9987,7-9,7-9,,形影不离,,形影不离,,xíngyǐng-bùlí,,pymupdf-native-table,
hsk_exam2025,page:329;sequence:9988,9988,7-9,7-9,,行政,,行政,,xíngzhèng,动、名,pymupdf-native-table,
hsk_exam2025,page:329;sequence:9989,9989,7-9,7-9,,醒目,,醒目,,xǐngmù,形,pymupdf-native-table,
hsk_exam2025,page:329;sequence:9990,9990,7-9,7-9,,醒悟,,醒悟,,xǐngwù,动,pymupdf-native-table,
hsk_exam2025,page:329;sequence:9991,9991,7-9,7-9,,幸存,,幸存,,xìngcún,动,pymupdf-native-table,
hsk_exam2025,page:329;sequence:9992,9992,7-9,7-9,,性感,,性感,,xìnggǎn,形,pymupdf-native-table,
hsk_exam2025,page:329;sequence:9993,9993,7-9,7-9,,兴高采烈,,兴高采烈,,xìnggāo-cǎiliè,,pymupdf-native-table,
hsk_exam2025,page:329;sequence:9994,9994,7-9,7-9,,幸好,,幸好,,xìnghǎo,副,pymupdf-native-table,
hsk_exam2025,page:329;sequence:9995,9995,7-9,7-9,,幸亏,,幸亏,,xìngkuī,副,pymupdf-native-table,
hsk_exam2025,page:329;sequence:9996,9996,7-9,7-9,,幸免,,幸免,,xìngmiǎn,动,pymupdf-native-table,
hsk_exam2025,page:329;sequence:9997,9997,7-9,7-9,,性命,,性命,,xìngmìng,名,pymupdf-native-table,
hsk_exam2025,page:329;sequence:9998,9998,7-9,7-9,,性情,,性情,,xìngqíng,名,pymupdf-native-table,
hsk_exam2025,page:329;sequence:9999,9999,7-9,7-9,,姓氏,,姓氏,,xìngshì,名,pymupdf-native-table,
hsk_exam2025,page:329;sequence:10000,10000,7-9,7-9,,兴致,,兴致,,xìngzhì,名,pymupdf-native-table,
hsk_exam2025,page:330;sequence:10001,10001,7-9,7-9,,凶,,凶,,xiōng,形,pymupdf-native-table,
hsk_exam2025,page:330;sequence:10002,10002,7-9,7-9,,凶残,,凶残,,xiōngcán,形,pymupdf-native-table,
hsk_exam2025,page:330;sequence:10003,10003,7-9,7-9,,凶恶,,凶恶,,xiōng’è,形,pymupdf-native-table,
hsk_exam2025,page:330;sequence:10004,10004,7-9,7-9,,凶狠,,凶狠,,xiōnghěn,形,pymupdf-native-table,
hsk_exam2025,page:330;sequence:10005,10005,7-9,7-9,,胸怀,,胸怀,,xiōnghuái,动、名,pymupdf-native-table,
hsk_exam2025,page:330;sequence:10006,10006,7-9,7-9,,凶猛,,凶猛,,xiōngměng,形,pymupdf-native-table,
hsk_exam2025,page:330;sequence:10007,10007,7-9,7-9,,凶手,,凶手,,xiōngshǒu,名,pymupdf-native-table,
hsk_exam2025,page:330;sequence:10008,10008,7-9,7-9,,胸膛,,胸膛,,xiōngtáng,名,pymupdf-native-table,
hsk_exam2025,page:330;sequence:10009,10009,7-9,7-9,,汹涌,,汹涌,,xiōngyǒng,动,pymupdf-native-table,
hsk_exam2025,page:330;sequence:10010,10010,7-9,7-9,,胸有成竹,,胸有成竹,,xiōngyǒuchéngzhú,,pymupdf-native-table,
hsk_exam2025,page:330;sequence:10011,10011,7-9,7-9,,雄厚,,雄厚,,xiónghòu,形,pymupdf-native-table,
hsk_exam2025,page:330;sequence:10012,10012,7-9,7-9,,雄伟,,雄伟,,xióngwěi,形,pymupdf-native-table,
hsk_exam2025,page:330;sequence:10013,10013,7-9,7-9,,雄性,,雄性,,xióngxìng,名,pymupdf-native-table,
hsk_exam2025,page:330;sequence:10014,10014,7-9,7-9,,修补,,修补,,xiūbǔ,动,pymupdf-native-table,
hsk_exam2025,page:330;sequence:10015,10015,7-9,7-9,,修长,,修长,,xiūcháng,形,pymupdf-native-table,
hsk_exam2025,page:330;sequence:10016,10016,7-9,7-9,,羞耻,,羞耻,,xiūchǐ,形,pymupdf-native-table,
hsk_exam2025,page:330;sequence:10017,10017,7-9,7-9,,休克,,休克,,xiūkè,名、动,pymupdf-native-table,
hsk_exam2025,page:330;sequence:10018,10018,7-9,7-9,,羞愧,,羞愧,,xiūkuì,形,pymupdf-native-table,
hsk_exam2025,page:330;sequence:10019,10019,7-9,7-9,,休眠,,休眠,,xiūmián,动,pymupdf-native-table,
hsk_exam2025,page:330;sequence:10020,10020,7-9,7-9,,休想,,休想,,xiūxiǎng,动,pymupdf-native-table,
hsk_exam2025,page:330;sequence:10021,10021,7-9,7-9,,休养,,休养,,xiūyǎng,动,pymupdf-native-table,
hsk_exam2025,page:330;sequence:10022,10022,7-9,7-9,,修养,,修养,,xiūyǎng,名,pymupdf-native-table,
hsk_exam2025,page:330;sequence:10023,10023,7-9,7-9,,修正,,修正,,xiūzhèng,动,pymupdf-native-table,
hsk_exam2025,page:330;sequence:10024,10024,7-9,7-9,,绣,,绣,,xiù,动,pymupdf-native-table,
hsk_exam2025,page:330;sequence:10025,10025,7-9,7-9,,锈,,锈,,xiù,名、动,pymupdf-native-table,
hsk_exam2025,page:330;sequence:10026,10026,7-9,7-9,,嗅,,嗅,,xiù,动,pymupdf-native-table,
hsk_exam2025,page:330;sequence:10027,10027,7-9,7-9,,嗅觉,,嗅觉,,xiùjué,名,pymupdf-native-table,
hsk_exam2025,page:330;sequence:10028,10028,7-9,7-9,,秀丽,,秀丽,,xiùlì,形,pymupdf-native-table,
hsk_exam2025,page:330;sequence:10029,10029,7-9,7-9,,秀美,,秀美,,xiùměi,形,pymupdf-native-table,
hsk_exam2025,page:330;sequence:10030,10030,7-9,7-9,,袖手旁观,,袖手旁观,,xiùshǒu-pángguān,,pymupdf-native-table,
hsk_exam2025,page:330;sequence:10031,10031,7-9,7-9,,袖珍,,袖珍,,xiùzhēn,形,pymupdf-native-table,
hsk_exam2025,page:330;sequence:10032,10032,7-9,7-9,,须,,须,,xū,动,pymupdf-native-table,
hsk_exam2025,page:330;sequence:10033,10033,7-9,7-9,,虚,,虚,,xū,形、副,pymupdf-native-table,
hsk_exam2025,page:330;sequence:10034,10034,7-9,7-9,,虚构,,虚构,,xūgòu,动,pymupdf-native-table,
hsk_exam2025,page:330;sequence:10035,10035,7-9,7-9,,虚幻,,虚幻,,xūhuàn,形,pymupdf-native-table,
hsk_exam2025,page:330;sequence:10036,10036,7-9,7-9,,虚假,,虚假,,xūjiǎ,形,pymupdf-native-table,
hsk_exam2025,page:330;sequence:10037,10037,7-9,7-9,,虚拟,,虚拟,,xūnǐ,动、形,pymupdf-native-table,
hsk_exam2025,page:330;sequence:10038,10038,7-9,7-9,,虚荣,,虚荣,,xūróng,名、形,pymupdf-native-table,
hsk_exam2025,page:330;sequence:10039,10039,7-9,7-9,,虚弱,,虚弱,,xūruò,形,pymupdf-native-table,
hsk_exam2025,page:330;sequence:10040,10040,7-9,7-9,,虚伪,,虚伪,,xūwěi,形,pymupdf-native-table,
hsk_exam2025,page:331;sequence:10041,10041,7-9,7-9,,须知,,须知,,xūzhī,名、动,pymupdf-native-table,
hsk_exam2025,page:331;sequence:10042,10042,7-9,7-9,,徐徐,,徐徐,,xúxú,形,pymupdf-native-table,
hsk_exam2025,page:331;sequence:10043,10043,7-9,7-9,,许,,许,,xǔ,动、副,pymupdf-native-table,
hsk_exam2025,page:331;sequence:10044,10044,7-9,7-9,,许愿,,许愿,,xǔyuàn,动,pymupdf-native-table,
hsk_exam2025,page:331;sequence:10045,10045,7-9,7-9,,序,,序,,xù,名,pymupdf-native-table,
hsk_exam2025,page:331;sequence:10046,10046,7-9,7-9,,续,,续,,xù,动,pymupdf-native-table,
hsk_exam2025,page:331;sequence:10047,10047,7-9,7-9,,絮叨,,絮叨,,xùdao,形、动,pymupdf-native-table,
hsk_exam2025,page:331;sequence:10048,10048,7-9,7-9,,续航,,续航,,xùháng,动,pymupdf-native-table,
hsk_exam2025,page:331;sequence:10049,10049,7-9,7-9,,酗酒,,酗酒,,xùjiǔ,动,pymupdf-native-table,
hsk_exam2025,page:331;sequence:10050,10050,7-9,7-9,,序列,,序列,,xùliè,名,pymupdf-native-table,
hsk_exam2025,page:331;sequence:10051,10051,7-9,7-9,,畜牧,,畜牧,,xùmù,名,pymupdf-native-table,
hsk_exam2025,page:331;sequence:10052,10052,7-9,7-9,,序幕,,序幕,,xùmù,名,pymupdf-native-table,
hsk_exam2025,page:331;sequence:10053,10053,7-9,7-9,,旭日,,旭日,,xùrì,名,pymupdf-native-table,
hsk_exam2025,page:331;sequence:10054,10054,7-9,7-9,,序言,,序言,,xùyán,名,pymupdf-native-table,
hsk_exam2025,page:331;sequence:10055,10055,7-9,7-9,,宣称,,宣称,,xuānchēng,动,pymupdf-native-table,
hsk_exam2025,page:331;sequence:10056,10056,7-9,7-9,,宣读,,宣读,,xuāndú,动,pymupdf-native-table,
hsk_exam2025,page:331;sequence:10057,10057,7-9,7-9,,宣告,,宣告,,xuāngào,动,pymupdf-native-table,
hsk_exam2025,page:331;sequence:10058,10058,7-9,7-9,,喧哗,,喧哗,,xuānhuá,形、动,pymupdf-native-table,
hsk_exam2025,page:331;sequence:10059,10059,7-9,7-9,,喧闹,,喧闹,,xuānnào,形、动,pymupdf-native-table,
hsk_exam2025,page:331;sequence:10060,10060,7-9,7-9,,宣誓,,宣誓,,xuānshì,动,pymupdf-native-table,
hsk_exam2025,page:331;sequence:10061,10061,7-9,7-9,,宣泄,,宣泄,,xuānxiè,动,pymupdf-native-table,
hsk_exam2025,page:331;sequence:10062,10062,7-9,7-9,,宣言,,宣言,,xuānyán,名、动,pymupdf-native-table,
hsk_exam2025,page:331;sequence:10063,10063,7-9,7-9,,宣扬,,宣扬,,xuānyáng,动,pymupdf-native-table,
hsk_exam2025,page:331;sequence:10064,10064,7-9,7-9,,玄,,玄,,xuán,形,pymupdf-native-table,
hsk_exam2025,page:331;sequence:10065,10065,7-9,7-9,,悬,,悬,,xuán,动,pymupdf-native-table,
hsk_exam2025,page:331;sequence:10066,10066,7-9,7-9,,悬挂,,悬挂,,xuánguà,动,pymupdf-native-table,
hsk_exam2025,page:331;sequence:10067,10067,7-9,7-9,,玄机,,玄机,,xuánjī,名,pymupdf-native-table,
hsk_exam2025,page:331;sequence:10068,10068,7-9,7-9,,旋律,,旋律,,xuánlǜ,名,pymupdf-native-table,
hsk_exam2025,page:331;sequence:10069,10069,7-9,7-9,,悬念,,悬念,,xuánniàn,名,pymupdf-native-table,
hsk_exam2025,page:331;sequence:10070,10070,7-9,7-9,,悬殊,,悬殊,,xuánshū,形,pymupdf-native-table,
hsk_exam2025,page:331;sequence:10071,10071,7-9,7-9,,旋涡,,旋涡,,xuánwō,名,pymupdf-native-table,
hsk_exam2025,page:331;sequence:10072,10072,7-9,7-9,,悬崖,,悬崖,,xuányá,名,pymupdf-native-table,
hsk_exam2025,page:331;sequence:10073,10073,7-9,7-9,,选举,,选举,,xuǎnjǔ,动,pymupdf-native-table,
hsk_exam2025,page:331;sequence:10074,10074,7-9,7-9,,选民,,选民,,xuǎnmín,名,pymupdf-native-table,
hsk_exam2025,page:331;sequence:10075,10075,7-9,7-9,,选项,,选项,,xuǎnxiàng,名,pymupdf-native-table,
hsk_exam2025,page:331;sequence:10076,10076,7-9,7-9,,选用,,选用,,xuǎnyòng,动,pymupdf-native-table,
hsk_exam2025,page:331;sequence:10077,10077,7-9,7-9,,炫耀,,炫耀,,xuànyào,动,pymupdf-native-table,
hsk_exam2025,page:331;sequence:10078,10078,7-9,7-9,,削减,,削减,,xuējiǎn,动,pymupdf-native-table,
hsk_exam2025,page:331;sequence:10079,10079,7-9,7-9,,削弱,,削弱,,xuēruò,动,pymupdf-native-table,
hsk_exam2025,page:331;sequence:10080,10080,7-9,7-9,,靴子,,靴子,,xuēzi,名,pymupdf-native-table,
hsk_exam2025,page:332;sequence:10081,10081,7-9,7-9,,学识,,学识,,xuéshí,名,pymupdf-native-table,
hsk_exam2025,page:332;sequence:10082,10082,7-9,7-9,,学士,,学士,,xuéshì,名,pymupdf-native-table,
hsk_exam2025,page:332;sequence:10083,10083,7-9,7-9,,学说,,学说,,xuéshuō,名,pymupdf-native-table,
hsk_exam2025,page:332;sequence:10084,10084,7-9,7-9,,穴位,,穴位,,xuéwèi,名,pymupdf-native-table,
hsk_exam2025,page:332;sequence:10085,10085,7-9,7-9,,学业,,学业,,xuéyè,名,pymupdf-native-table,
hsk_exam2025,page:332;sequence:10086,10086,7-9,7-9,,学子,,学子,,xuézǐ,名,pymupdf-native-table,
hsk_exam2025,page:332;sequence:10087,10087,7-9,7-9,,雪山,,雪山,,xuěshān,名,pymupdf-native-table,
hsk_exam2025,page:332;sequence:10088,10088,7-9,7-9,,雪上加霜,,雪上加霜,,xuěshàng-jiāshuāng,,pymupdf-native-table,
hsk_exam2025,page:332;sequence:10089,10089,7-9,7-9,,血脉,,血脉,,xuèmài,名,pymupdf-native-table,
hsk_exam2025,page:332;sequence:10090,10090,7-9,7-9,,血缘,,血缘,,xuèyuán,名,pymupdf-native-table,
hsk_exam2025,page:332;sequence:10091,10091,7-9,7-9,,熏,,熏,,xūn,动,pymupdf-native-table,
hsk_exam2025,page:332;sequence:10092,10092,7-9,7-9,,熏陶,,熏陶,,xūntáo,动,pymupdf-native-table,
hsk_exam2025,page:332;sequence:10093,10093,7-9,7-9,,勋章,,勋章,,xūnzhāng,名,pymupdf-native-table,
hsk_exam2025,page:332;sequence:10094,10094,7-9,7-9,,旬,,旬,,xún,量,pymupdf-native-table,
hsk_exam2025,page:332;sequence:10095,10095,7-9,7-9,,寻,,寻,,xún,动,pymupdf-native-table,
hsk_exam2025,page:332;sequence:10096,10096,7-9,7-9,,寻常,,寻常,,xúncháng,形,pymupdf-native-table,
hsk_exam2025,page:332;sequence:10097,10097,7-9,7-9,,巡回,,巡回,,xúnhuí,动,pymupdf-native-table,
hsk_exam2025,page:332;sequence:10098,10098,7-9,7-9,,巡逻,,巡逻,,xúnluó,动,pymupdf-native-table,
hsk_exam2025,page:332;sequence:10099,10099,7-9,7-9,,寻觅,,寻觅,,xúnmì,动,pymupdf-native-table,
hsk_exam2025,page:332;sequence:10100,10100,7-9,7-9,,巡视,,巡视,,xúnshì,动,pymupdf-native-table,
hsk_exam2025,page:332;sequence:10101,10101,7-9,7-9,,循序渐进,,循序渐进,,xúnxù-jiànjìn,,pymupdf-native-table,
hsk_exam2025,page:332;sequence:10102,10102,7-9,7-9,,训,,训,,xùn,动,pymupdf-native-table,
hsk_exam2025,page:332;sequence:10103,10103,7-9,7-9,,驯,,驯,,xùn,动,pymupdf-native-table,
hsk_exam2025,page:332;sequence:10104,10104,7-9,7-9,,迅猛,,迅猛,,xùnměng,形,pymupdf-native-table,
hsk_exam2025,page:332;sequence:10105,10105,7-9,7-9,,逊色,,逊色,,xùnsè,名、形,pymupdf-native-table,
hsk_exam2025,page:332;sequence:10106,10106,7-9,7-9,,押,,押,,yā,动,pymupdf-native-table,
hsk_exam2025,page:332;sequence:10107,10107,7-9,7-9,,压倒,,压倒,,yādǎo,动,pymupdf-native-table,
hsk_exam2025,page:332;sequence:10108,10108,7-9,7-9,,压迫,,压迫,,yāpò,动,pymupdf-native-table,
hsk_exam2025,page:332;sequence:10109,10109,7-9,7-9,,鸦雀无声,,鸦雀无声,,yāquè-wúshēng,,pymupdf-native-table,
hsk_exam2025,page:332;sequence:10110,10110,7-9,7-9,,丫头,,丫头,,yātou,名,pymupdf-native-table,
hsk_exam2025,page:332;sequence:10111,10111,7-9,7-9,,压抑,,压抑,,yāyì,动,pymupdf-native-table,
hsk_exam2025,page:332;sequence:10112,10112,7-9,7-9,,压榨,,压榨,,yāzhà,动,pymupdf-native-table,
hsk_exam2025,page:332;sequence:10113,10113,7-9,7-9,,压制,,压制,,yāzhì,动,pymupdf-native-table,
hsk_exam2025,page:332;sequence:10114,10114,7-9,7-9,,压轴,,压轴,,yāzhòu,动、名,pymupdf-native-table,
hsk_exam2025,page:332;sequence:10115,10115,7-9,7-9,,芽,,芽,,yá,名,pymupdf-native-table,
hsk_exam2025,page:332;sequence:10116,10116,7-9,7-9,,哑,,哑,,yǎ,形,pymupdf-native-table,
hsk_exam2025,page:332;sequence:10117,10117,7-9,7-9,,揠苗助长,,揠苗助长,,yàmiáo-zhùzhǎng,,pymupdf-native-table,
hsk_exam2025,page:332;sequence:10118,10118,7-9,7-9,,烟囱,,烟囱,,yāncōng,名,pymupdf-native-table,
hsk_exam2025,page:332;sequence:10119,10119,7-9,7-9,,咽喉,,咽喉,,yānhóu,名,pymupdf-native-table,
hsk_exam2025,page:332;sequence:10120,10120,7-9,7-9,,烟花,,烟花,,yānhuā,名,pymupdf-native-table,
hsk_exam2025,page:333;sequence:10121,10121,7-9,7-9,,烟火,,烟火,,yānhuǒ,名,pymupdf-native-table,
hsk_exam2025,page:333;sequence:10122,10122,7-9,7-9,,延,,延,,yán,动,pymupdf-native-table,
hsk_exam2025,page:333;sequence:10123,10123,7-9,7-9,,沿岸,,沿岸,,yán’àn,名,pymupdf-native-table,
hsk_exam2025,page:333;sequence:10124,10124,7-9,7-9,,言辞,,言辞,,yáncí,名,pymupdf-native-table,
hsk_exam2025,page:333;sequence:10125,10125,7-9,7-9,,延缓,,延缓,,yánhuǎn,动,pymupdf-native-table,
hsk_exam2025,page:333;sequence:10126,10126,7-9,7-9,,严谨,,严谨,,yánjǐn,形,pymupdf-native-table,
hsk_exam2025,page:333;sequence:10127,10127,7-9,7-9,,严峻,,严峻,,yánjùn,形,pymupdf-native-table,
hsk_exam2025,page:333;sequence:10128,10128,7-9,7-9,,言论,,言论,,yánlùn,名,pymupdf-native-table,
hsk_exam2025,page:333;sequence:10129,10129,7-9,7-9,,严密,,严密,,yánmì,形,pymupdf-native-table,
hsk_exam2025,page:333;sequence:10130,10130,7-9,7-9,,岩石,,岩石,,yánshí,名,pymupdf-native-table,
hsk_exam2025,page:333;sequence:10131,10131,7-9,7-9,,沿途,,沿途,,yántú,名、副,pymupdf-native-table,
hsk_exam2025,page:333;sequence:10132,10132,7-9,7-9,,阎王,,阎王,,Yánwang,名,pymupdf-native-table,
hsk_exam2025,page:333;sequence:10133,10133,7-9,7-9,,延误,,延误,,yánwù,动,pymupdf-native-table,
hsk_exam2025,page:333;sequence:10134,10134,7-9,7-9,,沿线,,沿线,,yánxiàn,名,pymupdf-native-table,
hsk_exam2025,page:333;sequence:10135,10135,7-9,7-9,,言行,,言行,,yánxíng,名,pymupdf-native-table,
hsk_exam2025,page:333;sequence:10136,10136,7-9,7-9,,沿用,,沿用,,yányòng,动,pymupdf-native-table,
hsk_exam2025,page:333;sequence:10137,10137,7-9,7-9,,演变,,演变,,yǎnbiàn,动,pymupdf-native-table,
hsk_exam2025,page:333;sequence:10138,10138,7-9,7-9,,掩耳盗铃,,掩耳盗铃,,yǎn’ěr-dàolíng,,pymupdf-native-table,
hsk_exam2025,page:333;sequence:10139,10139,7-9,7-9,,掩盖,,掩盖,,yǎngài,动,pymupdf-native-table,
hsk_exam2025,page:333;sequence:10140,10140,7-9,7-9,,眼红,,眼红,,yǎnhóng,形,pymupdf-native-table,
hsk_exam2025,page:333;sequence:10141,10141,7-9,7-9,,掩护,,掩护,,yǎnhù,动、名,pymupdf-native-table,
hsk_exam2025,page:333;sequence:10142,10142,7-9,7-9,,演化,,演化,,yǎnhuà,动,pymupdf-native-table,
hsk_exam2025,page:333;sequence:10143,10143,7-9,7-9,,演技,,演技,,yǎnjì,名,pymupdf-native-table,
hsk_exam2025,page:333;sequence:10144,10144,7-9,7-9,,眼界,,眼界,,yǎnjiè,名,pymupdf-native-table,
hsk_exam2025,page:333;sequence:10145,10145,7-9,7-9,,演练,,演练,,yǎnliàn,动,pymupdf-native-table,
hsk_exam2025,page:333;sequence:10146,10146,7-9,7-9,,眼色,,眼色,,yǎnsè,名,pymupdf-native-table,
hsk_exam2025,page:333;sequence:10147,10147,7-9,7-9,,眼神,,眼神,,yǎnshén,名,pymupdf-native-table,
hsk_exam2025,page:333;sequence:10148,10148,7-9,7-9,,衍生,,衍生,,yǎnshēng,动,pymupdf-native-table,
hsk_exam2025,page:333;sequence:10149,10149,7-9,7-9,,掩饰,,掩饰,,yǎnshì,动,pymupdf-native-table,
hsk_exam2025,page:333;sequence:10150,10150,7-9,7-9,,演示,,演示,,yǎnshì,动,pymupdf-native-table,
hsk_exam2025,page:333;sequence:10151,10151,7-9,7-9,,演说,,演说,,yǎnshuō,动、名,pymupdf-native-table,
hsk_exam2025,page:333;sequence:10152,10152,7-9,7-9,,演习,,演习,,yǎnxí,动,pymupdf-native-table,
hsk_exam2025,page:333;sequence:10153,10153,7-9,7-9,,眼下,,眼下,,yǎnxià,名,pymupdf-native-table,
hsk_exam2025,page:333;sequence:10154,10154,7-9,7-9,,演绎,,演绎,,yǎnyì,动,pymupdf-native-table,
hsk_exam2025,page:333;sequence:10155,10155,7-9,7-9,,咽,,咽,,yàn,动,pymupdf-native-table,
hsk_exam2025,page:333;sequence:10156,10156,7-9,7-9,,验,,验,,yàn,动,pymupdf-native-table,
hsk_exam2025,page:333;sequence:10157,10157,7-9,7-9,,厌烦,,厌烦,,yànfán,动,pymupdf-native-table,
hsk_exam2025,page:333;sequence:10158,10158,7-9,7-9,,厌倦,,厌倦,,yànjuàn,动,pymupdf-native-table,
hsk_exam2025,page:333;sequence:10159,10159,7-9,7-9,,艳丽,,艳丽,,yànlì,形,pymupdf-native-table,
hsk_exam2025,page:333;sequence:10160,10160,7-9,7-9,,验收,,验收,,yànshōu,动,pymupdf-native-table,
hsk_exam2025,page:334;sequence:10161,10161,7-9,7-9,,厌恶,,厌恶,,yànwù,动,pymupdf-native-table,
hsk_exam2025,page:334;sequence:10162,10162,7-9,7-9,,燕子,,燕子,,yànzi,名,pymupdf-native-table,
hsk_exam2025,page:334;sequence:10163,10163,7-9,7-9,,秧歌,,秧歌,,yāngge,名,pymupdf-native-table,
hsk_exam2025,page:334;sequence:10164,10164,7-9,7-9,,扬,,扬,,yáng,动,pymupdf-native-table,
hsk_exam2025,page:334;sequence:10165,10165,7-9,7-9,,阳历,,阳历,,yánglì,名,pymupdf-native-table,
hsk_exam2025,page:334;sequence:10166,10166,7-9,7-9,,杨树,,杨树,,yángshù,名,pymupdf-native-table,
hsk_exam2025,page:334;sequence:10167,10167,7-9,7-9,,阳性,,阳性,,yángxìng,名,pymupdf-native-table,
hsk_exam2025,page:334;sequence:10168,10168,7-9,7-9,,洋溢,,洋溢,,yángyì,动,pymupdf-native-table,
hsk_exam2025,page:334;sequence:10169,10169,7-9,7-9,,养活,,养活,,yǎnghuo,动,pymupdf-native-table,
hsk_exam2025,page:334;sequence:10170,10170,7-9,7-9,,养生,,养生,,yǎngshēng,动,pymupdf-native-table,
hsk_exam2025,page:334;sequence:10171,10171,7-9,7-9,,仰望,,仰望,,yǎngwàng,动,pymupdf-native-table,
hsk_exam2025,page:334;sequence:10172,10172,7-9,7-9,,养育,,养育,,yǎngyù,动,pymupdf-native-table,
hsk_exam2025,page:334;sequence:10173,10173,7-9,7-9,,养殖,,养殖,,yǎngzhí,动,pymupdf-native-table,
hsk_exam2025,page:334;sequence:10174,10174,7-9,7-9,,样本,,样本,,yàngběn,名,pymupdf-native-table,
hsk_exam2025,page:334;sequence:10175,10175,7-9,7-9,,样品,,样品,,yàngpǐn,名,pymupdf-native-table,
hsk_exam2025,page:334;sequence:10176,10176,7-9,7-9,,邀,,邀,,yāo,动,pymupdf-native-table,
hsk_exam2025,page:334;sequence:10177,10177,7-9,7-9,,妖怪,,妖怪,,yāoguài,名,pymupdf-native-table,
hsk_exam2025,page:334;sequence:10178,10178,7-9,7-9,,窑,,窑,,yáo,名,pymupdf-native-table,
hsk_exam2025,page:334;sequence:10179,10179,7-9,7-9,,摇摆,,摇摆,,yáobǎi,动,pymupdf-native-table,
hsk_exam2025,page:334;sequence:10180,10180,7-9,7-9,,摇晃,,摇晃,,yáohuàng,动,pymupdf-native-table,
hsk_exam2025,page:334;sequence:10181,10181,7-9,7-9,,遥控,,遥控,,yáokòng,动,pymupdf-native-table,
hsk_exam2025,page:334;sequence:10182,10182,7-9,7-9,,摇篮,,摇篮,,yáolán,名,pymupdf-native-table,
hsk_exam2025,page:334;sequence:10183,10183,7-9,7-9,,谣言,,谣言,,yáoyán,名,pymupdf-native-table,
hsk_exam2025,page:334;sequence:10184,10184,7-9,7-9,,摇摇欲坠,,摇摇欲坠,,yáoyáo-yùzhuì,,pymupdf-native-table,
hsk_exam2025,page:334;sequence:10185,10185,7-9,7-9,,药材,,药材,,yàocái,名,pymupdf-native-table,
hsk_exam2025,page:334;sequence:10186,10186,7-9,7-9,,药方,,药方,,yàofāng,名,pymupdf-native-table,
hsk_exam2025,page:334;sequence:10187,10187,7-9,7-9,,要害,,要害,,yàohài,名,pymupdf-native-table,
hsk_exam2025,page:334;sequence:10188,10188,7-9,7-9,,要好,,要好,,yàohǎo,形,pymupdf-native-table,
hsk_exam2025,page:334;sequence:10189,10189,7-9,7-9,,要紧,,要紧,,yàojǐn,形,pymupdf-native-table,
hsk_exam2025,page:334;sequence:10190,10190,7-9,7-9,,要领,,要领,,yàolǐng,名,pymupdf-native-table,
hsk_exam2025,page:334;sequence:10191,10191,7-9,7-9,,要命,,要命,,yàomìng,动,pymupdf-native-table,
hsk_exam2025,page:334;sequence:10192,10192,7-9,7-9,,要强,,要强,,yàoqiáng,形,pymupdf-native-table,
hsk_exam2025,page:334;sequence:10193,10193,7-9,7-9,,耀眼,,耀眼,,yàoyǎn,形,pymupdf-native-table,
hsk_exam2025,page:334;sequence:10194,10194,7-9,7-9,,椰子,,椰子,,yēzi,名,pymupdf-native-table,
hsk_exam2025,page:334;sequence:10195,10195,7-9,7-9,,野餐,,野餐,,yěcān,动、名,pymupdf-native-table,
hsk_exam2025,page:334;sequence:10196,10196,7-9,7-9,,野蛮,,野蛮,,yěmán,形,pymupdf-native-table,
hsk_exam2025,page:334;sequence:10197,10197,7-9,7-9,,野兽,,野兽,,yěshòu,名,pymupdf-native-table,
hsk_exam2025,page:334;sequence:10198,10198,7-9,7-9,,野心,,野心,,yěxīn,名,pymupdf-native-table,
hsk_exam2025,page:334;sequence:10199,10199,7-9,7-9,,夜班,,夜班,,yèbān,名,pymupdf-native-table,
hsk_exam2025,page:334;sequence:10200,10200,7-9,7-9,,业绩,,业绩,,yèjì,名,pymupdf-native-table,
hsk_exam2025,page:335;sequence:10201,10201,7-9,7-9,,液晶,,液晶,,yèjīng,名,pymupdf-native-table,
hsk_exam2025,page:335;sequence:10202,10202,7-9,7-9,,夜校,,夜校,,yèxiào,名,pymupdf-native-table,
hsk_exam2025,page:335;sequence:10203,10203,7-9,7-9,,夜宵,,夜宵,,yèxiāo,名,pymupdf-native-table,
hsk_exam2025,page:335;sequence:10204,10204,7-9,7-9,,夜以继日,,夜以继日,,yèyǐjìrì,,pymupdf-native-table,
hsk_exam2025,page:335;sequence:10205,10205,7-9,7-9,,依,,依,,yī,动、介,pymupdf-native-table,
hsk_exam2025,page:335;sequence:10206,10206,7-9,7-9,,依次,,依次,,yīcì,副,pymupdf-native-table,
hsk_exam2025,page:335;sequence:10207,10207,7-9,7-9,,依法,,依法,,yīfǎ,副,pymupdf-native-table,
hsk_exam2025,page:335;sequence:10208,10208,7-9,7-9,,依附,,依附,,yīfù,动,pymupdf-native-table,
hsk_exam2025,page:335;sequence:10209,10209,7-9,7-9,,衣裳,,衣裳,,yīshang,名,pymupdf-native-table,
hsk_exam2025,page:335;sequence:10210,10210,7-9,7-9,,依托,,依托,,yītuō,动,pymupdf-native-table,
hsk_exam2025,page:335;sequence:10211,10211,7-9,7-9,,医务,,医务,,yīwù,名,pymupdf-native-table,
hsk_exam2025,page:335;sequence:10212,10212,7-9,7-9,,一线,,一线,,yīxiàn,名,pymupdf-native-table,
hsk_exam2025,page:335;sequence:10213,10213,7-9,7-9,,依依不舍,,依依不舍,,yīyī-bùshě,,pymupdf-native-table,
hsk_exam2025,page:335;sequence:10214,10214,7-9,7-9,,依照,,依照,,yīzhào,动、介,pymupdf-native-table,
hsk_exam2025,page:335;sequence:10215,10215,7-9,7-9,,仪表,,仪表,,yíbiǎo,名,pymupdf-native-table,
hsk_exam2025,page:335;sequence:10216,10216,7-9,7-9,,一并,,一并,,yíbìng,副,pymupdf-native-table,
hsk_exam2025,page:335;sequence:10217,10217,7-9,7-9,,疑点,,疑点,,yídiǎn,名,pymupdf-native-table,
hsk_exam2025,page:335;sequence:10218,10218,7-9,7-9,,一动不动,,一动不动,,yídòng-búdòng,,pymupdf-native-table,
hsk_exam2025,page:335;sequence:10219,10219,7-9,7-9,,一度,,一度,,yídù,数量、副,pymupdf-native-table,
hsk_exam2025,page:335;sequence:10220,10220,7-9,7-9,,一概,,一概,,yígài,副,pymupdf-native-table,
hsk_exam2025,page:335;sequence:10221,10221,7-9,7-9,,一概而论,,一概而论,,yígài’érlùn,,pymupdf-native-table,
hsk_exam2025,page:335;sequence:10222,10222,7-9,7-9,,一晃,,一晃,,yíhuàng,动,pymupdf-native-table,
hsk_exam2025,page:335;sequence:10223,10223,7-9,7-9,,移交,,移交,,yíjiāo,动,pymupdf-native-table,
hsk_exam2025,page:335;sequence:10224,10224,7-9,7-9,,一技之长,,一技之长,,yíjìzhīcháng,,pymupdf-native-table,
hsk_exam2025,page:335;sequence:10225,10225,7-9,7-9,,宜居,,宜居,,yíjū,形,pymupdf-native-table,
hsk_exam2025,page:335;sequence:10226,10226,7-9,7-9,,遗留,,遗留,,yíliú,动,pymupdf-native-table,
hsk_exam2025,page:335;sequence:10227,10227,7-9,7-9,,遗漏,,遗漏,,yílòu,动,pymupdf-native-table,
hsk_exam2025,page:335;sequence:10228,10228,7-9,7-9,,疑虑,,疑虑,,yílǜ,动、名,pymupdf-native-table,
hsk_exam2025,page:335;sequence:10229,10229,7-9,7-9,,一面,,一面,,yímiàn,名、副,pymupdf-native-table,
hsk_exam2025,page:335;sequence:10230,10230,7-9,7-9,,一目了然,,一目了然,,yímù-liǎorán,,pymupdf-native-table,
hsk_exam2025,page:335;sequence:10231,10231,7-9,7-9,,遗弃,,遗弃,,yíqì,动,pymupdf-native-table,
hsk_exam2025,page:335;sequence:10232,10232,7-9,7-9,,怡然自得,,怡然自得,,yírán-zìdé,,pymupdf-native-table,
hsk_exam2025,page:335;sequence:10233,10233,7-9,7-9,,宜人,,宜人,,yírén,形,pymupdf-native-table,
hsk_exam2025,page:335;sequence:10234,10234,7-9,7-9,,遗失,,遗失,,yíshī,动,pymupdf-native-table,
hsk_exam2025,page:335;sequence:10235,10235,7-9,7-9,,一事无成,,一事无成,,yíshì-wúchéng,,pymupdf-native-table,
hsk_exam2025,page:335;sequence:10236,10236,7-9,7-9,,遗体,,遗体,,yítǐ,名,pymupdf-native-table,
hsk_exam2025,page:335;sequence:10237,10237,7-9,7-9,,遗忘,,遗忘,,yíwàng,动,pymupdf-native-table,
hsk_exam2025,page:335;sequence:10238,10238,7-9,7-9,,一味,,一味,,yíwèi,副,pymupdf-native-table,
hsk_exam2025,page:335;sequence:10239,10239,7-9,7-9,,遗物,,遗物,,yíwù,名,pymupdf-native-table,
hsk_exam2025,page:335;sequence:10240,10240,7-9,7-9,,移植,,移植,,yízhí,动,pymupdf-native-table,
hsk_exam2025,page:336;sequence:10241,10241,7-9,7-9,,遗嘱,,遗嘱,,yízhǔ,名,pymupdf-native-table,
hsk_exam2025,page:336;sequence:10242,10242,7-9,7-9,,矣,,矣,,yǐ,助,pymupdf-native-table,
hsk_exam2025,page:336;sequence:10243,10243,7-9,7-9,,倚,,倚,,yǐ,动,pymupdf-native-table,
hsk_exam2025,page:336;sequence:10244,10244,7-9,7-9,,以身作则,,以身作则,,yǐshēn-zuòzé,,pymupdf-native-table,
hsk_exam2025,page:336;sequence:10245,10245,7-9,7-9,,以致,,以致,,yǐzhì,连,pymupdf-native-table,
hsk_exam2025,page:336;sequence:10246,10246,7-9,7-9,,以至于,,以至于,,yǐzhìyú,连,pymupdf-native-table,
hsk_exam2025,page:336;sequence:10247,10247,7-9,7-9,,议,,议,,yì,动,pymupdf-native-table,
hsk_exam2025,page:336;sequence:10248,10248,7-9,7-9,,亦,,亦,,yì,副,pymupdf-native-table,
hsk_exam2025,page:336;sequence:10249,10249,7-9,7-9,,译,,译,,yì,动,pymupdf-native-table,
hsk_exam2025,page:336;sequence:10250,10250,7-9,7-9,,溢,,溢,,yì,动,pymupdf-native-table,
hsk_exam2025,page:336;sequence:10251,10251,7-9,7-9,,议程,,议程,,yìchéng,名,pymupdf-native-table,
hsk_exam2025,page:336;sequence:10252,10252,7-9,7-9,,一成不变,,一成不变,,yìchéng-búbiàn,,pymupdf-native-table,
hsk_exam2025,page:336;sequence:10253,10253,7-9,7-9,,一筹莫展,,一筹莫展,,yìchóu-mòzhǎn,,pymupdf-native-table,
hsk_exam2025,page:336;sequence:10254,10254,7-9,7-9,,一干二净,,一干二净,,yìgān-èrjìng,,pymupdf-native-table,
hsk_exam2025,page:336;sequence:10255,10255,7-9,7-9,,义工,,义工,,yìgōng,名,pymupdf-native-table,
hsk_exam2025,page:336;sequence:10256,10256,7-9,7-9,,一鼓作气,,一鼓作气,,yìgǔ-zuòqì,,pymupdf-native-table,
hsk_exam2025,page:336;sequence:10257,10257,7-9,7-9,,一经,,一经,,yìjīng,副,pymupdf-native-table,
hsk_exam2025,page:336;sequence:10258,10258,7-9,7-9,,一举,,一举,,yìjǔ,名、副,pymupdf-native-table,
hsk_exam2025,page:336;sequence:10259,10259,7-9,7-9,,一举两得,,一举两得,,yìjǔ-liǎngdé,,pymupdf-native-table,
hsk_exam2025,page:336;sequence:10260,10260,7-9,7-9,,一举一动,,一举一动,,yìjǔ-yídòng,,pymupdf-native-table,
hsk_exam2025,page:336;sequence:10261,10261,7-9,7-9,,异口同声,,异口同声,,yìkǒu-tóngshēng,,pymupdf-native-table,
hsk_exam2025,page:336;sequence:10262,10262,7-9,7-9,,易拉罐,,易拉罐,,yìlāguàn,名,pymupdf-native-table,
hsk_exam2025,page:336;sequence:10263,10263,7-9,7-9,,一揽子,,一揽子,,yìlǎnzi,形,pymupdf-native-table,
hsk_exam2025,page:336;sequence:10264,10264,7-9,7-9,,屹立,,屹立,,yìlì,动,pymupdf-native-table,
hsk_exam2025,page:336;sequence:10265,10265,7-9,7-9,,毅力,,毅力,,yìlì,名,pymupdf-native-table,
hsk_exam2025,page:336;sequence:10266,10266,7-9,7-9,,一连,,一连,,yìlián,副,pymupdf-native-table,
hsk_exam2025,page:336;sequence:10267,10267,7-9,7-9,,一连串,,一连串,,yìliánchuàn,形,pymupdf-native-table,
hsk_exam2025,page:336;sequence:10268,10268,7-9,7-9,,意料,,意料,,yìliào,动,pymupdf-native-table,
hsk_exam2025,page:336;sequence:10269,10269,7-9,7-9,,一毛不拔,,一毛不拔,,yìmáo-bùbá,,pymupdf-native-table,
hsk_exam2025,page:336;sequence:10270,10270,7-9,7-9,,疫苗,,疫苗,,yìmiáo,名,pymupdf-native-table,
hsk_exam2025,page:336;sequence:10271,10271,7-9,7-9,,一旁,,一旁,,yìpáng,名,pymupdf-native-table,
hsk_exam2025,page:336;sequence:10272,10272,7-9,7-9,,一齐,,一齐,,yìqí,副,pymupdf-native-table,
hsk_exam2025,page:336;sequence:10273,10273,7-9,7-9,,毅然,,毅然,,yìrán,副,pymupdf-native-table,
hsk_exam2025,page:336;sequence:10274,10274,7-9,7-9,,一如既往,,一如既往,,yìrú-jìwǎng,,pymupdf-native-table,
hsk_exam2025,page:336;sequence:10275,10275,7-9,7-9,,一声不吭,,一声不吭,,yìshēng-bùkēng,,pymupdf-native-table,
hsk_exam2025,page:336;sequence:10276,10276,7-9,7-9,,一手,,一手,,yìshǒu,名、副,pymupdf-native-table,
hsk_exam2025,page:336;sequence:10277,10277,7-9,7-9,,一丝不苟,,一丝不苟,,yìsī-bùgǒu,,pymupdf-native-table,
hsk_exam2025,page:336;sequence:10278,10278,7-9,7-9,,一塌糊涂,,一塌糊涂,,yìtāhútú,,pymupdf-native-table,
hsk_exam2025,page:336;sequence:10279,10279,7-9,7-9,,议题,,议题,,yìtí,名,pymupdf-native-table,
hsk_exam2025,page:336;sequence:10280,10280,7-9,7-9,,一体,,一体,,yìtǐ,名,pymupdf-native-table,
hsk_exam2025,page:337;sequence:10281,10281,7-9,7-9,,一头,,一头,,yìtóu,名、副,pymupdf-native-table,
hsk_exam2025,page:337;sequence:10282,10282,7-9,7-9,,意图,,意图,,yìtú,动、名,pymupdf-native-table,
hsk_exam2025,page:337;sequence:10283,10283,7-9,7-9,,亿万,,亿万,,yìwàn,数,pymupdf-native-table,
hsk_exam2025,page:337;sequence:10284,10284,7-9,7-9,,意味,,意味,,yìwèi,名,pymupdf-native-table,
hsk_exam2025,page:337;sequence:10285,10285,7-9,7-9,,一无所有,,一无所有,,yìwúsuǒyǒu,,pymupdf-native-table,
hsk_exam2025,page:337;sequence:10286,10286,7-9,7-9,,一无所知,,一无所知,,yìwúsuǒzhī,,pymupdf-native-table,
hsk_exam2025,page:337;sequence:10287,10287,7-9,7-9,,意向,,意向,,yìxiàng,名,pymupdf-native-table,
hsk_exam2025,page:337;sequence:10288,10288,7-9,7-9,,意想不到,,意想不到,,yìxiǎng-búdào,,pymupdf-native-table,
hsk_exam2025,page:337;sequence:10289,10289,7-9,7-9,,异想天开,,异想天开,,yìxiǎng-tiānkāi,,pymupdf-native-table,
hsk_exam2025,page:337;sequence:10290,10290,7-9,7-9,,一心,,一心,,yìxīn,副、形,pymupdf-native-table,
hsk_exam2025,page:337;sequence:10291,10291,7-9,7-9,,一行,,一行,,yìxíng,名,pymupdf-native-table,
hsk_exam2025,page:337;sequence:10292,10292,7-9,7-9,,异性,,异性,,yìxìng,形、名,pymupdf-native-table,
hsk_exam2025,page:337;sequence:10293,10293,7-9,7-9,,一心一意,,一心一意,,yìxīn-yíyì,,pymupdf-native-table,
hsk_exam2025,page:337;sequence:10294,10294,7-9,7-9,,一言不发,,一言不发,,yìyán-bùfā,,pymupdf-native-table,
hsk_exam2025,page:337;sequence:10295,10295,7-9,7-9,,抑扬顿挫,,抑扬顿挫,,yìyáng-dùncuò,,pymupdf-native-table,
hsk_exam2025,page:337;sequence:10296,10296,7-9,7-9,,一言一行,,一言一行,,yìyán-yìxíng,,pymupdf-native-table,
hsk_exam2025,page:337;sequence:10297,10297,7-9,7-9,,异议,,异议,,yìyì,名,pymupdf-native-table,
hsk_exam2025,page:337;sequence:10298,10298,7-9,7-9,,一应俱全,,一应俱全,,yìyīng-jùquán,,pymupdf-native-table,
hsk_exam2025,page:337;sequence:10299,10299,7-9,7-9,,抑郁,,抑郁,,yìyù,形,pymupdf-native-table,
hsk_exam2025,page:337;sequence:10300,10300,7-9,7-9,,意愿,,意愿,,yìyuàn,名,pymupdf-native-table,
hsk_exam2025,page:337;sequence:10301,10301,7-9,7-9,,抑郁症,,抑郁症,,yìyùzhèng,名,pymupdf-native-table,
hsk_exam2025,page:337;sequence:10302,10302,7-9,7-9,,一早,,一早,,yìzǎo,名,pymupdf-native-table,
hsk_exam2025,page:337;sequence:10303,10303,7-9,7-9,,一针见血,,一针见血,,yìzhēn-jiànxiě,,pymupdf-native-table,
hsk_exam2025,page:337;sequence:10304,10304,7-9,7-9,,意志,,意志,,yìzhì,名,pymupdf-native-table,
hsk_exam2025,page:337;sequence:10305,10305,7-9,7-9,,阴暗,,阴暗,,yīn’àn,形,pymupdf-native-table,
hsk_exam2025,page:337;sequence:10306,10306,7-9,7-9,,因地制宜,,因地制宜,,yīndì-zhìyí,,pymupdf-native-table,
hsk_exam2025,page:337;sequence:10307,10307,7-9,7-9,,阴历,,阴历,,yīnlì,名,pymupdf-native-table,
hsk_exam2025,page:337;sequence:10308,10308,7-9,7-9,,阴谋,,阴谋,,yīnmóu,动、名,pymupdf-native-table,
hsk_exam2025,page:337;sequence:10309,10309,7-9,7-9,,殷勤,,殷勤,,yīnqín,形,pymupdf-native-table,
hsk_exam2025,page:337;sequence:10310,10310,7-9,7-9,,因人而异,,因人而异,,yīnrén’éryì,,pymupdf-native-table,
hsk_exam2025,page:337;sequence:10311,10311,7-9,7-9,,音响,,音响,,yīnxiǎng,名,pymupdf-native-table,
hsk_exam2025,page:337;sequence:10312,10312,7-9,7-9,,阴性,,阴性,,yīnxìng,名,pymupdf-native-table,
hsk_exam2025,page:337;sequence:10313,10313,7-9,7-9,,阴影,,阴影,,yīnyǐng,名,pymupdf-native-table,
hsk_exam2025,page:337;sequence:10314,10314,7-9,7-9,,银幕,,银幕,,yínmù,名,pymupdf-native-table,
hsk_exam2025,page:337;sequence:10315,10315,7-9,7-9,,瘾,,瘾,,yǐn,名,pymupdf-native-table,
hsk_exam2025,page:337;sequence:10316,10316,7-9,7-9,,隐蔽,,隐蔽,,yǐnbì,动、形,pymupdf-native-table,
hsk_exam2025,page:337;sequence:10317,10317,7-9,7-9,,隐含,,隐含,,yǐnhán,动,pymupdf-native-table,
hsk_exam2025,page:337;sequence:10318,10318,7-9,7-9,,隐患,,隐患,,yǐnhuàn,名,pymupdf-native-table,
hsk_exam2025,page:337;sequence:10319,10319,7-9,7-9,,引荐,,引荐,,yǐnjiàn,动,pymupdf-native-table,
hsk_exam2025,page:337;sequence:10320,10320,7-9,7-9,,引经据典,,引经据典,,yǐnjīng-jùdiǎn,,pymupdf-native-table,
hsk_exam2025,page:338;sequence:10321,10321,7-9,7-9,,引领,,引领,,yǐnlǐng,动,pymupdf-native-table,
hsk_exam2025,page:338;sequence:10322,10322,7-9,7-9,,隐瞒,,隐瞒,,yǐnmán,动,pymupdf-native-table,
hsk_exam2025,page:338;sequence:10323,10323,7-9,7-9,,引擎,,引擎,,yǐnqíng,名,pymupdf-native-table,
hsk_exam2025,page:338;sequence:10324,10324,7-9,7-9,,隐情,,隐情,,yǐnqíng,名,pymupdf-native-table,
hsk_exam2025,page:338;sequence:10325,10325,7-9,7-9,,引人入胜,,引人入胜,,yǐnrén-rùshèng,,pymupdf-native-table,
hsk_exam2025,page:338;sequence:10326,10326,7-9,7-9,,引人注目,,引人注目,,yǐnrén-zhùmù,,pymupdf-native-table,
hsk_exam2025,page:338;sequence:10327,10327,7-9,7-9,,隐形,,隐形,,yǐnxíng,形,pymupdf-native-table,
hsk_exam2025,page:338;sequence:10328,10328,7-9,7-9,,隐性,,隐性,,yǐnxìng,形,pymupdf-native-table,
hsk_exam2025,page:338;sequence:10329,10329,7-9,7-9,,引用,,引用,,yǐnyòng,动,pymupdf-native-table,
hsk_exam2025,page:338;sequence:10330,10330,7-9,7-9,,引诱,,引诱,,yǐnyòu,动,pymupdf-native-table,
hsk_exam2025,page:338;sequence:10331,10331,7-9,7-9,,隐约,,隐约,,yǐnyuē,形,pymupdf-native-table,
hsk_exam2025,page:338;sequence:10332,10332,7-9,7-9,,印章,,印章,,yìnzhāng,名,pymupdf-native-table,
hsk_exam2025,page:338;sequence:10333,10333,7-9,7-9,,印证,,印证,,yìnzhèng,动、名,pymupdf-native-table,
hsk_exam2025,page:338;sequence:10334,10334,7-9,7-9,,鹰,,鹰,,yīng,名,pymupdf-native-table,
hsk_exam2025,page:338;sequence:10335,10335,7-9,7-9,,英俊,,英俊,,yīngjùn,形,pymupdf-native-table,
hsk_exam2025,page:338;sequence:10336,10336,7-9,7-9,,英明,,英明,,yīngmíng,形,pymupdf-native-table,
hsk_exam2025,page:338;sequence:10337,10337,7-9,7-9,,英勇,,英勇,,yīngyǒng,形,pymupdf-native-table,
hsk_exam2025,page:338;sequence:10338,10338,7-9,7-9,,应有尽有,,应有尽有,,yīngyǒu-jìnyǒu,,pymupdf-native-table,
hsk_exam2025,page:338;sequence:10339,10339,7-9,7-9,,荧光,,荧光,,yíngguāng,名,pymupdf-native-table,
hsk_exam2025,page:338;sequence:10340,10340,7-9,7-9,,迎合,,迎合,,yínghé,动,pymupdf-native-table,
hsk_exam2025,page:338;sequence:10341,10341,7-9,7-9,,赢家,,赢家,,yíngjiā,名,pymupdf-native-table,
hsk_exam2025,page:338;sequence:10342,10342,7-9,7-9,,营救,,营救,,yíngjiù,动,pymupdf-native-table,
hsk_exam2025,page:338;sequence:10343,10343,7-9,7-9,,盈利,,盈利,,yínglì,名,pymupdf-native-table,
hsk_exam2025,page:338;sequence:10344,10344,7-9,7-9,,营利,,营利,,yínglì,动,pymupdf-native-table,
hsk_exam2025,page:338;sequence:10345,10345,7-9,7-9,,迎面,,迎面,,yíngmiàn,副,pymupdf-native-table,
hsk_exam2025,page:338;sequence:10346,10346,7-9,7-9,,营销,,营销,,yíngxiāo,动,pymupdf-native-table,
hsk_exam2025,page:338;sequence:10347,10347,7-9,7-9,,营造,,营造,,yíngzào,动,pymupdf-native-table,
hsk_exam2025,page:338;sequence:10348,10348,7-9,7-9,,影像,,影像,,yǐngxiàng,名,pymupdf-native-table,
hsk_exam2025,page:338;sequence:10349,10349,7-9,7-9,,应,,应,,yìng,动,pymupdf-native-table,
hsk_exam2025,page:338;sequence:10350,10350,7-9,7-9,,硬币,,硬币,,yìngbì,名,pymupdf-native-table,
hsk_exam2025,page:338;sequence:10351,10351,7-9,7-9,,应酬,,应酬,,yìngchou,动、名,pymupdf-native-table,
hsk_exam2025,page:338;sequence:10352,10352,7-9,7-9,,应付,,应付,,yìngfu,动,pymupdf-native-table,
hsk_exam2025,page:338;sequence:10353,10353,7-9,7-9,,应急,,应急,,yìngjí,动,pymupdf-native-table,
hsk_exam2025,page:338;sequence:10354,10354,7-9,7-9,,硬朗,,硬朗,,yìnglang,形,pymupdf-native-table,
hsk_exam2025,page:338;sequence:10355,10355,7-9,7-9,,硬盘,,硬盘,,yìngpán,名,pymupdf-native-table,
hsk_exam2025,page:338;sequence:10356,10356,7-9,7-9,,应邀,,应邀,,yìngyāo,动,pymupdf-native-table,
hsk_exam2025,page:338;sequence:10357,10357,7-9,7-9,,拥护,,拥护,,yōnghù,动,pymupdf-native-table,
hsk_exam2025,page:338;sequence:10358,10358,7-9,7-9,,庸俗,,庸俗,,yōngsú,形,pymupdf-native-table,
hsk_exam2025,page:338;sequence:10359,10359,7-9,7-9,,涌,,涌,,yǒng,动,pymupdf-native-table,
hsk_exam2025,page:338;sequence:10360,10360,7-9,7-9,,永恒,,永恒,,yǒnghéng,形,pymupdf-native-table,
hsk_exam2025,page:339;sequence:10361,10361,7-9,7-9,,永久,,永久,,yǒngjiǔ,形,pymupdf-native-table,
hsk_exam2025,page:339;sequence:10362,10362,7-9,7-9,,勇往直前,,勇往直前,,yǒngwǎng-zhíqián,,pymupdf-native-table,
hsk_exam2025,page:339;sequence:10363,10363,7-9,7-9,,踊跃,,踊跃,,yǒngyuè,动、形,pymupdf-native-table,
hsk_exam2025,page:339;sequence:10364,10364,7-9,7-9,,用意,,用意,,yòngyì,名,pymupdf-native-table,
hsk_exam2025,page:339;sequence:10365,10365,7-9,7-9,,忧愁,,忧愁,,yōuchóu,形,pymupdf-native-table,
hsk_exam2025,page:339;sequence:10366,10366,7-9,7-9,,忧虑,,忧虑,,yōulǜ,动,pymupdf-native-table,
hsk_exam2025,page:339;sequence:10367,10367,7-9,7-9,,优胜劣汰,,优胜劣汰,,yōushèng-liètài,,pymupdf-native-table,
hsk_exam2025,page:339;sequence:10368,10368,7-9,7-9,,悠闲,,悠闲,,yōuxián,形,pymupdf-native-table,
hsk_exam2025,page:339;sequence:10369,10369,7-9,7-9,,优雅,,优雅,,yōuyǎ,形,pymupdf-native-table,
hsk_exam2025,page:339;sequence:10370,10370,7-9,7-9,,忧郁,,忧郁,,yōuyù,形,pymupdf-native-table,
hsk_exam2025,page:339;sequence:10371,10371,7-9,7-9,,优越,,优越,,yōuyuè,形,pymupdf-native-table,
hsk_exam2025,page:339;sequence:10372,10372,7-9,7-9,,邮编,,邮编,,yóubiān,名,pymupdf-native-table,
hsk_exam2025,page:339;sequence:10373,10373,7-9,7-9,,游船,,游船,,yóuchuán,名,pymupdf-native-table,
hsk_exam2025,page:339;sequence:10374,10374,7-9,7-9,,油画,,油画,,yóuhuà,名,pymupdf-native-table,
hsk_exam2025,page:339;sequence:10375,10375,7-9,7-9,,油腻,,油腻,,yóunì,形、名,pymupdf-native-table,
hsk_exam2025,page:339;sequence:10376,10376,7-9,7-9,,油漆,,油漆,,yóuqī,名、动,pymupdf-native-table,
hsk_exam2025,page:339;sequence:10377,10377,7-9,7-9,,尤为,,尤为,,yóuwéi,副,pymupdf-native-table,
hsk_exam2025,page:339;sequence:10378,10378,7-9,7-9,,游行,,游行,,yóuxíng,动,pymupdf-native-table,
hsk_exam2025,page:339;sequence:10379,10379,7-9,7-9,,犹豫不决,,犹豫不决,,yóuyù-bùjué,,pymupdf-native-table,
hsk_exam2025,page:339;sequence:10380,10380,7-9,7-9,,邮政,,邮政,,yóuzhèng,名,pymupdf-native-table,
hsk_exam2025,page:339;sequence:10381,10381,7-9,7-9,,由衷,,由衷,,yóuzhōng,动,pymupdf-native-table,
hsk_exam2025,page:339;sequence:10382,10382,7-9,7-9,,有待,,有待,,yǒudài,动,pymupdf-native-table,
hsk_exam2025,page:339;sequence:10383,10383,7-9,7-9,,有的放矢,,有的放矢,,yǒudì-fàngshǐ,,pymupdf-native-table,
hsk_exam2025,page:339;sequence:10384,10384,7-9,7-9,,友人,,友人,,yǒurén,名,pymupdf-native-table,
hsk_exam2025,page:339;sequence:10385,10385,7-9,7-9,,友善,,友善,,yǒushàn,形,pymupdf-native-table,
hsk_exam2025,page:339;sequence:10386,10386,7-9,7-9,,有声有色,,有声有色,,yǒushēng-yǒusè,,pymupdf-native-table,
hsk_exam2025,page:339;sequence:10387,10387,7-9,7-9,,有条不紊,,有条不紊,,yǒutiáo-bùwěn,,pymupdf-native-table,
hsk_exam2025,page:339;sequence:10388,10388,7-9,7-9,,有望,,有望,,yǒuwàng,动,pymupdf-native-table,
hsk_exam2025,page:339;sequence:10389,10389,7-9,7-9,,有幸,,有幸,,yǒuxìng,形,pymupdf-native-table,
hsk_exam2025,page:339;sequence:10390,10390,7-9,7-9,,有意,,有意,,yǒuyì,动、副,pymupdf-native-table,
hsk_exam2025,page:339;sequence:10391,10391,7-9,7-9,,有朝一日,,有朝一日,,yǒuzhāo-yírì,,pymupdf-native-table,
hsk_exam2025,page:339;sequence:10392,10392,7-9,7-9,,诱饵,,诱饵,,yòu’ěr,名,pymupdf-native-table,
hsk_exam2025,page:339;sequence:10393,10393,7-9,7-9,,诱发,,诱发,,yòufā,动,pymupdf-native-table,
hsk_exam2025,page:339;sequence:10394,10394,7-9,7-9,,诱惑,,诱惑,,yòuhuò,动、名,pymupdf-native-table,
hsk_exam2025,page:339;sequence:10395,10395,7-9,7-9,,诱人,,诱人,,yòurén,动、形,pymupdf-native-table,
hsk_exam2025,page:339;sequence:10396,10396,7-9,7-9,,幼稚,,幼稚,,yòuzhì,形,pymupdf-native-table,
hsk_exam2025,page:339;sequence:10397,10397,7-9,7-9,,淤泥,,淤泥,,yūní,名,pymupdf-native-table,
hsk_exam2025,page:339;sequence:10398,10398,7-9,7-9,,余,,余,,yú,动、数,pymupdf-native-table,
hsk_exam2025,page:339;sequence:10399,10399,7-9,7-9,,渔船,,渔船,,yúchuán,名,pymupdf-native-table,
hsk_exam2025,page:339;sequence:10400,10400,7-9,7-9,,愚蠢,,愚蠢,,yúchǔn,形,pymupdf-native-table,
hsk_exam2025,page:340;sequence:10401,10401,7-9,7-9,,余地,,余地,,yúdì,名,pymupdf-native-table,
hsk_exam2025,page:340;sequence:10402,10402,7-9,7-9,,愚公移山,,愚公移山,,yúgōng-yíshān,,pymupdf-native-table,
hsk_exam2025,page:340;sequence:10403,10403,7-9,7-9,,舆论,,舆论,,yúlùn,名,pymupdf-native-table,
hsk_exam2025,page:340;sequence:10404,10404,7-9,7-9,,愚昧,,愚昧,,yúmèi,形,pymupdf-native-table,
hsk_exam2025,page:340;sequence:10405,10405,7-9,7-9,,渔民,,渔民,,yúmín,名,pymupdf-native-table,
hsk_exam2025,page:340;sequence:10406,10406,7-9,7-9,,逾期,,逾期,,yúqī,动,pymupdf-native-table,
hsk_exam2025,page:340;sequence:10407,10407,7-9,7-9,,愉悦,,愉悦,,yúyuè,形,pymupdf-native-table,
hsk_exam2025,page:340;sequence:10408,10408,7-9,7-9,,与否,,与否,,yǔ fǒu,,pymupdf-native-table,
hsk_exam2025,page:340;sequence:10409,10409,7-9,7-9,,与日俱增,,与日俱增,,yǔrì-jùzēng,,pymupdf-native-table,
hsk_exam2025,page:340;sequence:10410,10410,7-9,7-9,,与时俱进,,与时俱进,,yǔshí-jùjìn,,pymupdf-native-table,
hsk_exam2025,page:340;sequence:10411,10411,7-9,7-9,,予以,,予以,,yǔyǐ,动,pymupdf-native-table,
hsk_exam2025,page:340;sequence:10412,10412,7-9,7-9,,与众不同,,与众不同,,yǔzhòng-bùtóng,,pymupdf-native-table,
hsk_exam2025,page:340;sequence:10413,10413,7-9,7-9,,宇宙,,宇宙,,yǔzhòu,名,pymupdf-native-table,
hsk_exam2025,page:340;sequence:10414,10414,7-9,7-9,,玉,,玉,,yù,名,pymupdf-native-table,
hsk_exam2025,page:340;sequence:10415,10415,7-9,7-9,,愈,,愈,,yù,副,pymupdf-native-table,
hsk_exam2025,page:340;sequence:10416,10416,7-9,7-9,,预备,,预备,,yùbèi,动,pymupdf-native-table,
hsk_exam2025,page:340;sequence:10417,10417,7-9,7-9,,预感,,预感,,yùgǎn,动、名,pymupdf-native-table,
hsk_exam2025,page:340;sequence:10418,10418,7-9,7-9,,预告,,预告,,yùgào,动、名,pymupdf-native-table,
hsk_exam2025,page:340;sequence:10419,10419,7-9,7-9,,愈合,,愈合,,yùhé,动,pymupdf-native-table,
hsk_exam2025,page:340;sequence:10420,10420,7-9,7-9,,愈加,,愈加,,yùjiā,副,pymupdf-native-table,
hsk_exam2025,page:340;sequence:10421,10421,7-9,7-9,,预见,,预见,,yùjiàn,动、名,pymupdf-native-table,
hsk_exam2025,page:340;sequence:10422,10422,7-9,7-9,,预警,,预警,,yùjǐng,动,pymupdf-native-table,
hsk_exam2025,page:340;sequence:10423,10423,7-9,7-9,,郁闷,,郁闷,,yùmèn,形,pymupdf-native-table,
hsk_exam2025,page:340;sequence:10424,10424,7-9,7-9,,遇难,,遇难,,yùnàn,动,pymupdf-native-table,
hsk_exam2025,page:340;sequence:10425,10425,7-9,7-9,,预赛,,预赛,,yùsài,动、名,pymupdf-native-table,
hsk_exam2025,page:340;sequence:10426,10426,7-9,7-9,,预示,,预示,,yùshì,动,pymupdf-native-table,
hsk_exam2025,page:340;sequence:10427,10427,7-9,7-9,,预售,,预售,,yùshòu,动,pymupdf-native-table,
hsk_exam2025,page:340;sequence:10428,10428,7-9,7-9,,预算,,预算,,yùsuàn,名、动,pymupdf-native-table,
hsk_exam2025,page:340;sequence:10429,10429,7-9,7-9,,遇险,,遇险,,yùxiǎn,动,pymupdf-native-table,
hsk_exam2025,page:340;sequence:10430,10430,7-9,7-9,,预先,,预先,,yùxiān,副,pymupdf-native-table,
hsk_exam2025,page:340;sequence:10431,10431,7-9,7-9,,预言,,预言,,yùyán,动、名,pymupdf-native-table,
hsk_exam2025,page:340;sequence:10432,10432,7-9,7-9,,寓言,,寓言,,yùyán,名,pymupdf-native-table,
hsk_exam2025,page:340;sequence:10433,10433,7-9,7-9,,愈演愈烈,,愈演愈烈,,yùyǎn-yùliè,,pymupdf-native-table,
hsk_exam2025,page:340;sequence:10434,10434,7-9,7-9,,寓意,,寓意,,yùyì,名,pymupdf-native-table,
hsk_exam2025,page:340;sequence:10435,10435,7-9,7-9,,预兆,,预兆,,yùzhào,名、动,pymupdf-native-table,
hsk_exam2025,page:340;sequence:10436,10436,7-9,7-9,,冤,,冤,,yuān,名、形,pymupdf-native-table,
hsk_exam2025,page:340;sequence:10437,10437,7-9,7-9,,冤枉,,冤枉,,yuānwang,形、动,pymupdf-native-table,
hsk_exam2025,page:340;sequence:10438,10438,7-9,7-9,,渊源,,渊源,,yuānyuán,名,pymupdf-native-table,
hsk_exam2025,page:340;sequence:10439,10439,7-9,7-9,,原创,,原创,,yuánchuàng,动,pymupdf-native-table,
hsk_exam2025,page:340;sequence:10440,10440,7-9,7-9,,缘分,,缘分,,yuánfèn,名,pymupdf-native-table,
hsk_exam2025,page:341;sequence:10441,10441,7-9,7-9,,原告,,原告,,yuángào,名,pymupdf-native-table,
hsk_exam2025,page:341;sequence:10442,10442,7-9,7-9,,缘故,,缘故,,yuángù,名,pymupdf-native-table,
hsk_exam2025,page:341;sequence:10443,10443,7-9,7-9,,元老,,元老,,yuánlǎo,名,pymupdf-native-table,
hsk_exam2025,page:341;sequence:10444,10444,7-9,7-9,,园区,,园区,,yuánqū,名,pymupdf-native-table,
hsk_exam2025,page:341;sequence:10445,10445,7-9,7-9,,源泉,,源泉,,yuánquán,名,pymupdf-native-table,
hsk_exam2025,page:341;sequence:10446,10446,7-9,7-9,,元首,,元首,,yuánshǒu,名,pymupdf-native-table,
hsk_exam2025,page:341;sequence:10447,10447,7-9,7-9,,源头,,源头,,yuántóu,名,pymupdf-native-table,
hsk_exam2025,page:341;sequence:10448,10448,7-9,7-9,,原型,,原型,,yuánxíng,名,pymupdf-native-table,
hsk_exam2025,page:341;sequence:10449,10449,7-9,7-9,,源源不断,,源源不断,,yuányuán-búduàn,,pymupdf-native-table,
hsk_exam2025,page:341;sequence:10450,10450,7-9,7-9,,源远流长,,源远流长,,yuányuǎn-liúcháng,,pymupdf-native-table,
hsk_exam2025,page:341;sequence:10451,10451,7-9,7-9,,原汁原味,,原汁原味,,yuánzhī-yuánwèi,,pymupdf-native-table,
hsk_exam2025,page:341;sequence:10452,10452,7-9,7-9,,援助,,援助,,yuánzhù,动,pymupdf-native-table,
hsk_exam2025,page:341;sequence:10453,10453,7-9,7-9,,原装,,原装,,yuánzhuāng,形,pymupdf-native-table,
hsk_exam2025,page:341;sequence:10454,10454,7-9,7-9,,远见,,远见,,yuǎnjiàn,名,pymupdf-native-table,
hsk_exam2025,page:341;sequence:10455,10455,7-9,7-9,,远近闻名,,远近闻名,,yuǎnjìn-wénmíng,,pymupdf-native-table,
hsk_exam2025,page:341;sequence:10456,10456,7-9,7-9,,怨,,怨,,yuàn,动,pymupdf-native-table,
hsk_exam2025,page:341;sequence:10457,10457,7-9,7-9,,怨恨,,怨恨,,yuànhèn,动、名,pymupdf-native-table,
hsk_exam2025,page:341;sequence:10458,10458,7-9,7-9,,怨气,,怨气,,yuànqì,名,pymupdf-native-table,
hsk_exam2025,page:341;sequence:10459,10459,7-9,7-9,,院士,,院士,,yuànshì,名,pymupdf-native-table,
hsk_exam2025,page:341;sequence:10460,10460,7-9,7-9,,怨言,,怨言,,yuànyán,名,pymupdf-native-table,
hsk_exam2025,page:341;sequence:10461,10461,7-9,7-9,,曰,,曰,,yuē,动,pymupdf-native-table,
hsk_exam2025,page:341;sequence:10462,10462,7-9,7-9,,约定俗成,,约定俗成,,yuēdìng-súchéng,,pymupdf-native-table,
hsk_exam2025,page:341;sequence:10463,10463,7-9,7-9,,乐队,,乐队,,yuèduì,名,pymupdf-native-table,
hsk_exam2025,page:341;sequence:10464,10464,7-9,7-9,,悦耳,,悦耳,,yuè’ěr,形,pymupdf-native-table,
hsk_exam2025,page:341;sequence:10465,10465,7-9,7-9,,越发,,越发,,yuèfā,副,pymupdf-native-table,
hsk_exam2025,page:341;sequence:10466,10466,7-9,7-9,,岳父,,岳父,,yuèfù,名,pymupdf-native-table,
hsk_exam2025,page:341;sequence:10467,10467,7-9,7-9,,越过,,越过,,yuèguò,动,pymupdf-native-table,
hsk_exam2025,page:341;sequence:10468,10468,7-9,7-9,,阅览,,阅览,,yuèlǎn,动,pymupdf-native-table,
hsk_exam2025,page:341;sequence:10469,10469,7-9,7-9,,阅历,,阅历,,yuèlì,动、名,pymupdf-native-table,
hsk_exam2025,page:341;sequence:10470,10470,7-9,7-9,,岳母,,岳母,,yuèmǔ,名,pymupdf-native-table,
hsk_exam2025,page:341;sequence:10471,10471,7-9,7-9,,乐谱,,乐谱,,yuèpǔ,名,pymupdf-native-table,
hsk_exam2025,page:341;sequence:10472,10472,7-9,7-9,,晕头转向,,晕头转向,,yūntóu-zhuànxiàng,,pymupdf-native-table,
hsk_exam2025,page:341;sequence:10473,10473,7-9,7-9,,陨石,,陨石,,yǔnshí,名,pymupdf-native-table,
hsk_exam2025,page:341;sequence:10474,10474,7-9,7-9,,熨,,熨,,yùn,动,pymupdf-native-table,
hsk_exam2025,page:341;sequence:10475,10475,7-9,7-9,,蕴藏,,蕴藏,,yùncáng,动,pymupdf-native-table,
hsk_exam2025,page:341;sequence:10476,10476,7-9,7-9,,运筹帷幄,,运筹帷幄,,yùnchóu-wéiwò,,pymupdf-native-table,
hsk_exam2025,page:341;sequence:10477,10477,7-9,7-9,,孕妇,,孕妇,,yùnfù,名,pymupdf-native-table,
hsk_exam2025,page:341;sequence:10478,10478,7-9,7-9,,蕴含,,蕴含,,yùnhán,动,pymupdf-native-table,
hsk_exam2025,page:341;sequence:10479,10479,7-9,7-9,,运河,,运河,,yùnhé,名,pymupdf-native-table,
hsk_exam2025,page:341;sequence:10480,10480,7-9,7-9,,酝酿,,酝酿,,yùnniàng,动,pymupdf-native-table,
hsk_exam2025,page:342;sequence:10481,10481,7-9,7-9,,运算,,运算,,yùnsuàn,动,pymupdf-native-table,
hsk_exam2025,page:342;sequence:10482,10482,7-9,7-9,,韵味,,韵味,,yùnwèi,名,pymupdf-native-table,
hsk_exam2025,page:342;sequence:10483,10483,7-9,7-9,,孕育,,孕育,,yùnyù,动,pymupdf-native-table,
hsk_exam2025,page:342;sequence:10484,10484,7-9,7-9,,运转,,运转,,yùnzhuǎn,动,pymupdf-native-table,
hsk_exam2025,page:342;sequence:10485,10485,7-9,7-9,,运作,,运作,,yùnzuò,动,pymupdf-native-table,
hsk_exam2025,page:342;sequence:10486,10486,7-9,7-9,,砸,,砸,,zá,动,pymupdf-native-table,
hsk_exam2025,page:342;sequence:10487,10487,7-9,7-9,,杂技,,杂技,,zájì,名,pymupdf-native-table,
hsk_exam2025,page:342;sequence:10488,10488,7-9,7-9,,杂交,,杂交,,zájiāo,动,pymupdf-native-table,
hsk_exam2025,page:342;sequence:10489,10489,7-9,7-9,,杂乱无章,,杂乱无章,,záluàn-wúzhāng,,pymupdf-native-table,
hsk_exam2025,page:342;sequence:10490,10490,7-9,7-9,,栽,,栽,,zāi,动,pymupdf-native-table,
hsk_exam2025,page:342;sequence:10491,10491,7-9,7-9,,栽培,,栽培,,zāipéi,动,pymupdf-native-table,
hsk_exam2025,page:342;sequence:10492,10492,7-9,7-9,,栽赃,,栽赃,,zāizāng,动,pymupdf-native-table,
hsk_exam2025,page:342;sequence:10493,10493,7-9,7-9,,宰,,宰,,zǎi,动,pymupdf-native-table,
hsk_exam2025,page:342;sequence:10494,10494,7-9,7-9,,再度,,再度,,zàidù,副,pymupdf-native-table,
hsk_exam2025,page:342;sequence:10495,10495,7-9,7-9,,再接再厉,,再接再厉,,zàijiē-zàilì,,pymupdf-native-table,
hsk_exam2025,page:342;sequence:10496,10496,7-9,7-9,,在所难免,,在所难免,,zàisuǒnánmiǎn,,pymupdf-native-table,
hsk_exam2025,page:342;sequence:10497,10497,7-9,7-9,,载体,,载体,,zàitǐ,名,pymupdf-native-table,
hsk_exam2025,page:342;sequence:10498,10498,7-9,7-9,,再现,,再现,,zàixiàn,动,pymupdf-native-table,
hsk_exam2025,page:342;sequence:10499,10499,7-9,7-9,,在职,,在职,,zàizhí,动,pymupdf-native-table,
hsk_exam2025,page:342;sequence:10500,10500,7-9,7-9,,攒,,攒,,zǎn,动,pymupdf-native-table,
hsk_exam2025,page:342;sequence:10501,10501,7-9,7-9,,暂,,暂,,zàn,副,pymupdf-native-table,
hsk_exam2025,page:342;sequence:10502,10502,7-9,7-9,,赞不绝口,,赞不绝口,,zànbùjuékǒu,,pymupdf-native-table,
hsk_exam2025,page:342;sequence:10503,10503,7-9,7-9,,赞美,,赞美,,zànměi,动,pymupdf-native-table,
hsk_exam2025,page:342;sequence:10504,10504,7-9,7-9,,暂且,,暂且,,zànqiě,副,pymupdf-native-table,
hsk_exam2025,page:342;sequence:10505,10505,7-9,7-9,,赞叹,,赞叹,,zàntàn,动,pymupdf-native-table,
hsk_exam2025,page:342;sequence:10506,10506,7-9,7-9,,赞许,,赞许,,zànxǔ,动,pymupdf-native-table,
hsk_exam2025,page:342;sequence:10507,10507,7-9,7-9,,赞扬,,赞扬,,zànyáng,动,pymupdf-native-table,
hsk_exam2025,page:342;sequence:10508,10508,7-9,7-9,,赞助,,赞助,,zànzhù,动,pymupdf-native-table,
hsk_exam2025,page:342;sequence:10509,10509,7-9,7-9,,葬,,葬,,zàng,动,pymupdf-native-table,
hsk_exam2025,page:342;sequence:10510,10510,7-9,7-9,,葬礼,,葬礼,,zànglǐ,名,pymupdf-native-table,
hsk_exam2025,page:342;sequence:10511,10511,7-9,7-9,,糟粕,,糟粕,,zāopò,名,pymupdf-native-table,
hsk_exam2025,page:342;sequence:10512,10512,7-9,7-9,,糟蹋,,糟蹋,,zāotà,动,pymupdf-native-table,
hsk_exam2025,page:342;sequence:10513,10513,7-9,7-9,,遭殃,,遭殃,,zāoyāng,动,pymupdf-native-table,
hsk_exam2025,page:342;sequence:10514,10514,7-9,7-9,,凿,,凿,,záo,动,pymupdf-native-table,
hsk_exam2025,page:342;sequence:10515,10515,7-9,7-9,,枣,,枣,,zǎo,名,pymupdf-native-table,
hsk_exam2025,page:342;sequence:10516,10516,7-9,7-9,,早年,,早年,,zǎonián,名,pymupdf-native-table,
hsk_exam2025,page:342;sequence:10517,10517,7-9,7-9,,早日,,早日,,zǎorì,副、名,pymupdf-native-table,
hsk_exam2025,page:342;sequence:10518,10518,7-9,7-9,,灶,,灶,,zào,名,pymupdf-native-table,
hsk_exam2025,page:342;sequence:10519,10519,7-9,7-9,,造福,,造福,,zàofú,动,pymupdf-native-table,
hsk_exam2025,page:342;sequence:10520,10520,7-9,7-9,,造价,,造价,,zàojià,名,pymupdf-native-table,
hsk_exam2025,page:343;sequence:10521,10521,7-9,7-9,,造假,,造假,,zàojiǎ,动,pymupdf-native-table,
hsk_exam2025,page:343;sequence:10522,10522,7-9,7-9,,造就,,造就,,zàojiù,动、名,pymupdf-native-table,
hsk_exam2025,page:343;sequence:10523,10523,7-9,7-9,,则,,则2,2,zé,量,pymupdf-native-table,
hsk_exam2025,page:343;sequence:10524,10524,7-9,7-9,,责备,,责备,,zébèi,动,pymupdf-native-table,
hsk_exam2025,page:343;sequence:10525,10525,7-9,7-9,,责怪,,责怪,,zéguài,动,pymupdf-native-table,
hsk_exam2025,page:343;sequence:10526,10526,7-9,7-9,,贼,,贼,,zéi,名、形,pymupdf-native-table,
hsk_exam2025,page:343;sequence:10527,10527,7-9,7-9,,增产,,增产,,zēngchǎn,动,pymupdf-native-table,
hsk_exam2025,page:343;sequence:10528,10528,7-9,7-9,,增收,,增收,,zēngshōu,动,pymupdf-native-table,
hsk_exam2025,page:343;sequence:10529,10529,7-9,7-9,,增速,,增速,,zēngsù,动,pymupdf-native-table,
hsk_exam2025,page:343;sequence:10530,10530,7-9,7-9,,增添,,增添,,zēngtiān,动,pymupdf-native-table,
hsk_exam2025,page:343;sequence:10531,10531,7-9,7-9,,增值,,增值,,zēngzhí,动,pymupdf-native-table,
hsk_exam2025,page:343;sequence:10532,10532,7-9,7-9,,渣,,渣,,zhā,名,pymupdf-native-table,
hsk_exam2025,page:343;sequence:10533,10533,7-9,7-9,,扎根,,扎根,,zhāgēn,动,pymupdf-native-table,
hsk_exam2025,page:343;sequence:10534,10534,7-9,7-9,,扎实,,扎实,,zhāshi,形,pymupdf-native-table,
hsk_exam2025,page:343;sequence:10535,10535,7-9,7-9,,闸,,闸,,zhá,名、动,pymupdf-native-table,
hsk_exam2025,page:343;sequence:10536,10536,7-9,7-9,,眨眼,,眨眼,,zhǎyǎn,动,pymupdf-native-table,
hsk_exam2025,page:343;sequence:10537,10537,7-9,7-9,,榨,,榨,,zhà,动,pymupdf-native-table,
hsk_exam2025,page:343;sequence:10538,10538,7-9,7-9,,炸弹,,炸弹,,zhàdàn,名,pymupdf-native-table,
hsk_exam2025,page:343;sequence:10539,10539,7-9,7-9,,诈骗,,诈骗,,zhàpiàn,动,pymupdf-native-table,
hsk_exam2025,page:343;sequence:10540,10540,7-9,7-9,,炸药,,炸药,,zhàyào,名,pymupdf-native-table,
hsk_exam2025,page:343;sequence:10541,10541,7-9,7-9,,摘要,,摘要,,zhāiyào,动、名,pymupdf-native-table,
hsk_exam2025,page:343;sequence:10542,10542,7-9,7-9,,债,,债,,zhài,名,pymupdf-native-table,
hsk_exam2025,page:343;sequence:10543,10543,7-9,7-9,,债券,,债券,,zhàiquàn,名,pymupdf-native-table,
hsk_exam2025,page:343;sequence:10544,10544,7-9,7-9,,债务,,债务,,zhàiwù,名,pymupdf-native-table,
hsk_exam2025,page:343;sequence:10545,10545,7-9,7-9,,沾,,沾,,zhān,动,pymupdf-native-table,
hsk_exam2025,page:343;sequence:10546,10546,7-9,7-9,,占卜,,占卜,,zhānbǔ,动,pymupdf-native-table,
hsk_exam2025,page:343;sequence:10547,10547,7-9,7-9,,沾光,,沾光,,zhānguāng,动,pymupdf-native-table,
hsk_exam2025,page:343;sequence:10548,10548,7-9,7-9,,瞻仰,,瞻仰,,zhānyǎng,动,pymupdf-native-table,
hsk_exam2025,page:343;sequence:10549,10549,7-9,7-9,,斩,,斩,,zhǎn,动,pymupdf-native-table,
hsk_exam2025,page:343;sequence:10550,10550,7-9,7-9,,盏,,盏,,zhǎn,量,pymupdf-native-table,
hsk_exam2025,page:343;sequence:10551,10551,7-9,7-9,,斩钉截铁,,斩钉截铁,,zhǎndīng-jiétiě,,pymupdf-native-table,
hsk_exam2025,page:343;sequence:10552,10552,7-9,7-9,,展望,,展望,,zhǎnwàng,动,pymupdf-native-table,
hsk_exam2025,page:343;sequence:10553,10553,7-9,7-9,,辗转,,辗转,,zhǎnzhuǎn,动,pymupdf-native-table,
hsk_exam2025,page:343;sequence:10554,10554,7-9,7-9,,蘸,,蘸,,zhàn,动,pymupdf-native-table,
hsk_exam2025,page:343;sequence:10555,10555,7-9,7-9,,战场,,战场,,zhànchǎng,名,pymupdf-native-table,
hsk_exam2025,page:343;sequence:10556,10556,7-9,7-9,,绽放,,绽放,,zhànfàng,动,pymupdf-native-table,
hsk_exam2025,page:343;sequence:10557,10557,7-9,7-9,,站立,,站立,,zhànlì,动,pymupdf-native-table,
hsk_exam2025,page:343;sequence:10558,10558,7-9,7-9,,占领,,占领,,zhànlǐng,动,pymupdf-native-table,
hsk_exam2025,page:343;sequence:10559,10559,7-9,7-9,,战略,,战略,,zhànlüè,名,pymupdf-native-table,
hsk_exam2025,page:343;sequence:10560,10560,7-9,7-9,,战士,,战士,,zhànshì,名,pymupdf-native-table,
hsk_exam2025,page:344;sequence:10561,10561,7-9,7-9,,战术,,战术,,zhànshù,名,pymupdf-native-table,
hsk_exam2025,page:344;sequence:10562,10562,7-9,7-9,,战役,,战役,,zhànyì,名,pymupdf-native-table,
hsk_exam2025,page:344;sequence:10563,10563,7-9,7-9,,占用,,占用,,zhànyòng,动,pymupdf-native-table,
hsk_exam2025,page:344;sequence:10564,10564,7-9,7-9,,战友,,战友,,zhànyǒu,名,pymupdf-native-table,
hsk_exam2025,page:344;sequence:10565,10565,7-9,7-9,,章程,,章程,,zhāngchéng,名,pymupdf-native-table,
hsk_exam2025,page:344;sequence:10566,10566,7-9,7-9,,张灯结彩,,张灯结彩,,zhāngdēng-jiécǎi,,pymupdf-native-table,
hsk_exam2025,page:344;sequence:10567,10567,7-9,7-9,,张贴,,张贴,,zhāngtiē,动,pymupdf-native-table,
hsk_exam2025,page:344;sequence:10568,10568,7-9,7-9,,张扬,,张扬,,zhāngyáng,动,pymupdf-native-table,
hsk_exam2025,page:344;sequence:10569,10569,7-9,7-9,,掌舵,,掌舵,,zhǎngduò,动、名,pymupdf-native-table,
hsk_exam2025,page:344;sequence:10570,10570,7-9,7-9,,涨幅,,涨幅,,zhǎngfú,名,pymupdf-native-table,
hsk_exam2025,page:344;sequence:10571,10571,7-9,7-9,,掌管,,掌管,,zhǎngguǎn,动,pymupdf-native-table,
hsk_exam2025,page:344;sequence:10572,10572,7-9,7-9,,长相,,长相,,zhǎngxiàng,名,pymupdf-native-table,
hsk_exam2025,page:344;sequence:10573,10573,7-9,7-9,,涨,,涨,,zhàng,动,pymupdf-native-table,
hsk_exam2025,page:344;sequence:10574,10574,7-9,7-9,,胀,,胀,,zhàng,动、形,pymupdf-native-table,
hsk_exam2025,page:344;sequence:10575,10575,7-9,7-9,,帐篷,,帐篷,,zhàngpeng,名,pymupdf-native-table,
hsk_exam2025,page:344;sequence:10576,10576,7-9,7-9,,招标,,招标,,zhāobiāo,动,pymupdf-native-table,
hsk_exam2025,page:344;sequence:10577,10577,7-9,7-9,,招揽,,招揽,,zhāolǎn,动,pymupdf-native-table,
hsk_exam2025,page:344;sequence:10578,10578,7-9,7-9,,招募,,招募,,zhāomù,动,pymupdf-native-table,
hsk_exam2025,page:344;sequence:10579,10579,7-9,7-9,,招牌,,招牌,,zhāopai,名,pymupdf-native-table,
hsk_exam2025,page:344;sequence:10580,10580,7-9,7-9,,朝气蓬勃,,朝气蓬勃,,zhāoqì-péngbó,,pymupdf-native-table,
hsk_exam2025,page:344;sequence:10581,10581,7-9,7-9,,朝三暮四,,朝三暮四,,zhāosān-mùsì,,pymupdf-native-table,
hsk_exam2025,page:344;sequence:10582,10582,7-9,7-9,,招商,,招商,,zhāoshāng,动,pymupdf-native-table,
hsk_exam2025,page:344;sequence:10583,10583,7-9,7-9,,招数,,招数,,zhāoshù,名,pymupdf-native-table,
hsk_exam2025,page:344;sequence:10584,10584,7-9,7-9,,朝夕相处,,朝夕相处,,zhāoxī-xiāngchǔ,,pymupdf-native-table,
hsk_exam2025,page:344;sequence:10585,10585,7-9,7-9,,着迷,,着迷,,zháomí,动,pymupdf-native-table,
hsk_exam2025,page:344;sequence:10586,10586,7-9,7-9,,沼泽,,沼泽,,zhǎozé,名,pymupdf-native-table,
hsk_exam2025,page:344;sequence:10587,10587,7-9,7-9,,罩,,罩,,zhào,动、名,pymupdf-native-table,
hsk_exam2025,page:344;sequence:10588,10588,7-9,7-9,,照办,,照办,,zhàobàn,动,pymupdf-native-table,
hsk_exam2025,page:344;sequence:10589,10589,7-9,7-9,,照常,,照常,,zhàocháng,副、动,pymupdf-native-table,
hsk_exam2025,page:344;sequence:10590,10590,7-9,7-9,,召集,,召集,,zhàojí,动,pymupdf-native-table,
hsk_exam2025,page:344;sequence:10591,10591,7-9,7-9,,照例,,照例,,zhàolì,副,pymupdf-native-table,
hsk_exam2025,page:344;sequence:10592,10592,7-9,7-9,,照料,,照料,,zhàoliào,动,pymupdf-native-table,
hsk_exam2025,page:344;sequence:10593,10593,7-9,7-9,,照射,,照射,,zhàoshè,动,pymupdf-native-table,
hsk_exam2025,page:344;sequence:10594,10594,7-9,7-9,,肇事,,肇事,,zhàoshì,动,pymupdf-native-table,
hsk_exam2025,page:344;sequence:10595,10595,7-9,7-9,,兆头,,兆头,,zhàotou,名,pymupdf-native-table,
hsk_exam2025,page:344;sequence:10596,10596,7-9,7-9,,照样,,照样,,zhàoyàng,副、动,pymupdf-native-table,
hsk_exam2025,page:344;sequence:10597,10597,7-9,7-9,,照耀,,照耀,,zhàoyào,动,pymupdf-native-table,
hsk_exam2025,page:344;sequence:10598,10598,7-9,7-9,,遮,,遮,,zhē,动,pymupdf-native-table,
hsk_exam2025,page:344;sequence:10599,10599,7-9,7-9,,遮挡,,遮挡,,zhēdǎng,动、名,pymupdf-native-table,
hsk_exam2025,page:344;sequence:10600,10600,7-9,7-9,,遮盖,,遮盖,,zhēgài,动,pymupdf-native-table,
hsk_exam2025,page:345;sequence:10601,10601,7-9,7-9,,折腾,,折腾,,zhēteng,动,pymupdf-native-table,
hsk_exam2025,page:345;sequence:10602,10602,7-9,7-9,,折叠,,折叠,,zhédié,动,pymupdf-native-table,
hsk_exam2025,page:345;sequence:10603,10603,7-9,7-9,,折合,,折合,,zhéhé,动,pymupdf-native-table,
hsk_exam2025,page:345;sequence:10604,10604,7-9,7-9,,哲理,,哲理,,zhélǐ,名,pymupdf-native-table,
hsk_exam2025,page:345;sequence:10605,10605,7-9,7-9,,折磨,,折磨,,zhémó,动,pymupdf-native-table,
hsk_exam2025,page:345;sequence:10606,10606,7-9,7-9,,折射,,折射,,zhéshè,动,pymupdf-native-table,
hsk_exam2025,page:345;sequence:10607,10607,7-9,7-9,,珍藏,,珍藏,,zhēncáng,动、名,pymupdf-native-table,
hsk_exam2025,page:345;sequence:10608,10608,7-9,7-9,,侦查,,侦查,,zhēnchá,动,pymupdf-native-table,
hsk_exam2025,page:345;sequence:10609,10609,7-9,7-9,,针锋相对,,针锋相对,,zhēnfēng-xiāngduì,,pymupdf-native-table,
hsk_exam2025,page:345;sequence:10610,10610,7-9,7-9,,针灸,,针灸,,zhēnjiǔ,名,pymupdf-native-table,
hsk_exam2025,page:345;sequence:10611,10611,7-9,7-9,,真空,,真空,,zhēnkōng,名,pymupdf-native-table,
hsk_exam2025,page:345;sequence:10612,10612,7-9,7-9,,真理,,真理,,zhēnlǐ,名,pymupdf-native-table,
hsk_exam2025,page:345;sequence:10613,10613,7-9,7-9,,真情,,真情,,zhēnqíng,名,pymupdf-native-table,
hsk_exam2025,page:345;sequence:10614,10614,7-9,7-9,,真是,,真是,,zhēnshi,动,pymupdf-native-table,
hsk_exam2025,page:345;sequence:10615,10615,7-9,7-9,,珍视,,珍视,,zhēnshì,动,pymupdf-native-table,
hsk_exam2025,page:345;sequence:10616,10616,7-9,7-9,,侦探,,侦探,,zhēntàn,动、名,pymupdf-native-table,
hsk_exam2025,page:345;sequence:10617,10617,7-9,7-9,,珍稀,,珍稀,,zhēnxī,形,pymupdf-native-table,
hsk_exam2025,page:345;sequence:10618,10618,7-9,7-9,,真心,,真心,,zhēnxīn,名,pymupdf-native-table,
hsk_exam2025,page:345;sequence:10619,10619,7-9,7-9,,真挚,,真挚,,zhēnzhì,形,pymupdf-native-table,
hsk_exam2025,page:345;sequence:10620,10620,7-9,7-9,,珍重,,珍重,,zhēnzhòng,动,pymupdf-native-table,
hsk_exam2025,page:345;sequence:10621,10621,7-9,7-9,,斟酌,,斟酌,,zhēnzhuó,动,pymupdf-native-table,
hsk_exam2025,page:345;sequence:10622,10622,7-9,7-9,,枕,,枕,,zhěn,动,pymupdf-native-table,
hsk_exam2025,page:345;sequence:10623,10623,7-9,7-9,,诊所,,诊所,,zhěnsuǒ,名,pymupdf-native-table,
hsk_exam2025,page:345;sequence:10624,10624,7-9,7-9,,震,,震,,zhèn,动,pymupdf-native-table,
hsk_exam2025,page:345;sequence:10625,10625,7-9,7-9,,震荡,,震荡,,zhèndàng,动,pymupdf-native-table,
hsk_exam2025,page:345;sequence:10626,10626,7-9,7-9,,阵地,,阵地,,zhèndì,名,pymupdf-native-table,
hsk_exam2025,page:345;sequence:10627,10627,7-9,7-9,,镇定,,镇定,,zhèndìng,形、动,pymupdf-native-table,
hsk_exam2025,page:345;sequence:10628,10628,7-9,7-9,,振动,,振动,,zhèndòng,动,pymupdf-native-table,
hsk_exam2025,page:345;sequence:10629,10629,7-9,7-9,,震动,,震动,,zhèndòng,动,pymupdf-native-table,
hsk_exam2025,page:345;sequence:10630,10630,7-9,7-9,,振奋,,振奋,,zhènfèn,形、动,pymupdf-native-table,
hsk_exam2025,page:345;sequence:10631,10631,7-9,7-9,,震撼,,震撼,,zhènhàn,动,pymupdf-native-table,
hsk_exam2025,page:345;sequence:10632,10632,7-9,7-9,,镇静,,镇静,,zhènjìng,形、动,pymupdf-native-table,
hsk_exam2025,page:345;sequence:10633,10633,7-9,7-9,,震惊,,震惊,,zhènjīng,形、动,pymupdf-native-table,
hsk_exam2025,page:345;sequence:10634,10634,7-9,7-9,,阵容,,阵容,,zhènróng,名,pymupdf-native-table,
hsk_exam2025,page:345;sequence:10635,10635,7-9,7-9,,振兴,,振兴,,zhènxīng,动,pymupdf-native-table,
hsk_exam2025,page:345;sequence:10636,10636,7-9,7-9,,阵营,,阵营,,zhènyíng,名,pymupdf-native-table,
hsk_exam2025,page:345;sequence:10637,10637,7-9,7-9,,振作,,振作,,zhènzuò,形、动,pymupdf-native-table,
hsk_exam2025,page:345;sequence:10638,10638,7-9,7-9,,征,,征,,zhēng,动,pymupdf-native-table,
hsk_exam2025,page:345;sequence:10639,10639,7-9,7-9,,蒸,,蒸,,zhēng,动,pymupdf-native-table,
hsk_exam2025,page:345;sequence:10640,10640,7-9,7-9,,争辩,,争辩,,zhēngbiàn,动,pymupdf-native-table,
hsk_exam2025,page:346;sequence:10641,10641,7-9,7-9,,争端,,争端,,zhēngduān,名,pymupdf-native-table,
hsk_exam2025,page:346;sequence:10642,10642,7-9,7-9,,蒸发,,蒸发,,zhēngfā,动,pymupdf-native-table,
hsk_exam2025,page:346;sequence:10643,10643,7-9,7-9,,争分夺秒,,争分夺秒,,zhēngfēn-duómiǎo,,pymupdf-native-table,
hsk_exam2025,page:346;sequence:10644,10644,7-9,7-9,,征服,,征服,,zhēngfú,动,pymupdf-native-table,
hsk_exam2025,page:346;sequence:10645,10645,7-9,7-9,,争光,,争光,,zhēngguāng,动,pymupdf-native-table,
hsk_exam2025,page:346;sequence:10646,10646,7-9,7-9,,征集,,征集,,zhēngjí,动,pymupdf-native-table,
hsk_exam2025,page:346;sequence:10647,10647,7-9,7-9,,症结,,症结,,zhēngjié,名,pymupdf-native-table,
hsk_exam2025,page:346;sequence:10648,10648,7-9,7-9,,争气,,争气,,zhēngqì,动,pymupdf-native-table,
hsk_exam2025,page:346;sequence:10649,10649,7-9,7-9,,征收,,征收,,zhēngshōu,动,pymupdf-native-table,
hsk_exam2025,page:346;sequence:10650,10650,7-9,7-9,,争相,,争相,,zhēngxiāng,副,pymupdf-native-table,
hsk_exam2025,page:346;sequence:10651,10651,7-9,7-9,,争先恐后,,争先恐后,,zhēngxiān-kǒnghòu,,pymupdf-native-table,
hsk_exam2025,page:346;sequence:10652,10652,7-9,7-9,,正月,,正月,,zhēngyuè,名,pymupdf-native-table,
hsk_exam2025,page:346;sequence:10653,10653,7-9,7-9,,挣扎,,挣扎,,zhēngzhá,动,pymupdf-native-table,
hsk_exam2025,page:346;sequence:10654,10654,7-9,7-9,,争执,,争执,,zhēngzhí,动,pymupdf-native-table,
hsk_exam2025,page:346;sequence:10655,10655,7-9,7-9,,整顿,,整顿,,zhěngdùn,动,pymupdf-native-table,
hsk_exam2025,page:346;sequence:10656,10656,7-9,7-9,,整合,,整合,,zhěnghé,动,pymupdf-native-table,
hsk_exam2025,page:346;sequence:10657,10657,7-9,7-9,,整洁,,整洁,,zhěngjié,形,pymupdf-native-table,
hsk_exam2025,page:346;sequence:10658,10658,7-9,7-9,,拯救,,拯救,,zhěngjiù,动,pymupdf-native-table,
hsk_exam2025,page:346;sequence:10659,10659,7-9,7-9,,整数,,整数,,zhěngshù,名,pymupdf-native-table,
hsk_exam2025,page:346;sequence:10660,10660,7-9,7-9,,整治,,整治,,zhěngzhì,动,pymupdf-native-table,
hsk_exam2025,page:346;sequence:10661,10661,7-9,7-9,,正版,,正版,,zhèngbǎn,名,pymupdf-native-table,
hsk_exam2025,page:346;sequence:10662,10662,7-9,7-9,,正当,,正当,,zhèngdàng,形,pymupdf-native-table,
hsk_exam2025,page:346;sequence:10663,10663,7-9,7-9,,政党,,政党,,zhèngdǎng,名,pymupdf-native-table,
hsk_exam2025,page:346;sequence:10664,10664,7-9,7-9,,正经,,正经,,zhèngjing,形,pymupdf-native-table,
hsk_exam2025,page:346;sequence:10665,10665,7-9,7-9,,正能量,,正能量,,zhèngnéngliàng,名,pymupdf-native-table,
hsk_exam2025,page:346;sequence:10666,10666,7-9,7-9,,正气,,正气,,zhèngqì,名,pymupdf-native-table,
hsk_exam2025,page:346;sequence:10667,10667,7-9,7-9,,政权,,政权,,zhèngquán,名,pymupdf-native-table,
hsk_exam2025,page:346;sequence:10668,10668,7-9,7-9,,证券,,证券,,zhèngquàn,名,pymupdf-native-table,
hsk_exam2025,page:346;sequence:10669,10669,7-9,7-9,,证人,,证人,,zhèngrén,名,pymupdf-native-table,
hsk_exam2025,page:346;sequence:10670,10670,7-9,7-9,,正视,,正视,,zhèngshì,动,pymupdf-native-table,
hsk_exam2025,page:346;sequence:10671,10671,7-9,7-9,,正直,,正直,,zhèngzhí,形,pymupdf-native-table,
hsk_exam2025,page:346;sequence:10672,10672,7-9,7-9,,郑重,,郑重,,zhèngzhòng,形,pymupdf-native-table,
hsk_exam2025,page:346;sequence:10673,10673,7-9,7-9,,正宗,,正宗,,zhèngzōng,名、形,pymupdf-native-table,
hsk_exam2025,page:346;sequence:10674,10674,7-9,7-9,,之,,之2,2,zhī,代,pymupdf-native-table,
hsk_exam2025,page:346;sequence:10675,10675,7-9,7-9,,织,,织,,zhī,动,pymupdf-native-table,
hsk_exam2025,page:346;sequence:10676,10676,7-9,7-9,,之际,,之际,,zhījì,名,pymupdf-native-table,
hsk_exam2025,page:346;sequence:10677,10677,7-9,7-9,,知己,,知己,,zhījǐ,形、名,pymupdf-native-table,
hsk_exam2025,page:346;sequence:10678,10678,7-9,7-9,,支架,,支架,,zhījià,名、动,pymupdf-native-table,
hsk_exam2025,page:346;sequence:10679,10679,7-9,7-9,,知觉,,知觉,,zhījué,名,pymupdf-native-table,
hsk_exam2025,page:346;sequence:10680,10680,7-9,7-9,,支流,,支流,,zhīliú,名,pymupdf-native-table,
hsk_exam2025,page:347;sequence:10681,10681,7-9,7-9,,芝麻,,芝麻,,zhīma,名,pymupdf-native-table,
hsk_exam2025,page:347;sequence:10682,10682,7-9,7-9,,支配,,支配,,zhīpèi,动,pymupdf-native-table,
hsk_exam2025,page:347;sequence:10683,10683,7-9,7-9,,支票,,支票,,zhīpiào,名,pymupdf-native-table,
hsk_exam2025,page:347;sequence:10684,10684,7-9,7-9,,知识分子,,知识分子,,zhīshi fènzǐ,,pymupdf-native-table,
hsk_exam2025,page:347;sequence:10685,10685,7-9,7-9,,肢体,,肢体,,zhītǐ,名,pymupdf-native-table,
hsk_exam2025,page:347;sequence:10686,10686,7-9,7-9,,支援,,支援,,zhīyuán,动,pymupdf-native-table,
hsk_exam2025,page:347;sequence:10687,10687,7-9,7-9,,支柱,,支柱,,zhīzhù,名,pymupdf-native-table,
hsk_exam2025,page:347;sequence:10688,10688,7-9,7-9,,知足,,知足,,zhīzú,形,pymupdf-native-table,
hsk_exam2025,page:347;sequence:10689,10689,7-9,7-9,,知足常乐,,知足常乐,,zhīzú-chánglè,,pymupdf-native-table,
hsk_exam2025,page:347;sequence:10690,10690,7-9,7-9,,职称,,职称,,zhíchēng,名,pymupdf-native-table,
hsk_exam2025,page:347;sequence:10691,10691,7-9,7-9,,直达,,直达,,zhídá,动,pymupdf-native-table,
hsk_exam2025,page:347;sequence:10692,10692,7-9,7-9,,执法,,执法,,zhífǎ,动,pymupdf-native-table,
hsk_exam2025,page:347;sequence:10693,10693,7-9,7-9,,直观,,直观,,zhíguān,形,pymupdf-native-table,
hsk_exam2025,page:347;sequence:10694,10694,7-9,7-9,,直径,,直径,,zhíjìng,名,pymupdf-native-table,
hsk_exam2025,page:347;sequence:10695,10695,7-9,7-9,,直觉,,直觉,,zhíjué,名,pymupdf-native-table,
hsk_exam2025,page:347;sequence:10696,10696,7-9,7-9,,职能,,职能,,zhínéng,名,pymupdf-native-table,
hsk_exam2025,page:347;sequence:10697,10697,7-9,7-9,,值钱,,值钱,,zhíqián,形,pymupdf-native-table,
hsk_exam2025,page:347;sequence:10698,10698,7-9,7-9,,直升机,,直升机,,zhíshēngjī,名,pymupdf-native-table,
hsk_exam2025,page:347;sequence:10699,10699,7-9,7-9,,直视,,直视,,zhíshì,动,pymupdf-native-table,
hsk_exam2025,page:347;sequence:10700,10700,7-9,7-9,,直线,,直线,,zhíxiàn,名、形,pymupdf-native-table,
hsk_exam2025,page:347;sequence:10701,10701,7-9,7-9,,直辖市,,直辖市,,zhíxiáshì,名,pymupdf-native-table,
hsk_exam2025,page:347;sequence:10702,10702,7-9,7-9,,执意,,执意,,zhíyì,副,pymupdf-native-table,
hsk_exam2025,page:347;sequence:10703,10703,7-9,7-9,,执照,,执照,,zhízhào,名,pymupdf-native-table,
hsk_exam2025,page:347;sequence:10704,10704,7-9,7-9,,直至,,直至,,zhízhì,动,pymupdf-native-table,
hsk_exam2025,page:347;sequence:10705,10705,7-9,7-9,,执着,,执着,,zhízhuó,形,pymupdf-native-table,
hsk_exam2025,page:347;sequence:10706,10706,7-9,7-9,,纸币,,纸币,,zhǐbì,名,pymupdf-native-table,
hsk_exam2025,page:347;sequence:10707,10707,7-9,7-9,,指标,,指标,,zhǐbiāo,名,pymupdf-native-table,
hsk_exam2025,page:347;sequence:10708,10708,7-9,7-9,,止步,,止步,,zhǐbù,动,pymupdf-native-table,
hsk_exam2025,page:347;sequence:10709,10709,7-9,7-9,,指点,,指点,,zhǐdiǎn,动,pymupdf-native-table,
hsk_exam2025,page:347;sequence:10710,10710,7-9,7-9,,只管,,只管,,zhǐguǎn,副,pymupdf-native-table,
hsk_exam2025,page:347;sequence:10711,10711,7-9,7-9,,指甲,,指甲,,zhǐjia,名,pymupdf-native-table,
hsk_exam2025,page:347;sequence:10712,10712,7-9,7-9,,指教,,指教,,zhǐjiào,动,pymupdf-native-table,
hsk_exam2025,page:347;sequence:10713,10713,7-9,7-9,,指控,,指控,,zhǐkòng,动,pymupdf-native-table,
hsk_exam2025,page:347;sequence:10714,10714,7-9,7-9,,指令,,指令,,zhǐlìng,动、名,pymupdf-native-table,
hsk_exam2025,page:347;sequence:10715,10715,7-9,7-9,,指南,,指南,,zhǐnán,名,pymupdf-native-table,
hsk_exam2025,page:347;sequence:10716,10716,7-9,7-9,,纸上谈兵,,纸上谈兵,,zhǐshàng-tánbīng,,pymupdf-native-table,
hsk_exam2025,page:347;sequence:10717,10717,7-9,7-9,,指手画脚,,指手画脚,,zhǐshǒu-huàjiǎo,,pymupdf-native-table,
hsk_exam2025,page:347;sequence:10718,10718,7-9,7-9,,指数,,指数,,zhǐshù,名,pymupdf-native-table,
hsk_exam2025,page:347;sequence:10719,10719,7-9,7-9,,指望,,指望,,zhǐwàng,动、名,pymupdf-native-table,
hsk_exam2025,page:347;sequence:10720,10720,7-9,7-9,,指纹,,指纹,,zhǐwén,名,pymupdf-native-table,
hsk_exam2025,page:348;sequence:10721,10721,7-9,7-9,,指向,,指向,,zhǐxiàng,动、名,pymupdf-native-table,
hsk_exam2025,page:348;sequence:10722,10722,7-9,7-9,,指引,,指引,,zhǐyǐn,动,pymupdf-native-table,
hsk_exam2025,page:348;sequence:10723,10723,7-9,7-9,,旨在,,旨在,,zhǐzài,动,pymupdf-native-table,
hsk_exam2025,page:348;sequence:10724,10724,7-9,7-9,,致,,致,,zhì,动,pymupdf-native-table,
hsk_exam2025,page:348;sequence:10725,10725,7-9,7-9,,置,,置,,zhì,动,pymupdf-native-table,
hsk_exam2025,page:348;sequence:10726,10726,7-9,7-9,,治安,,治安,,zhì’ān,名,pymupdf-native-table,
hsk_exam2025,page:348;sequence:10727,10727,7-9,7-9,,制裁,,制裁,,zhìcái,动,pymupdf-native-table,
hsk_exam2025,page:348;sequence:10728,10728,7-9,7-9,,致辞,,致辞,,zhìcí,动,pymupdf-native-table,
hsk_exam2025,page:348;sequence:10729,10729,7-9,7-9,,至此,,至此,,zhìcǐ,动,pymupdf-native-table,
hsk_exam2025,page:348;sequence:10730,10730,7-9,7-9,,质地,,质地,,zhìdì,名,pymupdf-native-table,
hsk_exam2025,page:348;sequence:10731,10731,7-9,7-9,,制服,,制服1,1,zhìfú,名,pymupdf-native-table,
hsk_exam2025,page:348;sequence:10732,10732,7-9,7-9,,制服,,制服2,2,zhìfú,动,pymupdf-native-table,
hsk_exam2025,page:348;sequence:10733,10733,7-9,7-9,,致富,,致富,,zhìfù,动,pymupdf-native-table,
hsk_exam2025,page:348;sequence:10734,10734,7-9,7-9,,滞后,,滞后,,zhìhòu,动,pymupdf-native-table,
hsk_exam2025,page:348;sequence:10735,10735,7-9,7-9,,致敬,,致敬,,zhìjìng,动,pymupdf-native-table,
hsk_exam2025,page:348;sequence:10736,10736,7-9,7-9,,滞留,,滞留,,zhìliú,动,pymupdf-native-table,
hsk_exam2025,page:348;sequence:10737,10737,7-9,7-9,,致力于,,致力于,,zhìlìyú,动,pymupdf-native-table,
hsk_exam2025,page:348;sequence:10738,10738,7-9,7-9,,致命,,致命,,zhìmìng,动,pymupdf-native-table,
hsk_exam2025,page:348;sequence:10739,10739,7-9,7-9,,稚嫩,,稚嫩,,zhìnèn,形,pymupdf-native-table,
hsk_exam2025,page:348;sequence:10740,10740,7-9,7-9,,质朴,,质朴,,zhìpǔ,形,pymupdf-native-table,
hsk_exam2025,page:348;sequence:10741,10741,7-9,7-9,,志气,,志气,,zhìqì,名,pymupdf-native-table,
hsk_exam2025,page:348;sequence:10742,10742,7-9,7-9,,智商,,智商,,zhìshāng,名,pymupdf-native-table,
hsk_exam2025,page:348;sequence:10743,10743,7-9,7-9,,致使,,致使,,zhìshǐ,动、连,pymupdf-native-table,
hsk_exam2025,page:348;sequence:10744,10744,7-9,7-9,,质问,,质问,,zhìwèn,动,pymupdf-native-table,
hsk_exam2025,page:348;sequence:10745,10745,7-9,7-9,,窒息,,窒息,,zhìxī,动,pymupdf-native-table,
hsk_exam2025,page:348;sequence:10746,10746,7-9,7-9,,志向,,志向,,zhìxiàng,名,pymupdf-native-table,
hsk_exam2025,page:348;sequence:10747,10747,7-9,7-9,,治愈,,治愈,,zhìyù,动,pymupdf-native-table,
hsk_exam2025,page:348;sequence:10748,10748,7-9,7-9,,志愿,,志愿,,zhìyuàn,名、动,pymupdf-native-table,
hsk_exam2025,page:348;sequence:10749,10749,7-9,7-9,,制约,,制约,,zhìyuē,动,pymupdf-native-table,
hsk_exam2025,page:348;sequence:10750,10750,7-9,7-9,,制止,,制止,,zhìzhǐ,动,pymupdf-native-table,
hsk_exam2025,page:348;sequence:10751,10751,7-9,7-9,,钟,,钟,,zhōng,名,pymupdf-native-table,
hsk_exam2025,page:348;sequence:10752,10752,7-9,7-9,,忠诚,,忠诚,,zhōngchéng,形,pymupdf-native-table,
hsk_exam2025,page:348;sequence:10753,10753,7-9,7-9,,终端,,终端,,zhōngduān,名,pymupdf-native-table,
hsk_exam2025,page:348;sequence:10754,10754,7-9,7-9,,忠告,,忠告,,zhōnggào,动、名,pymupdf-native-table,
hsk_exam2025,page:348;sequence:10755,10755,7-9,7-9,,终极,,终极,,zhōngjí,名,pymupdf-native-table,
hsk_exam2025,page:348;sequence:10756,10756,7-9,7-9,,终结,,终结,,zhōngjié,动,pymupdf-native-table,
hsk_exam2025,page:348;sequence:10757,10757,7-9,7-9,,终究,,终究,,zhōngjiū,副,pymupdf-native-table,
hsk_exam2025,page:348;sequence:10758,10758,7-9,7-9,,中立,,中立,,zhōnglì,动,pymupdf-native-table,
hsk_exam2025,page:348;sequence:10759,10759,7-9,7-9,,终生,,终生,,zhōngshēng,名,pymupdf-native-table,
hsk_exam2025,page:348;sequence:10760,10760,7-9,7-9,,忠实,,忠实,,zhōngshí,形、动,pymupdf-native-table,
hsk_exam2025,page:349;sequence:10761,10761,7-9,7-9,,中途,,中途,,zhōngtú,名,pymupdf-native-table,
hsk_exam2025,page:349;sequence:10762,10762,7-9,7-9,,忠心,,忠心,,zhōngxīn,名,pymupdf-native-table,
hsk_exam2025,page:349;sequence:10763,10763,7-9,7-9,,衷心,,衷心,,zhōngxīn,形,pymupdf-native-table,
hsk_exam2025,page:349;sequence:10764,10764,7-9,7-9,,中性,,中性,,zhōngxìng,名、形,pymupdf-native-table,
hsk_exam2025,page:349;sequence:10765,10765,7-9,7-9,,中叶,,中叶,,zhōngyè,名,pymupdf-native-table,
hsk_exam2025,page:349;sequence:10766,10766,7-9,7-9,,中庸,,中庸,,zhōngyōng,名、形,pymupdf-native-table,
hsk_exam2025,page:349;sequence:10767,10767,7-9,7-9,,忠于,,忠于,,zhōngyú,动,pymupdf-native-table,
hsk_exam2025,page:349;sequence:10768,10768,7-9,7-9,,忠贞,,忠贞,,zhōngzhēn,形,pymupdf-native-table,
hsk_exam2025,page:349;sequence:10769,10769,7-9,7-9,,中止,,中止,,zhōngzhǐ,动,pymupdf-native-table,
hsk_exam2025,page:349;sequence:10770,10770,7-9,7-9,,终止,,终止,,zhōngzhǐ,动,pymupdf-native-table,
hsk_exam2025,page:349;sequence:10771,10771,7-9,7-9,,肿瘤,,肿瘤,,zhǒngliú,名,pymupdf-native-table,
hsk_exam2025,page:349;sequence:10772,10772,7-9,7-9,,种族,,种族,,zhǒngzú,名,pymupdf-native-table,
hsk_exam2025,page:349;sequence:10773,10773,7-9,7-9,,仲裁,,仲裁,,zhòngcái,动,pymupdf-native-table,
hsk_exam2025,page:349;sequence:10774,10774,7-9,7-9,,重创,,重创,,zhòngchuāng,动,pymupdf-native-table,
hsk_exam2025,page:349;sequence:10775,10775,7-9,7-9,,重量级,,重量级,,zhòngliàngjí,形,pymupdf-native-table,
hsk_exam2025,page:349;sequence:10776,10776,7-9,7-9,,重任,,重任,,zhòngrèn,名,pymupdf-native-table,
hsk_exam2025,page:349;sequence:10777,10777,7-9,7-9,,重型,,重型,,zhòngxíng,形,pymupdf-native-table,
hsk_exam2025,page:349;sequence:10778,10778,7-9,7-9,,重用,,重用,,zhòngyòng,动,pymupdf-native-table,
hsk_exam2025,page:349;sequence:10779,10779,7-9,7-9,,众志成城,,众志成城,,zhòngzhì-chéngchéng,,pymupdf-native-table,
hsk_exam2025,page:349;sequence:10780,10780,7-9,7-9,,重中之重,,重中之重,,zhòngzhōngzhīzhòng,,pymupdf-native-table,
hsk_exam2025,page:349;sequence:10781,10781,7-9,7-9,,周密,,周密,,zhōumì,形,pymupdf-native-table,
hsk_exam2025,page:349;sequence:10782,10782,7-9,7-9,,周岁,,周岁,,zhōusuì,名,pymupdf-native-table,
hsk_exam2025,page:349;sequence:10783,10783,7-9,7-9,,周旋,,周旋,,zhōuxuán,动,pymupdf-native-table,
hsk_exam2025,page:349;sequence:10784,10784,7-9,7-9,,周折,,周折,,zhōuzhé,名,pymupdf-native-table,
hsk_exam2025,page:349;sequence:10785,10785,7-9,7-9,,周转,,周转,,zhōuzhuǎn,动,pymupdf-native-table,
hsk_exam2025,page:349;sequence:10786,10786,7-9,7-9,,皱,,皱,,zhòu,名、动,pymupdf-native-table,
hsk_exam2025,page:349;sequence:10787,10787,7-9,7-9,,骤然,,骤然,,zhòurán,副,pymupdf-native-table,
hsk_exam2025,page:349;sequence:10788,10788,7-9,7-9,,皱纹,,皱纹,,zhòuwén,名,pymupdf-native-table,
hsk_exam2025,page:349;sequence:10789,10789,7-9,7-9,,昼夜,,昼夜,,zhòuyè,名,pymupdf-native-table,
hsk_exam2025,page:349;sequence:10790,10790,7-9,7-9,,朱红,,朱红,,zhūhóng,形,pymupdf-native-table,
hsk_exam2025,page:349;sequence:10791,10791,7-9,7-9,,诸如此类,,诸如此类,,zhūrú-cǐlèi,,pymupdf-native-table,
hsk_exam2025,page:349;sequence:10792,10792,7-9,7-9,,诸位,,诸位,,zhūwèi,代,pymupdf-native-table,
hsk_exam2025,page:349;sequence:10793,10793,7-9,7-9,,竹竿,,竹竿,,zhúgān,名,pymupdf-native-table,
hsk_exam2025,page:349;sequence:10794,10794,7-9,7-9,,逐年,,逐年,,zhúnián,副,pymupdf-native-table,
hsk_exam2025,page:349;sequence:10795,10795,7-9,7-9,,逐一,,逐一,,zhúyī,副,pymupdf-native-table,
hsk_exam2025,page:349;sequence:10796,10796,7-9,7-9,,拄,,拄,,zhǔ,动,pymupdf-native-table,
hsk_exam2025,page:349;sequence:10797,10797,7-9,7-9,,主编,,主编,,zhǔbiān,动、名,pymupdf-native-table,
hsk_exam2025,page:349;sequence:10798,10798,7-9,7-9,,主打,,主打,,zhǔdǎ,动,pymupdf-native-table,
hsk_exam2025,page:349;sequence:10799,10799,7-9,7-9,,嘱咐,,嘱咐,,zhǔfù,动,pymupdf-native-table,
hsk_exam2025,page:349;sequence:10800,10800,7-9,7-9,,主力,,主力,,zhǔlì,名,pymupdf-native-table,
hsk_exam2025,page:350;sequence:10801,10801,7-9,7-9,,主权,,主权,,zhǔquán,名,pymupdf-native-table,
hsk_exam2025,page:350;sequence:10802,10802,7-9,7-9,,主人公,,主人公,,zhǔréngōng,名,pymupdf-native-table,
hsk_exam2025,page:350;sequence:10803,10803,7-9,7-9,,主体,,主体,,zhǔtǐ,名,pymupdf-native-table,
hsk_exam2025,page:350;sequence:10804,10804,7-9,7-9,,主题曲,,主题曲,,zhǔtíqǔ,名,pymupdf-native-table,
hsk_exam2025,page:350;sequence:10805,10805,7-9,7-9,,嘱托,,嘱托,,zhǔtuō,动,pymupdf-native-table,
hsk_exam2025,page:350;sequence:10806,10806,7-9,7-9,,主页,,主页,,zhǔyè,名,pymupdf-native-table,
hsk_exam2025,page:350;sequence:10807,10807,7-9,7-9,,主义,,主义,,zhǔyì,名,pymupdf-native-table,
hsk_exam2025,page:350;sequence:10808,10808,7-9,7-9,,主宰,,主宰,,zhǔzǎi,动、名,pymupdf-native-table,
hsk_exam2025,page:350;sequence:10809,10809,7-9,7-9,,注,,注,,zhù,动、名,pymupdf-native-table,
hsk_exam2025,page:350;sequence:10810,10810,7-9,7-9,,驻,,驻,,zhù,动,pymupdf-native-table,
hsk_exam2025,page:350;sequence:10811,10811,7-9,7-9,,筑,,筑,,zhù,动,pymupdf-native-table,
hsk_exam2025,page:350;sequence:10812,10812,7-9,7-9,,贮藏,,贮藏,,zhùcáng,动,pymupdf-native-table,
hsk_exam2025,page:350;sequence:10813,10813,7-9,7-9,,著称,,著称,,zhùchēng,动,pymupdf-native-table,
hsk_exam2025,page:350;sequence:10814,10814,7-9,7-9,,住处,,住处,,zhùchù,名,pymupdf-native-table,
hsk_exam2025,page:350;sequence:10815,10815,7-9,7-9,,注定,,注定,,zhùdìng,动,pymupdf-native-table,
hsk_exam2025,page:350;sequence:10816,10816,7-9,7-9,,住户,,住户,,zhùhù,名,pymupdf-native-table,
hsk_exam2025,page:350;sequence:10817,10817,7-9,7-9,,助力,,助力,,zhùlì,动、名,pymupdf-native-table,
hsk_exam2025,page:350;sequence:10818,10818,7-9,7-9,,注射,,注射,,zhùshè,动,pymupdf-native-table,
hsk_exam2025,page:350;sequence:10819,10819,7-9,7-9,,注视,,注视,,zhùshì,动,pymupdf-native-table,
hsk_exam2025,page:350;sequence:10820,10820,7-9,7-9,,注释,,注释,,zhùshì,动、名,pymupdf-native-table,
hsk_exam2025,page:350;sequence:10821,10821,7-9,7-9,,助威,,助威,,zhùwēi,动,pymupdf-native-table,
hsk_exam2025,page:350;sequence:10822,10822,7-9,7-9,,注销,,注销,,zhùxiāo,动,pymupdf-native-table,
hsk_exam2025,page:350;sequence:10823,10823,7-9,7-9,,蛀牙,,蛀牙,,zhùyá,名,pymupdf-native-table,
hsk_exam2025,page:350;sequence:10824,10824,7-9,7-9,,铸造,,铸造,,zhùzào,动,pymupdf-native-table,
hsk_exam2025,page:350;sequence:10825,10825,7-9,7-9,,驻扎,,驻扎,,zhùzhā,动,pymupdf-native-table,
hsk_exam2025,page:350;sequence:10826,10826,7-9,7-9,,柱子,,柱子,,zhùzi,名,pymupdf-native-table,
hsk_exam2025,page:350;sequence:10827,10827,7-9,7-9,,驻足,,驻足,,zhùzú,动,pymupdf-native-table,
hsk_exam2025,page:350;sequence:10828,10828,7-9,7-9,,爪子,,爪子,,zhuǎzi,名,pymupdf-native-table,
hsk_exam2025,page:350;sequence:10829,10829,7-9,7-9,,拽,,拽,,zhuài,动,pymupdf-native-table,
hsk_exam2025,page:350;sequence:10830,10830,7-9,7-9,,专长,,专长,,zhuāncháng,名,pymupdf-native-table,
hsk_exam2025,page:350;sequence:10831,10831,7-9,7-9,,专程,,专程,,zhuānchéng,副,pymupdf-native-table,
hsk_exam2025,page:350;sequence:10832,10832,7-9,7-9,,专柜,,专柜,,zhuānguì,名,pymupdf-native-table,
hsk_exam2025,page:350;sequence:10833,10833,7-9,7-9,,专辑,,专辑,,zhuānjí,名,pymupdf-native-table,
hsk_exam2025,page:350;sequence:10834,10834,7-9,7-9,,专栏,,专栏,,zhuānlán,名,pymupdf-native-table,
hsk_exam2025,page:350;sequence:10835,10835,7-9,7-9,,专卖,,专卖,,zhuānmài,动,pymupdf-native-table,
hsk_exam2025,page:350;sequence:10836,10836,7-9,7-9,,专人,,专人,,zhuānrén,名,pymupdf-native-table,
hsk_exam2025,page:350;sequence:10837,10837,7-9,7-9,,专项,,专项,,zhuānxiàng,名,pymupdf-native-table,
hsk_exam2025,page:350;sequence:10838,10838,7-9,7-9,,专职,,专职,,zhuānzhí,名,pymupdf-native-table,
hsk_exam2025,page:350;sequence:10839,10839,7-9,7-9,,专制,,专制,,zhuānzhì,动、形,pymupdf-native-table,
hsk_exam2025,page:350;sequence:10840,10840,7-9,7-9,,专著,,专著,,zhuānzhù,名,pymupdf-native-table,
hsk_exam2025,page:351;sequence:10841,10841,7-9,7-9,,转播,,转播,,zhuǎnbō,动,pymupdf-native-table,
hsk_exam2025,page:351;sequence:10842,10842,7-9,7-9,,转达,,转达,,zhuǎndá,动,pymupdf-native-table,
hsk_exam2025,page:351;sequence:10843,10843,7-9,7-9,,转化,,转化,,zhuǎnhuà,动,pymupdf-native-table,
hsk_exam2025,page:351;sequence:10844,10844,7-9,7-9,,转机,,转机2,2,zhuǎnjī,名,pymupdf-native-table,
hsk_exam2025,page:351;sequence:10845,10845,7-9,7-9,,转型,,转型,,zhuǎnxíng,动,pymupdf-native-table,
hsk_exam2025,page:351;sequence:10846,10846,7-9,7-9,,转眼,,转眼,,zhuǎnyǎn,动,pymupdf-native-table,
hsk_exam2025,page:351;sequence:10847,10847,7-9,7-9,,转载,,转载,,zhuǎnzǎi,动,pymupdf-native-table,
hsk_exam2025,page:351;sequence:10848,10848,7-9,7-9,,转折,,转折,,zhuǎnzhé,动,pymupdf-native-table,
hsk_exam2025,page:351;sequence:10849,10849,7-9,7-9,,转折点,,转折点,,zhuǎnzhédiǎn,名,pymupdf-native-table,
hsk_exam2025,page:351;sequence:10850,10850,7-9,7-9,,传,,传,,zhuàn,名,pymupdf-native-table,
hsk_exam2025,page:351;sequence:10851,10851,7-9,7-9,,传记,,传记,,zhuànjì,名,pymupdf-native-table,
hsk_exam2025,page:351;sequence:10852,10852,7-9,7-9,,撰写,,撰写,,zhuànxiě,动,pymupdf-native-table,
hsk_exam2025,page:351;sequence:10853,10853,7-9,7-9,,转悠,,转悠,,zhuànyou,动,pymupdf-native-table,
hsk_exam2025,page:351;sequence:10854,10854,7-9,7-9,,桩,,桩,,zhuāng,名、量,pymupdf-native-table,
hsk_exam2025,page:351;sequence:10855,10855,7-9,7-9,,装扮,,装扮,,zhuāngbàn,动,pymupdf-native-table,
hsk_exam2025,page:351;sequence:10856,10856,7-9,7-9,,庄严,,庄严,,zhuāngyán,形,pymupdf-native-table,
hsk_exam2025,page:351;sequence:10857,10857,7-9,7-9,,庄园,,庄园,,zhuāngyuán,名,pymupdf-native-table,
hsk_exam2025,page:351;sequence:10858,10858,7-9,7-9,,装置,,装置,,zhuāngzhì,动、名,pymupdf-native-table,
hsk_exam2025,page:351;sequence:10859,10859,7-9,7-9,,庄重,,庄重,,zhuāngzhòng,形,pymupdf-native-table,
hsk_exam2025,page:351;sequence:10860,10860,7-9,7-9,,幢,,幢,,zhuàng,量,pymupdf-native-table,
hsk_exam2025,page:351;sequence:10861,10861,7-9,7-9,,壮,,壮,,zhuàng,形、动,pymupdf-native-table,
hsk_exam2025,page:351;sequence:10862,10862,7-9,7-9,,壮大,,壮大,,zhuàngdà,形、动,pymupdf-native-table,
hsk_exam2025,page:351;sequence:10863,10863,7-9,7-9,,壮观,,壮观,,zhuàngguān,名、形,pymupdf-native-table,
hsk_exam2025,page:351;sequence:10864,10864,7-9,7-9,,撞击,,撞击,,zhuàngjī,动,pymupdf-native-table,
hsk_exam2025,page:351;sequence:10865,10865,7-9,7-9,,壮丽,,壮丽,,zhuànglì,形,pymupdf-native-table,
hsk_exam2025,page:351;sequence:10866,10866,7-9,7-9,,壮烈,,壮烈,,zhuàngliè,形,pymupdf-native-table,
hsk_exam2025,page:351;sequence:10867,10867,7-9,7-9,,状元,,状元,,zhuàngyuan,名,pymupdf-native-table,
hsk_exam2025,page:351;sequence:10868,10868,7-9,7-9,,追悼,,追悼,,zhuīdào,动,pymupdf-native-table,
hsk_exam2025,page:351;sequence:10869,10869,7-9,7-9,,追赶,,追赶,,zhuīgǎn,动,pymupdf-native-table,
hsk_exam2025,page:351;sequence:10870,10870,7-9,7-9,,追捧,,追捧,,zhuīpěng,动,pymupdf-native-table,
hsk_exam2025,page:351;sequence:10871,10871,7-9,7-9,,追溯,,追溯,,zhuīsù,动,pymupdf-native-table,
hsk_exam2025,page:351;sequence:10872,10872,7-9,7-9,,追随,,追随,,zhuīsuí,动,pymupdf-native-table,
hsk_exam2025,page:351;sequence:10873,10873,7-9,7-9,,追尾,,追尾,,zhuīwěi,动,pymupdf-native-table,
hsk_exam2025,page:351;sequence:10874,10874,7-9,7-9,,追问,,追问,,zhuīwèn,动,pymupdf-native-table,
hsk_exam2025,page:351;sequence:10875,10875,7-9,7-9,,追逐,,追逐,,zhuīzhú,动,pymupdf-native-table,
hsk_exam2025,page:351;sequence:10876,10876,7-9,7-9,,追踪,,追踪,,zhuīzōng,动,pymupdf-native-table,
hsk_exam2025,page:351;sequence:10877,10877,7-9,7-9,,坠,,坠,,zhuì,动、名,pymupdf-native-table,
hsk_exam2025,page:351;sequence:10878,10878,7-9,7-9,,坠落,,坠落,,zhuìluò,动,pymupdf-native-table,
hsk_exam2025,page:351;sequence:10879,10879,7-9,7-9,,准许,,准许,,zhǔnxǔ,动,pymupdf-native-table,
hsk_exam2025,page:351;sequence:10880,10880,7-9,7-9,,准则,,准则,,zhǔnzé,名,pymupdf-native-table,
hsk_exam2025,page:352;sequence:10881,10881,7-9,7-9,,拙劣,,拙劣,,zhuōliè,形,pymupdf-native-table,
hsk_exam2025,page:352;sequence:10882,10882,7-9,7-9,,捉迷藏,,捉迷藏,,zhuōmícáng,,pymupdf-native-table,
hsk_exam2025,page:352;sequence:10883,10883,7-9,7-9,,着力,,着力,,zhuólì,动,pymupdf-native-table,
hsk_exam2025,page:352;sequence:10884,10884,7-9,7-9,,着落,,着落,,zhuóluò,名,pymupdf-native-table,
hsk_exam2025,page:352;sequence:10885,10885,7-9,7-9,,酌情,,酌情,,zhuóqíng,动,pymupdf-native-table,
hsk_exam2025,page:352;sequence:10886,10886,7-9,7-9,,灼热,,灼热,,zhuórè,形,pymupdf-native-table,
hsk_exam2025,page:352;sequence:10887,10887,7-9,7-9,,着实,,着实,,zhuóshí,副,pymupdf-native-table,
hsk_exam2025,page:352;sequence:10888,10888,7-9,7-9,,着手,,着手,,zhuóshǒu,动,pymupdf-native-table,
hsk_exam2025,page:352;sequence:10889,10889,7-9,7-9,,着想,,着想,,zhuóxiǎng,动,pymupdf-native-table,
hsk_exam2025,page:352;sequence:10890,10890,7-9,7-9,,着眼,,着眼,,zhuóyǎn,动,pymupdf-native-table,
hsk_exam2025,page:352;sequence:10891,10891,7-9,7-9,,卓越,,卓越,,zhuóyuè,形,pymupdf-native-table,
hsk_exam2025,page:352;sequence:10892,10892,7-9,7-9,,着重,,着重,,zhuózhòng,动,pymupdf-native-table,
hsk_exam2025,page:352;sequence:10893,10893,7-9,7-9,,茁壮,,茁壮,,zhuózhuàng,形,pymupdf-native-table,
hsk_exam2025,page:352;sequence:10894,10894,7-9,7-9,,兹,,兹,,zī,代,pymupdf-native-table,
hsk_exam2025,page:352;sequence:10895,10895,7-9,7-9,,资本主义,,资本主义,,zīběn zhǔyì,,pymupdf-native-table,
hsk_exam2025,page:352;sequence:10896,10896,7-9,7-9,,资历,,资历,,zīlì,名,pymupdf-native-table,
hsk_exam2025,page:352;sequence:10897,10897,7-9,7-9,,滋润,,滋润,,zīrùn,形、动,pymupdf-native-table,
hsk_exam2025,page:352;sequence:10898,10898,7-9,7-9,,资深,,资深,,zīshēn,形,pymupdf-native-table,
hsk_exam2025,page:352;sequence:10899,10899,7-9,7-9,,滋生,,滋生,,zīshēng,动,pymupdf-native-table,
hsk_exam2025,page:352;sequence:10900,10900,7-9,7-9,,姿态,,姿态,,zītài,名,pymupdf-native-table,
hsk_exam2025,page:352;sequence:10901,10901,7-9,7-9,,滋味,,滋味,,zīwèi,名,pymupdf-native-table,
hsk_exam2025,page:352;sequence:10902,10902,7-9,7-9,,资讯,,资讯,,zīxùn,名,pymupdf-native-table,
hsk_exam2025,page:352;sequence:10903,10903,7-9,7-9,,资质,,资质,,zīzhì,名,pymupdf-native-table,
hsk_exam2025,page:352;sequence:10904,10904,7-9,7-9,,资助,,资助,,zīzhù,动,pymupdf-native-table,
hsk_exam2025,page:352;sequence:10905,10905,7-9,7-9,,籽,,籽,,zǐ,名,pymupdf-native-table,
hsk_exam2025,page:352;sequence:10906,10906,7-9,7-9,,子弹,,子弹,,zǐdàn,名,pymupdf-native-table,
hsk_exam2025,page:352;sequence:10907,10907,7-9,7-9,,子弟,,子弟,,zǐdì,名,pymupdf-native-table,
hsk_exam2025,page:352;sequence:10908,10908,7-9,7-9,,子孙,,子孙,,zǐsūn,名,pymupdf-native-table,
hsk_exam2025,page:352;sequence:10909,10909,7-9,7-9,,自卑,,自卑,,zìbēi,形,pymupdf-native-table,
hsk_exam2025,page:352;sequence:10910,10910,7-9,7-9,,自称,,自称,,zìchēng,动、名,pymupdf-native-table,
hsk_exam2025,page:352;sequence:10911,10911,7-9,7-9,,自发,,自发,,zìfā,形,pymupdf-native-table,
hsk_exam2025,page:352;sequence:10912,10912,7-9,7-9,,自费,,自费,,zìfèi,动,pymupdf-native-table,
hsk_exam2025,page:352;sequence:10913,10913,7-9,7-9,,自负,,自负1,1,zìfù,动,pymupdf-native-table,
hsk_exam2025,page:352;sequence:10914,10914,7-9,7-9,,自负,,自负2,2,zìfù,形,pymupdf-native-table,
hsk_exam2025,page:352;sequence:10915,10915,7-9,7-9,,字迹,,字迹,,zìjì,名,pymupdf-native-table,
hsk_exam2025,page:352;sequence:10916,10916,7-9,7-9,,自立,,自立,,zìlì,动,pymupdf-native-table,
hsk_exam2025,page:352;sequence:10917,10917,7-9,7-9,,自理,,自理,,zìlǐ,动,pymupdf-native-table,
hsk_exam2025,page:352;sequence:10918,10918,7-9,7-9,,自力更生,,自力更生,,zìlì-gēngshēng,,pymupdf-native-table,
hsk_exam2025,page:352;sequence:10919,10919,7-9,7-9,,自满,,自满,,zìmǎn,形,pymupdf-native-table,
hsk_exam2025,page:352;sequence:10920,10920,7-9,7-9,,自强不息,,自强不息,,zìqiáng-bùxī,,pymupdf-native-table,
hsk_exam2025,page:353;sequence:10921,10921,7-9,7-9,,自然而然,,自然而然,,zìrán’érrán,,pymupdf-native-table,
hsk_exam2025,page:353;sequence:10922,10922,7-9,7-9,,自然界,,自然界,,zìránjiè,名,pymupdf-native-table,
hsk_exam2025,page:353;sequence:10923,10923,7-9,7-9,,自如,,自如,,zìrú,形,pymupdf-native-table,
hsk_exam2025,page:353;sequence:10924,10924,7-9,7-9,,自始至终,,自始至终,,zìshǐ-zhìzhōng,,pymupdf-native-table,
hsk_exam2025,page:353;sequence:10925,10925,7-9,7-9,,自首,,自首,,zìshǒu,动,pymupdf-native-table,
hsk_exam2025,page:353;sequence:10926,10926,7-9,7-9,,自私,,自私,,zìsī,形,pymupdf-native-table,
hsk_exam2025,page:353;sequence:10927,10927,7-9,7-9,,字体,,字体,,zìtǐ,名,pymupdf-native-table,
hsk_exam2025,page:353;sequence:10928,10928,7-9,7-9,,自卫,,自卫,,zìwèi,动,pymupdf-native-table,
hsk_exam2025,page:353;sequence:10929,10929,7-9,7-9,,自相矛盾,,自相矛盾,,zìxiāng-máodùn,,pymupdf-native-table,
hsk_exam2025,page:353;sequence:10930,10930,7-9,7-9,,自行,,自行,,zìxíng,副,pymupdf-native-table,
hsk_exam2025,page:353;sequence:10931,10931,7-9,7-9,,字眼,,字眼,,zìyǎn,名,pymupdf-native-table,
hsk_exam2025,page:353;sequence:10932,10932,7-9,7-9,,自以为是,,自以为是,,zìyǐwéishì,,pymupdf-native-table,
hsk_exam2025,page:353;sequence:10933,10933,7-9,7-9,,自在,,自在,,zìzai,形,pymupdf-native-table,
hsk_exam2025,page:353;sequence:10934,10934,7-9,7-9,,自责,,自责,,zìzé,动,pymupdf-native-table,
hsk_exam2025,page:353;sequence:10935,10935,7-9,7-9,,自治区,,自治区,,zìzhìqū,名,pymupdf-native-table,
hsk_exam2025,page:353;sequence:10936,10936,7-9,7-9,,自主,,自主,,zìzhǔ,动,pymupdf-native-table,
hsk_exam2025,page:353;sequence:10937,10937,7-9,7-9,,自尊,,自尊,,zìzūn,动,pymupdf-native-table,
hsk_exam2025,page:353;sequence:10938,10938,7-9,7-9,,宗,,宗,,zōng,量,pymupdf-native-table,
hsk_exam2025,page:353;sequence:10939,10939,7-9,7-9,,踪迹,,踪迹,,zōngjì,名,pymupdf-native-table,
hsk_exam2025,page:353;sequence:10940,10940,7-9,7-9,,宗教,,宗教,,zōngjiào,名,pymupdf-native-table,
hsk_exam2025,page:353;sequence:10941,10941,7-9,7-9,,综艺,,综艺,,zōngyì,名,pymupdf-native-table,
hsk_exam2025,page:353;sequence:10942,10942,7-9,7-9,,宗旨,,宗旨,,zōngzhǐ,名,pymupdf-native-table,
hsk_exam2025,page:353;sequence:10943,10943,7-9,7-9,,总额,,总额,,zǒng’é,名,pymupdf-native-table,
hsk_exam2025,page:353;sequence:10944,10944,7-9,7-9,,总而言之,,总而言之,,zǒng’éryánzhī,,pymupdf-native-table,
hsk_exam2025,page:353;sequence:10945,10945,7-9,7-9,,总和,,总和,,zǒnghé,名,pymupdf-native-table,
hsk_exam2025,page:353;sequence:10946,10946,7-9,7-9,,纵观,,纵观,,zòngguān,动,pymupdf-native-table,
hsk_exam2025,page:353;sequence:10947,10947,7-9,7-9,,纵横,,纵横,,zònghéng,形、动,pymupdf-native-table,
hsk_exam2025,page:353;sequence:10948,10948,7-9,7-9,,纵然,,纵然,,zòngrán,连,pymupdf-native-table,
hsk_exam2025,page:353;sequence:10949,10949,7-9,7-9,,纵容,,纵容,,zòngróng,动,pymupdf-native-table,
hsk_exam2025,page:353;sequence:10950,10950,7-9,7-9,,纵深,,纵深,,zòngshēn,名,pymupdf-native-table,
hsk_exam2025,page:353;sequence:10951,10951,7-9,7-9,,走过场,,走过场,,zǒu guòchǎng,,pymupdf-native-table,
hsk_exam2025,page:353;sequence:10952,10952,7-9,7-9,,走弯路,,走弯路,,zǒu wānlù,,pymupdf-native-table,
hsk_exam2025,page:353;sequence:10953,10953,7-9,7-9,,走漏,,走漏,,zǒulòu,动,pymupdf-native-table,
hsk_exam2025,page:353;sequence:10954,10954,7-9,7-9,,走势,,走势,,zǒushì,名,pymupdf-native-table,
hsk_exam2025,page:353;sequence:10955,10955,7-9,7-9,,走私,,走私,,zǒusī,动,pymupdf-native-table,
hsk_exam2025,page:353;sequence:10956,10956,7-9,7-9,,走投无路,,走投无路,,zǒutóu-wúlù,,pymupdf-native-table,
hsk_exam2025,page:353;sequence:10957,10957,7-9,7-9,,走向,,走向,,zǒuxiàng,名,pymupdf-native-table,
hsk_exam2025,page:353;sequence:10958,10958,7-9,7-9,,揍,,揍,,zòu,动,pymupdf-native-table,
hsk_exam2025,page:353;sequence:10959,10959,7-9,7-9,,奏效,,奏效,,zòuxiào,动,pymupdf-native-table,
hsk_exam2025,page:353;sequence:10960,10960,7-9,7-9,,租赁,,租赁,,zūlìn,动,pymupdf-native-table,
hsk_exam2025,page:354;sequence:10961,10961,7-9,7-9,,足不出户,,足不出户,,zúbùchūhù,,pymupdf-native-table,
hsk_exam2025,page:354;sequence:10962,10962,7-9,7-9,,足迹,,足迹,,zújì,名,pymupdf-native-table,
hsk_exam2025,page:354;sequence:10963,10963,7-9,7-9,,足智多谋,,足智多谋,,zúzhì-duōmóu,,pymupdf-native-table,
hsk_exam2025,page:354;sequence:10964,10964,7-9,7-9,,祖传,,祖传,,zǔchuán,动,pymupdf-native-table,
hsk_exam2025,page:354;sequence:10965,10965,7-9,7-9,,祖父,,祖父,,zǔfù,名,pymupdf-native-table,
hsk_exam2025,page:354;sequence:10966,10966,7-9,7-9,,祖籍,,祖籍,,zǔjí,名,pymupdf-native-table,
hsk_exam2025,page:354;sequence:10967,10967,7-9,7-9,,组建,,组建,,zǔjiàn,动,pymupdf-native-table,
hsk_exam2025,page:354;sequence:10968,10968,7-9,7-9,,阻拦,,阻拦,,zǔlán,动,pymupdf-native-table,
hsk_exam2025,page:354;sequence:10969,10969,7-9,7-9,,阻力,,阻力,,zǔlì,名,pymupdf-native-table,
hsk_exam2025,page:354;sequence:10970,10970,7-9,7-9,,祖母,,祖母,,zǔmǔ,名,pymupdf-native-table,
hsk_exam2025,page:354;sequence:10971,10971,7-9,7-9,,阻挠,,阻挠,,zǔnáo,动,pymupdf-native-table,
hsk_exam2025,page:354;sequence:10972,10972,7-9,7-9,,组装,,组装,,zǔzhuāng,动,pymupdf-native-table,
hsk_exam2025,page:354;sequence:10973,10973,7-9,7-9,,祖宗,,祖宗,,zǔzong,名,pymupdf-native-table,
hsk_exam2025,page:354;sequence:10974,10974,7-9,7-9,,钻空子,,钻空子,,zuān kòngzi,,pymupdf-native-table,
hsk_exam2025,page:354;sequence:10975,10975,7-9,7-9,,钻研,,钻研,,zuānyán,动,pymupdf-native-table,
hsk_exam2025,page:354;sequence:10976,10976,7-9,7-9,,钻石,,钻石,,zuànshí,名,pymupdf-native-table,
hsk_exam2025,page:354;sequence:10977,10977,7-9,7-9,,嘴唇,,嘴唇,,zuǐchún,名,pymupdf-native-table,
hsk_exam2025,page:354;sequence:10978,10978,7-9,7-9,,罪犯,,罪犯,,zuìfàn,名,pymupdf-native-table,
hsk_exam2025,page:354;sequence:10979,10979,7-9,7-9,,罪魁祸首,,罪魁祸首,,zuìkuí-huòshǒu,,pymupdf-native-table,
hsk_exam2025,page:354;sequence:10980,10980,7-9,7-9,,尊贵,,尊贵,,zūnguì,形,pymupdf-native-table,
hsk_exam2025,page:354;sequence:10981,10981,7-9,7-9,,遵循,,遵循,,zūnxún,动,pymupdf-native-table,
hsk_exam2025,page:354;sequence:10982,10982,7-9,7-9,,尊严,,尊严,,zūnyán,名,pymupdf-native-table,
hsk_exam2025,page:354;sequence:10983,10983,7-9,7-9,,遵照,,遵照,,zūnzhào,动,pymupdf-native-table,
hsk_exam2025,page:354;sequence:10984,10984,7-9,7-9,,琢磨,,琢磨,,zuómo,动,pymupdf-native-table,
hsk_exam2025,page:354;sequence:10985,10985,7-9,7-9,,左顾右盼,,左顾右盼,,zuǒgù-yòupàn,,pymupdf-native-table,
hsk_exam2025,page:354;sequence:10986,10986,7-9,7-9,,作弊,,作弊,,zuòbì,动,pymupdf-native-table,
hsk_exam2025,page:354;sequence:10987,10987,7-9,7-9,,作对,,作对,,zuòduì,动,pymupdf-native-table,
hsk_exam2025,page:354;sequence:10988,10988,7-9,7-9,,作废,,作废,,zuòfèi,动,pymupdf-native-table,
hsk_exam2025,page:354;sequence:10989,10989,7-9,7-9,,作风,,作风,,zuòfēng,名,pymupdf-native-table,
hsk_exam2025,page:354;sequence:10990,10990,7-9,7-9,,作客,,作客,,zuòkè,动,pymupdf-native-table,
hsk_exam2025,page:354;sequence:10991,10991,7-9,7-9,,作料,,作料,,zuòliao,名,pymupdf-native-table,
hsk_exam2025,page:354;sequence:10992,10992,7-9,7-9,,坐落,,坐落,,zuòluò,动,pymupdf-native-table,
hsk_exam2025,page:354;sequence:10993,10993,7-9,7-9,,座谈,,座谈,,zuòtán,动,pymupdf-native-table,
hsk_exam2025,page:354;sequence:10994,10994,7-9,7-9,,作为,,作为2,2,zuòwéi,名、动,pymupdf-native-table,
hsk_exam2025,page:354;sequence:10995,10995,7-9,7-9,,作物,,作物,,zuòwù,名,pymupdf-native-table,
hsk_exam2025,page:354;sequence:10996,10996,7-9,7-9,,作息,,作息,,zuòxī,动,pymupdf-native-table,
hsk_exam2025,page:354;sequence:10997,10997,7-9,7-9,,座右铭,,座右铭,,zuòyòumíng,名,pymupdf-native-table,
hsk_exam2025,page:354;sequence:10998,10998,7-9,7-9,,作战,,作战,,zuòzhàn,动,pymupdf-native-table,
hsk_exam2025,page:354;sequence:10999,10999,7-9,7-9,,做证,,做证,,zuòzhèng,动,pymupdf-native-table,
hsk_exam2025,page:354;sequence:11000,11000,7-9,7-9,,做主,,做主,,zuòzhǔ,动,pymupdf-native-table,
