source_sequence,level,simplified,traditional,pinyin,enrichment_locator
1,1,爱,愛,ài,unige-pdf-page:3;level-sequence:1
2,1,八,八,bā,unige-pdf-page:3;level-sequence:2
3,1,爸爸,爸爸,bàba,unige-pdf-page:3;level-sequence:3
4,1,杯子,杯子,bēizi,unige-pdf-page:3;level-sequence:4
5,1,北京,北京,Běijīng,unige-pdf-page:3;level-sequence:5
6,1,本,本,běn,unige-pdf-page:3;level-sequence:6
7,1,不,不,bù,unige-pdf-page:3;level-sequence:7
8,1,不客气,不客氣,bú kèqì,unige-pdf-page:3;level-sequence:8
9,1,菜,菜,cài,unige-pdf-page:3;level-sequence:9
10,1,茶,茶,chá,unige-pdf-page:3;level-sequence:10
11,1,吃,吃,chī,unige-pdf-page:3;level-sequence:11
12,1,出租车,出租車,chūzūchē,unige-pdf-page:3;level-sequence:12
13,1,打电话,打電話,dǎ diànhuà,unige-pdf-page:3;level-sequence:13
14,1,大,大,dà,unige-pdf-page:3;level-sequence:14
15,1,的,的,de,unige-pdf-page:3;level-sequence:15
16,1,点,點,diǎn,unige-pdf-page:3;level-sequence:16
17,1,电脑,電腦,diànnǎo,unige-pdf-page:3;level-sequence:17
18,1,电视,電視,diànshì,unige-pdf-page:3;level-sequence:18
19,1,电影,電影,diànyǐng,unige-pdf-page:3;level-sequence:19
20,1,东西,東西,dōngxi,unige-pdf-page:3;level-sequence:20
21,1,都,都,dōu,unige-pdf-page:3;level-sequence:21
22,1,读,讀,dú,unige-pdf-page:3;level-sequence:22
23,1,对不起,對不起,duìbuqǐ,unige-pdf-page:3;level-sequence:23
24,1,多,多,duō,unige-pdf-page:3;level-sequence:24
25,1,多少,多少,duōshao,unige-pdf-page:3;level-sequence:25
26,1,儿子,兒子,érzi,unige-pdf-page:4;level-sequence:26
27,1,二,二,èr,unige-pdf-page:4;level-sequence:27
28,1,饭店,飯店,fàndiàn,unige-pdf-page:4;level-sequence:28
29,1,飞机,飛機,fēijī,unige-pdf-page:4;level-sequence:29
30,1,分钟,分鐘,fēnzhōng,unige-pdf-page:4;level-sequence:30
31,1,高兴,高興,gāoxìng,unige-pdf-page:4;level-sequence:31
32,1,个,個,gè,unige-pdf-page:4;level-sequence:32
33,1,工作,工作,gōngzuò,unige-pdf-page:4;level-sequence:33
34,1,狗,狗,gǒu,unige-pdf-page:4;level-sequence:34
35,1,汉语,漢語,Hànyǔ,unige-pdf-page:4;level-sequence:35
36,1,好,好,hǎo,unige-pdf-page:4;level-sequence:36
37,1,号,号,hào,unige-pdf-page:4;level-sequence:37
38,1,喝,喝,hē,unige-pdf-page:4;level-sequence:38
39,1,和,和,hé,unige-pdf-page:4;level-sequence:39
40,1,很,很,hěn,unige-pdf-page:4;level-sequence:40
41,1,后面,後面,hòumiàn,unige-pdf-page:4;level-sequence:41
42,1,回,回,huí,unige-pdf-page:4;level-sequence:42
43,1,会,會,huì,unige-pdf-page:4;level-sequence:43
44,1,几,幾,jǐ,unige-pdf-page:4;level-sequence:44
45,1,家,家,jiā,unige-pdf-page:4;level-sequence:45
46,1,叫,叫,jiào,unige-pdf-page:4;level-sequence:46
47,1,今天,今天,jīntiān,unige-pdf-page:4;level-sequence:47
48,1,九,九,jiǔ,unige-pdf-page:4;level-sequence:48
49,1,开,開,kāi,unige-pdf-page:4;level-sequence:49
50,1,看,看,kàn,unige-pdf-page:4;level-sequence:50
51,1,看见,看見,kànjiàn,unige-pdf-page:4;level-sequence:51
52,1,块,塊,kuài,unige-pdf-page:5;level-sequence:52
53,1,来,來,lái,unige-pdf-page:5;level-sequence:53
54,1,老师,老師,lǎoshī,unige-pdf-page:5;level-sequence:54
55,1,了,了,le,unige-pdf-page:5;level-sequence:55
56,1,冷,冷,lěng,unige-pdf-page:5;level-sequence:56
57,1,里,裡,lǐ,unige-pdf-page:5;level-sequence:57
58,1,六,六,liù,unige-pdf-page:5;level-sequence:58
59,1,妈妈,媽媽,māma,unige-pdf-page:5;level-sequence:59
60,1,吗,嗎,ma,unige-pdf-page:5;level-sequence:60
61,1,买,買,mǎi,unige-pdf-page:5;level-sequence:61
63,1,没关系,沒關係,méi guānxi,unige-pdf-page:5;level-sequence:63
64,1,没有,沒有,méiyǒu,unige-pdf-page:5;level-sequence:64
65,1,米饭,米飯,mǐfàn,unige-pdf-page:5;level-sequence:65
66,1,名字,名字,míngzi,unige-pdf-page:5;level-sequence:66
67,1,明天,明天,míngtiān,unige-pdf-page:5;level-sequence:67
68,1,哪,哪,nǎ,unige-pdf-page:5;level-sequence:68
69,1,哪儿,哪儿,nǎr,unige-pdf-page:5;level-sequence:69
70,1,那,那,nà,unige-pdf-page:5;level-sequence:70
71,1,呢,呢,ne,unige-pdf-page:5;level-sequence:71
72,1,能,能,néng,unige-pdf-page:5;level-sequence:72
73,1,你,你,nǐ,unige-pdf-page:5;level-sequence:73
74,1,年,年,nián,unige-pdf-page:5;level-sequence:74
75,1,女儿,女兒,nǚ'ér,unige-pdf-page:5;level-sequence:75
76,1,朋友,朋友,péngyou,unige-pdf-page:5;level-sequence:76
77,1,漂亮,漂亮,piàoliang,unige-pdf-page:5;level-sequence:77
78,1,苹果,蘋果,píngguǒ,unige-pdf-page:5;level-sequence:78
79,1,七,七,qī,unige-pdf-page:5;level-sequence:79
80,1,前面,前面,qiánmiàn,unige-pdf-page:6;level-sequence:80
81,1,钱,錢,qián,unige-pdf-page:6;level-sequence:81
82,1,请,請,qǐng,unige-pdf-page:6;level-sequence:82
83,1,去,去,qù,unige-pdf-page:6;level-sequence:83
84,1,热,熱,rè,unige-pdf-page:6;level-sequence:84
85,1,人,人,rén,unige-pdf-page:6;level-sequence:85
86,1,认识,認識,rènshi,unige-pdf-page:6;level-sequence:86
87,1,三,三,sān,unige-pdf-page:6;level-sequence:87
88,1,商店,商店,shāngdiàn,unige-pdf-page:6;level-sequence:88
89,1,上,上,shàng,unige-pdf-page:6;level-sequence:89
90,1,上午,上午,shàngwǔ,unige-pdf-page:6;level-sequence:90
91,1,少,少,shǎo,unige-pdf-page:6;level-sequence:91
93,1,什么,甚麼,shénme,unige-pdf-page:6;level-sequence:93
94,1,十,十,shí,unige-pdf-page:6;level-sequence:94
95,1,时候,時候,shíhou,unige-pdf-page:6;level-sequence:95
96,1,是,是,shì,unige-pdf-page:6;level-sequence:96
97,1,书,書,shū,unige-pdf-page:6;level-sequence:97
98,1,水,水,shuǐ,unige-pdf-page:6;level-sequence:98
99,1,水果,水果,shuǐguǒ,unige-pdf-page:6;level-sequence:99
100,1,睡觉,睡覺,shuìjiào,unige-pdf-page:6;level-sequence:100
101,1,说,說,shuō,unige-pdf-page:6;level-sequence:101
102,1,四,四,sì,unige-pdf-page:6;level-sequence:102
103,1,岁,歲,suì,unige-pdf-page:6;level-sequence:103
104,1,他,他,tā,unige-pdf-page:6;level-sequence:104
105,1,她,她,tā,unige-pdf-page:6;level-sequence:105
106,1,太,太,tài,unige-pdf-page:6;level-sequence:106
107,1,天气,天氣,tiānqì,unige-pdf-page:6;level-sequence:107
108,1,听,聽,tīng,unige-pdf-page:6;level-sequence:108
109,1,同学,同學,tóngxué,unige-pdf-page:6;level-sequence:109
111,1,我,我,wǒ,unige-pdf-page:7;level-sequence:111
112,1,我们,我們,wǒmen,unige-pdf-page:7;level-sequence:112
113,1,五,五,wǔ,unige-pdf-page:7;level-sequence:113
114,1,喜欢,喜歡,xǐhuan,unige-pdf-page:7;level-sequence:114
115,1,下,下,xià,unige-pdf-page:7;level-sequence:115
116,1,下午,下午,xiàwǔ,unige-pdf-page:7;level-sequence:116
117,1,下雨,下雨,xiàyǔ,unige-pdf-page:7;level-sequence:117
118,1,先生,先生,xiānsheng,unige-pdf-page:7;level-sequence:118
119,1,现在,現在,xiànzài,unige-pdf-page:7;level-sequence:119
120,1,想,想,xiǎng,unige-pdf-page:7;level-sequence:120
121,1,小,小,xiǎo,unige-pdf-page:7;level-sequence:121
122,1,小姐,小姐,xiǎojiě,unige-pdf-page:7;level-sequence:122
123,1,些,些,xiē,unige-pdf-page:7;level-sequence:123
124,1,写,寫,xiě,unige-pdf-page:7;level-sequence:124
125,1,谢谢,謝謝,xièxie,unige-pdf-page:7;level-sequence:125
126,1,星期,星期,xīngqī,unige-pdf-page:7;level-sequence:126
127,1,学生,學生,xuéshēng,unige-pdf-page:7;level-sequence:127
128,1,学习,學習,xuéxí,unige-pdf-page:7;level-sequence:128
129,1,学校,學校,xuéxiào,unige-pdf-page:7;level-sequence:129
130,1,一,一,yī,unige-pdf-page:7;level-sequence:130
131,1,一点儿,一點儿,yìdiǎnr,unige-pdf-page:7;level-sequence:131
132,1,衣服,衣服,yīfu,unige-pdf-page:7;level-sequence:132
133,1,医生,醫生,yīshēng,unige-pdf-page:7;level-sequence:133
134,1,医院,醫院,yīyuàn,unige-pdf-page:7;level-sequence:134
135,1,椅子,椅子,yǐzi,unige-pdf-page:7;level-sequence:135
136,1,有,有,yǒu,unige-pdf-page:7;level-sequence:136
137,1,月,月,yuè,unige-pdf-page:7;level-sequence:137
138,1,再见,再見,zàijiàn,unige-pdf-page:7;level-sequence:138
139,1,在,在,zài,unige-pdf-page:8;level-sequence:139
140,1,怎么,怎麼,zěnme,unige-pdf-page:8;level-sequence:140
141,1,怎么样,怎麼樣,zěnmeyàng,unige-pdf-page:8;level-sequence:141
142,1,这,這,zhè,unige-pdf-page:8;level-sequence:142
143,1,中国,中國,Zhōngguó,unige-pdf-page:8;level-sequence:143
144,1,中午,中午,zhōngwǔ,unige-pdf-page:8;level-sequence:144
145,1,住,住,zhù,unige-pdf-page:8;level-sequence:145
146,1,桌子,桌子,zhuōzi,unige-pdf-page:8;level-sequence:146
147,1,字,字,zì,unige-pdf-page:8;level-sequence:147
148,1,昨天,昨天,zuótiān,unige-pdf-page:8;level-sequence:148
149,1,坐,坐,zuò,unige-pdf-page:8;level-sequence:149
150,1,做,做,zuò,unige-pdf-page:8;level-sequence:150
151,2,吧,吧,ba,unige-pdf-page:12;level-sequence:1
152,2,白,白,bái,unige-pdf-page:12;level-sequence:2
153,2,百,百,bǎi,unige-pdf-page:12;level-sequence:3
154,2,帮助,幫助,bāngzhù,unige-pdf-page:12;level-sequence:4
155,2,报纸,報紙,bàozhǐ,unige-pdf-page:12;level-sequence:5
156,2,比,比,bǐ,unige-pdf-page:12;level-sequence:6
157,2,别,別,bié,unige-pdf-page:12;level-sequence:7
158,2,宾馆,賓館,bīnguǎn,unige-pdf-page:12;level-sequence:8
160,2,唱歌,唱歌,chànggē,unige-pdf-page:12;level-sequence:10
161,2,出,出,chū,unige-pdf-page:12;level-sequence:11
162,2,穿,穿,chuān,unige-pdf-page:12;level-sequence:12
163,2,次,次,cì,unige-pdf-page:12;level-sequence:13
164,2,从,從,cóng,unige-pdf-page:12;level-sequence:14
165,2,错,錯,cuò,unige-pdf-page:12;level-sequence:15
166,2,打篮球,打籃球,dǎ lánqiú,unige-pdf-page:12;level-sequence:16
167,2,大家,大家,dàjiā,unige-pdf-page:12;level-sequence:17
168,2,到,到,dào,unige-pdf-page:12;level-sequence:18
171,2,弟弟,弟弟,dìdi,unige-pdf-page:12;level-sequence:21
172,2,第一,第一,dì-yī,unige-pdf-page:12;level-sequence:22
173,2,懂,懂,dǒng,unige-pdf-page:12;level-sequence:23
174,2,对,對,duì,unige-pdf-page:12;level-sequence:24
175,2,房间,房間,fángjiān,unige-pdf-page:13;level-sequence:25
176,2,非常,非常,fēicháng,unige-pdf-page:13;level-sequence:26
177,2,服务员,服務員,fúwùyuán,unige-pdf-page:13;level-sequence:27
178,2,高,高,gāo,unige-pdf-page:13;level-sequence:28
179,2,告诉,告訴,gàosu,unige-pdf-page:13;level-sequence:29
180,2,哥哥,哥哥,gēge,unige-pdf-page:13;level-sequence:30
181,2,给,給,gěi,unige-pdf-page:13;level-sequence:31
182,2,公共汽车,公共汽車,gōnggòng qìchē,unige-pdf-page:13;level-sequence:32
183,2,公司,公司,gōngsī,unige-pdf-page:13;level-sequence:33
184,2,贵,貴,guì,unige-pdf-page:13;level-sequence:34
187,2,孩子,孩子,háizi,unige-pdf-page:13;level-sequence:37
188,2,好吃,好吃,hǎochī,unige-pdf-page:13;level-sequence:38
189,2,黑,黑,hēi,unige-pdf-page:13;level-sequence:39
190,2,红,紅,hóng,unige-pdf-page:13;level-sequence:40
191,2,火车站,火車站,huǒchēzhàn,unige-pdf-page:13;level-sequence:41
192,2,机场,機場,jīchǎng,unige-pdf-page:13;level-sequence:42
193,2,鸡蛋,雞蛋,jīdàn,unige-pdf-page:13;level-sequence:43
194,2,件,件,jiàn,unige-pdf-page:13;level-sequence:44
195,2,教室,教室,jiàoshì,unige-pdf-page:13;level-sequence:45
196,2,姐姐,姐姐,jiějie,unige-pdf-page:13;level-sequence:46
197,2,介绍,介紹,jièshào,unige-pdf-page:13;level-sequence:47
198,2,进,進,jìn,unige-pdf-page:13;level-sequence:48
199,2,近,近,jìn,unige-pdf-page:13;level-sequence:49
200,2,就,就,jiù,unige-pdf-page:13;level-sequence:50
201,2,觉得,覺得,juéde,unige-pdf-page:13;level-sequence:51
202,2,咖啡,咖啡,kāfēi,unige-pdf-page:13;level-sequence:52
203,2,开始,開始,kāishǐ,unige-pdf-page:13;level-sequence:53
204,2,考试,考試,kǎoshì,unige-pdf-page:14;level-sequence:54
205,2,可能,可能,kěnéng,unige-pdf-page:14;level-sequence:55
206,2,可以,可以,kěyǐ,unige-pdf-page:14;level-sequence:56
207,2,课,課,kè,unige-pdf-page:14;level-sequence:57
208,2,快,快,kuài,unige-pdf-page:14;level-sequence:58
209,2,快乐,快樂,kuàilè,unige-pdf-page:14;level-sequence:59
210,2,累,累,lèi,unige-pdf-page:14;level-sequence:60
211,2,离,離,lí,unige-pdf-page:14;level-sequence:61
212,2,两,兩,liǎng,unige-pdf-page:14;level-sequence:62
213,2,零,零,líng,unige-pdf-page:14;level-sequence:63
214,2,路,路,lù,unige-pdf-page:14;level-sequence:64
215,2,旅游,旅游,lǚyóu,unige-pdf-page:14;level-sequence:65
216,2,卖,賣,mài,unige-pdf-page:14;level-sequence:66
217,2,慢,慢,màn,unige-pdf-page:14;level-sequence:67
218,2,忙,忙,máng,unige-pdf-page:14;level-sequence:68
219,2,每,每,měi,unige-pdf-page:14;level-sequence:69
220,2,妹妹,妹妹,mèimei,unige-pdf-page:14;level-sequence:70
221,2,门,門,mén,unige-pdf-page:14;level-sequence:71
223,2,男,男,nán,unige-pdf-page:14;level-sequence:73
224,2,您,您,nín,unige-pdf-page:14;level-sequence:74
225,2,牛奶,牛奶,niúnǎi,unige-pdf-page:14;level-sequence:75
226,2,女,女,nǚ,unige-pdf-page:14;level-sequence:76
227,2,旁边,旁邊,pángbiān,unige-pdf-page:14;level-sequence:77
228,2,跑步,跑步,pǎobù,unige-pdf-page:14;level-sequence:78
229,2,便宜,便宜,piányi,unige-pdf-page:14;level-sequence:79
230,2,票,票,piào,unige-pdf-page:14;level-sequence:80
231,2,妻子,妻子,qīzi,unige-pdf-page:14;level-sequence:81
232,2,起床,起床,qǐ chuáng,unige-pdf-page:14;level-sequence:82
233,2,千,千,qiān,unige-pdf-page:14;level-sequence:83
234,2,铅笔,鉛筆,qiānbǐ,unige-pdf-page:14;level-sequence:84
235,2,晴,晴,qíng,unige-pdf-page:15;level-sequence:85
236,2,去年,去年,qùnián,unige-pdf-page:15;level-sequence:86
237,2,让,讓,ràng,unige-pdf-page:15;level-sequence:87
238,2,日,日,rì,unige-pdf-page:15;level-sequence:88
239,2,上班,上班,shàng bān,unige-pdf-page:15;level-sequence:89
240,2,身体,身體,shēntǐ,unige-pdf-page:15;level-sequence:90
241,2,生病,生病,shēng bìng,unige-pdf-page:15;level-sequence:91
242,2,生日,生日,shēngrì,unige-pdf-page:15;level-sequence:92
243,2,时间,時間,shíjiān,unige-pdf-page:15;level-sequence:93
244,2,事情,事情,shìqing,unige-pdf-page:15;level-sequence:94
245,2,手表,手表,shǒubiǎo,unige-pdf-page:15;level-sequence:95
246,2,手机,手機,shǒujī,unige-pdf-page:15;level-sequence:96
247,2,说话,說話,shuō huà,unige-pdf-page:15;level-sequence:97
248,2,送,送,sòng,unige-pdf-page:15;level-sequence:98
250,2,它,它,tā,unige-pdf-page:15;level-sequence:100
251,2,踢足球,踢足球,tī zúqiú,unige-pdf-page:15;level-sequence:101
252,2,题,題,tí,unige-pdf-page:15;level-sequence:102
253,2,跳舞,跳舞,tiào wǔ,unige-pdf-page:15;level-sequence:103
254,2,外,外,wài,unige-pdf-page:15;level-sequence:104
255,2,完,完,wán,unige-pdf-page:15;level-sequence:105
256,2,玩,玩,wán,unige-pdf-page:15;level-sequence:106
257,2,晚上,晚上,wǎnshang,unige-pdf-page:15;level-sequence:107
258,2,往,往,wǎng,unige-pdf-page:15;level-sequence:108
259,2,为什么,為什麼,wèi shénme,unige-pdf-page:15;level-sequence:109
260,2,问,問,wèn,unige-pdf-page:15;level-sequence:110
261,2,问题,問題,wèntí,unige-pdf-page:15;level-sequence:111
262,2,西瓜,西瓜,xīguā,unige-pdf-page:15;level-sequence:112
263,2,希望,希望,xīwàng,unige-pdf-page:15;level-sequence:113
264,2,洗,洗,xǐ,unige-pdf-page:15;level-sequence:114
265,2,小时,小時,xiǎoshí,unige-pdf-page:15;level-sequence:115
266,2,笑,笑,xiào,unige-pdf-page:16;level-sequence:116
267,2,新,新,xīn,unige-pdf-page:16;level-sequence:117
268,2,姓,姓,xìng,unige-pdf-page:16;level-sequence:118
269,2,休息,休息,xiūxi,unige-pdf-page:16;level-sequence:119
270,2,雪,雪,xuě,unige-pdf-page:16;level-sequence:120
271,2,颜色,顏色,yánsè,unige-pdf-page:16;level-sequence:121
272,2,眼睛,眼睛,yǎnjing,unige-pdf-page:16;level-sequence:122
273,2,羊肉,羊肉,yángròu,unige-pdf-page:16;level-sequence:123
274,2,药,藥,yào,unige-pdf-page:16;level-sequence:124
275,2,要,要,yào,unige-pdf-page:16;level-sequence:125
276,2,也,也,yě,unige-pdf-page:16;level-sequence:126
277,2,一起,一起,yìqǐ,unige-pdf-page:16;level-sequence:127
278,2,一下,一下,yíxià,unige-pdf-page:16;level-sequence:128
279,2,已经,已經,yǐjīng,unige-pdf-page:16;level-sequence:129
280,2,意思,意思,yìsi,unige-pdf-page:16;level-sequence:130
282,2,阴,陰,yīn,unige-pdf-page:16;level-sequence:132
283,2,游泳,游泳,yóuyǒng,unige-pdf-page:16;level-sequence:133
284,2,右边,右邊,yòubiān,unige-pdf-page:16;level-sequence:134
285,2,鱼,魚,yú,unige-pdf-page:16;level-sequence:135
286,2,远,遠,yuǎn,unige-pdf-page:16;level-sequence:136
287,2,运动,運動,yùndòng,unige-pdf-page:16;level-sequence:137
288,2,再,再,zài,unige-pdf-page:16;level-sequence:138
289,2,早上,早上,zǎoshang,unige-pdf-page:16;level-sequence:139
290,2,丈夫,丈夫,zhàngfu,unige-pdf-page:16;level-sequence:140
291,2,找,找,zhǎo,unige-pdf-page:16;level-sequence:141
292,2,着,著,zhe,unige-pdf-page:16;level-sequence:142
293,2,真,真,zhēn,unige-pdf-page:16;level-sequence:143
294,2,正在,正在,zhèngzài,unige-pdf-page:16;level-sequence:144
301,3,阿姨,阿姨,āyí,unige-pdf-page:20;level-sequence:1
302,3,啊,啊,a,unige-pdf-page:20;level-sequence:2
303,3,矮,矮,ǎi,unige-pdf-page:20;level-sequence:3
304,3,爱好,愛好,àihào,unige-pdf-page:20;level-sequence:4
305,3,安静,安靜,ānjìng,unige-pdf-page:20;level-sequence:5
306,3,把,把,bǎ,unige-pdf-page:20;level-sequence:6
307,3,班,班,bān,unige-pdf-page:20;level-sequence:7
308,3,搬,搬,bān,unige-pdf-page:20;level-sequence:8
309,3,办法,辦法,bànfǎ,unige-pdf-page:20;level-sequence:9
310,3,办公室,辦公室,bàngōngshì,unige-pdf-page:20;level-sequence:10
311,3,半,半,bàn,unige-pdf-page:20;level-sequence:11
312,3,帮忙,幫忙,bāng máng,unige-pdf-page:20;level-sequence:12
313,3,包,包,bāo,unige-pdf-page:20;level-sequence:13
314,3,饱,飽,bǎo,unige-pdf-page:20;level-sequence:14
315,3,北方,北方,běifāng,unige-pdf-page:20;level-sequence:15
316,3,被,被,bèi,unige-pdf-page:20;level-sequence:16
317,3,鼻子,鼻子,bízi,unige-pdf-page:20;level-sequence:17
318,3,比较,比較,bǐjiào,unige-pdf-page:20;level-sequence:18
319,3,比赛,比賽,bǐsài,unige-pdf-page:20;level-sequence:19
320,3,笔记本,筆記本,bǐjìběn,unige-pdf-page:20;level-sequence:20
321,3,必须,必須,bìxū,unige-pdf-page:20;level-sequence:21
322,3,变化,變化,biànhuà,unige-pdf-page:21;level-sequence:22
323,3,别人,別人,biérén,unige-pdf-page:21;level-sequence:23
324,3,冰箱,冰箱,bīngxiāng,unige-pdf-page:21;level-sequence:24
326,3,菜单,菜單,càidān,unige-pdf-page:21;level-sequence:26
327,3,参加,參加,cānjiā,unige-pdf-page:21;level-sequence:27
328,3,草,草,cǎo,unige-pdf-page:21;level-sequence:28
329,3,层,層,céng,unige-pdf-page:21;level-sequence:29
330,3,差,差,chà,unige-pdf-page:21;level-sequence:30
331,3,尝,嘗,cháng,unige-pdf-page:21;level-sequence:31
332,3,超市,超市,chāoshì,unige-pdf-page:21;level-sequence:32
333,3,衬衫,襯衫,chènshān,unige-pdf-page:21;level-sequence:33
334,3,成绩,成績,chéngjì,unige-pdf-page:21;level-sequence:34
335,3,城市,城市,chéngshì,unige-pdf-page:21;level-sequence:35
336,3,迟到,遲到,chídào,unige-pdf-page:21;level-sequence:36
337,3,除了,除了,chúle,unige-pdf-page:21;level-sequence:37
338,3,船,船,chuán,unige-pdf-page:21;level-sequence:38
339,3,春,春,chūn,unige-pdf-page:21;level-sequence:39
340,3,词典,詞典,cídiǎn,unige-pdf-page:21;level-sequence:40
341,3,聪明,聰明,cōngmíng,unige-pdf-page:21;level-sequence:41
342,3,打扫,打掃,dǎsǎo,unige-pdf-page:21;level-sequence:42
343,3,打算,打算,dǎsuàn,unige-pdf-page:21;level-sequence:43
344,3,带,帶,dài,unige-pdf-page:21;level-sequence:44
345,3,担心,擔心,dānxīn,unige-pdf-page:21;level-sequence:45
346,3,蛋糕,蛋糕,dàngāo,unige-pdf-page:21;level-sequence:46
347,3,当然,當然,dāngrán,unige-pdf-page:21;level-sequence:47
349,3,灯,燈,dēng,unige-pdf-page:22;level-sequence:49
350,3,地方,地方,dìfang,unige-pdf-page:22;level-sequence:50
351,3,地铁,地鐵,dìtiě,unige-pdf-page:22;level-sequence:51
352,3,地图,地圖,dìtú,unige-pdf-page:22;level-sequence:52
353,3,电梯,電梯,diàntī,unige-pdf-page:22;level-sequence:53
354,3,电子邮件,電子郵件,diànzǐ yóujiàn,unige-pdf-page:22;level-sequence:54
355,3,东,東,dōng,unige-pdf-page:22;level-sequence:55
356,3,冬,冬,dōng,unige-pdf-page:22;level-sequence:56
357,3,动物,動物,dòngwù,unige-pdf-page:22;level-sequence:57
358,3,短,短,duǎn,unige-pdf-page:22;level-sequence:58
359,3,段,段,duàn,unige-pdf-page:22;level-sequence:59
360,3,锻炼,鍛煉,duànliàn,unige-pdf-page:22;level-sequence:60
361,3,多么,多麼,duōme,unige-pdf-page:22;level-sequence:61
362,3,饿,餓,è,unige-pdf-page:22;level-sequence:62
363,3,耳朵,耳朵,ěrduo,unige-pdf-page:22;level-sequence:63
364,3,发,發,fā,unige-pdf-page:22;level-sequence:64
365,3,发烧,發燒,fā shāo,unige-pdf-page:22;level-sequence:65
366,3,发现,發現,fāxiàn,unige-pdf-page:22;level-sequence:66
367,3,方便,方便,fāngbiàn,unige-pdf-page:22;level-sequence:67
368,3,放,放,fàng,unige-pdf-page:22;level-sequence:68
369,3,放心,放心,fàng xīn,unige-pdf-page:22;level-sequence:69
370,3,分,分,fēn,unige-pdf-page:22;level-sequence:70
371,3,附近,附近,fùjìn,unige-pdf-page:22;level-sequence:71
372,3,复习,複習,fùxí,unige-pdf-page:22;level-sequence:72
373,3,干净,乾凈,gānjìng,unige-pdf-page:22;level-sequence:73
374,3,感冒,感冒,gǎnmào,unige-pdf-page:22;level-sequence:74
375,3,感兴趣,感興趣,gǎn xìngqù,unige-pdf-page:22;level-sequence:75
376,3,刚才,剛才,gāngcái,unige-pdf-page:23;level-sequence:76
377,3,个子,個子,gèzi,unige-pdf-page:23;level-sequence:77
378,3,根据,根據,gēnjù,unige-pdf-page:23;level-sequence:78
379,3,跟,跟,gēn,unige-pdf-page:23;level-sequence:79
380,3,更,更,gèng,unige-pdf-page:23;level-sequence:80
381,3,公斤,公斤,gōngjīn,unige-pdf-page:23;level-sequence:81
382,3,公园,公園,gōngyuán,unige-pdf-page:23;level-sequence:82
383,3,故事,故事,gùshi,unige-pdf-page:23;level-sequence:83
384,3,刮风,颳風,guā fēng,unige-pdf-page:23;level-sequence:84
385,3,关,關,guān,unige-pdf-page:23;level-sequence:85
386,3,关系,關係,guānxì,unige-pdf-page:23;level-sequence:86
387,3,关心,關心,guānxīn,unige-pdf-page:23;level-sequence:87
388,3,关于,關於,guānyú,unige-pdf-page:23;level-sequence:88
389,3,国家,國家,guójiā,unige-pdf-page:23;level-sequence:89
391,3,过去,過去,guòqù,unige-pdf-page:23;level-sequence:91
392,3,还是,還是,háishi,unige-pdf-page:23;level-sequence:92
393,3,害怕,害怕,hàipà,unige-pdf-page:23;level-sequence:93
394,3,黑板,黑板,hēibǎn,unige-pdf-page:23;level-sequence:94
395,3,后来,後來,hòulái,unige-pdf-page:23;level-sequence:95
396,3,护照,護照,hùzhào,unige-pdf-page:23;level-sequence:96
399,3,画,畫,huà,unige-pdf-page:23;level-sequence:99
400,3,坏,壞,huài,unige-pdf-page:23;level-sequence:100
401,3,欢迎,歡迎,huānyíng,unige-pdf-page:23;level-sequence:101
403,3,环境,環境,huánjìng,unige-pdf-page:23;level-sequence:103
404,3,换,換,huàn,unige-pdf-page:23;level-sequence:104
405,3,黄河,黃河,Huáng Hé,unige-pdf-page:23;level-sequence:105
406,3,回答,回答,huídá,unige-pdf-page:24;level-sequence:106
407,3,会议,會議,huìyì,unige-pdf-page:24;level-sequence:107
408,3,或者,或者,huòzhě,unige-pdf-page:24;level-sequence:108
409,3,几乎,幾乎,jīhū,unige-pdf-page:24;level-sequence:109
410,3,机会,機會,jīhuì,unige-pdf-page:24;level-sequence:110
411,3,极,極,jí,unige-pdf-page:24;level-sequence:111
412,3,记得,記得,jìde,unige-pdf-page:24;level-sequence:112
413,3,季节,季節,jìjié,unige-pdf-page:24;level-sequence:113
414,3,检查,檢查,jiǎnchá,unige-pdf-page:24;level-sequence:114
415,3,简单,簡單,jiǎndān,unige-pdf-page:24;level-sequence:115
416,3,见面,見面,jiàn miàn,unige-pdf-page:24;level-sequence:116
417,3,健康,健康,jiànkāng,unige-pdf-page:24;level-sequence:117
418,3,讲,講,jiǎng,unige-pdf-page:24;level-sequence:118
419,3,教,教,jiāo,unige-pdf-page:24;level-sequence:119
420,3,角,角,jiǎo,unige-pdf-page:24;level-sequence:120
421,3,脚,腳,jiǎo,unige-pdf-page:24;level-sequence:121
422,3,接,接,jiē,unige-pdf-page:24;level-sequence:122
423,3,街道,街道,jiēdào,unige-pdf-page:24;level-sequence:123
424,3,节目,節目,jiémù,unige-pdf-page:24;level-sequence:124
425,3,节日,節日,jiérì,unige-pdf-page:24;level-sequence:125
426,3,结婚,結婚,jié hūn,unige-pdf-page:24;level-sequence:126
427,3,结束,結束,jiéshù,unige-pdf-page:24;level-sequence:127
428,3,解决,解決,jiějué,unige-pdf-page:24;level-sequence:128
429,3,借,借,jiè,unige-pdf-page:24;level-sequence:129
430,3,经常,經常,jīngcháng,unige-pdf-page:24;level-sequence:130
431,3,经过,經過,jīngguò,unige-pdf-page:25;level-sequence:131
432,3,经理,經理,jīnglǐ,unige-pdf-page:25;level-sequence:132
433,3,久,久,jiǔ,unige-pdf-page:25;level-sequence:133
434,3,旧,舊,jiù,unige-pdf-page:25;level-sequence:134
435,3,句子,句子,jùzi,unige-pdf-page:25;level-sequence:135
436,3,决定,決定,juédìng,unige-pdf-page:25;level-sequence:136
437,3,可爱,可愛,kě’ài,unige-pdf-page:25;level-sequence:137
438,3,渴,渴,kě,unige-pdf-page:25;level-sequence:138
439,3,刻,刻,kè,unige-pdf-page:25;level-sequence:139
440,3,客人,客人,kèrén,unige-pdf-page:25;level-sequence:140
441,3,空调,空調,kōngtiáo,unige-pdf-page:25;level-sequence:141
442,3,口,口,kǒu,unige-pdf-page:25;level-sequence:142
443,3,哭,哭,kū,unige-pdf-page:25;level-sequence:143
444,3,裤子,褲子,kùzi,unige-pdf-page:25;level-sequence:144
445,3,筷子,筷子,kuàizi,unige-pdf-page:25;level-sequence:145
446,3,蓝,藍,lán,unige-pdf-page:25;level-sequence:146
447,3,老,老,lǎo,unige-pdf-page:25;level-sequence:147
448,3,离开,離開,líkāi,unige-pdf-page:25;level-sequence:148
449,3,礼物,禮物,lǐwù,unige-pdf-page:25;level-sequence:149
450,3,历史,歷史,lìshǐ,unige-pdf-page:25;level-sequence:150
451,3,脸,臉,liǎn,unige-pdf-page:25;level-sequence:151
452,3,练习,練習,liànxí,unige-pdf-page:25;level-sequence:152
453,3,辆,輛,liàng,unige-pdf-page:25;level-sequence:153
455,3,了解,了解,liǎojiě,unige-pdf-page:25;level-sequence:155
456,3,邻居,鄰居,línjū,unige-pdf-page:25;level-sequence:156
457,3,留学,留學,liú xué,unige-pdf-page:25;level-sequence:157
458,3,楼,樓,lóu,unige-pdf-page:25;level-sequence:158
459,3,绿,綠,lǜ,unige-pdf-page:25;level-sequence:159
460,3,马,馬,mǎ,unige-pdf-page:26;level-sequence:160
461,3,马上,馬上,mǎshàng,unige-pdf-page:26;level-sequence:161
462,3,满意,滿意,mǎnyì,unige-pdf-page:26;level-sequence:162
463,3,帽子,帽子,màozi,unige-pdf-page:26;level-sequence:163
464,3,米,米,mǐ,unige-pdf-page:26;level-sequence:164
465,3,面包,麵包,miànbāo,unige-pdf-page:26;level-sequence:165
466,3,明白,明白,míngbai,unige-pdf-page:26;level-sequence:166
467,3,拿,拿,ná,unige-pdf-page:26;level-sequence:167
468,3,奶奶,奶奶,nǎinai,unige-pdf-page:26;level-sequence:168
469,3,南,南,nán,unige-pdf-page:26;level-sequence:169
470,3,难,難,nán,unige-pdf-page:26;level-sequence:170
471,3,难过,難過,nánguò,unige-pdf-page:26;level-sequence:171
472,3,年级,年級,niánjí,unige-pdf-page:26;level-sequence:172
473,3,年轻,年輕,niánqīng,unige-pdf-page:26;level-sequence:173
474,3,鸟,鳥,niǎo,unige-pdf-page:26;level-sequence:174
475,3,努力,努力,nǔlì,unige-pdf-page:26;level-sequence:175
476,3,爬山,爬山,pá shān,unige-pdf-page:26;level-sequence:176
477,3,盘子,盤子,pánzi,unige-pdf-page:26;level-sequence:177
478,3,胖,胖,pàng,unige-pdf-page:26;level-sequence:178
479,3,皮鞋,皮鞋,píxié,unige-pdf-page:26;level-sequence:179
480,3,啤酒,啤酒,píjiǔ,unige-pdf-page:26;level-sequence:180
481,3,瓶子,瓶子,píngzi,unige-pdf-page:26;level-sequence:181
482,3,其实,其實,qíshí,unige-pdf-page:26;level-sequence:182
483,3,其他,其他,qítā,unige-pdf-page:26;level-sequence:183
484,3,奇怪,奇怪,qíguài,unige-pdf-page:26;level-sequence:184
485,3,骑,騎,qí,unige-pdf-page:26;level-sequence:185
486,3,起飞,起飛,qǐfēi,unige-pdf-page:26;level-sequence:186
487,3,起来,起來,qǐlái,unige-pdf-page:26;level-sequence:187
488,3,清楚,清楚,qīngchu,unige-pdf-page:26;level-sequence:188
489,3,请假,請假,qǐng jià,unige-pdf-page:26;level-sequence:189
490,3,秋,秋,qiū,unige-pdf-page:27;level-sequence:190
491,3,裙子,裙子,qúnzi,unige-pdf-page:27;level-sequence:191
492,3,然后,然後,ránhòu,unige-pdf-page:27;level-sequence:192
493,3,热情,熱情,rèqíng,unige-pdf-page:27;level-sequence:193
494,3,认为,認為,rènwéi,unige-pdf-page:27;level-sequence:194
495,3,认真,認真,rènzhēn,unige-pdf-page:27;level-sequence:195
496,3,容易,容易,róngyì,unige-pdf-page:27;level-sequence:196
497,3,如果,如果,rúguǒ,unige-pdf-page:27;level-sequence:197
498,3,伞,傘,sǎn,unige-pdf-page:27;level-sequence:198
499,3,上网,上網,shàng wǎng,unige-pdf-page:27;level-sequence:199
500,3,生气,生氣,shēng qì,unige-pdf-page:27;level-sequence:200
501,3,声音,聲音,shēngyīn,unige-pdf-page:27;level-sequence:201
502,3,世界,世界,shìjiè,unige-pdf-page:27;level-sequence:202
503,3,试,試,shì,unige-pdf-page:27;level-sequence:203
504,3,瘦,瘦,shòu,unige-pdf-page:27;level-sequence:204
505,3,叔叔,叔叔,shūshu,unige-pdf-page:27;level-sequence:205
506,3,舒服,舒服,shūfu,unige-pdf-page:27;level-sequence:206
507,3,树,樹,shù,unige-pdf-page:27;level-sequence:207
508,3,数学,數學,shùxué,unige-pdf-page:27;level-sequence:208
509,3,刷牙,刷牙,shuā yá,unige-pdf-page:27;level-sequence:209
510,3,双,雙,shuāng,unige-pdf-page:27;level-sequence:210
511,3,水平,水平,shuǐpíng,unige-pdf-page:27;level-sequence:211
512,3,司机,司機,sījī,unige-pdf-page:27;level-sequence:212
513,3,太阳,太陽,tàiyáng,unige-pdf-page:27;level-sequence:213
514,3,特别,特別,tèbié,unige-pdf-page:27;level-sequence:214
515,3,疼,疼,téng,unige-pdf-page:27;level-sequence:215
516,3,提高,提高,tígāo,unige-pdf-page:27;level-sequence:216
517,3,体育,體育,tǐyù,unige-pdf-page:27;level-sequence:217
518,3,甜,甜,tián,unige-pdf-page:27;level-sequence:218
519,3,条,條,tiáo,unige-pdf-page:27;level-sequence:219
520,3,同事,同事,tóngshì,unige-pdf-page:27;level-sequence:220
521,3,同意,同意,tóngyì,unige-pdf-page:28;level-sequence:221
522,3,头发,頭髮,tóufa,unige-pdf-page:28;level-sequence:222
523,3,突然,突然,tūrán,unige-pdf-page:28;level-sequence:223
524,3,图书馆,圖書館,túshūguǎn,unige-pdf-page:28;level-sequence:224
525,3,腿,腿,tuǐ,unige-pdf-page:28;level-sequence:225
526,3,完成,完成,wánchéng,unige-pdf-page:28;level-sequence:226
527,3,碗,碗,wǎn,unige-pdf-page:28;level-sequence:227
528,3,万,萬,wàn,unige-pdf-page:28;level-sequence:228
529,3,忘记,忘記,wàngjì,unige-pdf-page:28;level-sequence:229
530,3,为,為,wèi,unige-pdf-page:28;level-sequence:230
531,3,为了,為了,wèile,unige-pdf-page:28;level-sequence:231
532,3,位,位,wèi,unige-pdf-page:28;level-sequence:232
533,3,文化,文化,wénhuà,unige-pdf-page:28;level-sequence:233
534,3,西,西,xī,unige-pdf-page:28;level-sequence:234
535,3,习惯,習慣,xíguàn,unige-pdf-page:28;level-sequence:235
536,3,洗手间,洗手間,xǐshǒujiān,unige-pdf-page:28;level-sequence:236
537,3,洗澡,洗澡,xǐ zǎo,unige-pdf-page:28;level-sequence:237
538,3,夏,夏,xià,unige-pdf-page:28;level-sequence:238
539,3,先,先,xiān,unige-pdf-page:28;level-sequence:239
540,3,相信,相信,xiāngxìn,unige-pdf-page:28;level-sequence:240
541,3,香蕉,香蕉,xiāngjiāo,unige-pdf-page:28;level-sequence:241
542,3,向,向,xiàng,unige-pdf-page:28;level-sequence:242
543,3,像,像,xiàng,unige-pdf-page:28;level-sequence:243
544,3,小心,小心,xiǎoxīn,unige-pdf-page:28;level-sequence:244
545,3,校长,校長,xiàozhǎng,unige-pdf-page:28;level-sequence:245
546,3,新闻,新聞,xīnwén,unige-pdf-page:28;level-sequence:246
547,3,新鲜,新鮮,xīnxiān,unige-pdf-page:28;level-sequence:247
548,3,信用卡,信用卡,xìnyòngkǎ,unige-pdf-page:28;level-sequence:248
549,3,行李箱,行李箱,xínglǐxiāng,unige-pdf-page:28;level-sequence:249
550,3,熊猫,熊貓,xióngmāo,unige-pdf-page:28;level-sequence:250
551,3,需要,需要,xūyào,unige-pdf-page:28;level-sequence:251
552,3,选择,選擇,xuǎnzé,unige-pdf-page:29;level-sequence:252
553,3,要求,要求,yāoqiú,unige-pdf-page:29;level-sequence:253
554,3,爷爷,爺爺,yéye,unige-pdf-page:29;level-sequence:254
555,3,一般,一般,yìbān,unige-pdf-page:29;level-sequence:255
556,3,一边,一邊,yìbiān,unige-pdf-page:29;level-sequence:256
557,3,一定,一定,yídìng,unige-pdf-page:29;level-sequence:257
558,3,一共,一共,yígòng,unige-pdf-page:29;level-sequence:258
559,3,一会儿,一會兒,yíhuìr,unige-pdf-page:29;level-sequence:259
560,3,一样,一樣,yíyàng,unige-pdf-page:29;level-sequence:260
561,3,一直,一直,yìzhí,unige-pdf-page:29;level-sequence:261
562,3,以前,以前,yǐqián,unige-pdf-page:29;level-sequence:262
563,3,音乐,音樂,yīnyuè,unige-pdf-page:29;level-sequence:263
564,3,银行,銀行,yínháng,unige-pdf-page:29;level-sequence:264
565,3,饮料,飲料,yǐnliào,unige-pdf-page:29;level-sequence:265
566,3,应该,應該,yīnggāi,unige-pdf-page:29;level-sequence:266
567,3,影响,影響,yǐngxiǎng,unige-pdf-page:29;level-sequence:267
568,3,用,用,yòng,unige-pdf-page:29;level-sequence:268
569,3,游戏,游戲,yóuxì,unige-pdf-page:29;level-sequence:269
570,3,有名,有名,yǒumíng,unige-pdf-page:29;level-sequence:270
571,3,又,又,yòu,unige-pdf-page:29;level-sequence:271
572,3,遇到,遇到,yùdào,unige-pdf-page:29;level-sequence:272
573,3,元,元,yuán,unige-pdf-page:29;level-sequence:273
574,3,愿意,願意,yuànyì,unige-pdf-page:29;level-sequence:274
575,3,月亮,月亮,yuèliang,unige-pdf-page:29;level-sequence:275
576,3,越,越,yuè,unige-pdf-page:29;level-sequence:276
577,3,站,站,zhàn,unige-pdf-page:29;level-sequence:277
578,3,张,張,zhāng,unige-pdf-page:29;level-sequence:278
580,3,着急,著急,zháojí,unige-pdf-page:29;level-sequence:280
601,4,爱情,愛情,àiqíng,unige-pdf-page:36;level-sequence:1
602,4,安排,安排,ānpái,unige-pdf-page:36;level-sequence:2
603,4,安全,安全,ānquán,unige-pdf-page:36;level-sequence:3
604,4,按时,按時,ànshí,unige-pdf-page:36;level-sequence:4
605,4,按照,按照,ànzhào,unige-pdf-page:36;level-sequence:5
606,4,百分之,百分之,bǎifēnzhī,unige-pdf-page:36;level-sequence:6
607,4,棒,棒,bàng,unige-pdf-page:36;level-sequence:7
608,4,包子,包子,bāozi,unige-pdf-page:36;level-sequence:8
609,4,保护,保護,bǎohù,unige-pdf-page:36;level-sequence:9
610,4,保证,保證,bǎozhèng,unige-pdf-page:36;level-sequence:10
611,4,报名,報名,bào míng,unige-pdf-page:36;level-sequence:11
612,4,抱,抱,bào,unige-pdf-page:36;level-sequence:12
613,4,抱歉,抱歉,bàoqiàn,unige-pdf-page:36;level-sequence:13
614,4,倍,倍,bèi,unige-pdf-page:36;level-sequence:14
615,4,本来,本來,běnlái,unige-pdf-page:36;level-sequence:15
616,4,笨,笨,bèn,unige-pdf-page:36;level-sequence:16
617,4,比如,比如,bĭrú,unige-pdf-page:36;level-sequence:17
618,4,毕业,畢業,bì yè,unige-pdf-page:36;level-sequence:18
619,4,遍,遍,biàn,unige-pdf-page:36;level-sequence:19
620,4,标准,標準,biāozhǔn,unige-pdf-page:36;level-sequence:20
621,4,表格,表格,biǎogé,unige-pdf-page:36;level-sequence:21
622,4,表示,表示,biǎoshì,unige-pdf-page:36;level-sequence:22
623,4,表演,表演,biǎoyǎn,unige-pdf-page:36;level-sequence:23
624,4,表扬,表揚,biǎoyáng,unige-pdf-page:36;level-sequence:24
625,4,饼干,餅乾,bǐnggān,unige-pdf-page:36;level-sequence:25
626,4,并且,並且,bìngqiě,unige-pdf-page:36;level-sequence:26
627,4,博士,博士,bóshì,unige-pdf-page:36;level-sequence:27
628,4,不得不,不得不,bùdébù,unige-pdf-page:37;level-sequence:28
629,4,不管,不管,bùguǎn,unige-pdf-page:37;level-sequence:29
630,4,不过,不過,búguò,unige-pdf-page:37;level-sequence:30
631,4,不仅,不僅,bùjǐn,unige-pdf-page:37;level-sequence:31
632,4,部分,部分,bùfen,unige-pdf-page:37;level-sequence:32
633,4,擦,擦,cā,unige-pdf-page:37;level-sequence:33
634,4,猜,猜,cāi,unige-pdf-page:37;level-sequence:34
635,4,材料,材料,cáiliào,unige-pdf-page:37;level-sequence:35
636,4,参观,參觀,cānguān,unige-pdf-page:37;level-sequence:36
637,4,餐厅,餐廳,cāntīng,unige-pdf-page:37;level-sequence:37
638,4,厕所,廁所,cèsuŏ,unige-pdf-page:37;level-sequence:38
639,4,差不多,差不多,chàbuduō,unige-pdf-page:37;level-sequence:39
640,4,长城,長城,Chángchéng,unige-pdf-page:37;level-sequence:40
641,4,长江,長江,Cháng Jiāng,unige-pdf-page:37;level-sequence:41
642,4,场,場,chǎng,unige-pdf-page:37;level-sequence:42
643,4,超过,超過,chāoguò,unige-pdf-page:37;level-sequence:43
644,4,成功,成功,chénggōng,unige-pdf-page:37;level-sequence:44
645,4,成为,成為,chéngwéi,unige-pdf-page:37;level-sequence:45
646,4,诚实,誠實,chéngshí,unige-pdf-page:37;level-sequence:46
647,4,乘坐,乘坐,chéngzuò,unige-pdf-page:37;level-sequence:47
648,4,吃惊,吃驚,chī jīng,unige-pdf-page:37;level-sequence:48
649,4,重新,重新,chóngxīn,unige-pdf-page:37;level-sequence:49
650,4,抽烟,抽煙,chōu yān,unige-pdf-page:37;level-sequence:50
651,4,出差,出差,chū chāi,unige-pdf-page:37;level-sequence:51
652,4,出发,出發,chūfā,unige-pdf-page:37;level-sequence:52
653,4,出生,出生,chūshēng,unige-pdf-page:37;level-sequence:53
654,4,出现,出現,chūxiàn,unige-pdf-page:37;level-sequence:54
655,4,厨房,廚房,chúfáng,unige-pdf-page:37;level-sequence:55
656,4,传真,傳真,chuánzhēn,unige-pdf-page:37;level-sequence:56
657,4,窗户,窗戶,chuānghu,unige-pdf-page:37;level-sequence:57
658,4,词语,詞語,cíyǔ,unige-pdf-page:37;level-sequence:58
659,4,从来,從來,cónglái,unige-pdf-page:37;level-sequence:59
660,4,粗心,粗心,cūxīn,unige-pdf-page:38;level-sequence:60
661,4,存,存,cún,unige-pdf-page:38;level-sequence:61
662,4,错误,錯誤,cuòwù,unige-pdf-page:38;level-sequence:62
663,4,答案,答案,dáàn,unige-pdf-page:38;level-sequence:63
664,4,打扮,打扮,dǎbàn,unige-pdf-page:38;level-sequence:64
665,4,打扰,打擾,dǎrǎo,unige-pdf-page:38;level-sequence:65
666,4,打印,打印,dǎyìn,unige-pdf-page:38;level-sequence:66
667,4,打招呼,打招呼,dă zhāohu,unige-pdf-page:38;level-sequence:67
668,4,打折,打折,dǎ zhé,unige-pdf-page:38;level-sequence:68
669,4,打针,打針,dǎ zhēn,unige-pdf-page:38;level-sequence:69
670,4,大概,大概,dàgài,unige-pdf-page:38;level-sequence:70
671,4,大使馆,大使館,dàshǐguǎn,unige-pdf-page:38;level-sequence:71
672,4,大约,大約,dàyuē,unige-pdf-page:38;level-sequence:72
673,4,大夫,大夫,dàifu,unige-pdf-page:38;level-sequence:73
674,4,戴,戴,dài,unige-pdf-page:38;level-sequence:74
675,4,当,當,dāng,unige-pdf-page:38;level-sequence:75
676,4,当时,當時,dāngshí,unige-pdf-page:38;level-sequence:76
677,4,刀,刀,dāo,unige-pdf-page:38;level-sequence:77
678,4,导游,導游,dǎoyóu,unige-pdf-page:38;level-sequence:78
679,4,到处,到處,dàochù,unige-pdf-page:38;level-sequence:79
680,4,到底,到底,dàodǐ,unige-pdf-page:38;level-sequence:80
681,4,倒,倒,dào,unige-pdf-page:38;level-sequence:81
682,4,道歉,道歉,dào qiàn,unige-pdf-page:38;level-sequence:82
683,4,得意,得意,déyì,unige-pdf-page:38;level-sequence:83
685,4,登机牌,登機牌,dēngjīpái,unige-pdf-page:38;level-sequence:85
687,4,低,低,dī,unige-pdf-page:38;level-sequence:87
688,4,底,底,dǐ,unige-pdf-page:38;level-sequence:88
689,4,地点,地點,dìdiǎn,unige-pdf-page:38;level-sequence:89
690,4,地球,地球,dìqiú,unige-pdf-page:38;level-sequence:90
691,4,地址,地址,dìzhǐ,unige-pdf-page:38;level-sequence:91
692,4,调查,調查,diàochá,unige-pdf-page:39;level-sequence:92
693,4,掉,掉,diào,unige-pdf-page:39;level-sequence:93
694,4,丢,丟,diū,unige-pdf-page:39;level-sequence:94
695,4,动作,動作,dòngzuò,unige-pdf-page:39;level-sequence:95
696,4,堵车,堵車,dǔchē,unige-pdf-page:39;level-sequence:96
697,4,肚子,肚子,dùzi,unige-pdf-page:39;level-sequence:97
698,4,短信,短信,duănxìn,unige-pdf-page:39;level-sequence:98
699,4,对话,對話,duìhuà,unige-pdf-page:39;level-sequence:99
700,4,对面,對面,duìmiàn,unige-pdf-page:39;level-sequence:100
701,4,对于,對于,duìyú,unige-pdf-page:39;level-sequence:101
702,4,儿童,兒童,értóng,unige-pdf-page:39;level-sequence:102
703,4,而,而,ér,unige-pdf-page:39;level-sequence:103
704,4,发生,發生,fāshēng,unige-pdf-page:39;level-sequence:104
705,4,发展,發展,fāzhǎn,unige-pdf-page:39;level-sequence:105
706,4,法律,法律,fǎlǜ,unige-pdf-page:39;level-sequence:106
707,4,翻译,翻譯,fānyì,unige-pdf-page:39;level-sequence:107
708,4,烦恼,煩惱,fánnǎo,unige-pdf-page:39;level-sequence:108
709,4,反对,反對,fǎnduì,unige-pdf-page:39;level-sequence:109
710,4,方法,方法,fāngfǎ,unige-pdf-page:39;level-sequence:110
711,4,方面,方面,fāngmiàn,unige-pdf-page:39;level-sequence:111
712,4,方式,方式,fāngshì,unige-pdf-page:39;level-sequence:112
713,4,方向,方向,fāngxiàng,unige-pdf-page:39;level-sequence:113
714,4,房东,房東,fángdōng,unige-pdf-page:39;level-sequence:114
715,4,放弃,放棄,fàngqì,unige-pdf-page:39;level-sequence:115
716,4,放暑假,放暑假,fàng shǔjià,unige-pdf-page:39;level-sequence:116
717,4,放松,放鬆,fàngsōng,unige-pdf-page:39;level-sequence:117
718,4,份,份,fèn,unige-pdf-page:39;level-sequence:118
719,4,丰富,豐富,fēngfù,unige-pdf-page:39;level-sequence:119
720,4,否则,否則,fǒuzé,unige-pdf-page:39;level-sequence:120
721,4,符合,符合,fúhé,unige-pdf-page:39;level-sequence:121
722,4,父亲,父親,fùqīn,unige-pdf-page:39;level-sequence:122
723,4,付款,付款,fù kuăn,unige-pdf-page:39;level-sequence:123
724,4,负责,負責,fùzé,unige-pdf-page:40;level-sequence:124
725,4,复印,複印,fùyìn,unige-pdf-page:40;level-sequence:125
726,4,复杂,複雜,fùzá,unige-pdf-page:40;level-sequence:126
727,4,富,富,fù,unige-pdf-page:40;level-sequence:127
728,4,改变,改變,gǎibiàn,unige-pdf-page:40;level-sequence:128
729,4,干杯,乾杯,gān bēi,unige-pdf-page:40;level-sequence:129
732,4,感动,感動,gǎndòng,unige-pdf-page:40;level-sequence:132
733,4,感觉,感覺,gǎnjué,unige-pdf-page:40;level-sequence:133
734,4,感情,感情,gǎnqíng,unige-pdf-page:40;level-sequence:134
735,4,感谢,感謝,gǎnxiè,unige-pdf-page:40;level-sequence:135
736,4,干,幹,gàn,unige-pdf-page:40;level-sequence:136
737,4,刚,剛,gāng,unige-pdf-page:40;level-sequence:137
739,4,胳膊,胳膊,gēbo,unige-pdf-page:40;level-sequence:139
740,4,各,各,gè,unige-pdf-page:40;level-sequence:140
741,4,工资,工資,gōngzī,unige-pdf-page:40;level-sequence:141
742,4,公里,公里,gōnglǐ,unige-pdf-page:40;level-sequence:142
743,4,功夫,功夫,gōngfu,unige-pdf-page:40;level-sequence:143
744,4,共同,共同,gòngtóng,unige-pdf-page:40;level-sequence:144
745,4,购物,購物,gòu wù,unige-pdf-page:40;level-sequence:145
746,4,够,夠,gòu,unige-pdf-page:40;level-sequence:146
747,4,估计,估計,gūjì,unige-pdf-page:40;level-sequence:147
748,4,鼓励,鼓勵,gǔlì,unige-pdf-page:40;level-sequence:148
749,4,故意,故意,gùyì,unige-pdf-page:40;level-sequence:149
750,4,顾客,顧客,gùkè,unige-pdf-page:41;level-sequence:150
751,4,挂,掛,guà,unige-pdf-page:41;level-sequence:151
752,4,关键,關鍵,guānjiàn,unige-pdf-page:41;level-sequence:152
753,4,观众,觀眾,guānzhòng,unige-pdf-page:41;level-sequence:153
754,4,管理,管理,guǎnlǐ,unige-pdf-page:41;level-sequence:154
755,4,光,光,guāng,unige-pdf-page:41;level-sequence:155
756,4,广播,廣播,guǎngbō,unige-pdf-page:41;level-sequence:156
757,4,广告,廣告,guǎnggào,unige-pdf-page:41;level-sequence:157
758,4,逛,逛,guàng,unige-pdf-page:41;level-sequence:158
759,4,规定,規定,guīdìng,unige-pdf-page:41;level-sequence:159
760,4,国籍,國籍,guójí,unige-pdf-page:41;level-sequence:160
761,4,国际,國際,guójì,unige-pdf-page:41;level-sequence:161
762,4,果汁,果汁,guǒzhī,unige-pdf-page:41;level-sequence:162
763,4,过程,過程,guòchéng,unige-pdf-page:41;level-sequence:163
764,4,海洋,海洋,hǎiyáng,unige-pdf-page:41;level-sequence:164
765,4,害羞,害羞,hàixiū,unige-pdf-page:41;level-sequence:165
766,4,寒假,寒假,hánjià,unige-pdf-page:41;level-sequence:166
767,4,汗,汗,hàn,unige-pdf-page:41;level-sequence:167
768,4,航班,航班,hángbān,unige-pdf-page:41;level-sequence:168
769,4,好处,好處,hǎochù,unige-pdf-page:41;level-sequence:169
770,4,好像,好像,hǎoxiàng,unige-pdf-page:41;level-sequence:170
771,4,号码,號碼,hàomǎ,unige-pdf-page:41;level-sequence:171
772,4,合格,合格,hégé,unige-pdf-page:41;level-sequence:172
773,4,合适,合適,héshì,unige-pdf-page:41;level-sequence:173
774,4,盒子,盒子,hézi,unige-pdf-page:41;level-sequence:174
775,4,后悔,後悔,hòuhuǐ,unige-pdf-page:41;level-sequence:175
776,4,厚,厚,hòu,unige-pdf-page:41;level-sequence:176
777,4,互联网,互聯網,hùliánwǎng,unige-pdf-page:41;level-sequence:177
778,4,互相,互相,hùxiāng,unige-pdf-page:41;level-sequence:178
779,4,护士,護士,hùshi,unige-pdf-page:41;level-sequence:179
780,4,怀疑,懷疑,huáiyí,unige-pdf-page:41;level-sequence:180
781,4,回忆,回憶,huíyì,unige-pdf-page:41;level-sequence:181
782,4,活动,活動,huódòng,unige-pdf-page:42;level-sequence:182
783,4,活泼,活潑,huópō,unige-pdf-page:42;level-sequence:183
784,4,火,火,huǒ,unige-pdf-page:42;level-sequence:184
785,4,获得,獲得,huòdé,unige-pdf-page:42;level-sequence:185
786,4,积极,積極,jījí,unige-pdf-page:42;level-sequence:186
787,4,积累,積累,jīlěi,unige-pdf-page:42;level-sequence:187
788,4,基础,基礎,jīchǔ,unige-pdf-page:42;level-sequence:188
789,4,激动,激動,jīdòng,unige-pdf-page:42;level-sequence:189
790,4,及时,及時,jíshí,unige-pdf-page:42;level-sequence:190
791,4,即使,即使,jíshǐ,unige-pdf-page:42;level-sequence:191
792,4,计划,計劃,jìhuà,unige-pdf-page:42;level-sequence:192
793,4,记者,記者,jìzhě,unige-pdf-page:42;level-sequence:193
794,4,技术,技術,jìshù,unige-pdf-page:42;level-sequence:194
795,4,既然,既然,jìrán,unige-pdf-page:42;level-sequence:195
796,4,继续,繼續,jìxù,unige-pdf-page:42;level-sequence:196
797,4,寄,寄,jì,unige-pdf-page:42;level-sequence:197
798,4,加班,加班,jiā bān,unige-pdf-page:42;level-sequence:198
799,4,加油站,加油站,jiāyóuzhàn,unige-pdf-page:42;level-sequence:199
800,4,家具,家具,jiājù,unige-pdf-page:42;level-sequence:200
801,4,假,假,jiǎ,unige-pdf-page:42;level-sequence:201
802,4,价格,價格,jiàgé,unige-pdf-page:42;level-sequence:202
803,4,坚持,堅持,jiānchí,unige-pdf-page:42;level-sequence:203
804,4,减肥,減肥,jiǎn féi,unige-pdf-page:42;level-sequence:204
805,4,减少,減少,jiǎnshǎo,unige-pdf-page:42;level-sequence:205
806,4,建议,建議,jiànyì,unige-pdf-page:42;level-sequence:206
807,4,将来,將來,jiānglái,unige-pdf-page:42;level-sequence:207
808,4,奖金,獎金,jiǎngjīn,unige-pdf-page:42;level-sequence:208
809,4,降低,降低,jiàngdī,unige-pdf-page:42;level-sequence:209
810,4,降落,降落,jiàngluò,unige-pdf-page:42;level-sequence:210
811,4,交,交,jiāo,unige-pdf-page:42;level-sequence:211
812,4,交流,交流,jiāoliú,unige-pdf-page:42;level-sequence:212
813,4,交通,交通,jiāotōng,unige-pdf-page:42;level-sequence:213
814,4,郊区,郊區,jiāoqū,unige-pdf-page:43;level-sequence:214
815,4,骄傲,驕傲,jiāo'ào,unige-pdf-page:43;level-sequence:215
816,4,饺子,餃子,jiǎozi,unige-pdf-page:43;level-sequence:216
817,4,教授,教授,jiàoshòu,unige-pdf-page:43;level-sequence:217
818,4,教育,教育,jiàoyù,unige-pdf-page:43;level-sequence:218
819,4,接受,接受,jiēshòu,unige-pdf-page:43;level-sequence:219
820,4,接着,接著,jiēzhe,unige-pdf-page:43;level-sequence:220
821,4,节,節,jié,unige-pdf-page:43;level-sequence:221
822,4,节约,節約,jiéyuē,unige-pdf-page:43;level-sequence:222
823,4,结果,結果,jiéguǒ,unige-pdf-page:43;level-sequence:223
824,4,解释,解釋,jiěshì,unige-pdf-page:43;level-sequence:224
825,4,尽管,儘管,jǐnguǎn,unige-pdf-page:43;level-sequence:225
826,4,紧张,緊張,jǐnzhāng,unige-pdf-page:43;level-sequence:226
827,4,进行,進行,jìnxíng,unige-pdf-page:43;level-sequence:227
828,4,禁止,禁止,jìnzhǐ,unige-pdf-page:43;level-sequence:228
829,4,京剧,京劇,jīngjù,unige-pdf-page:43;level-sequence:229
830,4,经济,經濟,jīngjì,unige-pdf-page:43;level-sequence:230
831,4,经历,經歷,jīnglì,unige-pdf-page:43;level-sequence:231
832,4,经验,經驗,jīngyàn,unige-pdf-page:43;level-sequence:232
833,4,精彩,精彩,jīngcǎi,unige-pdf-page:43;level-sequence:233
834,4,景色,景色,jĭngsè,unige-pdf-page:43;level-sequence:234
835,4,警察,警察,jǐngchá,unige-pdf-page:43;level-sequence:235
836,4,竞争,競爭,jìngzhēng,unige-pdf-page:43;level-sequence:236
837,4,竟然,竟然,jìngrán,unige-pdf-page:43;level-sequence:237
838,4,镜子,鏡子,jìngzi,unige-pdf-page:43;level-sequence:238
839,4,究竟,究竟,jiūjìng,unige-pdf-page:43;level-sequence:239
840,4,举,舉,jŭ,unige-pdf-page:43;level-sequence:240
841,4,举办,舉辦,jǔbàn,unige-pdf-page:43;level-sequence:241
842,4,举行,舉行,jǔxíng,unige-pdf-page:43;level-sequence:242
843,4,拒绝,拒絕,jùjué,unige-pdf-page:43;level-sequence:243
844,4,距离,距離,jùlí,unige-pdf-page:43;level-sequence:244
845,4,聚会,聚會,jùhuì,unige-pdf-page:44;level-sequence:245
846,4,开玩笑,開玩笑,kāi wánxiào,unige-pdf-page:44;level-sequence:246
847,4,开心,開心,kāixīn,unige-pdf-page:44;level-sequence:247
848,4,看法,看法,kànfǎ,unige-pdf-page:44;level-sequence:248
849,4,考虑,考慮,kǎolǜ,unige-pdf-page:44;level-sequence:249
850,4,烤鸭,烤鴨,kăoyā,unige-pdf-page:44;level-sequence:250
851,4,科学,科學,kēxué,unige-pdf-page:44;level-sequence:251
852,4,棵,棵,kē,unige-pdf-page:44;level-sequence:252
853,4,咳嗽,咳嗽,késou,unige-pdf-page:44;level-sequence:253
854,4,可怜,可憐,kělián,unige-pdf-page:44;level-sequence:254
855,4,可是,可是,kěshì,unige-pdf-page:44;level-sequence:255
856,4,可惜,可惜,kěxī,unige-pdf-page:44;level-sequence:256
857,4,客厅,客廳,kètīng,unige-pdf-page:44;level-sequence:257
858,4,肯定,肯定,kěndìng,unige-pdf-page:44;level-sequence:258
859,4,空,空,kōng,unige-pdf-page:44;level-sequence:259
860,4,空气,空氣,kōngqì,unige-pdf-page:44;level-sequence:260
861,4,恐怕,恐怕,kǒngpà,unige-pdf-page:44;level-sequence:261
862,4,苦,苦,kǔ,unige-pdf-page:44;level-sequence:262
863,4,矿泉水,礦泉水,kuàngquánshuĭ,unige-pdf-page:44;level-sequence:263
864,4,困,困，睏,kùn,unige-pdf-page:44;level-sequence:264
865,4,困难,困難,kùnnan,unige-pdf-page:44;level-sequence:265
866,4,垃圾桶,垃圾桶,lājītǒng,unige-pdf-page:44;level-sequence:266
867,4,拉,拉,lā,unige-pdf-page:44;level-sequence:267
868,4,辣,辣,là,unige-pdf-page:44;level-sequence:268
869,4,来不及,來不及,láibují,unige-pdf-page:44;level-sequence:269
870,4,来得及,來得及,láidejí,unige-pdf-page:44;level-sequence:270
871,4,来自,來自,láizì,unige-pdf-page:44;level-sequence:271
872,4,懒,懶,lǎn,unige-pdf-page:44;level-sequence:272
873,4,浪费,浪費,làngfèi,unige-pdf-page:44;level-sequence:273
874,4,浪漫,浪漫,làngmàn,unige-pdf-page:44;level-sequence:274
875,4,老虎,老虎,lǎohǔ,unige-pdf-page:44;level-sequence:275
876,4,冷静,冷靜,lěngjìng,unige-pdf-page:44;level-sequence:276
877,4,礼拜天,禮拜天,lĭbàitiān,unige-pdf-page:45;level-sequence:277
878,4,礼貌,禮貌,lǐmào,unige-pdf-page:45;level-sequence:278
879,4,理发,理髮,lǐ fà,unige-pdf-page:45;level-sequence:279
880,4,理解,理解,lǐjiě,unige-pdf-page:45;level-sequence:280
881,4,理想,理想,lǐxiǎng,unige-pdf-page:45;level-sequence:281
882,4,力气,力氣,lìqì,unige-pdf-page:45;level-sequence:282
883,4,厉害,厲害,lìhài,unige-pdf-page:45;level-sequence:283
884,4,例如,例如,lìrú,unige-pdf-page:45;level-sequence:284
885,4,俩,倆,liǎ,unige-pdf-page:45;level-sequence:285
886,4,连,連,lián,unige-pdf-page:45;level-sequence:286
887,4,联系,聯繫,liánxì,unige-pdf-page:45;level-sequence:287
888,4,凉快,涼快,liángkuai,unige-pdf-page:45;level-sequence:288
889,4,零钱,零錢,língqián,unige-pdf-page:45;level-sequence:289
890,4,另外,另外,lìngwài,unige-pdf-page:45;level-sequence:290
891,4,留,留,liú,unige-pdf-page:45;level-sequence:291
892,4,流利,流利,liúlì,unige-pdf-page:45;level-sequence:292
893,4,流行,流行,liúxíng,unige-pdf-page:45;level-sequence:293
894,4,旅行,旅行,lǚxíng,unige-pdf-page:45;level-sequence:294
895,4,律师,律師,lǜshī,unige-pdf-page:45;level-sequence:295
896,4,乱,亂,luàn,unige-pdf-page:45;level-sequence:296
897,4,麻烦,麻煩,máfan,unige-pdf-page:45;level-sequence:297
898,4,马虎,馬虎,mǎhu,unige-pdf-page:45;level-sequence:298
899,4,满,滿,mǎn,unige-pdf-page:45;level-sequence:299
900,4,毛,毛,máo,unige-pdf-page:45;level-sequence:300
901,4,毛巾,毛巾,máojīn,unige-pdf-page:45;level-sequence:301
902,4,美丽,美麗,měilì,unige-pdf-page:45;level-sequence:302
903,4,梦,夢,mèng,unige-pdf-page:45;level-sequence:303
904,4,迷路,迷路,mí lù,unige-pdf-page:45;level-sequence:304
905,4,密码,密碼,mìmǎ,unige-pdf-page:45;level-sequence:305
906,4,免费,免費,miǎnfèi,unige-pdf-page:45;level-sequence:306
907,4,秒,秒,miăo,unige-pdf-page:45;level-sequence:307
908,4,民族,民族,mínzú,unige-pdf-page:45;level-sequence:308
909,4,母亲,母親,mǔqīn,unige-pdf-page:46;level-sequence:309
910,4,目的,目的,mùdì,unige-pdf-page:46;level-sequence:310
911,4,耐心,耐心,nàixīn,unige-pdf-page:46;level-sequence:311
912,4,难道,難道,nándào,unige-pdf-page:46;level-sequence:312
913,4,难受,難受,nánshòu,unige-pdf-page:46;level-sequence:313
914,4,内,內,nèi,unige-pdf-page:46;level-sequence:314
915,4,内容,內容,nèiróng,unige-pdf-page:46;level-sequence:315
916,4,能力,能力,nénglì,unige-pdf-page:46;level-sequence:316
917,4,年龄,年齡,niánlíng,unige-pdf-page:46;level-sequence:317
918,4,弄,弄,nòng,unige-pdf-page:46;level-sequence:318
919,4,暖和,暖和,nuǎnhuo,unige-pdf-page:46;level-sequence:319
920,4,偶尔,偶爾,ǒu'ěr,unige-pdf-page:46;level-sequence:320
921,4,排队,排隊,pái duì,unige-pdf-page:46;level-sequence:321
922,4,排列,排列,páiliè,unige-pdf-page:46;level-sequence:322
923,4,判断,判斷,pànduàn,unige-pdf-page:46;level-sequence:323
924,4,陪,陪,péi,unige-pdf-page:46;level-sequence:324
925,4,批评,批評,pīpíng,unige-pdf-page:46;level-sequence:325
926,4,皮肤,皮膚,pífū,unige-pdf-page:46;level-sequence:326
927,4,脾气,脾氣,píqi,unige-pdf-page:46;level-sequence:327
928,4,篇,篇,piān,unige-pdf-page:46;level-sequence:328
929,4,骗,騙,piàn,unige-pdf-page:46;level-sequence:329
930,4,乒乓球,乒乓球,pīngpāngqiú,unige-pdf-page:46;level-sequence:330
931,4,平时,平時,píngshí,unige-pdf-page:46;level-sequence:331
932,4,破,破,pò,unige-pdf-page:46;level-sequence:332
933,4,葡萄,葡萄,pútáo,unige-pdf-page:46;level-sequence:333
934,4,普遍,普遍,pǔbiàn,unige-pdf-page:46;level-sequence:334
935,4,普通话,普通話,pǔtōnghuà,unige-pdf-page:46;level-sequence:335
936,4,其次,其次,qícì,unige-pdf-page:46;level-sequence:336
937,4,其中,其中,qízhōng,unige-pdf-page:46;level-sequence:337
938,4,气候,氣候,qìhòu,unige-pdf-page:46;level-sequence:338
939,4,千万,千萬,qiānwàn,unige-pdf-page:46;level-sequence:339
940,4,签证,簽證,qiānzhèng,unige-pdf-page:46;level-sequence:340
941,4,敲,敲,qiāo,unige-pdf-page:47;level-sequence:341
942,4,桥,橋,qiáo,unige-pdf-page:47;level-sequence:342
943,4,巧克力,巧克力,qiǎokèlì,unige-pdf-page:47;level-sequence:343
944,4,亲戚,親戚,qīnqi,unige-pdf-page:47;level-sequence:344
945,4,轻,輕,qīng,unige-pdf-page:47;level-sequence:345
946,4,轻松,輕鬆,qīngsōng,unige-pdf-page:47;level-sequence:346
947,4,情况,情況,qíngkuàng,unige-pdf-page:47;level-sequence:347
948,4,穷,窮,qióng,unige-pdf-page:47;level-sequence:348
949,4,区别,區別,qūbié,unige-pdf-page:47;level-sequence:349
950,4,取,取,qǔ,unige-pdf-page:47;level-sequence:350
951,4,全部,全部,quánbù,unige-pdf-page:47;level-sequence:351
952,4,缺点,缺點,quēdiǎn,unige-pdf-page:47;level-sequence:352
953,4,缺少,缺少,quēshǎo,unige-pdf-page:47;level-sequence:353
954,4,却,卻,què,unige-pdf-page:47;level-sequence:354
955,4,确实,確實,quèshí,unige-pdf-page:47;level-sequence:355
956,4,然而,然而,rán'ér,unige-pdf-page:47;level-sequence:356
957,4,热闹,熱鬧,rènào,unige-pdf-page:47;level-sequence:357
958,4,任何,任何,rènhé,unige-pdf-page:47;level-sequence:358
959,4,任务,任務,rènwù,unige-pdf-page:47;level-sequence:359
960,4,扔,扔,rēng,unige-pdf-page:47;level-sequence:360
961,4,仍然,仍然,réngrán,unige-pdf-page:47;level-sequence:361
962,4,日记,日記,rìjì,unige-pdf-page:47;level-sequence:362
963,4,入口,入口,rùkǒu,unige-pdf-page:47;level-sequence:363
964,4,散步,散步,sàn bù,unige-pdf-page:47;level-sequence:364
965,4,森林,森林,sēnlín,unige-pdf-page:47;level-sequence:365
966,4,沙发,沙發,shāfā,unige-pdf-page:47;level-sequence:366
967,4,伤心,傷心,shāng xīn,unige-pdf-page:47;level-sequence:367
968,4,商量,商量,shāngliang,unige-pdf-page:47;level-sequence:368
969,4,稍微,稍微,shāowēi,unige-pdf-page:47;level-sequence:369
970,4,勺子,勺子,sháozi,unige-pdf-page:47;level-sequence:370
971,4,社会,社會,shèhuì,unige-pdf-page:47;level-sequence:371
972,4,申请,申請,shēnqǐng,unige-pdf-page:47;level-sequence:372
973,4,深,深,shēn,unige-pdf-page:48;level-sequence:373
974,4,甚至,甚至,shènzhì,unige-pdf-page:48;level-sequence:374
975,4,生活,生活,shēnghuó,unige-pdf-page:48;level-sequence:375
976,4,生命,生命,shēngmìng,unige-pdf-page:48;level-sequence:376
977,4,生意,生意,shēngyi,unige-pdf-page:48;level-sequence:377
978,4,省,省,shěng,unige-pdf-page:48;level-sequence:378
979,4,剩,剩,shèng,unige-pdf-page:48;level-sequence:379
980,4,失败,失敗,shībài,unige-pdf-page:48;level-sequence:380
981,4,失望,失望,shīwàng,unige-pdf-page:48;level-sequence:381
982,4,师傅,師傅,shīfu,unige-pdf-page:48;level-sequence:382
983,4,十分,十分,shífēn,unige-pdf-page:48;level-sequence:383
984,4,实际,實際,shíjì,unige-pdf-page:48;level-sequence:384
985,4,实在,實在,shízai,unige-pdf-page:48;level-sequence:385
986,4,使,使,shǐ,unige-pdf-page:48;level-sequence:386
987,4,使用,使用,shǐyòng,unige-pdf-page:48;level-sequence:387
988,4,世纪,世紀,shìjì,unige-pdf-page:48;level-sequence:388
989,4,是否,是否,shìfŏu,unige-pdf-page:48;level-sequence:389
990,4,适合,適合,shìhé,unige-pdf-page:48;level-sequence:390
991,4,适应,適應,shìyìng,unige-pdf-page:48;level-sequence:391
992,4,收,收,shōu,unige-pdf-page:48;level-sequence:392
993,4,收入,收入,shōurù,unige-pdf-page:48;level-sequence:393
994,4,收拾,收拾,shōushi,unige-pdf-page:48;level-sequence:394
995,4,首都,首都,shǒudū,unige-pdf-page:48;level-sequence:395
996,4,首先,首先,shǒuxiān,unige-pdf-page:48;level-sequence:396
997,4,受不了,受不了,shòu bù liǎo,unige-pdf-page:48;level-sequence:397
998,4,受到,受到,shòudào,unige-pdf-page:48;level-sequence:398
999,4,售货员,售貨員,shòuhuòyuán,unige-pdf-page:48;level-sequence:399
1000,4,输,輸,shū,unige-pdf-page:48;level-sequence:400
1001,4,熟悉,熟悉,shúxi,unige-pdf-page:48;level-sequence:401
1002,4,数量,數量,shùliàng,unige-pdf-page:48;level-sequence:402
1003,4,数字,數字,shùzì,unige-pdf-page:48;level-sequence:403
1004,4,帅,帥,shuài,unige-pdf-page:48;level-sequence:404
1005,4,顺便,順便,shùnbiàn,unige-pdf-page:49;level-sequence:405
1006,4,顺利,順利,shùnlì,unige-pdf-page:49;level-sequence:406
1007,4,顺序,順序,shùnxù,unige-pdf-page:49;level-sequence:407
1008,4,说明,說明,shuōmíng,unige-pdf-page:49;level-sequence:408
1009,4,硕士,碩士,shuòshì,unige-pdf-page:49;level-sequence:409
1010,4,死,死,sǐ,unige-pdf-page:49;level-sequence:410
1011,4,速度,速度,sùdù,unige-pdf-page:49;level-sequence:411
1012,4,塑料袋,塑料袋,sùliàodài,unige-pdf-page:49;level-sequence:412
1013,4,酸,酸,suān,unige-pdf-page:49;level-sequence:413
1014,4,随便,隨便,suíbiàn,unige-pdf-page:49;level-sequence:414
1015,4,随着,隨著,suízhe,unige-pdf-page:49;level-sequence:415
1016,4,孙子,孫子,sūnzi,unige-pdf-page:49;level-sequence:416
1017,4,所有,所有,suǒyǒu,unige-pdf-page:49;level-sequence:417
1018,4,台,台,tái,unige-pdf-page:49;level-sequence:418
1019,4,抬,抬,tái,unige-pdf-page:49;level-sequence:419
1020,4,态度,態度,tàidù,unige-pdf-page:49;level-sequence:420
1021,4,谈,談,tán,unige-pdf-page:49;level-sequence:421
1022,4,弹钢琴,彈鋼琴,tán gāngqín,unige-pdf-page:49;level-sequence:422
1023,4,汤,湯,tāng,unige-pdf-page:49;level-sequence:423
1024,4,糖,糖,táng,unige-pdf-page:49;level-sequence:424
1025,4,躺,躺,tǎng,unige-pdf-page:49;level-sequence:425
1026,4,趟,趟,tàng,unige-pdf-page:49;level-sequence:426
1027,4,讨论,討論,tǎolùn,unige-pdf-page:49;level-sequence:427
1028,4,讨厌,討厭,tǎoyàn,unige-pdf-page:49;level-sequence:428
1029,4,特点,特點,tèdiǎn,unige-pdf-page:49;level-sequence:429
1030,4,提,提,tí,unige-pdf-page:49;level-sequence:430
1031,4,提供,提供,tígōng,unige-pdf-page:49;level-sequence:431
1032,4,提前,提前,tíqián,unige-pdf-page:49;level-sequence:432
1033,4,提醒,提醒,tíxǐng,unige-pdf-page:49;level-sequence:433
1034,4,填空,填空,tiánkòng,unige-pdf-page:49;level-sequence:434
1035,4,条件,條件,tiáojiàn,unige-pdf-page:49;level-sequence:435
1036,4,停,停,tíng,unige-pdf-page:50;level-sequence:436
1037,4,挺,挺,tǐng,unige-pdf-page:50;level-sequence:437
1038,4,通过,通過,tōngguò,unige-pdf-page:50;level-sequence:438
1039,4,通知,通知,tōngzhī,unige-pdf-page:50;level-sequence:439
1040,4,同情,同情,tóngqíng,unige-pdf-page:50;level-sequence:440
1041,4,同时,同時,tóngshí,unige-pdf-page:50;level-sequence:441
1042,4,推,推,tuī,unige-pdf-page:50;level-sequence:442
1043,4,推迟,推遲,tuīchí,unige-pdf-page:50;level-sequence:443
1044,4,脱,脫,tuō,unige-pdf-page:50;level-sequence:444
1045,4,袜子,襪子,wàzi,unige-pdf-page:50;level-sequence:445
1046,4,完全,完全,wánquán,unige-pdf-page:50;level-sequence:446
1047,4,网球,網球,wǎngqiú,unige-pdf-page:50;level-sequence:447
1048,4,网站,網站,wǎngzhàn,unige-pdf-page:50;level-sequence:448
1049,4,往往,往往,wǎngwǎng,unige-pdf-page:50;level-sequence:449
1050,4,危险,危險,wēixiǎn,unige-pdf-page:50;level-sequence:450
1051,4,卫生间,衛生間,wèishēngjiān,unige-pdf-page:50;level-sequence:451
1052,4,味道,味道,wèidào,unige-pdf-page:50;level-sequence:452
1053,4,温度,溫度,wēndù,unige-pdf-page:50;level-sequence:453
1054,4,文章,文章,wénzhāng,unige-pdf-page:50;level-sequence:454
1055,4,污染,污染,wūrǎn,unige-pdf-page:50;level-sequence:455
1056,4,无,無,wú,unige-pdf-page:50;level-sequence:456
1057,4,无聊,無聊,wúliáo,unige-pdf-page:50;level-sequence:457
1058,4,无论,無論,wúlùn,unige-pdf-page:50;level-sequence:458
1059,4,误会,誤會,wùhuì,unige-pdf-page:50;level-sequence:459
1060,4,西红柿,西紅柿,xīhóngshì,unige-pdf-page:50;level-sequence:460
1061,4,吸引,吸引,xīyǐn,unige-pdf-page:50;level-sequence:461
1062,4,咸,鹹,xián,unige-pdf-page:50;level-sequence:462
1063,4,现金,現金,xiànjīn,unige-pdf-page:50;level-sequence:463
1064,4,羡慕,羡慕,xiànmù,unige-pdf-page:50;level-sequence:464
1065,4,相反,相反,xiāngfǎn,unige-pdf-page:50;level-sequence:465
1066,4,相同,相同,xiāngtóng,unige-pdf-page:50;level-sequence:466
1067,4,香,香,xiāng,unige-pdf-page:50;level-sequence:467
1068,4,详细,詳細,xiángxì,unige-pdf-page:51;level-sequence:468
1069,4,响,響,xiǎng,unige-pdf-page:51;level-sequence:469
1070,4,橡皮,橡皮,xiàngpí,unige-pdf-page:51;level-sequence:470
1071,4,消息,消息,xiāoxi,unige-pdf-page:51;level-sequence:471
1072,4,小吃,小吃,xiăochī,unige-pdf-page:51;level-sequence:472
1073,4,小伙子,伙子子,xiăohuŏzi,unige-pdf-page:51;level-sequence:473
1074,4,小说,小說,xiǎoshuō,unige-pdf-page:51;level-sequence:474
1075,4,笑话,笑話,xiàohua,unige-pdf-page:51;level-sequence:475
1076,4,效果,效果,xiàoguǒ,unige-pdf-page:51;level-sequence:476
1077,4,心情,心情,xīnqíng,unige-pdf-page:51;level-sequence:477
1078,4,辛苦,辛苦,xīnkǔ,unige-pdf-page:51;level-sequence:478
1079,4,信封,信封,xìnfēng,unige-pdf-page:51;level-sequence:479
1080,4,信息,信息,xìnxī,unige-pdf-page:51;level-sequence:480
1081,4,信心,信心,xìnxīn,unige-pdf-page:51;level-sequence:481
1082,4,兴奋,興奮,xīngfèn,unige-pdf-page:51;level-sequence:482
1083,4,行,行,xíng,unige-pdf-page:51;level-sequence:483
1084,4,醒,醒,xǐng,unige-pdf-page:51;level-sequence:484
1085,4,幸福,幸福,xìngfú,unige-pdf-page:51;level-sequence:485
1086,4,性别,性別,xìngbié,unige-pdf-page:51;level-sequence:486
1087,4,性格,性格,xìnggé,unige-pdf-page:51;level-sequence:487
1088,4,修理,修理,xiūlǐ,unige-pdf-page:51;level-sequence:488
1089,4,许多,許多,xǔduō,unige-pdf-page:51;level-sequence:489
1090,4,学期,學期,xuéqī,unige-pdf-page:51;level-sequence:490
1091,4,压力,壓力,yālì,unige-pdf-page:51;level-sequence:491
1095,4,严格,嚴格,yángé,unige-pdf-page:51;level-sequence:495
1096,4,严重,嚴重,yánzhòng,unige-pdf-page:51;level-sequence:496
1097,4,研究,研究,yánjiū,unige-pdf-page:51;level-sequence:497
1098,4,盐,鹽,yán,unige-pdf-page:52;level-sequence:498
1099,4,眼镜,眼鏡,yǎnjìng,unige-pdf-page:52;level-sequence:499
1100,4,演出,演出,yǎnchū,unige-pdf-page:52;level-sequence:500
1101,4,演员,演員,yǎnyuán,unige-pdf-page:52;level-sequence:501
1102,4,阳光,陽光,yángguāng,unige-pdf-page:52;level-sequence:502
1103,4,养成,養成,yǎngchéng,unige-pdf-page:52;level-sequence:503
1104,4,样子,樣子,yàngzi,unige-pdf-page:52;level-sequence:504
1105,4,邀请,邀請,yāoqǐng,unige-pdf-page:52;level-sequence:505
1106,4,要是,要是,yàoshi,unige-pdf-page:52;level-sequence:506
1107,4,钥匙,鑰匙,yàoshi,unige-pdf-page:52;level-sequence:507
1108,4,也许,也許,yěxǔ,unige-pdf-page:52;level-sequence:508
1109,4,叶子,葉子,yèzi,unige-pdf-page:52;level-sequence:509
1110,4,页,頁,yè,unige-pdf-page:52;level-sequence:510
1111,4,一切,一切,yíqiè,unige-pdf-page:52;level-sequence:511
1112,4,以,以,yǐ,unige-pdf-page:52;level-sequence:512
1113,4,以为,以為,yǐwéi,unige-pdf-page:52;level-sequence:513
1114,4,艺术,藝術,yìshù,unige-pdf-page:52;level-sequence:514
1115,4,意见,意見,yìjiàn,unige-pdf-page:52;level-sequence:515
1116,4,因此,因此,yīncǐ,unige-pdf-page:52;level-sequence:516
1117,4,引起,引起,yǐnqǐ,unige-pdf-page:52;level-sequence:517
1118,4,印象,印象,yìnxiàng,unige-pdf-page:52;level-sequence:518
1119,4,赢,贏,yíng,unige-pdf-page:52;level-sequence:519
1120,4,应聘,應聘,yìngpìn,unige-pdf-page:52;level-sequence:520
1121,4,永远,永遠,yǒngyuǎn,unige-pdf-page:52;level-sequence:521
1122,4,勇敢,勇敢,yǒnggǎn,unige-pdf-page:52;level-sequence:522
1123,4,优点,優點,yōudiǎn,unige-pdf-page:52;level-sequence:523
1124,4,优秀,優秀,yōuxiù,unige-pdf-page:52;level-sequence:524
1125,4,幽默,幽默,yōumò,unige-pdf-page:52;level-sequence:525
1126,4,尤其,尤其,yóuqí,unige-pdf-page:52;level-sequence:526
1127,4,由,由,yóu,unige-pdf-page:52;level-sequence:527
1128,4,由于,由於,yóuyú,unige-pdf-page:52;level-sequence:528
1129,4,邮局,郵局,yóujú,unige-pdf-page:53;level-sequence:529
1130,4,友好,友好,yǒuhǎo,unige-pdf-page:53;level-sequence:530
1131,4,友谊,友誼,yǒuyì,unige-pdf-page:53;level-sequence:531
1132,4,有趣,有趣,yǒuqù,unige-pdf-page:53;level-sequence:532
1133,4,于是,於是,yúshì,unige-pdf-page:53;level-sequence:533
1134,4,愉快,愉快,yúkuài,unige-pdf-page:53;level-sequence:534
1135,4,与,與,yǔ,unige-pdf-page:53;level-sequence:535
1136,4,羽毛球,羽毛球,yǔmáoqiú,unige-pdf-page:53;level-sequence:536
1137,4,语法,語法,yǔfǎ,unige-pdf-page:53;level-sequence:537
1138,4,语言,語言,yǔyán,unige-pdf-page:53;level-sequence:538
1139,4,预习,預習,yùxí,unige-pdf-page:53;level-sequence:539
1140,4,原来,原來,yuánlái,unige-pdf-page:53;level-sequence:540
1141,4,原谅,原諒,yuánliàng,unige-pdf-page:53;level-sequence:541
1142,4,原因,原因,yuányīn,unige-pdf-page:53;level-sequence:542
1143,4,约会,約會,yuēhuì,unige-pdf-page:53;level-sequence:543
1144,4,阅读,閱讀,yuèdú,unige-pdf-page:53;level-sequence:544
1145,4,云,雲,yún,unige-pdf-page:53;level-sequence:545
1146,4,允许,允許,yǔnxǔ,unige-pdf-page:53;level-sequence:546
1147,4,杂志,雜志,zázhì,unige-pdf-page:53;level-sequence:547
1148,4,咱们,咱們,zánmen,unige-pdf-page:53;level-sequence:548
1149,4,暂时,暫時,zànshí,unige-pdf-page:53;level-sequence:549
1150,4,脏,臟,zāng,unige-pdf-page:53;level-sequence:550
1151,4,责任,責任,zérèn,unige-pdf-page:53;level-sequence:551
1152,4,增加,增加,zēngjiā,unige-pdf-page:53;level-sequence:552
1153,4,占线,佔線,zhàn xiàn,unige-pdf-page:53;level-sequence:553
1154,4,招聘,招聘,zhāopìn,unige-pdf-page:53;level-sequence:554
1155,4,照,照,zhào,unige-pdf-page:53;level-sequence:555
1156,4,真正,真正,zhēnzhèng,unige-pdf-page:53;level-sequence:556
1157,4,整理,整理,zhěnglǐ,unige-pdf-page:53;level-sequence:557
1158,4,正常,正常,zhèngcháng,unige-pdf-page:53;level-sequence:558
1159,4,正好,正好,zhènghǎo,unige-pdf-page:54;level-sequence:559
1160,4,正确,正確,zhèngquè,unige-pdf-page:54;level-sequence:560
1161,4,正式,正式,zhèngshì,unige-pdf-page:54;level-sequence:561
1162,4,证明,證明,zhèngmíng,unige-pdf-page:54;level-sequence:562
1163,4,之,之,zhī,unige-pdf-page:54;level-sequence:563
1164,4,支持,支持,zhīchí,unige-pdf-page:54;level-sequence:564
1165,4,知识,知識,zhīshi,unige-pdf-page:54;level-sequence:565
1166,4,直接,直接,zhíjiē,unige-pdf-page:54;level-sequence:566
1167,4,值得,值得,zhíde,unige-pdf-page:54;level-sequence:567
1168,4,职业,職業,zhíyè,unige-pdf-page:54;level-sequence:568
1169,4,植物,植物,zhíwù,unige-pdf-page:54;level-sequence:569
1170,4,只好,只好,zhǐhǎo,unige-pdf-page:54;level-sequence:570
1171,4,只要,只要,zhǐyào,unige-pdf-page:54;level-sequence:571
1172,4,指,指,zhǐ,unige-pdf-page:54;level-sequence:572
1173,4,至少,至少,zhìshǎo,unige-pdf-page:54;level-sequence:573
1174,4,质量,質量,zhìliàng,unige-pdf-page:54;level-sequence:574
1175,4,重,重,zhòng,unige-pdf-page:54;level-sequence:575
1176,4,重点,重點,zhòngdiǎn,unige-pdf-page:54;level-sequence:576
1177,4,重视,重視,zhòngshì,unige-pdf-page:54;level-sequence:577
1178,4,周围,周圍,zhōuwéi,unige-pdf-page:54;level-sequence:578
1179,4,主意,主意,zhǔyi,unige-pdf-page:54;level-sequence:579
1180,4,祝贺,祝賀,zhùhè,unige-pdf-page:54;level-sequence:580
1181,4,著名,著名,zhùmíng,unige-pdf-page:54;level-sequence:581
1183,4,专业,專業,zhuānyè,unige-pdf-page:54;level-sequence:583
1184,4,转,轉,zhuǎn,unige-pdf-page:54;level-sequence:584
1185,4,赚,賺,zhuàn,unige-pdf-page:54;level-sequence:585
1186,4,准确,準確,zhǔnquè,unige-pdf-page:54;level-sequence:586
1187,4,准时,準時,zhǔnshí,unige-pdf-page:54;level-sequence:587
1188,4,仔细,仔細,zǐxì,unige-pdf-page:54;level-sequence:588
1189,4,自然,自然,zìrán,unige-pdf-page:54;level-sequence:589
1190,4,自信,自信,zìxìn,unige-pdf-page:54;level-sequence:590
1191,4,总结,總結,zǒngjié,unige-pdf-page:54;level-sequence:591
1201,5,哎,哎,āi,unige-pdf-page:65;level-sequence:1
1202,5,唉,唉,āi,unige-pdf-page:65;level-sequence:2
1203,5,爱护,愛護,àihù,unige-pdf-page:65;level-sequence:3
1204,5,爱惜,愛惜,àixī,unige-pdf-page:65;level-sequence:4
1205,5,爱心,愛心,àixīn,unige-pdf-page:65;level-sequence:5
1206,5,安慰,安慰,ānwèi,unige-pdf-page:65;level-sequence:6
1207,5,安装,安裝,ānzhuāng,unige-pdf-page:65;level-sequence:7
1208,5,岸,岸,àn,unige-pdf-page:65;level-sequence:8
1209,5,暗,暗,àn,unige-pdf-page:65;level-sequence:9
1210,5,熬夜,熬夜,áo yè,unige-pdf-page:65;level-sequence:10
1211,5,把握,把握,băwò,unige-pdf-page:65;level-sequence:11
1212,5,摆,擺,băi,unige-pdf-page:65;level-sequence:12
1213,5,办理,辦理,bànlĭ,unige-pdf-page:65;level-sequence:13
1214,5,傍晚,傍晚,bàngwăn,unige-pdf-page:65;level-sequence:14
1215,5,包裹,包裹,bāoguǒ,unige-pdf-page:65;level-sequence:15
1216,5,包含,包含,bāohán,unige-pdf-page:65;level-sequence:16
1217,5,包括,包括,bāokuò,unige-pdf-page:65;level-sequence:17
1218,5,薄,薄,báo,unige-pdf-page:65;level-sequence:18
1219,5,宝贝,寶貝,băobèi,unige-pdf-page:65;level-sequence:19
1220,5,宝贵,寶貴,băoguì,unige-pdf-page:65;level-sequence:20
1221,5,保持,保持,băochí,unige-pdf-page:65;level-sequence:21
1222,5,保存,保存,băocún,unige-pdf-page:65;level-sequence:22
1223,5,保留,保留,băoliú,unige-pdf-page:65;level-sequence:23
1224,5,保险,保險,băoxiăn,unige-pdf-page:65;level-sequence:24
1225,5,报到,報到,bàodào,unige-pdf-page:65;level-sequence:25
1226,5,报道,報道,bàodào,unige-pdf-page:65;level-sequence:26
1227,5,报告,報告,bàogào,unige-pdf-page:66;level-sequence:27
1228,5,报社,報社,bàoshè,unige-pdf-page:66;level-sequence:28
1229,5,抱怨,抱怨,bàoyuàn,unige-pdf-page:66;level-sequence:29
1230,5,背,背,bēi,unige-pdf-page:66;level-sequence:30
1231,5,悲观,悲觀,bēiguān,unige-pdf-page:66;level-sequence:31
1232,5,背景,背景,bèijĭng,unige-pdf-page:66;level-sequence:32
1233,5,被子,被子,bèizi,unige-pdf-page:66;level-sequence:33
1234,5,本科,本科,bĕnkē,unige-pdf-page:66;level-sequence:34
1235,5,本领,本領,bĕnlĭng,unige-pdf-page:66;level-sequence:35
1236,5,本质,本質,bĕnzhì,unige-pdf-page:66;level-sequence:36
1237,5,比例,比例,bĭlì,unige-pdf-page:66;level-sequence:37
1238,5,彼此,彼此,bĭcĭ,unige-pdf-page:66;level-sequence:38
1239,5,必然,必然,bìrán,unige-pdf-page:66;level-sequence:39
1240,5,必要,必要,bìyào,unige-pdf-page:66;level-sequence:40
1241,5,毕竟,畢竟,bìjìng,unige-pdf-page:66;level-sequence:41
1242,5,避免,避免,bìmiăn,unige-pdf-page:66;level-sequence:42
1243,5,编辑,編輯,biānjí,unige-pdf-page:66;level-sequence:43
1244,5,鞭炮,鞭炮,biānpào,unige-pdf-page:66;level-sequence:44
1245,5,便,便,biàn,unige-pdf-page:66;level-sequence:45
1246,5,辩论,辯論,biànlùn,unige-pdf-page:66;level-sequence:46
1247,5,标点,標點,biāodiăn,unige-pdf-page:66;level-sequence:47
1248,5,标志,標志,biāozhì,unige-pdf-page:66;level-sequence:48
1249,5,表达,表達,biǎodá,unige-pdf-page:66;level-sequence:49
1250,5,表面,表面,biăomiàn,unige-pdf-page:66;level-sequence:50
1251,5,表明,表明,biăomíng,unige-pdf-page:66;level-sequence:51
1252,5,表情,表情,biăoqíng,unige-pdf-page:66;level-sequence:52
1253,5,表现,表現,biăoxiàn,unige-pdf-page:66;level-sequence:53
1254,5,冰激凌,冰激淩,bīngjīlíng,unige-pdf-page:66;level-sequence:54
1255,5,病毒,病毒,bìngdú,unige-pdf-page:66;level-sequence:55
1256,5,玻璃,玻璃,bōli,unige-pdf-page:66;level-sequence:56
1257,5,播放,播放,bōfàng,unige-pdf-page:67;level-sequence:57
1258,5,脖子,脖子,bózi,unige-pdf-page:67;level-sequence:58
1259,5,博物馆,博物館,bówùguăn,unige-pdf-page:67;level-sequence:59
1260,5,补充,補充,bŭchōng,unige-pdf-page:67;level-sequence:60
1261,5,不安,不安,bù’ān,unige-pdf-page:67;level-sequence:61
1262,5,不得了,不得了,bùdéliăo,unige-pdf-page:67;level-sequence:62
1263,5,不断,不斷,búduàn,unige-pdf-page:67;level-sequence:63
1264,5,不见得,不見得,bújiàndé,unige-pdf-page:67;level-sequence:64
1265,5,不耐烦,不耐煩,bú nàifán,unige-pdf-page:67;level-sequence:65
1266,5,不然,不然,bùrán,unige-pdf-page:67;level-sequence:66
1267,5,不如,不如,bùrú,unige-pdf-page:67;level-sequence:67
1268,5,不要紧,不要緊,bú yàojĭn,unige-pdf-page:67;level-sequence:68
1269,5,不足,不足,bùzú,unige-pdf-page:67;level-sequence:69
1270,5,布,布,bù,unige-pdf-page:67;level-sequence:70
1271,5,步骤,步驟,bùzhòu,unige-pdf-page:67;level-sequence:71
1272,5,部门,部門,bùmén,unige-pdf-page:67;level-sequence:72
1273,5,财产,財産,cáichăn,unige-pdf-page:67;level-sequence:73
1274,5,采访,采訪,căifăng,unige-pdf-page:67;level-sequence:74
1275,5,采取,采取,căiqŭ,unige-pdf-page:67;level-sequence:75
1276,5,彩虹,彩虹,căihóng,unige-pdf-page:67;level-sequence:76
1277,5,踩,踩,căi,unige-pdf-page:67;level-sequence:77
1278,5,参考,參考,cānkăo,unige-pdf-page:67;level-sequence:78
1279,5,参与,參與,cānyù,unige-pdf-page:67;level-sequence:79
1280,5,惭愧,慚愧,cánkuì,unige-pdf-page:67;level-sequence:80
1281,5,操场,操場,cāochăng,unige-pdf-page:67;level-sequence:81
1282,5,操心,操心,cāoxīn,unige-pdf-page:67;level-sequence:82
1283,5,册,冊,cè,unige-pdf-page:67;level-sequence:83
1284,5,测验,測驗,cèyàn,unige-pdf-page:67;level-sequence:84
1285,5,曾经,曾經,céngjīng,unige-pdf-page:67;level-sequence:85
1286,5,叉子,叉子,chāzi,unige-pdf-page:67;level-sequence:86
1287,5,差别,差別,chābié,unige-pdf-page:68;level-sequence:87
1288,5,差距,差距,chājù,unige-pdf-page:68;level-sequence:88
1289,5,插,插,chā,unige-pdf-page:68;level-sequence:89
1290,5,拆,拆,chāi,unige-pdf-page:68;level-sequence:90
1291,5,产品,産品,chănpĭn,unige-pdf-page:68;level-sequence:91
1292,5,产生,産生,chănshēng,unige-pdf-page:68;level-sequence:92
1293,5,长途,長途,chángtú,unige-pdf-page:68;level-sequence:93
1294,5,常识,常識,chángshí,unige-pdf-page:68;level-sequence:94
1295,5,抄,抄,chāo,unige-pdf-page:68;level-sequence:95
1296,5,超级,超級,chāojí,unige-pdf-page:68;level-sequence:96
1297,5,朝,朝,cháo,unige-pdf-page:68;level-sequence:97
1298,5,潮湿,潮濕,cháoshī,unige-pdf-page:68;level-sequence:98
1299,5,吵,吵,chăo,unige-pdf-page:68;level-sequence:99
1300,5,吵架,吵架,chăojià,unige-pdf-page:68;level-sequence:100
1301,5,炒,炒,chăo,unige-pdf-page:68;level-sequence:101
1302,5,车库,車庫,chēkù,unige-pdf-page:68;level-sequence:102
1303,5,车厢,車廂,chēxiāng,unige-pdf-page:68;level-sequence:103
1304,5,彻底,徹底,chèdĭ,unige-pdf-page:68;level-sequence:104
1305,5,沉默,沈默,chénmò,unige-pdf-page:68;level-sequence:105
1306,5,趁,趁,chèn,unige-pdf-page:68;level-sequence:106
1307,5,称,稱,chēng,unige-pdf-page:68;level-sequence:107
1308,5,称呼,稱呼,chēnghu,unige-pdf-page:68;level-sequence:108
1309,5,称赞,稱贊,chēngzàn,unige-pdf-page:68;level-sequence:109
1310,5,成分,成分,chéngfèn,unige-pdf-page:68;level-sequence:110
1311,5,成果,成果,chéngguŏ,unige-pdf-page:68;level-sequence:111
1312,5,成就,成就,chéngjiù,unige-pdf-page:68;level-sequence:112
1313,5,成立,成立,chénglì,unige-pdf-page:68;level-sequence:113
1314,5,成人,成人,chéngrén,unige-pdf-page:68;level-sequence:114
1315,5,成熟,成熟,chéngshú,unige-pdf-page:68;level-sequence:115
1316,5,成语,成語,chéngyŭ,unige-pdf-page:68;level-sequence:116
1317,5,成长,成長,chéngzhăng,unige-pdf-page:68;level-sequence:117
1318,5,诚恳,誠懇,chéngkĕn,unige-pdf-page:69;level-sequence:118
1319,5,承担,承擔,chéngdān,unige-pdf-page:69;level-sequence:119
1320,5,承认,承認,chéngrèn,unige-pdf-page:69;level-sequence:120
1321,5,承受,承受,chéngshòu,unige-pdf-page:69;level-sequence:121
1322,5,程度,程度,chéngdù,unige-pdf-page:69;level-sequence:122
1323,5,程序,程序,chéngxù,unige-pdf-page:69;level-sequence:123
1324,5,吃亏,吃虧,chī kuī,unige-pdf-page:69;level-sequence:124
1325,5,池塘,池塘,chítáng,unige-pdf-page:69;level-sequence:125
1326,5,迟早,遲早,chízǎo,unige-pdf-page:69;level-sequence:126
1327,5,持续,持續,chíxù,unige-pdf-page:69;level-sequence:127
1328,5,尺子,尺子,chĭzi,unige-pdf-page:69;level-sequence:128
1329,5,翅膀,翅膀,chìbăng,unige-pdf-page:69;level-sequence:129
1330,5,冲,沖,chōng,unige-pdf-page:69;level-sequence:130
1331,5,充电器,充電器,chōngdiànqì,unige-pdf-page:69;level-sequence:131
1332,5,充分,充分,chōngfèn,unige-pdf-page:69;level-sequence:132
1333,5,充满,充滿,chōngmăn,unige-pdf-page:69;level-sequence:133
1334,5,重复,重複,chóngfù,unige-pdf-page:69;level-sequence:134
1335,5,宠物,寵物,chŏngwù,unige-pdf-page:69;level-sequence:135
1336,5,抽屉,抽屜,chōuti,unige-pdf-page:69;level-sequence:136
1337,5,抽象,抽象,chōuxiàng,unige-pdf-page:69;level-sequence:137
1338,5,丑,醜,chŏu,unige-pdf-page:69;level-sequence:138
1339,5,臭,臭,chòu,unige-pdf-page:69;level-sequence:139
1340,5,出版,出版,chūbăn,unige-pdf-page:69;level-sequence:140
1341,5,出口,出口,chūkŏu,unige-pdf-page:69;level-sequence:141
1342,5,出色,出色,chūsè,unige-pdf-page:69;level-sequence:142
1343,5,出示,出示,chūshì,unige-pdf-page:69;level-sequence:143
1344,5,出席,出席,chūxí,unige-pdf-page:69;level-sequence:144
1345,5,初级,初級,chūjí,unige-pdf-page:69;level-sequence:145
1346,5,除非,除非,chúfēi,unige-pdf-page:69;level-sequence:146
1347,5,除夕,除夕,chúxī,unige-pdf-page:69;level-sequence:147
1348,5,处理,處理,chŭlĭ,unige-pdf-page:69;level-sequence:148
1349,5,传播,傳播,chuánbō,unige-pdf-page:70;level-sequence:149
1350,5,传染,傳染,chuánrăn,unige-pdf-page:70;level-sequence:150
1351,5,传说,傳說,chuánshuō,unige-pdf-page:70;level-sequence:151
1352,5,传统,傳統,chuántŏng,unige-pdf-page:70;level-sequence:152
1353,5,窗帘,窗簾,chuānglián,unige-pdf-page:70;level-sequence:153
1354,5,闯,闖,chuăng,unige-pdf-page:70;level-sequence:154
1355,5,创造,創造,chuàngzào,unige-pdf-page:70;level-sequence:155
1356,5,吹,吹,chuī,unige-pdf-page:70;level-sequence:156
1357,5,词汇,詞彙,cíhuì,unige-pdf-page:70;level-sequence:157
1358,5,辞职,辭職,cízhí,unige-pdf-page:70;level-sequence:158
1359,5,此外,此外,cĭwài,unige-pdf-page:70;level-sequence:159
1360,5,次要,次要,cìyào,unige-pdf-page:70;level-sequence:160
1361,5,刺激,刺激,cìjī,unige-pdf-page:70;level-sequence:161
1362,5,匆忙,匆忙,cōngmáng,unige-pdf-page:70;level-sequence:162
1363,5,从此,從此,cóngcĭ,unige-pdf-page:70;level-sequence:163
1364,5,从而,從而,cóng’ér,unige-pdf-page:70;level-sequence:164
1365,5,从前,從前,cóngqián,unige-pdf-page:70;level-sequence:165
1366,5,从事,從事,cóngshì,unige-pdf-page:70;level-sequence:166
1367,5,粗糙,粗糙,cūcāo,unige-pdf-page:70;level-sequence:167
1368,5,促进,促進,cùjìn,unige-pdf-page:70;level-sequence:168
1369,5,促使,促使,cùshĭ,unige-pdf-page:70;level-sequence:169
1370,5,醋,醋,cù,unige-pdf-page:70;level-sequence:170
1371,5,催,催,cuī,unige-pdf-page:70;level-sequence:171
1372,5,存在,存在,cúnzài,unige-pdf-page:70;level-sequence:172
1373,5,措施,措施,cuòshī,unige-pdf-page:70;level-sequence:173
1374,5,答应,答應,dāying,unige-pdf-page:70;level-sequence:174
1375,5,达到,達到,dádào,unige-pdf-page:70;level-sequence:175
1376,5,打工,打工,dă gōng,unige-pdf-page:70;level-sequence:176
1377,5,打交道,打交道,dăjiāodào,unige-pdf-page:70;level-sequence:177
1378,5,打喷嚏,打噴嚏,dă pēntì,unige-pdf-page:70;level-sequence:178
1379,5,打听,打聽,dăting,unige-pdf-page:70;level-sequence:179
1380,5,大方,大方,dàfang,unige-pdf-page:71;level-sequence:180
1381,5,大厦,大廈,dàshà,unige-pdf-page:71;level-sequence:181
1382,5,大象,大象,dàxiàng,unige-pdf-page:71;level-sequence:182
1383,5,大型,大型,dàxíng,unige-pdf-page:71;level-sequence:183
1384,5,呆,呆,dāi,unige-pdf-page:71;level-sequence:184
1385,5,代表,代表,dàibiǎo,unige-pdf-page:71;level-sequence:185
1386,5,代替,代替,dàitì,unige-pdf-page:71;level-sequence:186
1387,5,贷款,貸款,dài kuăn,unige-pdf-page:71;level-sequence:187
1388,5,待遇,待遇,dàiyù,unige-pdf-page:71;level-sequence:188
1389,5,担任,擔任,dānrèn,unige-pdf-page:71;level-sequence:189
1390,5,单纯,單純,dānchún,unige-pdf-page:71;level-sequence:190
1391,5,单调,單調,dāndiào,unige-pdf-page:71;level-sequence:191
1392,5,单独,單獨,dāndú,unige-pdf-page:71;level-sequence:192
1393,5,单位,單位,dānwèi,unige-pdf-page:71;level-sequence:193
1394,5,单元,單元,dānyuán,unige-pdf-page:71;level-sequence:194
1395,5,耽误,耽誤,dānwu,unige-pdf-page:71;level-sequence:195
1396,5,胆小鬼,膽小鬼,dănxiăoguĭ,unige-pdf-page:71;level-sequence:196
1397,5,淡,淡,dàn,unige-pdf-page:71;level-sequence:197
1398,5,当地,當地,dāngdì,unige-pdf-page:71;level-sequence:198
1399,5,当心,當心,dāngxīn,unige-pdf-page:71;level-sequence:199
1400,5,挡,擋,dăng,unige-pdf-page:71;level-sequence:200
1401,5,导演,導演,dăoyăn,unige-pdf-page:71;level-sequence:201
1402,5,导致,導致,dăozhì,unige-pdf-page:71;level-sequence:202
1403,5,岛屿,島嶼,dǎoyǔ,unige-pdf-page:71;level-sequence:203
1404,5,倒霉,倒黴,dăo méi,unige-pdf-page:71;level-sequence:204
1405,5,到达,到達,dàodá,unige-pdf-page:71;level-sequence:205
1406,5,道德,道德,dàodé,unige-pdf-page:71;level-sequence:206
1407,5,道理,道理,dàolĭ,unige-pdf-page:71;level-sequence:207
1408,5,登记,登記,dēngjì,unige-pdf-page:71;level-sequence:208
1409,5,等待,等待,dĕngdài,unige-pdf-page:71;level-sequence:209
1410,5,等于,等于,dĕngyú,unige-pdf-page:72;level-sequence:210
1411,5,滴,滴,dī,unige-pdf-page:72;level-sequence:211
1412,5,的确,的確,díquè,unige-pdf-page:72;level-sequence:212
1413,5,敌人,敵人,dírén,unige-pdf-page:72;level-sequence:213
1414,5,地道,地道,dìdao,unige-pdf-page:72;level-sequence:214
1415,5,地理,地理,dìlĭ,unige-pdf-page:72;level-sequence:215
1416,5,地区,地區,dìqū,unige-pdf-page:72;level-sequence:216
1417,5,地毯,地毯,dìtăn,unige-pdf-page:72;level-sequence:217
1418,5,地位,地位,dìwèi,unige-pdf-page:72;level-sequence:218
1419,5,地震,地震,dìzhèn,unige-pdf-page:72;level-sequence:219
1420,5,递,遞,dì,unige-pdf-page:72;level-sequence:220
1421,5,点心,點心,diănxin,unige-pdf-page:72;level-sequence:221
1422,5,电池,電池,diànchí,unige-pdf-page:72;level-sequence:222
1423,5,电台,電台,diàntái,unige-pdf-page:72;level-sequence:223
1424,5,钓,釣,diào,unige-pdf-page:72;level-sequence:224
1425,5,顶,頂,dĭng,unige-pdf-page:72;level-sequence:225
1426,5,动画片,動畫片,dònghuàpiàn,unige-pdf-page:72;level-sequence:226
1427,5,冻,凍,dòng,unige-pdf-page:72;level-sequence:227
1428,5,洞,洞,dòng,unige-pdf-page:72;level-sequence:228
1429,5,豆腐,豆腐,dòufu,unige-pdf-page:72;level-sequence:229
1430,5,逗,逗,dòu,unige-pdf-page:72;level-sequence:230
1431,5,独立,獨立,dúlì,unige-pdf-page:72;level-sequence:231
1432,5,独特,獨特,dútè,unige-pdf-page:72;level-sequence:232
1433,5,度过,度過,dùguò,unige-pdf-page:72;level-sequence:233
1434,5,断,斷,duàn,unige-pdf-page:72;level-sequence:234
1435,5,堆,堆,duī,unige-pdf-page:72;level-sequence:235
1436,5,对比,對比,duìbĭ,unige-pdf-page:72;level-sequence:236
1437,5,对待,對待,duìdài,unige-pdf-page:72;level-sequence:237
1438,5,对方,對方,duìfāng,unige-pdf-page:72;level-sequence:238
1439,5,对手,對手,duìshŏu,unige-pdf-page:72;level-sequence:239
1440,5,对象,對象,duìxiàng,unige-pdf-page:73;level-sequence:240
1441,5,兑换,兌換,duìhuàn,unige-pdf-page:73;level-sequence:241
1442,5,吨,噸,dūn,unige-pdf-page:73;level-sequence:242
1443,5,蹲,蹲,dūn,unige-pdf-page:73;level-sequence:243
1444,5,顿,頓,dùn,unige-pdf-page:73;level-sequence:244
1445,5,多亏,多虧,duōkuī,unige-pdf-page:73;level-sequence:245
1446,5,多余,多余,duōyú,unige-pdf-page:73;level-sequence:246
1447,5,朵,朵,duǒ,unige-pdf-page:73;level-sequence:247
1448,5,躲藏,躲藏,duŏcáng,unige-pdf-page:73;level-sequence:248
1449,5,恶劣,惡劣,èliè,unige-pdf-page:73;level-sequence:249
1450,5,耳环,耳環,ěrhuán,unige-pdf-page:73;level-sequence:250
1451,5,发表,發表,fābiăo,unige-pdf-page:73;level-sequence:251
1452,5,发愁,發愁,fā chóu,unige-pdf-page:73;level-sequence:252
1453,5,发达,發達,fādá,unige-pdf-page:73;level-sequence:253
1454,5,发抖,發抖,fādŏu,unige-pdf-page:73;level-sequence:254
1455,5,发挥,發揮,fāhuī,unige-pdf-page:73;level-sequence:255
1456,5,发明,發明,fāmíng,unige-pdf-page:73;level-sequence:256
1457,5,发票,發票,fāpiào,unige-pdf-page:73;level-sequence:257
1458,5,发言,發言,fā yán,unige-pdf-page:73;level-sequence:258
1459,5,罚款,罰款,fá kuăn,unige-pdf-page:73;level-sequence:259
1460,5,法院,法院,făyuàn,unige-pdf-page:73;level-sequence:260
1461,5,翻,翻,fān,unige-pdf-page:73;level-sequence:261
1462,5,繁荣,繁榮,fánróng,unige-pdf-page:73;level-sequence:262
1463,5,反而,反而,făn’ér,unige-pdf-page:73;level-sequence:263
1464,5,反复,反複,fănfù,unige-pdf-page:73;level-sequence:264
1465,5,反应,反應,fănyìng,unige-pdf-page:73;level-sequence:265
1466,5,反映,反映,fǎnyìng,unige-pdf-page:73;level-sequence:266
1467,5,反正,反正,fănzhèng,unige-pdf-page:73;level-sequence:267
1468,5,范围,範圍,fànwéi,unige-pdf-page:73;level-sequence:268
1469,5,方,方,fāng,unige-pdf-page:73;level-sequence:269
1470,5,方案,方案,fāng’àn,unige-pdf-page:74;level-sequence:270
1471,5,妨碍,妨礙,fáng’ài,unige-pdf-page:74;level-sequence:271
1472,5,仿佛,仿佛,făngfú,unige-pdf-page:74;level-sequence:272
1473,5,非,非,fēi,unige-pdf-page:74;level-sequence:273
1474,5,肥皂,肥皂,féizào,unige-pdf-page:74;level-sequence:274
1475,5,废话,廢話,fèihuà,unige-pdf-page:74;level-sequence:275
1476,5,分别,分別,fēnbié,unige-pdf-page:74;level-sequence:276
1477,5,分布,分布,fēnbù,unige-pdf-page:74;level-sequence:277
1478,5,分配,分配,fēnpèi,unige-pdf-page:74;level-sequence:278
1479,5,分手,分手,fēn shǒu,unige-pdf-page:74;level-sequence:279
1480,5,分析,分析,fēnxī,unige-pdf-page:74;level-sequence:280
1481,5,纷纷,紛紛,fēnfēn,unige-pdf-page:74;level-sequence:281
1482,5,奋斗,奮鬥,fèndòu,unige-pdf-page:74;level-sequence:282
1483,5,风格,風格,fēnggé,unige-pdf-page:74;level-sequence:283
1484,5,风景,風景,fēngjǐng,unige-pdf-page:74;level-sequence:284
1485,5,风俗,風俗,fēngsú,unige-pdf-page:74;level-sequence:285
1486,5,风险,風險,fēngxiăn,unige-pdf-page:74;level-sequence:286
1487,5,疯狂,瘋狂,fēngkuáng,unige-pdf-page:74;level-sequence:287
1488,5,讽刺,諷刺,fĕngcì,unige-pdf-page:74;level-sequence:288
1489,5,否定,否定,fŏudìng,unige-pdf-page:74;level-sequence:289
1490,5,否认,否認,fŏurèn,unige-pdf-page:74;level-sequence:290
1491,5,扶,扶,fú,unige-pdf-page:74;level-sequence:291
1492,5,服装,服裝,fúzhuāng,unige-pdf-page:74;level-sequence:292
1493,5,幅,幅,fú,unige-pdf-page:74;level-sequence:293
1494,5,辅导,輔導,fŭdăo,unige-pdf-page:74;level-sequence:294
1495,5,妇女,婦女,fùnǚ,unige-pdf-page:74;level-sequence:295
1496,5,复制,複制,fùzhì,unige-pdf-page:74;level-sequence:296
1497,5,改革,改革,găigé,unige-pdf-page:74;level-sequence:297
1498,5,改进,改進,găijìn,unige-pdf-page:74;level-sequence:298
1499,5,改善,改善,găishàn,unige-pdf-page:74;level-sequence:299
1500,5,改正,改正,găizhèng,unige-pdf-page:74;level-sequence:300
1501,5,盖,蓋,gài,unige-pdf-page:75;level-sequence:301
1502,5,概括,概括,gàikuò,unige-pdf-page:75;level-sequence:302
1503,5,概念,概念,gàiniàn,unige-pdf-page:75;level-sequence:303
1504,5,干脆,幹脆,gāncuì,unige-pdf-page:75;level-sequence:304
1505,5,干燥,乾燥,gānzào,unige-pdf-page:75;level-sequence:305
1506,5,赶紧,趕緊,gănjĭn,unige-pdf-page:75;level-sequence:306
1507,5,赶快,趕快,gănkuài,unige-pdf-page:75;level-sequence:307
1508,5,感激,感激,gănjī,unige-pdf-page:75;level-sequence:308
1509,5,感受,感受,gănshòu,unige-pdf-page:75;level-sequence:309
1510,5,感想,感想,gănxiăng,unige-pdf-page:75;level-sequence:310
1511,5,干活儿,幹活兒,gàn huór,unige-pdf-page:75;level-sequence:311
1512,5,钢铁,鋼鐵,gāngtiĕ,unige-pdf-page:75;level-sequence:312
1513,5,高档,高檔,gāodàng,unige-pdf-page:75;level-sequence:313
1514,5,高级,高級,gāojí,unige-pdf-page:75;level-sequence:314
1515,5,搞,搞,găo,unige-pdf-page:75;level-sequence:315
1516,5,告别,告別,gàobié,unige-pdf-page:75;level-sequence:316
1517,5,格外,格外,géwài,unige-pdf-page:75;level-sequence:317
1518,5,隔壁,隔壁,gébì,unige-pdf-page:75;level-sequence:318
1519,5,个别,個別,gèbié,unige-pdf-page:75;level-sequence:319
1520,5,个人,個人,gèrén,unige-pdf-page:75;level-sequence:320
1521,5,个性,個性,gèxìng,unige-pdf-page:75;level-sequence:321
1522,5,各自,各自,gèzì,unige-pdf-page:75;level-sequence:322
1523,5,根,根,gēn,unige-pdf-page:75;level-sequence:323
1524,5,根本,根本,gēnbĕn,unige-pdf-page:75;level-sequence:324
1525,5,工厂,工廠,gōngchăng,unige-pdf-page:75;level-sequence:325
1526,5,工程师,工程師,gōngchéngshī,unige-pdf-page:75;level-sequence:326
1527,5,工具,工具,gōngjù,unige-pdf-page:75;level-sequence:327
1528,5,工人,工人,gōngrén,unige-pdf-page:75;level-sequence:328
1529,5,工业,工業,gōngyè,unige-pdf-page:75;level-sequence:329
1530,5,公布,公布,gōngbù,unige-pdf-page:75;level-sequence:330
1531,5,公开,公開,gōngkāi,unige-pdf-page:76;level-sequence:331
1532,5,公平,公平,gōngpíng,unige-pdf-page:76;level-sequence:332
1533,5,公寓,公寓,gōngyù,unige-pdf-page:76;level-sequence:333
1534,5,公元,公元,gōngyuán,unige-pdf-page:76;level-sequence:334
1535,5,公主,公主,gōngzhŭ,unige-pdf-page:76;level-sequence:335
1536,5,功能,功能,gōngnéng,unige-pdf-page:76;level-sequence:336
1537,5,恭喜,恭喜,gòngxǐ,unige-pdf-page:76;level-sequence:337
1538,5,贡献,貢獻,gòngxiàn,unige-pdf-page:76;level-sequence:338
1539,5,沟通,溝通,gōutōng,unige-pdf-page:76;level-sequence:339
1540,5,构成,構成,gòuchéng,unige-pdf-page:76;level-sequence:340
1541,5,姑姑,姑姑,gūgu,unige-pdf-page:76;level-sequence:341
1542,5,姑娘,姑娘,gūniang,unige-pdf-page:76;level-sequence:342
1543,5,古代,古代,gŭdài,unige-pdf-page:76;level-sequence:343
1544,5,古典,古典,gŭdiăn,unige-pdf-page:76;level-sequence:344
1545,5,股票,股票,gŭpiào,unige-pdf-page:76;level-sequence:345
1546,5,骨头,骨頭,gŭtou,unige-pdf-page:76;level-sequence:346
1547,5,鼓舞,鼓舞,gŭwŭ,unige-pdf-page:76;level-sequence:347
1548,5,鼓掌,鼓掌,gǔ zhǎng,unige-pdf-page:76;level-sequence:348
1549,5,固定,固定,gùdìng,unige-pdf-page:76;level-sequence:349
1550,5,挂号,挂號,guà hào,unige-pdf-page:76;level-sequence:350
1551,5,乖,乖,guāi,unige-pdf-page:76;level-sequence:351
1552,5,拐弯,拐彎,guăi wān,unige-pdf-page:76;level-sequence:352
1553,5,怪不得,怪不得,guàibudé,unige-pdf-page:76;level-sequence:353
1554,5,关闭,關閉,guānbì,unige-pdf-page:76;level-sequence:354
1555,5,观察,觀察,guānchá,unige-pdf-page:76;level-sequence:355
1556,5,观点,觀點,guāndiăn,unige-pdf-page:76;level-sequence:356
1557,5,观念,觀念,guānniàn,unige-pdf-page:76;level-sequence:357
1558,5,官,官,guān,unige-pdf-page:76;level-sequence:358
1559,5,管子,管子,guănzi,unige-pdf-page:76;level-sequence:359
1560,5,冠军,冠軍,guànjūn,unige-pdf-page:76;level-sequence:360
1561,5,光滑,光滑,guānghuá,unige-pdf-page:76;level-sequence:361
1562,5,光临,光臨,guānglín,unige-pdf-page:77;level-sequence:362
1563,5,光明,光明,guāngmíng,unige-pdf-page:77;level-sequence:363
1564,5,光盘,光盤,guāngpán,unige-pdf-page:77;level-sequence:364
1565,5,广场,廣場,guăngchăng,unige-pdf-page:77;level-sequence:365
1566,5,广大,廣大,guăngdà,unige-pdf-page:77;level-sequence:366
1567,5,广泛,廣泛,guăngfàn,unige-pdf-page:77;level-sequence:367
1568,5,归纳,歸納,guīnà,unige-pdf-page:77;level-sequence:368
1569,5,规矩,規矩,guīju,unige-pdf-page:77;level-sequence:369
1570,5,规律,規律,guīlǜ,unige-pdf-page:77;level-sequence:370
1571,5,规模,規模,guīmó,unige-pdf-page:77;level-sequence:371
1572,5,规则,規則,guīzé,unige-pdf-page:77;level-sequence:372
1573,5,柜台,櫃台,guìtái,unige-pdf-page:77;level-sequence:373
1574,5,滚,滾,gŭn,unige-pdf-page:77;level-sequence:374
1575,5,锅,鍋,guō,unige-pdf-page:77;level-sequence:375
1576,5,国庆节,國慶節,Guóqìng Jié,unige-pdf-page:77;level-sequence:376
1577,5,国王,國王,guówáng,unige-pdf-page:77;level-sequence:377
1578,5,果然,果然,guǒrán,unige-pdf-page:77;level-sequence:378
1579,5,果实,果實,guŏshí,unige-pdf-page:77;level-sequence:379
1580,5,过分,過分,guòfèn,unige-pdf-page:77;level-sequence:380
1581,5,过敏,過敏,guòmĭn,unige-pdf-page:77;level-sequence:381
1582,5,过期,過期,guò qī,unige-pdf-page:77;level-sequence:382
1583,5,哈,哈,ha,unige-pdf-page:77;level-sequence:383
1584,5,海关,海關,hăiguān,unige-pdf-page:77;level-sequence:384
1585,5,海鲜,海鮮,hăixiān,unige-pdf-page:77;level-sequence:385
1586,5,喊,喊,hăn,unige-pdf-page:77;level-sequence:386
1587,5,行业,行業,hángyè,unige-pdf-page:77;level-sequence:387
1588,5,豪华,豪華,háohuá,unige-pdf-page:77;level-sequence:388
1589,5,好客,好客,hàokè,unige-pdf-page:77;level-sequence:389
1590,5,好奇,好奇,hàoqí,unige-pdf-page:77;level-sequence:390
1591,5,合法,合法,héfă,unige-pdf-page:77;level-sequence:391
1592,5,合理,合理,hélĭ,unige-pdf-page:77;level-sequence:392
1593,5,合同,合同,hétóng,unige-pdf-page:78;level-sequence:393
1594,5,合影,合影,hé yĭng,unige-pdf-page:78;level-sequence:394
1595,5,合作,合作,hézuò,unige-pdf-page:78;level-sequence:395
1596,5,何必,何必,hébì,unige-pdf-page:78;level-sequence:396
1597,5,何况,何況,hékuàng,unige-pdf-page:78;level-sequence:397
1598,5,和平,和平,hépíng,unige-pdf-page:78;level-sequence:398
1599,5,核心,核心,héxīn,unige-pdf-page:78;level-sequence:399
1600,5,恨,恨,hèn,unige-pdf-page:78;level-sequence:400
1601,5,猴子,猴子,hóuzi,unige-pdf-page:78;level-sequence:401
1602,5,后背,後背,hòubèi,unige-pdf-page:78;level-sequence:402
1603,5,后果,後果,hòuguŏ,unige-pdf-page:78;level-sequence:403
1604,5,呼吸,呼吸,hūxī,unige-pdf-page:78;level-sequence:404
1605,5,忽然,忽然,hūrán,unige-pdf-page:78;level-sequence:405
1606,5,忽视,忽視,hūshì,unige-pdf-page:78;level-sequence:406
1607,5,胡说,胡說,húshuō,unige-pdf-page:78;level-sequence:407
1608,5,胡同,胡同,hútòng,unige-pdf-page:78;level-sequence:408
1609,5,壶,壺,hú,unige-pdf-page:78;level-sequence:409
1610,5,蝴蝶,蝴蝶,húdié,unige-pdf-page:78;level-sequence:410
1611,5,糊涂,糊塗,hútu,unige-pdf-page:78;level-sequence:411
1612,5,花生,花生,huāshēng,unige-pdf-page:78;level-sequence:412
1613,5,划,劃,huá,unige-pdf-page:78;level-sequence:413
1614,5,华裔,華裔,huáyì,unige-pdf-page:78;level-sequence:414
1615,5,滑,滑,huá,unige-pdf-page:78;level-sequence:415
1616,5,化学,化學,huàxué,unige-pdf-page:78;level-sequence:416
1617,5,话题,話題,huàtí,unige-pdf-page:78;level-sequence:417
1618,5,怀念,懷念,huáiniàn,unige-pdf-page:78;level-sequence:418
1619,5,怀孕,懷孕,huái yùn,unige-pdf-page:78;level-sequence:419
1620,5,缓解,緩解,huănjiĕ,unige-pdf-page:78;level-sequence:420
1621,5,幻想,幻想,huànxiăng,unige-pdf-page:78;level-sequence:421
1622,5,慌张,慌張,huāngzhāng,unige-pdf-page:78;level-sequence:422
1623,5,黄金,黃金,huángjīn,unige-pdf-page:78;level-sequence:423
1624,5,灰,灰,huī,unige-pdf-page:79;level-sequence:424
1625,5,灰尘,灰塵,huīchén,unige-pdf-page:79;level-sequence:425
1626,5,灰心,灰心,huī xīn,unige-pdf-page:79;level-sequence:426
1627,5,挥,揮,huī,unige-pdf-page:79;level-sequence:427
1628,5,恢复,恢複,huīfù,unige-pdf-page:79;level-sequence:428
1629,5,汇率,匯率,huìlǜ,unige-pdf-page:79;level-sequence:429
1630,5,婚礼,婚禮,hūnlĭ,unige-pdf-page:79;level-sequence:430
1631,5,婚姻,婚姻,hūnyīn,unige-pdf-page:79;level-sequence:431
1632,5,活跃,活躍,huóyuè,unige-pdf-page:79;level-sequence:432
1633,5,火柴,火柴,huŏchái,unige-pdf-page:79;level-sequence:433
1634,5,伙伴,夥伴,huŏbàn,unige-pdf-page:79;level-sequence:434
1635,5,或许,或許,huòxǔ,unige-pdf-page:79;level-sequence:435
1636,5,机器,機器,jīqì,unige-pdf-page:79;level-sequence:436
1637,5,肌肉,肌肉,jīròu,unige-pdf-page:79;level-sequence:437
1638,5,基本,基本,jībĕn,unige-pdf-page:79;level-sequence:438
1639,5,激烈,激烈,jīliè,unige-pdf-page:79;level-sequence:439
1640,5,及格,及格,jígé,unige-pdf-page:79;level-sequence:440
1641,5,极其,極其,jíqí,unige-pdf-page:79;level-sequence:441
1642,5,急忙,急忙,jímáng,unige-pdf-page:79;level-sequence:442
1643,5,急诊,急診,jízhěn,unige-pdf-page:79;level-sequence:443
1644,5,集合,集合,jíhé,unige-pdf-page:79;level-sequence:444
1645,5,集体,集體,jítĭ,unige-pdf-page:79;level-sequence:445
1646,5,集中,集中,jízhōng,unige-pdf-page:79;level-sequence:446
1647,5,计算,計算,jìsuàn,unige-pdf-page:79;level-sequence:447
1648,5,记录,記錄,jìlù,unige-pdf-page:79;level-sequence:448
1649,5,记忆,記憶,jìyì,unige-pdf-page:79;level-sequence:449
1650,5,纪录,記錄,jìlù,unige-pdf-page:79;level-sequence:450
1651,5,纪律,紀律,jìlǜ,unige-pdf-page:79;level-sequence:451
1652,5,纪念,紀念,jìniàn,unige-pdf-page:79;level-sequence:452
1653,5,系领带,系領帶,jì lĭngdài,unige-pdf-page:79;level-sequence:453
1654,5,寂寞,寂寞,jìmò,unige-pdf-page:80;level-sequence:454
1655,5,夹子,夾子,jiāzi,unige-pdf-page:80;level-sequence:455
1656,5,家庭,家庭,jiātíng,unige-pdf-page:80;level-sequence:456
1657,5,家务,家務,jiāwù,unige-pdf-page:80;level-sequence:457
1658,5,家乡,家鄉,jiāxiāng,unige-pdf-page:80;level-sequence:458
1659,5,嘉宾,嘉賓,jiābīn,unige-pdf-page:80;level-sequence:459
1660,5,甲,甲,jiă,unige-pdf-page:80;level-sequence:460
1661,5,假如,假如,jiărú,unige-pdf-page:80;level-sequence:461
1662,5,假设,假設,jiǎshè,unige-pdf-page:80;level-sequence:462
1663,5,假装,假裝,jiăzhuāng,unige-pdf-page:80;level-sequence:463
1664,5,价值,價值,jiàzhí,unige-pdf-page:80;level-sequence:464
1665,5,驾驶,駕駛,jiàshĭ,unige-pdf-page:80;level-sequence:465
1666,5,嫁,嫁,jià,unige-pdf-page:80;level-sequence:466
1667,5,坚决,堅決,jiānjué,unige-pdf-page:80;level-sequence:467
1668,5,坚强,堅強,jiānqiáng,unige-pdf-page:80;level-sequence:468
1669,5,肩膀,肩膀,jiānbăng,unige-pdf-page:80;level-sequence:469
1670,5,艰巨,艱巨,jiānjù,unige-pdf-page:80;level-sequence:470
1671,5,艰苦,艱苦,jiānkŭ,unige-pdf-page:80;level-sequence:471
1672,5,兼职,兼職,jiān zhí,unige-pdf-page:80;level-sequence:472
1673,5,捡,撿,jiăn,unige-pdf-page:80;level-sequence:473
1674,5,剪刀,剪刀,jiăndāo,unige-pdf-page:80;level-sequence:474
1675,5,简历,簡曆,jiănlì,unige-pdf-page:80;level-sequence:475
1676,5,简直,簡直,jiănzhí,unige-pdf-page:80;level-sequence:476
1677,5,建立,建立,jiànlì,unige-pdf-page:80;level-sequence:477
1678,5,建设,建設,jiànshè,unige-pdf-page:80;level-sequence:478
1679,5,建筑,建築,jiànzhù,unige-pdf-page:80;level-sequence:479
1680,5,健身,健身,jiànshēn,unige-pdf-page:80;level-sequence:480
1681,5,键盘,鍵盤,jiànpán,unige-pdf-page:80;level-sequence:481
1682,5,讲究,講究,jiăngjiu,unige-pdf-page:80;level-sequence:482
1683,5,讲座,講座,jiăngzuò,unige-pdf-page:80;level-sequence:483
1684,5,酱油,醬油,jiàngyóu,unige-pdf-page:80;level-sequence:484
1685,5,交换,交換,jiāohuàn,unige-pdf-page:81;level-sequence:485
1686,5,交际,交際,jiāojì,unige-pdf-page:81;level-sequence:486
1687,5,交往,交往,jiāowǎng,unige-pdf-page:81;level-sequence:487
1688,5,浇,澆,jiāo,unige-pdf-page:81;level-sequence:488
1689,5,胶水,膠水,jiāoshuĭ,unige-pdf-page:81;level-sequence:489
1690,5,角度,角度,jiăodù,unige-pdf-page:81;level-sequence:490
1691,5,狡猾,狡猾,jiăohuá,unige-pdf-page:81;level-sequence:491
1692,5,教材,教材,jiàocái,unige-pdf-page:81;level-sequence:492
1693,5,教练,教練,jiàoliàn,unige-pdf-page:81;level-sequence:493
1694,5,教训,教訓,jiàoxùn,unige-pdf-page:81;level-sequence:494
1695,5,阶段,階段,jiēduàn,unige-pdf-page:81;level-sequence:495
1696,5,结实,結實,jiēshi,unige-pdf-page:81;level-sequence:496
1697,5,接触,接觸,jiēchù,unige-pdf-page:81;level-sequence:497
1698,5,接待,接待,jiēdài,unige-pdf-page:81;level-sequence:498
1699,5,接近,接近,jiējìn,unige-pdf-page:81;level-sequence:499
1700,5,节省,節省,jiéshĕng,unige-pdf-page:81;level-sequence:500
1701,5,结构,結構,jiégòu,unige-pdf-page:81;level-sequence:501
1702,5,结合,結合,jiéhé,unige-pdf-page:81;level-sequence:502
1703,5,结论,結論,jiélùn,unige-pdf-page:81;level-sequence:503
1704,5,结账,結賬,jiézhàng,unige-pdf-page:81;level-sequence:504
1705,5,戒,戒,jiè,unige-pdf-page:81;level-sequence:505
1706,5,戒指,戒指,jièzhi,unige-pdf-page:81;level-sequence:506
1707,5,届,屆,jiè,unige-pdf-page:81;level-sequence:507
1708,5,借口,借口,jièkŏu,unige-pdf-page:81;level-sequence:508
1709,5,金属,金屬,jīnshŭ,unige-pdf-page:81;level-sequence:509
1710,5,尽快,儘快,jǐnkuài,unige-pdf-page:81;level-sequence:510
1712,5,紧急,緊急,jĭnjí,unige-pdf-page:81;level-sequence:512
1713,5,谨慎,謹慎,jĭnshèn,unige-pdf-page:81;level-sequence:513
1714,5,尽力,盡力,jìn lì,unige-pdf-page:81;level-sequence:514
1715,5,进步,進步,jìnbù,unige-pdf-page:82;level-sequence:515
1716,5,进口,進口,jìnkŏu,unige-pdf-page:82;level-sequence:516
1717,5,近代,近代,jìndài,unige-pdf-page:82;level-sequence:517
1718,5,经典,經典,jīngdiăn,unige-pdf-page:82;level-sequence:518
1719,5,经商,經商,jīngshāng,unige-pdf-page:82;level-sequence:519
1720,5,经营,經營,jīngyíng,unige-pdf-page:82;level-sequence:520
1721,5,精力,精力,jīnglì,unige-pdf-page:82;level-sequence:521
1722,5,精神,精神,jīngshén,unige-pdf-page:82;level-sequence:522
1723,5,酒吧,酒吧,jiŭbā,unige-pdf-page:82;level-sequence:523
1724,5,救,救,jiù,unige-pdf-page:82;level-sequence:524
1725,5,救护车,救護車,jiùhùchē,unige-pdf-page:82;level-sequence:525
1726,5,舅舅,舅舅,jiùjiu,unige-pdf-page:82;level-sequence:526
1727,5,居然,居然,jūrán,unige-pdf-page:82;level-sequence:527
1729,5,巨大,巨大,jùdà,unige-pdf-page:82;level-sequence:529
1730,5,具备,具備,jùbèi,unige-pdf-page:82;level-sequence:530
1731,5,具体,具體,jùtĭ,unige-pdf-page:82;level-sequence:531
1732,5,俱乐部,俱樂部,jùlèbù,unige-pdf-page:82;level-sequence:532
1733,5,据说,據說,jùshuō,unige-pdf-page:82;level-sequence:533
1734,5,捐,捐,juān,unige-pdf-page:82;level-sequence:534
1735,5,决赛,決賽,juésài,unige-pdf-page:82;level-sequence:535
1736,5,决心,決心,juéxīn,unige-pdf-page:82;level-sequence:536
1737,5,角色,角色,juésè,unige-pdf-page:82;level-sequence:537
1738,5,绝对,絕對,juéduì,unige-pdf-page:82;level-sequence:538
1739,5,军事,軍事,jūnshì,unige-pdf-page:82;level-sequence:539
1740,5,均匀,均勻,jūnyún,unige-pdf-page:82;level-sequence:540
1741,5,卡车,卡車,kăchē,unige-pdf-page:82;level-sequence:541
1742,5,开发,開發,kāifā,unige-pdf-page:82;level-sequence:542
1743,5,开放,開放,kāifàng,unige-pdf-page:82;level-sequence:543
1744,5,开幕式,開幕式,kāimùshì,unige-pdf-page:82;level-sequence:544
1745,5,开水,開水,kāishuǐ,unige-pdf-page:83;level-sequence:545
1746,5,砍,砍,kăn,unige-pdf-page:83;level-sequence:546
1747,5,看不起,看不起,kànbuqĭ,unige-pdf-page:83;level-sequence:547
1748,5,看望,看望,kànwàng,unige-pdf-page:83;level-sequence:548
1749,5,靠,靠,kào,unige-pdf-page:83;level-sequence:549
1750,5,颗,顆,kē,unige-pdf-page:83;level-sequence:550
1751,5,可见,可見,kĕjiàn,unige-pdf-page:83;level-sequence:551
1752,5,可靠,可靠,kĕkào,unige-pdf-page:83;level-sequence:552
1753,5,可怕,可怕,kĕpà,unige-pdf-page:83;level-sequence:553
1754,5,克,克,kè,unige-pdf-page:83;level-sequence:554
1755,5,克服,克服,kèfú,unige-pdf-page:83;level-sequence:555
1756,5,刻苦,刻苦,kèkŭ,unige-pdf-page:83;level-sequence:556
1757,5,客观,客觀,kèguān,unige-pdf-page:83;level-sequence:557
1758,5,课程,課程,kèchéng,unige-pdf-page:83;level-sequence:558
1759,5,空间,空間,kōngjiān,unige-pdf-page:83;level-sequence:559
1760,5,空闲,空閑,kòngxián,unige-pdf-page:83;level-sequence:560
1761,5,控制,控制,kòngzhì,unige-pdf-page:83;level-sequence:561
1762,5,口味,口味,kŏuwèi,unige-pdf-page:83;level-sequence:562
1763,5,夸,誇,kuā,unige-pdf-page:83;level-sequence:563
1764,5,夸张,誇張,kuāzhāng,unige-pdf-page:83;level-sequence:564
1765,5,会计,會計,kuàijì,unige-pdf-page:83;level-sequence:565
1766,5,宽,寬,kuān,unige-pdf-page:83;level-sequence:566
1767,5,昆虫,昆蟲,kūnchóng,unige-pdf-page:83;level-sequence:567
1768,5,扩大,擴大,kuòdà,unige-pdf-page:83;level-sequence:568
1769,5,辣椒,辣椒,làjiāo,unige-pdf-page:83;level-sequence:569
1770,5,拦,攔,lán,unige-pdf-page:83;level-sequence:570
1771,5,烂,爛,làn,unige-pdf-page:83;level-sequence:571
1772,5,朗读,朗讀,lǎngdú,unige-pdf-page:83;level-sequence:572
1773,5,劳动,勞動,láodòng,unige-pdf-page:83;level-sequence:573
1774,5,劳驾,勞駕,láojià,unige-pdf-page:83;level-sequence:574
1775,5,老百姓,老百姓,lăobăixìng,unige-pdf-page:84;level-sequence:575
1776,5,老板,老板,lăobăn,unige-pdf-page:84;level-sequence:576
1777,5,老婆,老婆,lăopo,unige-pdf-page:84;level-sequence:577
1778,5,老实,老實,lăoshi,unige-pdf-page:84;level-sequence:578
1779,5,老鼠,老鼠,lăoshŭ,unige-pdf-page:84;level-sequence:579
1780,5,姥姥,姥姥,lăolao,unige-pdf-page:84;level-sequence:580
1781,5,乐观,樂觀,lèguān,unige-pdf-page:84;level-sequence:581
1782,5,雷,雷,léi,unige-pdf-page:84;level-sequence:582
1783,5,类型,類型,lèixíng,unige-pdf-page:84;level-sequence:583
1784,5,冷淡,冷淡,lěngdàn,unige-pdf-page:84;level-sequence:584
1785,5,厘米,厘米,límĭ,unige-pdf-page:84;level-sequence:585
1786,5,离婚,離婚,líhūn,unige-pdf-page:84;level-sequence:586
1787,5,梨,梨,lí,unige-pdf-page:84;level-sequence:587
1788,5,理论,理論,lĭlùn,unige-pdf-page:84;level-sequence:588
1789,5,理由,理由,lĭyóu,unige-pdf-page:84;level-sequence:589
1790,5,力量,力量,lìliàng,unige-pdf-page:84;level-sequence:590
1791,5,立即,立即,lìjí,unige-pdf-page:84;level-sequence:591
1792,5,立刻,立刻,lìkè,unige-pdf-page:84;level-sequence:592
1793,5,利润,利潤,lìrùn,unige-pdf-page:84;level-sequence:593
1794,5,利息,利息,lìxī,unige-pdf-page:84;level-sequence:594
1795,5,利益,利益,lìyì,unige-pdf-page:84;level-sequence:595
1796,5,利用,利用,lìyòng,unige-pdf-page:84;level-sequence:596
1797,5,连忙,連忙,liánmáng,unige-pdf-page:84;level-sequence:597
1798,5,连续,連續,liánxù,unige-pdf-page:84;level-sequence:598
1799,5,联合,聯合,liánhé,unige-pdf-page:84;level-sequence:599
1800,5,恋爱,戀愛,liàn’ài,unige-pdf-page:84;level-sequence:600
1801,5,良好,良好,liánghăo,unige-pdf-page:84;level-sequence:601
1802,5,粮食,糧食,liángshi,unige-pdf-page:84;level-sequence:602
1803,5,亮,亮,liàng,unige-pdf-page:84;level-sequence:603
1804,5,了不起,了不起,liăobùqĭ,unige-pdf-page:84;level-sequence:604
1805,5,列车,列車,lièchē,unige-pdf-page:84;level-sequence:605
1806,5,临时,臨時,línshí,unige-pdf-page:84;level-sequence:606
1807,5,灵活,靈活,línghuó,unige-pdf-page:85;level-sequence:607
1808,5,铃,鈴,líng,unige-pdf-page:85;level-sequence:608
1809,5,零件,零件,língjiàn,unige-pdf-page:85;level-sequence:609
1810,5,零食,零食,língshí,unige-pdf-page:85;level-sequence:610
1811,5,领导,領導,lĭngdăo,unige-pdf-page:85;level-sequence:611
1812,5,领域,領域,lĭngyù,unige-pdf-page:85;level-sequence:612
1813,5,浏览,浏覽,liúlăn,unige-pdf-page:85;level-sequence:613
1814,5,流传,流傳,liúchuán,unige-pdf-page:85;level-sequence:614
1815,5,流泪,流淚,liú lèi,unige-pdf-page:85;level-sequence:615
1816,5,龙,龍,lóng,unige-pdf-page:85;level-sequence:616
1817,5,漏,漏,lòu,unige-pdf-page:85;level-sequence:617
1818,5,陆地,陸地,lùdì,unige-pdf-page:85;level-sequence:618
1819,5,陆续,陸續,lùxù,unige-pdf-page:85;level-sequence:619
1820,5,录取,錄取,lùqŭ,unige-pdf-page:85;level-sequence:620
1821,5,录音,錄音,lù yīn,unige-pdf-page:85;level-sequence:621
1822,5,轮流,輪流,lúnliú,unige-pdf-page:85;level-sequence:622
1823,5,论文,論文,lùnwén,unige-pdf-page:85;level-sequence:623
1824,5,逻辑,邏輯,luójí,unige-pdf-page:85;level-sequence:624
1825,5,落后,落後,luòhòu,unige-pdf-page:85;level-sequence:625
1826,5,骂,罵,mà,unige-pdf-page:85;level-sequence:626
1827,5,麦克风,麥克風,màikèfēng,unige-pdf-page:85;level-sequence:627
1828,5,馒头,饅頭,mántou,unige-pdf-page:85;level-sequence:628
1829,5,满足,滿足,mănzú,unige-pdf-page:85;level-sequence:629
1830,5,毛病,毛病,máobìng,unige-pdf-page:85;level-sequence:630
1831,5,矛盾,矛盾,máodùn,unige-pdf-page:85;level-sequence:631
1832,5,冒险,冒險,mào xiăn,unige-pdf-page:85;level-sequence:632
1833,5,贸易,貿易,màoyì,unige-pdf-page:85;level-sequence:633
1834,5,眉毛,眉毛,méimao,unige-pdf-page:85;level-sequence:634
1835,5,媒体,媒體,méitǐ,unige-pdf-page:85;level-sequence:635
1836,5,煤炭,煤炭,méitàn,unige-pdf-page:85;level-sequence:636
1837,5,美术,美術,mĕishù,unige-pdf-page:85;level-sequence:637
1838,5,魅力,魅力,mèilì,unige-pdf-page:86;level-sequence:638
1839,5,梦想,夢想,mèngxiǎng,unige-pdf-page:86;level-sequence:639
1840,5,秘密,秘密,mìmì,unige-pdf-page:86;level-sequence:640
1841,5,秘书,秘書,mìshū,unige-pdf-page:86;level-sequence:641
1842,5,密切,密切,mìqiè,unige-pdf-page:86;level-sequence:642
1843,5,蜜蜂,蜜蜂,mìfēng,unige-pdf-page:86;level-sequence:643
1844,5,面对,面對,miànduì,unige-pdf-page:86;level-sequence:644
1845,5,面积,面積,miànjī,unige-pdf-page:86;level-sequence:645
1846,5,面临,面臨,miànlín,unige-pdf-page:86;level-sequence:646
1847,5,苗条,苗條,miáotiao,unige-pdf-page:86;level-sequence:647
1848,5,描写,描寫,miáoxiĕ,unige-pdf-page:86;level-sequence:648
1849,5,敏感,敏感,mǐngǎn,unige-pdf-page:86;level-sequence:649
1850,5,名牌,名牌,míngpái,unige-pdf-page:86;level-sequence:650
1851,5,名片,名片,míngpiàn,unige-pdf-page:86;level-sequence:651
1852,5,名胜古迹,名勝古迹,míngshèng,unige-pdf-page:86;level-sequence:652
1853,5,明确,明確,míngquè,unige-pdf-page:86;level-sequence:653
1854,5,明显,明顯,míngxiăn,unige-pdf-page:86;level-sequence:654
1855,5,明星,明星,míngxīng,unige-pdf-page:86;level-sequence:655
1856,5,命令,命令,mìnglìng,unige-pdf-page:86;level-sequence:656
1857,5,命运,命運,mìngyùn,unige-pdf-page:86;level-sequence:657
1858,5,摸,摸,mō,unige-pdf-page:86;level-sequence:658
1859,5,模仿,模仿,mófăng,unige-pdf-page:86;level-sequence:659
1860,5,模糊,模糊,móhu,unige-pdf-page:86;level-sequence:660
1862,5,摩托车,摩托車,mótuōchē,unige-pdf-page:86;level-sequence:662
1863,5,陌生,陌生,mòshēng,unige-pdf-page:86;level-sequence:663
1864,5,某,某,mŏu,unige-pdf-page:86;level-sequence:664
1865,5,木头,木頭,mùtou,unige-pdf-page:86;level-sequence:665
1866,5,目标,目標,mùbiāo,unige-pdf-page:86;level-sequence:666
1867,5,目录,目錄,mùlù,unige-pdf-page:86;level-sequence:667
1868,5,目前,目前,mùqián,unige-pdf-page:86;level-sequence:668
1869,5,哪怕,哪怕,năpà,unige-pdf-page:87;level-sequence:669
1870,5,难怪,難怪,nánguài,unige-pdf-page:87;level-sequence:670
1871,5,难免,難免,nánmiǎn,unige-pdf-page:87;level-sequence:671
1872,5,脑袋,腦袋,năodai,unige-pdf-page:87;level-sequence:672
1873,5,内部,內部,nèibù,unige-pdf-page:87;level-sequence:673
1874,5,内科,內科,nèikē,unige-pdf-page:87;level-sequence:674
1875,5,嫩,嫩,nèn,unige-pdf-page:87;level-sequence:675
1876,5,能干,能幹,nénggàn,unige-pdf-page:87;level-sequence:676
1877,5,能源,能源,néngyuán,unige-pdf-page:87;level-sequence:677
1878,5,嗯,嗯,ng,unige-pdf-page:87;level-sequence:678
1879,5,年代,年代,niándài,unige-pdf-page:87;level-sequence:679
1880,5,年纪,年紀,niánjì,unige-pdf-page:87;level-sequence:680
1881,5,念,念,niàn,unige-pdf-page:87;level-sequence:681
1882,5,宁可,甯可,nìngkĕ,unige-pdf-page:87;level-sequence:682
1883,5,牛仔裤,牛仔褲,niúzăikù,unige-pdf-page:87;level-sequence:683
1884,5,农村,農村,nóngcūn,unige-pdf-page:87;level-sequence:684
1885,5,农民,農民,nóngmín,unige-pdf-page:87;level-sequence:685
1886,5,农业,農業,nóngyè,unige-pdf-page:87;level-sequence:686
1887,5,浓,濃,nóng,unige-pdf-page:87;level-sequence:687
1888,5,女士,女士,nǚshì,unige-pdf-page:87;level-sequence:688
1889,5,欧洲,歐洲,Ōuzhōu,unige-pdf-page:87;level-sequence:689
1890,5,偶然,偶然,ŏurán,unige-pdf-page:87;level-sequence:690
1891,5,拍,拍,pāi,unige-pdf-page:87;level-sequence:691
1892,5,派,派,pài,unige-pdf-page:87;level-sequence:692
1893,5,盼望,盼望,pànwàng,unige-pdf-page:87;level-sequence:693
1894,5,培训,培訓,péixùn,unige-pdf-page:87;level-sequence:694
1895,5,培养,培養,péiyăng,unige-pdf-page:87;level-sequence:695
1896,5,赔偿,賠償,péicháng,unige-pdf-page:87;level-sequence:696
1897,5,佩服,佩服,pèifú,unige-pdf-page:87;level-sequence:697
1898,5,配合,配合,pèihé,unige-pdf-page:87;level-sequence:698
1899,5,盆,盆,pén,unige-pdf-page:88;level-sequence:699
1900,5,碰,碰,pèng,unige-pdf-page:88;level-sequence:700
1901,5,批,批,pī,unige-pdf-page:88;level-sequence:701
1902,5,批准,批准,pīzhŭn,unige-pdf-page:88;level-sequence:702
1903,5,披,披,pī,unige-pdf-page:88;level-sequence:703
1904,5,疲劳,疲勞,píláo,unige-pdf-page:88;level-sequence:704
1905,5,匹,匹,pĭ,unige-pdf-page:88;level-sequence:705
1906,5,片,片,piàn,unige-pdf-page:88;level-sequence:706
1907,5,片面,片面,piànmiàn,unige-pdf-page:88;level-sequence:707
1908,5,飘,飄,piāo,unige-pdf-page:88;level-sequence:708
1909,5,拼音,拼音,pīnyīn,unige-pdf-page:88;level-sequence:709
1910,5,频道,頻道,píndào,unige-pdf-page:88;level-sequence:710
1911,5,平,平,píng,unige-pdf-page:88;level-sequence:711
1912,5,平安,平安,píng’ān,unige-pdf-page:88;level-sequence:712
1913,5,平常,平常,píngcháng,unige-pdf-page:88;level-sequence:713
1914,5,平等,平等,píngdĕng,unige-pdf-page:88;level-sequence:714
1915,5,平方,平方,píngfāng,unige-pdf-page:88;level-sequence:715
1916,5,平衡,平衡,pínghéng,unige-pdf-page:88;level-sequence:716
1917,5,平静,平靜,píngjìng,unige-pdf-page:88;level-sequence:717
1918,5,平均,平均,píngjūn,unige-pdf-page:88;level-sequence:718
1919,5,评价,評價,píngjià,unige-pdf-page:88;level-sequence:719
1920,5,凭,憑,píng,unige-pdf-page:88;level-sequence:720
1921,5,迫切,迫切,pòqiè,unige-pdf-page:88;level-sequence:721
1922,5,破产,破産,pò chăn,unige-pdf-page:88;level-sequence:722
1923,5,破坏,破壞,pòhuài,unige-pdf-page:88;level-sequence:723
1924,5,期待,期待,qīdài,unige-pdf-page:88;level-sequence:724
1925,5,期间,期間,qījiān,unige-pdf-page:88;level-sequence:725
1926,5,其余,其余,qíyú,unige-pdf-page:88;level-sequence:726
1927,5,奇迹,奇迹,qíjì,unige-pdf-page:88;level-sequence:727
1928,5,企业,企業,qĭyè,unige-pdf-page:89;level-sequence:728
1929,5,启发,啓發,qĭfā,unige-pdf-page:89;level-sequence:729
1930,5,气氛,氣氛,qìfēn,unige-pdf-page:89;level-sequence:730
1931,5,汽油,汽油,qìyóu,unige-pdf-page:89;level-sequence:731
1932,5,谦虚,謙虛,qiānxū,unige-pdf-page:89;level-sequence:732
1933,5,签,簽,qiān,unige-pdf-page:89;level-sequence:733
1934,5,前途,前途,qiántú,unige-pdf-page:89;level-sequence:734
1935,5,浅,淺,qiăn,unige-pdf-page:89;level-sequence:735
1936,5,欠,欠,qiàn,unige-pdf-page:89;level-sequence:736
1937,5,枪,槍,qiāng,unige-pdf-page:89;level-sequence:737
1938,5,强调,強調,qiángdiào,unige-pdf-page:89;level-sequence:738
1939,5,强烈,強烈,qiángliè,unige-pdf-page:89;level-sequence:739
1940,5,墙,牆,qiáng,unige-pdf-page:89;level-sequence:740
1941,5,抢,搶,qiăng,unige-pdf-page:89;level-sequence:741
1942,5,悄悄,悄悄,qiāoqiāo,unige-pdf-page:89;level-sequence:742
1943,5,瞧,瞧,qiáo,unige-pdf-page:89;level-sequence:743
1944,5,巧妙,巧妙,qiăomiào,unige-pdf-page:89;level-sequence:744
1945,5,切,切,qiē,unige-pdf-page:89;level-sequence:745
1946,5,亲爱,親愛,qīn’ài,unige-pdf-page:89;level-sequence:746
1947,5,亲切,親切,qīnqiè,unige-pdf-page:89;level-sequence:747
1948,5,亲自,親自,qīnzì,unige-pdf-page:89;level-sequence:748
1949,5,勤奋,勤奮,qínfèn,unige-pdf-page:89;level-sequence:749
1950,5,青,青,qīng,unige-pdf-page:89;level-sequence:750
1951,5,青春,青春,qīngchūn,unige-pdf-page:89;level-sequence:751
1952,5,青少年,青少年,qīngshàonián,unige-pdf-page:89;level-sequence:752
1953,5,轻视,輕視,qīngshì,unige-pdf-page:89;level-sequence:753
1954,5,轻易,輕易,qīngyì,unige-pdf-page:89;level-sequence:754
1955,5,清淡,清淡,qīngdàn,unige-pdf-page:89;level-sequence:755
1956,5,情景,情景,qíngjĭng,unige-pdf-page:89;level-sequence:756
1957,5,情绪,情緒,qíngxù,unige-pdf-page:89;level-sequence:757
1958,5,请求,請求,qĭngqiú,unige-pdf-page:90;level-sequence:758
1959,5,庆祝,慶祝,qìngzhù,unige-pdf-page:90;level-sequence:759
1960,5,球迷,球迷,qiúmí,unige-pdf-page:90;level-sequence:760
1961,5,趋势,趨勢,qūshì,unige-pdf-page:90;level-sequence:761
1962,5,取消,取消,qŭxiāo,unige-pdf-page:90;level-sequence:762
1963,5,娶,娶,qŭ,unige-pdf-page:90;level-sequence:763
1964,5,去世,去世,qùshì,unige-pdf-page:90;level-sequence:764
1965,5,圈,圈,quān,unige-pdf-page:90;level-sequence:765
1966,5,权力,權力,quánlì,unige-pdf-page:90;level-sequence:766
1967,5,权利,權利,quánlì,unige-pdf-page:90;level-sequence:767
1968,5,全面,全面,quánmiàn,unige-pdf-page:90;level-sequence:768
1969,5,劝,勸,quàn,unige-pdf-page:90;level-sequence:769
1970,5,缺乏,缺乏,quēfá,unige-pdf-page:90;level-sequence:770
1971,5,确定,確定,quèdìng,unige-pdf-page:90;level-sequence:771
1972,5,确认,確認,quèrèn,unige-pdf-page:90;level-sequence:772
1973,5,群,群,qún,unige-pdf-page:90;level-sequence:773
1974,5,燃烧,燃燒,ránshāo,unige-pdf-page:90;level-sequence:774
1975,5,绕,繞,rào,unige-pdf-page:90;level-sequence:775
1976,5,热爱,熱愛,rè’ài,unige-pdf-page:90;level-sequence:776
1977,5,热烈,熱烈,rèliè,unige-pdf-page:90;level-sequence:777
1978,5,热心,熱心,rèxīn,unige-pdf-page:90;level-sequence:778
1979,5,人才,人才,réncái,unige-pdf-page:90;level-sequence:779
1980,5,人口,人口,rénkŏu,unige-pdf-page:90;level-sequence:780
1981,5,人类,人類,rénlèi,unige-pdf-page:90;level-sequence:781
1982,5,人民币,人民幣,rénmínbì,unige-pdf-page:90;level-sequence:782
1983,5,人生,人生,rénshēng,unige-pdf-page:90;level-sequence:783
1984,5,人事,人事,rénshì,unige-pdf-page:90;level-sequence:784
1985,5,人物,人物,rénwù,unige-pdf-page:90;level-sequence:785
1986,5,人员,人員,rényuán,unige-pdf-page:90;level-sequence:786
1987,5,忍不住,忍不住,rĕn bú zhù,unige-pdf-page:90;level-sequence:787
1988,5,日常,日常,rìcháng,unige-pdf-page:91;level-sequence:788
1989,5,日程,日程,rìchéng,unige-pdf-page:91;level-sequence:789
1990,5,日历,日曆,rìlì,unige-pdf-page:91;level-sequence:790
1991,5,日期,日期,rìqī,unige-pdf-page:91;level-sequence:791
1992,5,日用品,日用品,rìyòngpĭn,unige-pdf-page:91;level-sequence:792
1993,5,日子,日子,rìzi,unige-pdf-page:91;level-sequence:793
1994,5,如何,如何,rúhé,unige-pdf-page:91;level-sequence:794
1995,5,如今,如今,rújīn,unige-pdf-page:91;level-sequence:795
1996,5,软,軟,ruǎn,unige-pdf-page:91;level-sequence:796
1997,5,软件,軟件,ruănjiàn,unige-pdf-page:91;level-sequence:797
1998,5,弱,弱,ruò,unige-pdf-page:91;level-sequence:798
1999,5,洒,灑,să,unige-pdf-page:91;level-sequence:799
2000,5,嗓子,嗓子,săngzi,unige-pdf-page:91;level-sequence:800
2001,5,色彩,色彩,sècǎi,unige-pdf-page:91;level-sequence:801
2002,5,杀,殺,shā,unige-pdf-page:91;level-sequence:802
2003,5,沙漠,沙漠,shāmò,unige-pdf-page:91;level-sequence:803
2004,5,沙滩,沙灘,shātān,unige-pdf-page:91;level-sequence:804
2005,5,傻,傻,shă,unige-pdf-page:91;level-sequence:805
2006,5,晒,曬,shài,unige-pdf-page:91;level-sequence:806
2007,5,删除,刪除,shānchú,unige-pdf-page:91;level-sequence:807
2008,5,闪电,閃電,shăn diàn,unige-pdf-page:91;level-sequence:808
2009,5,扇子,扇子,shànzi,unige-pdf-page:91;level-sequence:809
2010,5,善良,善良,shànliáng,unige-pdf-page:91;level-sequence:810
2011,5,善于,善于,shànyú,unige-pdf-page:91;level-sequence:811
2012,5,伤害,傷害,shānghài,unige-pdf-page:91;level-sequence:812
2013,5,商品,商品,shāngpĭn,unige-pdf-page:91;level-sequence:813
2014,5,商务,商務,shāngwù,unige-pdf-page:91;level-sequence:814
2015,5,商业,商業,shāngyè,unige-pdf-page:91;level-sequence:815
2016,5,上当,上當,shàng dàng,unige-pdf-page:91;level-sequence:816
2017,5,蛇,蛇,shé,unige-pdf-page:91;level-sequence:817
2018,5,舍不得,舍不得,shĕbudé,unige-pdf-page:91;level-sequence:818
2019,5,设备,設備,shèbèi,unige-pdf-page:92;level-sequence:819
2020,5,设计,設計,shèjì,unige-pdf-page:92;level-sequence:820
2021,5,设施,設施,shèshī,unige-pdf-page:92;level-sequence:821
2022,5,射击,射擊,shèjī,unige-pdf-page:92;level-sequence:822
2023,5,摄影,攝影,shè yĭng,unige-pdf-page:92;level-sequence:823
2024,5,伸,伸,shēn,unige-pdf-page:92;level-sequence:824
2025,5,身材,身材,shēncái,unige-pdf-page:92;level-sequence:825
2026,5,身份,身份,shēnfèn,unige-pdf-page:92;level-sequence:826
2027,5,深刻,深刻,shēnkè,unige-pdf-page:92;level-sequence:827
2028,5,神话,神話,shénhuà,unige-pdf-page:92;level-sequence:828
2029,5,神秘,神秘,shénmì,unige-pdf-page:92;level-sequence:829
2030,5,升,升,shēng,unige-pdf-page:92;level-sequence:830
2031,5,生产,生産,shēngchăn,unige-pdf-page:92;level-sequence:831
2032,5,生动,生動,shēngdòng,unige-pdf-page:92;level-sequence:832
2033,5,生长,生長,shēngzhăng,unige-pdf-page:92;level-sequence:833
2034,5,声调,聲調,shēngdiào,unige-pdf-page:92;level-sequence:834
2035,5,绳子,繩子,shéngzi,unige-pdf-page:92;level-sequence:835
2036,5,省略,省略,shĕnglüè,unige-pdf-page:92;level-sequence:836
2037,5,胜利,勝利,shènglì,unige-pdf-page:92;level-sequence:837
2038,5,失眠,失眠,shīmián,unige-pdf-page:92;level-sequence:838
2039,5,失去,失去,shīqù,unige-pdf-page:92;level-sequence:839
2040,5,失业,失業,shī yè,unige-pdf-page:92;level-sequence:840
2041,5,诗,詩,shī,unige-pdf-page:92;level-sequence:841
2042,5,狮子,獅子,shīzi,unige-pdf-page:92;level-sequence:842
2043,5,湿润,濕潤,shīrùn,unige-pdf-page:92;level-sequence:843
2044,5,石头,石頭,shítou,unige-pdf-page:92;level-sequence:844
2045,5,时差,時差,shíchā,unige-pdf-page:92;level-sequence:845
2046,5,时代,時代,shídài,unige-pdf-page:92;level-sequence:846
2047,5,时刻,時刻,shíkè,unige-pdf-page:92;level-sequence:847
2048,5,时髦,時髦,shímáo,unige-pdf-page:92;level-sequence:848
2049,5,时期,時期,shíqī,unige-pdf-page:92;level-sequence:849
2050,5,时尚,時尚,shíshàng,unige-pdf-page:92;level-sequence:850
2051,5,实话,實話,shíhuà,unige-pdf-page:93;level-sequence:851
2052,5,实践,實踐,shíjiàn,unige-pdf-page:93;level-sequence:852
2053,5,实习,實習,shíxí,unige-pdf-page:93;level-sequence:853
2054,5,实现,實現,shíxiàn,unige-pdf-page:93;level-sequence:854
2055,5,实验,實驗,shíyàn,unige-pdf-page:93;level-sequence:855
2056,5,实用,實用,shíyòng,unige-pdf-page:93;level-sequence:856
2057,5,食物,食物,shíwù,unige-pdf-page:93;level-sequence:857
2059,5,始终,始終,shĭzhōng,unige-pdf-page:93;level-sequence:859
2060,5,士兵,士兵,shìbīng,unige-pdf-page:93;level-sequence:860
2061,5,市场,市場,shìchǎng,unige-pdf-page:93;level-sequence:861
2062,5,似的,似的,shìde,unige-pdf-page:93;level-sequence:862
2063,5,事实,事實,shìshí,unige-pdf-page:93;level-sequence:863
2064,5,事物,事物,shìwù,unige-pdf-page:93;level-sequence:864
2065,5,事先,事先,shìxiān,unige-pdf-page:93;level-sequence:865
2066,5,试卷,試卷,shìjuàn,unige-pdf-page:93;level-sequence:866
2067,5,收获,收獲,shōuhuò,unige-pdf-page:93;level-sequence:867
2068,5,收据,收據,shōujù,unige-pdf-page:93;level-sequence:868
2069,5,手工,手工,shŏugōng,unige-pdf-page:93;level-sequence:869
2070,5,手术,手術,shŏushù,unige-pdf-page:93;level-sequence:870
2071,5,手套,手套,shŏutào,unige-pdf-page:93;level-sequence:871
2072,5,手续,手續,shŏuxù,unige-pdf-page:93;level-sequence:872
2073,5,手指,手指,shŏuzhĭ,unige-pdf-page:93;level-sequence:873
2074,5,首,首,shŏu,unige-pdf-page:93;level-sequence:874
2075,5,寿命,壽命,shòumìng,unige-pdf-page:93;level-sequence:875
2076,5,受伤,受傷,shòu shāng,unige-pdf-page:93;level-sequence:876
2077,5,书架,書架,shūjià,unige-pdf-page:93;level-sequence:877
2078,5,梳子,梳子,shūzi,unige-pdf-page:93;level-sequence:878
2079,5,舒适,舒適,shūshì,unige-pdf-page:93;level-sequence:879
2080,5,输入,輸入,shūrù,unige-pdf-page:93;level-sequence:880
2081,5,蔬菜,蔬菜,shūcài,unige-pdf-page:94;level-sequence:881
2082,5,熟练,熟練,shúliàn,unige-pdf-page:94;level-sequence:882
2083,5,属于,屬于,shŭyú,unige-pdf-page:94;level-sequence:883
2084,5,鼠标,鼠標,shŭbiāo,unige-pdf-page:94;level-sequence:884
2085,5,数,數,shǔ,unige-pdf-page:94;level-sequence:885
2086,5,数据,數據,shùjù,unige-pdf-page:94;level-sequence:886
2087,5,数码,數碼,shùmă,unige-pdf-page:94;level-sequence:887
2088,5,摔倒,摔倒,shuāidăo,unige-pdf-page:94;level-sequence:888
2089,5,甩,甩,shuăi,unige-pdf-page:94;level-sequence:889
2090,5,双方,雙方,shuāngfāng,unige-pdf-page:94;level-sequence:890
2091,5,税,稅,shuì,unige-pdf-page:94;level-sequence:891
2092,5,说不定,說不定,shuōbudìng,unige-pdf-page:94;level-sequence:892
2093,5,说服,說服,shuōfú,unige-pdf-page:94;level-sequence:893
2094,5,丝绸,絲綢,sīchóu,unige-pdf-page:94;level-sequence:894
2095,5,丝毫,絲毫,sīháo,unige-pdf-page:94;level-sequence:895
2096,5,私人,私人,sīrén,unige-pdf-page:94;level-sequence:896
2097,5,思考,思考,sīkăo,unige-pdf-page:94;level-sequence:897
2098,5,思想,思想,sīxiăng,unige-pdf-page:94;level-sequence:898
2099,5,撕,撕,sī,unige-pdf-page:94;level-sequence:899
2100,5,似乎,似乎,sìhū,unige-pdf-page:94;level-sequence:900
2101,5,搜索,搜索,sōusuǒ,unige-pdf-page:94;level-sequence:901
2102,5,宿舍,宿舍,sùshè,unige-pdf-page:94;level-sequence:902
2103,5,随身,隨身,suíshēn,unige-pdf-page:94;level-sequence:903
2104,5,随时,隨時,suíshí,unige-pdf-page:94;level-sequence:904
2105,5,随手,隨手,suíshǒu,unige-pdf-page:94;level-sequence:905
2106,5,碎,碎,suì,unige-pdf-page:94;level-sequence:906
2107,5,损失,損失,sŭnshī,unige-pdf-page:94;level-sequence:907
2108,5,缩短,縮短,suōduăn,unige-pdf-page:94;level-sequence:908
2111,5,台阶,台階,táijiē,unige-pdf-page:95;level-sequence:911
2112,5,太极拳,太極拳,tàijíquán,unige-pdf-page:95;level-sequence:912
2113,5,太太,太太,tàitai,unige-pdf-page:95;level-sequence:913
2114,5,谈判,談判,tánpàn,unige-pdf-page:95;level-sequence:914
2115,5,坦率,坦率,tănshuài,unige-pdf-page:95;level-sequence:915
2116,5,烫,燙,tàng,unige-pdf-page:95;level-sequence:916
2117,5,逃,逃,táo,unige-pdf-page:95;level-sequence:917
2118,5,逃避,逃避,táobì,unige-pdf-page:95;level-sequence:918
2119,5,桃,桃,táo,unige-pdf-page:95;level-sequence:919
2120,5,淘气,淘氣,táoqì,unige-pdf-page:95;level-sequence:920
2121,5,讨价还价,討價還價,tǎojià-huánjià,unige-pdf-page:95;level-sequence:921
2122,5,套,套,tào,unige-pdf-page:95;level-sequence:922
2123,5,特色,特色,tèsè,unige-pdf-page:95;level-sequence:923
2124,5,特殊,特殊,tèshū,unige-pdf-page:95;level-sequence:924
2125,5,特征,特征,tèzhēng,unige-pdf-page:95;level-sequence:925
2126,5,疼爱,疼愛,téng’ài,unige-pdf-page:95;level-sequence:926
2127,5,提倡,提倡,tíchàng,unige-pdf-page:95;level-sequence:927
2128,5,提纲,提綱,tígāng,unige-pdf-page:95;level-sequence:928
2129,5,提问,提問,tíwèn,unige-pdf-page:95;level-sequence:929
2130,5,题目,題目,tímù,unige-pdf-page:95;level-sequence:930
2131,5,体会,體會,tĭhuì,unige-pdf-page:95;level-sequence:931
2132,5,体贴,體貼,tĭtiē,unige-pdf-page:95;level-sequence:932
2133,5,体现,體現,tĭxiàn,unige-pdf-page:95;level-sequence:933
2134,5,体验,體驗,tĭyàn,unige-pdf-page:95;level-sequence:934
2135,5,天空,天空,tiānkōng,unige-pdf-page:95;level-sequence:935
2136,5,天真,天真,tiānzhēn,unige-pdf-page:95;level-sequence:936
2137,5,调皮,調皮,tiáopí,unige-pdf-page:95;level-sequence:937
2138,5,调整,調整,tiáozhĕng,unige-pdf-page:95;level-sequence:938
2139,5,挑战,挑戰,tiăozhàn,unige-pdf-page:95;level-sequence:939
2140,5,通常,通常,tōngcháng,unige-pdf-page:96;level-sequence:940
2141,5,统一,統一,tŏngyī,unige-pdf-page:96;level-sequence:941
2142,5,痛苦,痛苦,tòngkŭ,unige-pdf-page:96;level-sequence:942
2143,5,痛快,痛快,tòngkuài,unige-pdf-page:96;level-sequence:943
2144,5,偷,偷,tōu,unige-pdf-page:96;level-sequence:944
2145,5,投入,投入,tóurù,unige-pdf-page:96;level-sequence:945
2146,5,投资,投資,tóu zī,unige-pdf-page:96;level-sequence:946
2147,5,透明,透明,tòumíng,unige-pdf-page:96;level-sequence:947
2148,5,突出,突出,tūchū,unige-pdf-page:96;level-sequence:948
2149,5,土地,土地,tŭdì,unige-pdf-page:96;level-sequence:949
2150,5,土豆,土豆,tŭdòu,unige-pdf-page:96;level-sequence:950
2151,5,吐,吐,tŭ,unige-pdf-page:96;level-sequence:951
2152,5,兔子,兔子,tùzi,unige-pdf-page:96;level-sequence:952
2153,5,团,團,tuán,unige-pdf-page:96;level-sequence:953
2154,5,推辞,推辭,tuīcí,unige-pdf-page:96;level-sequence:954
2155,5,推广,推廣,tuīguăng,unige-pdf-page:96;level-sequence:955
2156,5,推荐,推薦,tuījiàn,unige-pdf-page:96;level-sequence:956
2157,5,退,退,tuì,unige-pdf-page:96;level-sequence:957
2158,5,退步,退步,tuì bù,unige-pdf-page:96;level-sequence:958
2159,5,退休,退休,tuì xiū,unige-pdf-page:96;level-sequence:959
2160,5,歪,歪,wāi,unige-pdf-page:96;level-sequence:960
2161,5,外公,外公,wàigōng,unige-pdf-page:96;level-sequence:961
2162,5,外交,外交,wàijiāo,unige-pdf-page:96;level-sequence:962
2163,5,完美,完美,wánmĕi,unige-pdf-page:96;level-sequence:963
2164,5,完善,完善,wánshàn,unige-pdf-page:96;level-sequence:964
2165,5,完整,完整,wánzhĕng,unige-pdf-page:96;level-sequence:965
2166,5,玩具,玩具,wánjù,unige-pdf-page:96;level-sequence:966
2167,5,万一,萬一,wànyī,unige-pdf-page:96;level-sequence:967
2168,5,王子,王子,wángzĭ,unige-pdf-page:96;level-sequence:968
2169,5,网络,網絡,wǎngluò,unige-pdf-page:97;level-sequence:969
2170,5,往返,往返,wăngfăn,unige-pdf-page:97;level-sequence:970
2171,5,危害,危害,wēihài,unige-pdf-page:97;level-sequence:971
2172,5,威胁,威脅,wēixié,unige-pdf-page:97;level-sequence:972
2173,5,微笑,微笑,wēixiào,unige-pdf-page:97;level-sequence:973
2174,5,违反,違反,wéifăn,unige-pdf-page:97;level-sequence:974
2175,5,围巾,圍巾,wéijīn,unige-pdf-page:97;level-sequence:975
2176,5,围绕,圍繞,wéirào,unige-pdf-page:97;level-sequence:976
2177,5,唯一,唯一,wéiyī,unige-pdf-page:97;level-sequence:977
2178,5,维修,維修,wéixiū,unige-pdf-page:97;level-sequence:978
2179,5,伟大,偉大,wĕidà,unige-pdf-page:97;level-sequence:979
2180,5,尾巴,尾巴,wĕiba,unige-pdf-page:97;level-sequence:980
2181,5,委屈,委屈,wĕiqu,unige-pdf-page:97;level-sequence:981
2182,5,未必,未必,wèibì,unige-pdf-page:97;level-sequence:982
2183,5,未来,未來,wèilái,unige-pdf-page:97;level-sequence:983
2184,5,位于,位於,wèiyú,unige-pdf-page:97;level-sequence:984
2185,5,位置,位置,wèizhì,unige-pdf-page:97;level-sequence:985
2186,5,胃,胃,wèi,unige-pdf-page:97;level-sequence:986
2187,5,胃口,胃口,wèikǒu,unige-pdf-page:97;level-sequence:987
2188,5,温暖,溫暖,wēnnuăn,unige-pdf-page:97;level-sequence:988
2189,5,温柔,溫柔,wēnróu,unige-pdf-page:97;level-sequence:989
2190,5,文件,文件,wénjiàn,unige-pdf-page:97;level-sequence:990
2191,5,文具,文具,wénjù,unige-pdf-page:97;level-sequence:991
2192,5,文明,文明,wénmíng,unige-pdf-page:97;level-sequence:992
2193,5,文学,文學,wénxué,unige-pdf-page:97;level-sequence:993
2194,5,文字,文字,wénzì,unige-pdf-page:97;level-sequence:994
2195,5,闻,聞,wén,unige-pdf-page:97;level-sequence:995
2196,5,吻,吻,wĕn,unige-pdf-page:97;level-sequence:996
2197,5,稳定,穩定,wĕndìng,unige-pdf-page:97;level-sequence:997
2198,5,问候,問候,wènhòu,unige-pdf-page:97;level-sequence:998
2199,5,卧室,臥室,wòshì,unige-pdf-page:97;level-sequence:999
2200,5,握手,握手,wò shǒu,unige-pdf-page:98;level-sequence:1000
2201,5,屋子,屋子,wūzi,unige-pdf-page:98;level-sequence:1001
2202,5,无奈,無奈,wúnài,unige-pdf-page:98;level-sequence:1002
2203,5,无数,無數,wúshù,unige-pdf-page:98;level-sequence:1003
2204,5,无所谓,無所謂,wúsuǒwèi,unige-pdf-page:98;level-sequence:1004
2205,5,武术,武術,wŭshù,unige-pdf-page:98;level-sequence:1005
2206,5,勿,勿,wù,unige-pdf-page:98;level-sequence:1006
2207,5,物理,物理,wùlĭ,unige-pdf-page:98;level-sequence:1007
2208,5,物质,物質,wùzhì,unige-pdf-page:98;level-sequence:1008
2209,5,雾,霧,wù,unige-pdf-page:98;level-sequence:1009
2210,5,吸取,吸取,xīqǔ,unige-pdf-page:98;level-sequence:1010
2211,5,吸收,吸收,xīshōu,unige-pdf-page:98;level-sequence:1011
2212,5,戏剧,戲劇,xìjù,unige-pdf-page:98;level-sequence:1012
2213,5,系,系,xì,unige-pdf-page:98;level-sequence:1013
2214,5,系统,系統,xìtŏng,unige-pdf-page:98;level-sequence:1014
2215,5,细节,細節,xìjié,unige-pdf-page:98;level-sequence:1015
2216,5,瞎,瞎,xiā,unige-pdf-page:98;level-sequence:1016
2217,5,下载,下载,xiàzài,unige-pdf-page:98;level-sequence:1017
2218,5,吓,嚇,xià,unige-pdf-page:98;level-sequence:1018
2219,5,夏令营,夏令營,xiàlìngyíng,unige-pdf-page:98;level-sequence:1019
2220,5,鲜艳,鮮豔,xiānyàn,unige-pdf-page:98;level-sequence:1020
2221,5,显得,顯得,xiănde,unige-pdf-page:98;level-sequence:1021
2222,5,显然,顯然,xiănrán,unige-pdf-page:98;level-sequence:1022
2223,5,显示,顯示,xiănshì,unige-pdf-page:98;level-sequence:1023
2224,5,县,縣,xiàn,unige-pdf-page:98;level-sequence:1024
2225,5,现代,現代,xiàndài,unige-pdf-page:98;level-sequence:1025
2226,5,现实,現實,xiànshí,unige-pdf-page:98;level-sequence:1026
2227,5,现象,現象,xiànxiàng,unige-pdf-page:98;level-sequence:1027
2228,5,限制,限制,xiànzhì,unige-pdf-page:98;level-sequence:1028
2229,5,相处,相處,xiāngchŭ,unige-pdf-page:98;level-sequence:1029
2230,5,相当,相當,xiāngdāng,unige-pdf-page:99;level-sequence:1030
2231,5,相对,相對,xiāngduì,unige-pdf-page:99;level-sequence:1031
2232,5,相关,相關,xiāngguān,unige-pdf-page:99;level-sequence:1032
2233,5,相似,相似,xiāngsì,unige-pdf-page:99;level-sequence:1033
2234,5,香肠,香腸,xiāngcháng,unige-pdf-page:99;level-sequence:1034
2235,5,享受,享受,xiăngshòu,unige-pdf-page:99;level-sequence:1035
2236,5,想念,想念,xiăngniàn,unige-pdf-page:99;level-sequence:1036
2237,5,想象,想象,xiăngxiàng,unige-pdf-page:99;level-sequence:1037
2238,5,项,項,xiàng,unige-pdf-page:99;level-sequence:1038
2239,5,项链,項鏈,xiàngliàn,unige-pdf-page:99;level-sequence:1039
2240,5,项目,項目,xiàngmù,unige-pdf-page:99;level-sequence:1040
2241,5,象棋,象棋,xiàngqí,unige-pdf-page:99;level-sequence:1041
2242,5,象征,象征,xiàngzhēng,unige-pdf-page:99;level-sequence:1042
2243,5,消费,消費,xiāofèi,unige-pdf-page:99;level-sequence:1043
2244,5,消化,消化,xiāohuà,unige-pdf-page:99;level-sequence:1044
2245,5,消极,消極,xiāojí,unige-pdf-page:99;level-sequence:1045
2246,5,消失,消失,xiāoshī,unige-pdf-page:99;level-sequence:1046
2247,5,销售,銷售,xiāoshòu,unige-pdf-page:99;level-sequence:1047
2248,5,小麦,小麥,xiăomài,unige-pdf-page:99;level-sequence:1048
2249,5,小气,小氣,xiăoqi,unige-pdf-page:99;level-sequence:1049
2250,5,孝顺,孝順,xiàoshùn,unige-pdf-page:99;level-sequence:1050
2251,5,效率,效率,xiàolǜ,unige-pdf-page:99;level-sequence:1051
2252,5,歇,歇,xiē,unige-pdf-page:99;level-sequence:1052
2253,5,斜,斜,xié,unige-pdf-page:99;level-sequence:1053
2256,5,心理,心理,xīnlĭ,unige-pdf-page:99;level-sequence:1056
2257,5,心脏,心髒,xīnzàng,unige-pdf-page:99;level-sequence:1057
2258,5,欣赏,欣賞,xīnshăng,unige-pdf-page:99;level-sequence:1058
2259,5,信号,信號,xìnhào,unige-pdf-page:99;level-sequence:1059
2260,5,信任,信任,xìnrèn,unige-pdf-page:100;level-sequence:1060
2261,5,行动,行動,xíngdòng,unige-pdf-page:100;level-sequence:1061
2262,5,行人,行人,xíngrén,unige-pdf-page:100;level-sequence:1062
2263,5,行为,行爲,xíngwéi,unige-pdf-page:100;level-sequence:1063
2264,5,形成,形成,xíngchéng,unige-pdf-page:100;level-sequence:1064
2265,5,形容,形容,xíngróng,unige-pdf-page:100;level-sequence:1065
2266,5,形式,形式,xíngshì,unige-pdf-page:100;level-sequence:1066
2267,5,形势,形勢,xíngshì,unige-pdf-page:100;level-sequence:1067
2268,5,形象,形象,xíngxiàng,unige-pdf-page:100;level-sequence:1068
2269,5,形状,形狀,xíngzhuàng,unige-pdf-page:100;level-sequence:1069
2270,5,幸亏,幸虧,xìngkuī,unige-pdf-page:100;level-sequence:1070
2271,5,幸运,幸運,xìngyùn,unige-pdf-page:100;level-sequence:1071
2272,5,性质,性質,xìngzhì,unige-pdf-page:100;level-sequence:1072
2273,5,兄弟,兄弟,xiōngdì,unige-pdf-page:100;level-sequence:1073
2274,5,胸,胸,xiōng,unige-pdf-page:100;level-sequence:1074
2275,5,休闲,休閑,xiūxián,unige-pdf-page:100;level-sequence:1075
2276,5,修改,修改,xiūgăi,unige-pdf-page:100;level-sequence:1076
2277,5,虚心,虛心,xūxīn,unige-pdf-page:100;level-sequence:1077
2278,5,叙述,敘述,xùshù,unige-pdf-page:100;level-sequence:1078
2279,5,宣布,宣布,xuānbù,unige-pdf-page:100;level-sequence:1079
2280,5,宣传,宣傳,xuānchuán,unige-pdf-page:100;level-sequence:1080
2281,5,学历,學歷,xuélì,unige-pdf-page:100;level-sequence:1081
2282,5,学术,學術,xuéshù,unige-pdf-page:100;level-sequence:1082
2283,5,学问,學問,xuéwen,unige-pdf-page:100;level-sequence:1083
2284,5,寻找,尋找,xúnzhăo,unige-pdf-page:100;level-sequence:1084
2285,5,询问,詢問,xúnwèn,unige-pdf-page:100;level-sequence:1085
2286,5,训练,訓練,xùnliàn,unige-pdf-page:100;level-sequence:1086
2287,5,迅速,迅速,xùnsù,unige-pdf-page:100;level-sequence:1087
2288,5,押金,押金,yājīn,unige-pdf-page:100;level-sequence:1088
2289,5,牙齿,牙齒,yáchǐ,unige-pdf-page:100;level-sequence:1089
2290,5,延长,延長,yáncháng,unige-pdf-page:101;level-sequence:1090
2291,5,严肃,嚴肅,yánsù,unige-pdf-page:101;level-sequence:1091
2292,5,演讲,演講,yǎnjiǎng,unige-pdf-page:101;level-sequence:1092
2293,5,宴会,宴會,yànhuì,unige-pdf-page:101;level-sequence:1093
2294,5,阳台,陽台,yángtái,unige-pdf-page:101;level-sequence:1094
2295,5,痒,癢,yăng,unige-pdf-page:101;level-sequence:1095
2296,5,样式,樣式,yàngshì,unige-pdf-page:101;level-sequence:1096
2297,5,腰,腰,yāo,unige-pdf-page:101;level-sequence:1097
2298,5,摇,搖,yáo,unige-pdf-page:101;level-sequence:1098
2299,5,咬,咬,yăo,unige-pdf-page:101;level-sequence:1099
2300,5,要不,要不,yàobù,unige-pdf-page:101;level-sequence:1100
2301,5,业务,業務,yèwù,unige-pdf-page:101;level-sequence:1101
2302,5,业余,業余,yèyú,unige-pdf-page:101;level-sequence:1102
2303,5,夜,夜,yè,unige-pdf-page:101;level-sequence:1103
2304,5,一辈子,一輩子,yíbèizi,unige-pdf-page:101;level-sequence:1104
2305,5,一旦,一旦,yídàn,unige-pdf-page:101;level-sequence:1105
2306,5,一律,一律,yílǜ,unige-pdf-page:101;level-sequence:1106
2307,5,一再,一再,yízài,unige-pdf-page:101;level-sequence:1107
2308,5,一致,一致,yízhì,unige-pdf-page:101;level-sequence:1108
2309,5,依然,依然,yīrán,unige-pdf-page:101;level-sequence:1109
2310,5,移动,移動,yídòng,unige-pdf-page:101;level-sequence:1110
2311,5,移民,移民,yímín,unige-pdf-page:101;level-sequence:1111
2312,5,遗憾,遺憾,yíhàn,unige-pdf-page:101;level-sequence:1112
2313,5,疑问,疑問,yíwèn,unige-pdf-page:101;level-sequence:1113
2314,5,乙,乙,yĭ,unige-pdf-page:101;level-sequence:1114
2315,5,以及,以及,yĭjí,unige-pdf-page:101;level-sequence:1115
2316,5,以来,以來,yĭlái,unige-pdf-page:101;level-sequence:1116
2317,5,亿,億,yì,unige-pdf-page:101;level-sequence:1117
2318,5,义务,義務,yìwù,unige-pdf-page:101;level-sequence:1118
2319,5,议论,議論,yìlùn,unige-pdf-page:101;level-sequence:1119
2320,5,意外,意外,yìwài,unige-pdf-page:102;level-sequence:1120
2321,5,意义,意義,yìyì,unige-pdf-page:102;level-sequence:1121
2322,5,因而,因而,yīn’ér,unige-pdf-page:102;level-sequence:1122
2323,5,因素,因素,yīnsù,unige-pdf-page:102;level-sequence:1123
2324,5,银,銀,yín,unige-pdf-page:102;level-sequence:1124
2325,5,印刷,印刷,yìnshuā,unige-pdf-page:102;level-sequence:1125
2326,5,英俊,英俊,yīngjùn,unige-pdf-page:102;level-sequence:1126
2327,5,英雄,英雄,yīngxióng,unige-pdf-page:102;level-sequence:1127
2328,5,迎接,迎接,yíngjiē,unige-pdf-page:102;level-sequence:1128
2329,5,营养,營養,yíngyăng,unige-pdf-page:102;level-sequence:1129
2330,5,营业,營業,yíngyè,unige-pdf-page:102;level-sequence:1130
2331,5,影子,影子,yĭngzi,unige-pdf-page:102;level-sequence:1131
2332,5,应付,應付,yìngfu,unige-pdf-page:102;level-sequence:1132
2333,5,应用,應用,yìngyòng,unige-pdf-page:102;level-sequence:1133
2334,5,硬,硬,yìng,unige-pdf-page:102;level-sequence:1134
2335,5,硬件,硬件,yìngjiàn,unige-pdf-page:102;level-sequence:1135
2336,5,拥抱,擁抱,yōngbào,unige-pdf-page:102;level-sequence:1136
2337,5,拥挤,擁擠,yōngjĭ,unige-pdf-page:102;level-sequence:1137
2338,5,勇气,勇氣,yŏngqì,unige-pdf-page:102;level-sequence:1138
2339,5,用功,用功,yònggōng,unige-pdf-page:102;level-sequence:1139
2340,5,用途,用途,yòngtú,unige-pdf-page:102;level-sequence:1140
2341,5,优惠,優惠,yōuhuì,unige-pdf-page:102;level-sequence:1141
2342,5,优美,優美,yōumĕi,unige-pdf-page:102;level-sequence:1142
2343,5,优势,優勢,yōushì,unige-pdf-page:102;level-sequence:1143
2344,5,悠久,悠久,yōujiŭ,unige-pdf-page:102;level-sequence:1144
2345,5,犹豫,猶豫,yóuyù,unige-pdf-page:102;level-sequence:1145
2346,5,油炸,油炸,yóu zhá,unige-pdf-page:102;level-sequence:1146
2347,5,游览,遊覽,yóulăn,unige-pdf-page:102;level-sequence:1147
2348,5,有利,有利,yŏulì,unige-pdf-page:102;level-sequence:1148
2349,5,幼儿园,幼兒園,yòu’éryuán,unige-pdf-page:102;level-sequence:1149
2350,5,娱乐,娛樂,yúlè,unige-pdf-page:102;level-sequence:1150
2351,5,与其,與其,yŭqí,unige-pdf-page:102;level-sequence:1151
2352,5,语气,語氣,yŭqì,unige-pdf-page:103;level-sequence:1152
2353,5,玉米,玉米,yùmĭ,unige-pdf-page:103;level-sequence:1153
2354,5,预报,預報,yùbào,unige-pdf-page:103;level-sequence:1154
2355,5,预订,預訂,yùdìng,unige-pdf-page:103;level-sequence:1155
2356,5,预防,預防,yùfáng,unige-pdf-page:103;level-sequence:1156
2357,5,元旦,元旦,Yuándàn,unige-pdf-page:103;level-sequence:1157
2358,5,员工,員工,yuángōng,unige-pdf-page:103;level-sequence:1158
2359,5,原料,原料,yuánliào,unige-pdf-page:103;level-sequence:1159
2360,5,原则,原則,yuánzé,unige-pdf-page:103;level-sequence:1160
2361,5,圆,圓,yuán,unige-pdf-page:103;level-sequence:1161
2362,5,愿望,願望,yuànwàng,unige-pdf-page:103;level-sequence:1162
2363,5,乐器,樂器,yuèqì,unige-pdf-page:103;level-sequence:1163
2364,5,晕,暈,yūn,unige-pdf-page:103;level-sequence:1164
2365,5,运气,運氣,yùnqi,unige-pdf-page:103;level-sequence:1165
2366,5,运输,運輸,yùnshū,unige-pdf-page:103;level-sequence:1166
2367,5,运用,運用,yùnyòng,unige-pdf-page:103;level-sequence:1167
2368,5,灾害,災害,zāihài,unige-pdf-page:103;level-sequence:1168
2369,5,再三,再三,zàisān,unige-pdf-page:103;level-sequence:1169
2370,5,在乎,在乎,zàihu,unige-pdf-page:103;level-sequence:1170
2371,5,在于,在於,zàiyú,unige-pdf-page:103;level-sequence:1171
2372,5,赞成,贊成,zànchéng,unige-pdf-page:103;level-sequence:1172
2373,5,赞美,贊美,zànmĕi,unige-pdf-page:103;level-sequence:1173
2374,5,糟糕,糟糕,zāogāo,unige-pdf-page:103;level-sequence:1174
2375,5,造成,造成,zàochéng,unige-pdf-page:103;level-sequence:1175
2376,5,则,則,zé,unige-pdf-page:103;level-sequence:1176
2377,5,责备,責備,zébèi,unige-pdf-page:103;level-sequence:1177
2378,5,摘,摘,zhāi,unige-pdf-page:103;level-sequence:1178
2379,5,窄,窄,zhǎi,unige-pdf-page:103;level-sequence:1179
2380,5,粘贴,粘貼,zhāntiē,unige-pdf-page:103;level-sequence:1180
2381,5,展开,展開,zhănkāi,unige-pdf-page:103;level-sequence:1181
2382,5,展览,展覽,zhănlăn,unige-pdf-page:103;level-sequence:1182
2383,5,占,占,zhàn,unige-pdf-page:104;level-sequence:1183
2384,5,战争,戰爭,zhànzhēng,unige-pdf-page:104;level-sequence:1184
2385,5,长辈,長輩,zhǎngbèi,unige-pdf-page:104;level-sequence:1185
2386,5,涨,漲,zhăng,unige-pdf-page:104;level-sequence:1186
2387,5,掌握,掌握,zhăngwò,unige-pdf-page:104;level-sequence:1187
2388,5,账户,賬戶,zhànghù,unige-pdf-page:104;level-sequence:1188
2389,5,招待,招待,zhāodài,unige-pdf-page:104;level-sequence:1189
2390,5,着火,著火,zháo huǒ,unige-pdf-page:104;level-sequence:1190
2391,5,着凉,著涼,zháoliáng,unige-pdf-page:104;level-sequence:1191
2392,5,召开,召開,zhàokāi,unige-pdf-page:104;level-sequence:1192
2393,5,照常,照常,zhàocháng,unige-pdf-page:104;level-sequence:1193
2394,5,哲学,哲學,zhéxué,unige-pdf-page:104;level-sequence:1194
2395,5,针对,針對,zhēnduì,unige-pdf-page:104;level-sequence:1195
2396,5,珍惜,珍惜,zhēnxī,unige-pdf-page:104;level-sequence:1196
2397,5,真实,真實,zhēnshí,unige-pdf-page:104;level-sequence:1197
2398,5,诊断,診斷,zhĕnduàn,unige-pdf-page:104;level-sequence:1198
2399,5,阵,陣,zhèn,unige-pdf-page:104;level-sequence:1199
2400,5,振动,振動,zhèndòng,unige-pdf-page:104;level-sequence:1200
2401,5,争论,爭論,zhēnglùn,unige-pdf-page:104;level-sequence:1201
2402,5,争取,爭取,zhēngqŭ,unige-pdf-page:104;level-sequence:1202
2403,5,征求,征求,zhēngqiú,unige-pdf-page:104;level-sequence:1203
2404,5,睁,睜,zhēng,unige-pdf-page:104;level-sequence:1204
2405,5,整个,整個,zhĕnggè,unige-pdf-page:104;level-sequence:1205
2406,5,整齐,整齊,zhěngqí,unige-pdf-page:104;level-sequence:1206
2407,5,整体,整體,zhĕngtĭ,unige-pdf-page:104;level-sequence:1207
2408,5,正,正,zhèng,unige-pdf-page:104;level-sequence:1208
2409,5,证件,證件,zhèngjiàn,unige-pdf-page:104;level-sequence:1209
2410,5,证据,證據,zhèngjù,unige-pdf-page:104;level-sequence:1210
2411,5,政府,政府,zhèngfŭ,unige-pdf-page:104;level-sequence:1211
2412,5,政治,政治,zhèngzhì,unige-pdf-page:105;level-sequence:1212
2413,5,挣,掙,zhèng,unige-pdf-page:105;level-sequence:1213
2414,5,支,支,zhī,unige-pdf-page:105;level-sequence:1214
2415,5,支票,支票,zhīpiào,unige-pdf-page:105;level-sequence:1215
2416,5,执照,執照,zhízhào,unige-pdf-page:105;level-sequence:1216
2417,5,直,直,zhí,unige-pdf-page:105;level-sequence:1217
2418,5,指导,指導,zhĭdăo,unige-pdf-page:105;level-sequence:1218
2419,5,指挥,指揮,zhĭhuī,unige-pdf-page:105;level-sequence:1219
2420,5,至今,至今,zhìjīn,unige-pdf-page:105;level-sequence:1220
2421,5,至于,至於,zhìyú,unige-pdf-page:105;level-sequence:1221
2422,5,志愿者,志願者,zhìyuànzhĕ,unige-pdf-page:105;level-sequence:1222
2423,5,制定,制定,zhìdìng,unige-pdf-page:105;level-sequence:1223
2424,5,制度,制度,zhìdù,unige-pdf-page:105;level-sequence:1224
2425,5,制造,製造,zhìzào,unige-pdf-page:105;level-sequence:1225
2426,5,制作,制作,zhìzuò,unige-pdf-page:105;level-sequence:1226
2427,5,治疗,治療,zhìliáo,unige-pdf-page:105;level-sequence:1227
2428,5,秩序,秩序,zhìxù,unige-pdf-page:105;level-sequence:1228
2429,5,智慧,智慧,zhìhuì,unige-pdf-page:105;level-sequence:1229
2430,5,中介,中介,zhōngjiè,unige-pdf-page:105;level-sequence:1230
2431,5,中心,中心,zhōngxīn,unige-pdf-page:105;level-sequence:1231
2432,5,中旬,中旬,zhōngxún,unige-pdf-page:105;level-sequence:1232
2433,5,种类,種類,zhǒnglèi,unige-pdf-page:105;level-sequence:1233
2434,5,重大,重大,zhòngdà,unige-pdf-page:105;level-sequence:1234
2435,5,重量,重量,zhòngliàng,unige-pdf-page:105;level-sequence:1235
2436,5,周到,周到,zhōudào,unige-pdf-page:105;level-sequence:1236
2437,5,猪,豬,zhū,unige-pdf-page:105;level-sequence:1237
2438,5,竹子,竹子,zhúzi,unige-pdf-page:105;level-sequence:1238
2439,5,逐步,逐步,zhúbù,unige-pdf-page:105;level-sequence:1239
2440,5,逐渐,逐漸,zhújiàn,unige-pdf-page:105;level-sequence:1240
2441,5,主持,主持,zhŭchí,unige-pdf-page:105;level-sequence:1241
2442,5,主动,主動,zhǔdòng,unige-pdf-page:105;level-sequence:1242
2443,5,主观,主觀,zhŭguān,unige-pdf-page:106;level-sequence:1243
2444,5,主人,主人,zhŭrén,unige-pdf-page:106;level-sequence:1244
2445,5,主任,主任,zhŭrèn,unige-pdf-page:106;level-sequence:1245
2446,5,主题,主題,zhǔtí,unige-pdf-page:106;level-sequence:1246
2447,5,主席,主席,zhŭxí,unige-pdf-page:106;level-sequence:1247
2448,5,主张,主張,zhŭzhāng,unige-pdf-page:106;level-sequence:1248
2449,5,煮,煮,zhŭ,unige-pdf-page:106;level-sequence:1249
2450,5,注册,注冊,zhùcè,unige-pdf-page:106;level-sequence:1250
2451,5,祝福,祝福,zhùfú,unige-pdf-page:106;level-sequence:1251
2452,5,抓,抓,zhuā,unige-pdf-page:106;level-sequence:1252
2453,5,抓紧,抓緊,zhuājĭn,unige-pdf-page:106;level-sequence:1253
2454,5,专家,專家,zhuānjiā,unige-pdf-page:106;level-sequence:1254
2455,5,专心,專心,zhuānxīn,unige-pdf-page:106;level-sequence:1255
2456,5,转变,轉變,zhuănbiàn,unige-pdf-page:106;level-sequence:1256
2457,5,转告,轉告,zhuăngào,unige-pdf-page:106;level-sequence:1257
2458,5,装,裝,zhuāng,unige-pdf-page:106;level-sequence:1258
2459,5,装饰,裝飾,zhuāngshì,unige-pdf-page:106;level-sequence:1259
2460,5,装修,裝修,zhuāngxiū,unige-pdf-page:106;level-sequence:1260
2461,5,状况,狀況,zhuàngkuàng,unige-pdf-page:106;level-sequence:1261
2462,5,状态,狀態,zhuàngtài,unige-pdf-page:106;level-sequence:1262
2463,5,撞,撞,zhuàng,unige-pdf-page:106;level-sequence:1263
2464,5,追,追,zhuī,unige-pdf-page:106;level-sequence:1264
2465,5,追求,追求,zhuīqiú,unige-pdf-page:106;level-sequence:1265
2466,5,咨询,咨詢,zīxún,unige-pdf-page:106;level-sequence:1266
2467,5,姿势,姿勢,zīshì,unige-pdf-page:106;level-sequence:1267
2468,5,资格,資格,zīgé,unige-pdf-page:106;level-sequence:1268
2469,5,资金,資金,zījīn,unige-pdf-page:106;level-sequence:1269
2470,5,资料,資料,zīliào,unige-pdf-page:106;level-sequence:1270
2471,5,资源,資源,zīyuán,unige-pdf-page:107;level-sequence:1271
2472,5,紫,紫,zĭ,unige-pdf-page:107;level-sequence:1272
2473,5,自从,自從,zìcóng,unige-pdf-page:107;level-sequence:1273
2474,5,自动,自動,zìdòng,unige-pdf-page:107;level-sequence:1274
2475,5,自豪,自豪,zìháo,unige-pdf-page:107;level-sequence:1275
2476,5,自觉,自覺,zìjué,unige-pdf-page:107;level-sequence:1276
2477,5,自私,自私,zìsī,unige-pdf-page:107;level-sequence:1277
2478,5,自由,自由,zìyóu,unige-pdf-page:107;level-sequence:1278
2479,5,自愿,自願,zìyuàn,unige-pdf-page:107;level-sequence:1279
2480,5,字母,字母,zìmǔ,unige-pdf-page:107;level-sequence:1280
2481,5,字幕,字幕,zìmù,unige-pdf-page:107;level-sequence:1281
2482,5,综合,綜合,zōnghé,unige-pdf-page:107;level-sequence:1282
2483,5,总裁,總裁,zŏngcái,unige-pdf-page:107;level-sequence:1283
2484,5,总共,總共,zŏnggòng,unige-pdf-page:107;level-sequence:1284
2485,5,总理,總理,zŏnglĭ,unige-pdf-page:107;level-sequence:1285
2486,5,总算,總算,zŏngsuàn,unige-pdf-page:107;level-sequence:1286
2487,5,总统,總統,zŏngtŏng,unige-pdf-page:107;level-sequence:1287
2488,5,总之,總之,zŏngzhī,unige-pdf-page:107;level-sequence:1288
2489,5,阻止,阻止,zŭzhĭ,unige-pdf-page:107;level-sequence:1289
2490,5,组,組,zǔ,unige-pdf-page:107;level-sequence:1290
2491,5,组成,組成,zǔchéng,unige-pdf-page:107;level-sequence:1291
2492,5,组合,組合,zŭhé,unige-pdf-page:107;level-sequence:1292
2493,5,组织,組織,zǔzhī,unige-pdf-page:107;level-sequence:1293
2494,5,最初,最初,zuìchū,unige-pdf-page:107;level-sequence:1294
2495,5,醉,醉,zuì,unige-pdf-page:107;level-sequence:1295
2496,5,尊敬,尊敬,zūnjìng,unige-pdf-page:107;level-sequence:1296
2497,5,遵守,遵守,zūnshŏu,unige-pdf-page:107;level-sequence:1297
2498,5,作品,作品,zuòpĭn,unige-pdf-page:107;level-sequence:1298
2499,5,作为,作爲,zuòwéi,unige-pdf-page:107;level-sequence:1299
2500,5,作文,作文,zuòwén,unige-pdf-page:107;level-sequence:1300
2501,6,挨,挨,ái,unige-pdf-page:116;level-sequence:1
2502,6,癌症,癌症,áizhèng,unige-pdf-page:116;level-sequence:2
2503,6,爱不释手,愛不釋手,àibúshìshǒu,unige-pdf-page:116;level-sequence:3
2504,6,爱戴,愛戴,àidài,unige-pdf-page:116;level-sequence:4
2505,6,暧昧,曖昧,àimèi,unige-pdf-page:116;level-sequence:5
2506,6,安宁,安寧,ānníng,unige-pdf-page:116;level-sequence:6
2507,6,安详,安詳,ānxiáng,unige-pdf-page:116;level-sequence:7
2508,6,安置,安置,ānzhì,unige-pdf-page:116;level-sequence:8
2509,6,按摩,按摩,ànmó,unige-pdf-page:116;level-sequence:9
2510,6,案件,案件,ànjiàn,unige-pdf-page:116;level-sequence:10
2511,6,案例,案例,ànlì,unige-pdf-page:116;level-sequence:11
2512,6,暗示,暗示,ànshì,unige-pdf-page:116;level-sequence:12
2513,6,昂贵,昂貴,ángguì,unige-pdf-page:116;level-sequence:13
2514,6,凹凸,凹凸,āotū,unige-pdf-page:116;level-sequence:14
2515,6,熬,熬,áo,unige-pdf-page:116;level-sequence:15
2516,6,奥秘,奧秘,àomì,unige-pdf-page:116;level-sequence:16
2517,6,巴不得,巴不得,bābudé,unige-pdf-page:116;level-sequence:17
2518,6,巴结,巴結,bājie,unige-pdf-page:116;level-sequence:18
2519,6,扒,扒,bā,unige-pdf-page:116;level-sequence:19
2520,6,疤,疤,bā,unige-pdf-page:116;level-sequence:20
2521,6,拔苗助长,拔苗助長,bámiáo-,unige-pdf-page:116;level-sequence:21
2522,6,把关,把關,bǎ guān,unige-pdf-page:116;level-sequence:22
2523,6,把手,把手,bǎshou,unige-pdf-page:117;level-sequence:23
2524,6,罢工,罷工,bà gōng,unige-pdf-page:117;level-sequence:24
2525,6,霸道,霸道,bàdào,unige-pdf-page:117;level-sequence:25
2526,6,掰,掰,bāi,unige-pdf-page:117;level-sequence:26
2527,6,摆脱,擺脫,bǎituō,unige-pdf-page:117;level-sequence:27
2528,6,败坏,敗壞,bàihuài,unige-pdf-page:117;level-sequence:28
2529,6,拜访,拜訪,bàifǎng,unige-pdf-page:117;level-sequence:29
2530,6,拜年,拜年,bài nián,unige-pdf-page:117;level-sequence:30
2531,6,拜托,拜托,bàituō,unige-pdf-page:117;level-sequence:31
2532,6,颁布,頒佈,bānbù,unige-pdf-page:117;level-sequence:32
2533,6,颁发,頒發,bānfā,unige-pdf-page:117;level-sequence:33
2534,6,斑,斑,bān,unige-pdf-page:117;level-sequence:34
2535,6,版本,版本,bǎnběn,unige-pdf-page:117;level-sequence:35
2536,6,半途而废,半途而廢,bàntú'érfèi,unige-pdf-page:117;level-sequence:36
2537,6,扮演,扮演,bànyǎn,unige-pdf-page:117;level-sequence:37
2538,6,伴侣,伴侶,bànlǚ,unige-pdf-page:117;level-sequence:38
2539,6,伴随,伴隨,bànsuí,unige-pdf-page:117;level-sequence:39
2540,6,绑架,綁架,bǎngjià,unige-pdf-page:117;level-sequence:40
2541,6,榜样,榜樣,bǎngyàng,unige-pdf-page:117;level-sequence:41
2542,6,磅,磅,bàng,unige-pdf-page:117;level-sequence:42
2543,6,包庇,包庇,bāobì,unige-pdf-page:117;level-sequence:43
2544,6,包袱,包袱,bāofu,unige-pdf-page:117;level-sequence:44
2545,6,包围,包圍,bāowéi,unige-pdf-page:117;level-sequence:45
2546,6,包装,包裝,bāozhuāng,unige-pdf-page:117;level-sequence:46
2547,6,饱和,飽和,bǎohé,unige-pdf-page:117;level-sequence:47
2548,6,饱经沧桑,飽經滄桑,bǎojīng-,unige-pdf-page:117;level-sequence:48
2549,6,保管,保管,bǎoguǎn,unige-pdf-page:117;level-sequence:49
2550,6,保密,保密,bǎo mì,unige-pdf-page:118;level-sequence:50
2551,6,保姆,保姆,bǎomǔ,unige-pdf-page:118;level-sequence:51
2552,6,保守,保守,bǎoshǒu,unige-pdf-page:118;level-sequence:52
2553,6,保卫,保衛,bǎowèi,unige-pdf-page:118;level-sequence:53
2554,6,保养,保養,bǎoyǎng,unige-pdf-page:118;level-sequence:54
2555,6,保障,保障,bǎozhàng,unige-pdf-page:118;level-sequence:55
2556,6,保重,保重,bǎozhòng,unige-pdf-page:118;level-sequence:56
2557,6,报仇,報仇,bào chóu,unige-pdf-page:118;level-sequence:57
2558,6,报酬,報酬,bàochou,unige-pdf-page:118;level-sequence:58
2559,6,报答,報答,bàodá,unige-pdf-page:118;level-sequence:59
2560,6,报复,報復,bàofù,unige-pdf-page:118;level-sequence:60
2561,6,报警,報警,bào jǐng,unige-pdf-page:118;level-sequence:61
2562,6,报销,報銷,bàoxiāo,unige-pdf-page:118;level-sequence:62
2563,6,抱负,抱負,bàofù,unige-pdf-page:118;level-sequence:63
2564,6,暴力,暴力,bàolì,unige-pdf-page:118;level-sequence:64
2565,6,暴露,暴露,bàolù,unige-pdf-page:118;level-sequence:65
2566,6,曝光,曝光,bào guāng,unige-pdf-page:118;level-sequence:66
2567,6,爆发,爆發,bàofā,unige-pdf-page:118;level-sequence:67
2568,6,爆炸,爆炸,bàozhà,unige-pdf-page:118;level-sequence:68
2569,6,卑鄙,卑鄙,bēibǐ,unige-pdf-page:118;level-sequence:69
2570,6,悲哀,悲哀,bēi'āi,unige-pdf-page:118;level-sequence:70
2571,6,悲惨,悲慘,bēicǎn,unige-pdf-page:118;level-sequence:71
2572,6,北极,北極,běijí,unige-pdf-page:118;level-sequence:72
2573,6,贝壳,貝殼,bèiké,unige-pdf-page:118;level-sequence:73
2574,6,备份,備份,bèifèn,unige-pdf-page:118;level-sequence:74
2575,6,备忘录,備忘錄,bèiwànglù,unige-pdf-page:118;level-sequence:75
2576,6,背叛,背叛,bèipàn,unige-pdf-page:119;level-sequence:76
2577,6,背诵,背誦,bèisòng,unige-pdf-page:119;level-sequence:77
2578,6,被动,被動,bèidòng,unige-pdf-page:119;level-sequence:78
2579,6,被告,被告,bèigào,unige-pdf-page:119;level-sequence:79
2580,6,奔波,奔波,bēnbō,unige-pdf-page:119;level-sequence:80
2581,6,奔驰,奔馳,bēnchí,unige-pdf-page:119;level-sequence:81
2582,6,本能,本能,běnnéng,unige-pdf-page:119;level-sequence:82
2583,6,本钱,本錢,běnqián,unige-pdf-page:119;level-sequence:83
2584,6,本人,本人,běnrén,unige-pdf-page:119;level-sequence:84
2585,6,本身,本身,běnshēn,unige-pdf-page:119;level-sequence:85
2586,6,本事,本事,běnshi,unige-pdf-page:119;level-sequence:86
2587,6,笨拙,笨拙,bènzhuō,unige-pdf-page:119;level-sequence:87
2588,6,崩溃,崩潰,bēngkuì,unige-pdf-page:119;level-sequence:88
2589,6,甭,甭,béng,unige-pdf-page:119;level-sequence:89
2590,6,迸发,迸發,bèngfā,unige-pdf-page:119;level-sequence:90
2591,6,蹦,蹦,bèng,unige-pdf-page:119;level-sequence:91
2592,6,逼迫,逼迫,bīpò,unige-pdf-page:119;level-sequence:92
2593,6,鼻涕,鼻涕,bítì,unige-pdf-page:119;level-sequence:93
2594,6,比方,比方,bǐfang,unige-pdf-page:119;level-sequence:94
2595,6,比喻,比喻,bǐyù,unige-pdf-page:119;level-sequence:95
2596,6,比重,比重,bǐzhòng,unige-pdf-page:119;level-sequence:96
2597,6,鄙视,鄙視,bǐshì,unige-pdf-page:119;level-sequence:97
2598,6,闭塞,閉塞,bìsè,unige-pdf-page:119;level-sequence:98
2599,6,弊病,弊病,bìbìng,unige-pdf-page:119;level-sequence:99
2600,6,弊端,弊端,bìduān,unige-pdf-page:119;level-sequence:100
2601,6,臂,臂,bì,unige-pdf-page:119;level-sequence:101
2602,6,边疆,邊疆,biānjiāng,unige-pdf-page:119;level-sequence:102
2603,6,边界,邊界,biānjiè,unige-pdf-page:119;level-sequence:103
2604,6,边境,邊境,biānjìng,unige-pdf-page:119;level-sequence:104
2605,6,边缘,邊緣,biānyuán,unige-pdf-page:120;level-sequence:105
2606,6,编织,編織,biānzhī,unige-pdf-page:120;level-sequence:106
2607,6,鞭策,鞭策,biāncè,unige-pdf-page:120;level-sequence:107
2608,6,贬低,貶低,biǎndī,unige-pdf-page:120;level-sequence:108
2609,6,贬义,貶義,biǎnyì,unige-pdf-page:120;level-sequence:109
2610,6,扁,扁,biǎn,unige-pdf-page:120;level-sequence:110
2611,6,变故,變故,biàngù,unige-pdf-page:120;level-sequence:111
2612,6,变迁,變遷,biànqiān,unige-pdf-page:120;level-sequence:112
2613,6,变质,變質,biàn zhì,unige-pdf-page:120;level-sequence:113
2614,6,便利,便利,biànlì,unige-pdf-page:120;level-sequence:114
2615,6,便条,便條,biàntiáo,unige-pdf-page:120;level-sequence:115
2616,6,便于,便於,biànyú,unige-pdf-page:120;level-sequence:116
2617,6,遍布,遍佈,biànbù,unige-pdf-page:120;level-sequence:117
2618,6,辨认,辨認,biànrèn,unige-pdf-page:120;level-sequence:118
2619,6,辩护,辯護,biànhù,unige-pdf-page:120;level-sequence:119
2620,6,辩解,辯解,biànjiě,unige-pdf-page:120;level-sequence:120
2621,6,辩证,辯證,biànzhèng,unige-pdf-page:120;level-sequence:121
2622,6,辫子,辮子,biànzi,unige-pdf-page:120;level-sequence:122
2623,6,标本,標本,biāoběn,unige-pdf-page:120;level-sequence:123
2624,6,标记,標記,biāojì,unige-pdf-page:120;level-sequence:124
2625,6,标题,標題,biāotí,unige-pdf-page:120;level-sequence:125
2626,6,表决,表決,biǎojué,unige-pdf-page:120;level-sequence:126
2627,6,表态,表態,biǎo tài,unige-pdf-page:120;level-sequence:127
2628,6,表彰,表彰,biǎozhāng,unige-pdf-page:120;level-sequence:128
2629,6,憋,憋,biē,unige-pdf-page:120;level-sequence:129
2630,6,别墅,別墅,biéshù,unige-pdf-page:120;level-sequence:130
2631,6,别致,別致,biézhì,unige-pdf-page:120;level-sequence:131
2632,6,别扭,別扭,bièniu,unige-pdf-page:121;level-sequence:132
2633,6,濒临,瀕臨,bīnlín,unige-pdf-page:121;level-sequence:133
2634,6,冰雹,冰雹,bīngbáo,unige-pdf-page:121;level-sequence:134
2635,6,丙,丙,bĭng,unige-pdf-page:121;level-sequence:135
2636,6,并非,並非,bìngfēi,unige-pdf-page:121;level-sequence:136
2637,6,并列,並列,bìngliè,unige-pdf-page:121;level-sequence:137
2638,6,拨,撥,bō,unige-pdf-page:121;level-sequence:138
2639,6,波浪,波浪,bōlàng,unige-pdf-page:121;level-sequence:139
2640,6,波涛,波濤,bōtāo,unige-pdf-page:121;level-sequence:140
2641,6,剥削,剝削,bōxuē,unige-pdf-page:121;level-sequence:141
2642,6,播种,播種,bōzhòng,unige-pdf-page:121;level-sequence:142
2643,6,伯母,伯母,bómǔ,unige-pdf-page:121;level-sequence:143
2644,6,博大精深,博大精深,bódà-jīngshēn,unige-pdf-page:121;level-sequence:144
2645,6,博览会,博覽會,bólǎnhuì,unige-pdf-page:121;level-sequence:145
2646,6,搏斗,搏鬥,bódòu,unige-pdf-page:121;level-sequence:146
2647,6,薄弱,薄弱,bóruò,unige-pdf-page:121;level-sequence:147
2648,6,补偿,補償,bǔcháng,unige-pdf-page:121;level-sequence:148
2649,6,补救,補救,bǔjiù,unige-pdf-page:121;level-sequence:149
2650,6,补贴,補貼,bǔtiē,unige-pdf-page:121;level-sequence:150
2651,6,捕捉,捕捉,bǔzhuō,unige-pdf-page:121;level-sequence:151
2652,6,哺乳,哺乳,bǔrǔ,unige-pdf-page:121;level-sequence:152
2653,6,不得已,不得已,bùdéyǐ,unige-pdf-page:121;level-sequence:153
2654,6,不妨,不妨,bùfáng,unige-pdf-page:122;level-sequence:154
2655,6,不敢当,不敢當,bùgǎndāng,unige-pdf-page:122;level-sequence:155
2656,6,不顾,不顧,búgù,unige-pdf-page:122;level-sequence:156
2657,6,不禁,不禁,bùjīn,unige-pdf-page:122;level-sequence:157
2658,6,不堪,不堪,bùkān,unige-pdf-page:122;level-sequence:158
2659,6,不可思议,不可思議,bùkě-sīyì,unige-pdf-page:122;level-sequence:159
2660,6,不愧,不愧,búkuì,unige-pdf-page:122;level-sequence:160
2661,6,不料,不料,búliào,unige-pdf-page:122;level-sequence:161
2662,6,不免,不免,bùmiăn,unige-pdf-page:122;level-sequence:162
2663,6,不时,不時,bùshí,unige-pdf-page:122;level-sequence:163
2664,6,不惜,不惜,bùxī,unige-pdf-page:122;level-sequence:164
2665,6,不相上下,不相上下,bùxiāng-,unige-pdf-page:122;level-sequence:165
2666,6,不像话,不像話,búxiànghuà,unige-pdf-page:122;level-sequence:166
2667,6,不屑一顾,不屑一顧,búxiè yígù,unige-pdf-page:122;level-sequence:167
2668,6,不言而喻,不言而喻,bùyán'éryù,unige-pdf-page:122;level-sequence:168
2669,6,不由得,不由得,bùyóude,unige-pdf-page:122;level-sequence:169
2670,6,不择手段,不擇手段,bùzé-,unige-pdf-page:122;level-sequence:170
2671,6,不止,不止,bùzhǐ,unige-pdf-page:122;level-sequence:171
2672,6,布告,布告,bùgào,unige-pdf-page:122;level-sequence:172
2673,6,布局,佈局,bùjú,unige-pdf-page:122;level-sequence:173
2674,6,布置,佈置,bùzhì,unige-pdf-page:122;level-sequence:174
2675,6,步伐,步伐,bùfá,unige-pdf-page:122;level-sequence:175
2676,6,部署,部署,bùshǔ,unige-pdf-page:122;level-sequence:176
2677,6,部位,部位,bùwèi,unige-pdf-page:123;level-sequence:177
2678,6,才干,才幹,cáigàn,unige-pdf-page:123;level-sequence:178
2679,6,财富,財富,cáifù,unige-pdf-page:123;level-sequence:179
2680,6,财务,財務,cáiwù,unige-pdf-page:123;level-sequence:180
2681,6,财政,財政,cáizhèng,unige-pdf-page:123;level-sequence:181
2682,6,裁缝,裁縫,cáifeng,unige-pdf-page:123;level-sequence:182
2683,6,裁判,裁判,cáipàn,unige-pdf-page:123;level-sequence:183
2684,6,裁员,裁員,cái yuán,unige-pdf-page:123;level-sequence:184
2685,6,采购,採購,cǎigòu,unige-pdf-page:123;level-sequence:185
2686,6,采集,採集,cǎijí,unige-pdf-page:123;level-sequence:186
2687,6,采纳,採納,cǎinà,unige-pdf-page:123;level-sequence:187
2688,6,彩票,彩票,cǎipiào,unige-pdf-page:123;level-sequence:188
2689,6,参谋,參謀,cānmóu,unige-pdf-page:123;level-sequence:189
2690,6,参照,參照,cānzhào,unige-pdf-page:123;level-sequence:190
2691,6,残疾,殘疾,cánjí,unige-pdf-page:123;level-sequence:191
2692,6,残酷,殘酷,cánkù,unige-pdf-page:123;level-sequence:192
2693,6,残留,殘留,cánliú,unige-pdf-page:123;level-sequence:193
2694,6,残忍,殘忍,cánrěn,unige-pdf-page:123;level-sequence:194
2695,6,灿烂,燦爛,cànlàn,unige-pdf-page:123;level-sequence:195
2696,6,仓促,倉促,cāngcù,unige-pdf-page:123;level-sequence:196
2697,6,仓库,倉庫,cāngkù,unige-pdf-page:123;level-sequence:197
2698,6,苍白,蒼白,cāngbái,unige-pdf-page:123;level-sequence:198
2699,6,舱,艙,cāng,unige-pdf-page:123;level-sequence:199
2700,6,操劳,操勞,cāoláo,unige-pdf-page:123;level-sequence:200
2701,6,操练,操練,cāoliàn,unige-pdf-page:123;level-sequence:201
2702,6,操纵,操縱,cāozòng,unige-pdf-page:123;level-sequence:202
2703,6,操作,操作,cāozuò,unige-pdf-page:123;level-sequence:203
2704,6,嘈杂,嘈雜,cáozá,unige-pdf-page:124;level-sequence:204
2705,6,草案,草案,cǎo'àn,unige-pdf-page:124;level-sequence:205
2706,6,草率,草率,cǎoshuài,unige-pdf-page:124;level-sequence:206
2707,6,侧面,側面,cèmiàn,unige-pdf-page:124;level-sequence:207
2708,6,测量,測量,cèliáng,unige-pdf-page:124;level-sequence:208
2709,6,策划,策劃,cèhuà,unige-pdf-page:124;level-sequence:209
2710,6,策略,策略,cèlüè,unige-pdf-page:124;level-sequence:210
2711,6,层出不穷,層出不窮,céngchū-,unige-pdf-page:124;level-sequence:211
2712,6,层次,層次,céngcì,unige-pdf-page:124;level-sequence:212
2713,6,插座,插座,chāzuò,unige-pdf-page:124;level-sequence:213
2714,6,查获,查獲,cháhuò,unige-pdf-page:124;level-sequence:214
2715,6,岔,岔,chà,unige-pdf-page:124;level-sequence:215
2716,6,刹那,刹那,chànà,unige-pdf-page:124;level-sequence:216
2717,6,诧异,詫異,chàyì,unige-pdf-page:124;level-sequence:217
2718,6,柴油,柴油,cháiyóu,unige-pdf-page:124;level-sequence:218
2719,6,搀,攙,chān,unige-pdf-page:124;level-sequence:219
2720,6,馋,饞,chán,unige-pdf-page:124;level-sequence:220
2721,6,缠绕,纏繞,chánrào,unige-pdf-page:124;level-sequence:221
2722,6,产业,產業,chǎnyè,unige-pdf-page:124;level-sequence:222
2723,6,阐述,闡述,chǎnshù,unige-pdf-page:124;level-sequence:223
2724,6,颤抖,顫抖,chàndǒu,unige-pdf-page:124;level-sequence:224
2725,6,昌盛,昌盛,chāngshèng,unige-pdf-page:124;level-sequence:225
2726,6,尝试,嘗試,chángshì,unige-pdf-page:124;level-sequence:226
2727,6,偿还,償還,chánghuán,unige-pdf-page:124;level-sequence:227
2728,6,场合,場合,chǎnghé,unige-pdf-page:124;level-sequence:228
2729,6,场面,場面,chǎngmiàn,unige-pdf-page:124;level-sequence:229
2730,6,场所,場所,chǎngsuǒ,unige-pdf-page:124;level-sequence:230
2731,6,敞开,敞開,chǎngkāi,unige-pdf-page:124;level-sequence:231
2732,6,畅通,暢通,chàngtōng,unige-pdf-page:125;level-sequence:232
2733,6,畅销,暢銷,chàngxiāo,unige-pdf-page:125;level-sequence:233
2734,6,倡导,倡導,chàngdǎo,unige-pdf-page:125;level-sequence:234
2735,6,倡议,倡議,chàngyì,unige-pdf-page:125;level-sequence:235
2736,6,钞票,鈔票,chāopiào,unige-pdf-page:125;level-sequence:236
2737,6,超越,超越,chāoyuè,unige-pdf-page:125;level-sequence:237
2738,6,巢穴,巢穴,cháoxué,unige-pdf-page:125;level-sequence:238
2739,6,朝代,朝代,cháodài,unige-pdf-page:125;level-sequence:239
2740,6,嘲笑,嘲笑,cháoxiào,unige-pdf-page:125;level-sequence:240
2741,6,潮流,潮流,cháoliú,unige-pdf-page:125;level-sequence:241
2742,6,撤退,撤退,chètuì,unige-pdf-page:125;level-sequence:242
2743,6,撤销,撤銷,chèxiāo,unige-pdf-page:125;level-sequence:243
2744,6,沉淀,沉澱,chéndiàn,unige-pdf-page:125;level-sequence:244
2745,6,沉闷,沉悶,chénmèn,unige-pdf-page:125;level-sequence:245
2746,6,沉思,沉思,chénsī,unige-pdf-page:125;level-sequence:246
2747,6,沉重,沉重,chénzhòng,unige-pdf-page:125;level-sequence:247
2748,6,沉着,沉著,chénzhuó,unige-pdf-page:125;level-sequence:248
2749,6,陈旧,陳舊,chénjiù,unige-pdf-page:125;level-sequence:249
2750,6,陈列,陳列,chénliè,unige-pdf-page:125;level-sequence:250
2751,6,陈述,陳述,chénshù,unige-pdf-page:125;level-sequence:251
2752,6,衬托,襯托,chèntuō,unige-pdf-page:125;level-sequence:252
2753,6,称心如意,稱心如意,chènxīn-rúyì,unige-pdf-page:125;level-sequence:253
2754,6,称号,稱號,chēnghào,unige-pdf-page:125;level-sequence:254
2755,6,成本,成本,chéngběn,unige-pdf-page:125;level-sequence:255
2756,6,成交,成交,chéngjiāo,unige-pdf-page:125;level-sequence:256
2757,6,成天,成天,chéngtiān,unige-pdf-page:125;level-sequence:257
2758,6,成效,成效,chéngxiào,unige-pdf-page:125;level-sequence:258
2759,6,成心,成心,chéngxīn,unige-pdf-page:126;level-sequence:259
2760,6,成员,成員,chéngyuán,unige-pdf-page:126;level-sequence:260
2761,6,呈现,呈現,chéngxiàn,unige-pdf-page:126;level-sequence:261
2762,6,诚挚,誠摯,chéngzhì,unige-pdf-page:126;level-sequence:262
2763,6,承办,承辦,chéngbàn,unige-pdf-page:126;level-sequence:263
2764,6,承包,承包,chéngbāo,unige-pdf-page:126;level-sequence:264
2765,6,承诺,承諾,chéngnuò,unige-pdf-page:126;level-sequence:265
2766,6,城堡,城堡,chéngbǎo,unige-pdf-page:126;level-sequence:266
2767,6,乘,乘,chéng,unige-pdf-page:126;level-sequence:267
2768,6,盛,盛,chéng,unige-pdf-page:126;level-sequence:268
2769,6,惩罚,懲罰,chéngfá,unige-pdf-page:126;level-sequence:269
2770,6,澄清,澄清,chéngqīng,unige-pdf-page:126;level-sequence:270
2771,6,橙,橙,chéng,unige-pdf-page:126;level-sequence:271
2772,6,秤,秤,chèng,unige-pdf-page:126;level-sequence:272
2773,6,吃苦,吃苦,chī kǔ,unige-pdf-page:126;level-sequence:273
2774,6,吃力,吃力,chīlì,unige-pdf-page:126;level-sequence:274
2775,6,迟钝,遲鈍,chídùn,unige-pdf-page:126;level-sequence:275
2776,6,迟缓,遲緩,chíhuǎn,unige-pdf-page:126;level-sequence:276
2777,6,迟疑,遲疑,chíyí,unige-pdf-page:126;level-sequence:277
2778,6,持久,持久,chíjiǔ,unige-pdf-page:126;level-sequence:278
2779,6,赤道,赤道,chìdào,unige-pdf-page:126;level-sequence:279
2780,6,赤字,赤字,chìzì,unige-pdf-page:126;level-sequence:280
2781,6,冲动,衝動,chōngdòng,unige-pdf-page:126;level-sequence:281
2782,6,冲击,衝擊,chōngjī,unige-pdf-page:126;level-sequence:282
2783,6,冲突,衝突,chōngtū,unige-pdf-page:126;level-sequence:283
2784,6,充当,充當,chōngdāng,unige-pdf-page:126;level-sequence:284
2785,6,充沛,充沛,chōngpèi,unige-pdf-page:126;level-sequence:285
2786,6,充实,充實,chōngshí,unige-pdf-page:126;level-sequence:286
2787,6,充足,充足,chōngzú,unige-pdf-page:127;level-sequence:287
2788,6,重叠,重疊,chóngdié,unige-pdf-page:127;level-sequence:288
2789,6,崇拜,崇拜,chóngbài,unige-pdf-page:127;level-sequence:289
2790,6,崇高,崇高,chónggāo,unige-pdf-page:127;level-sequence:290
2791,6,崇敬,崇敬,chóngjìng,unige-pdf-page:127;level-sequence:291
2792,6,稠密,稠密,chóumì,unige-pdf-page:127;level-sequence:292
2793,6,筹备,籌備,chóubèi,unige-pdf-page:127;level-sequence:293
2794,6,丑恶,醜惡,chǒu'è,unige-pdf-page:127;level-sequence:294
2795,6,出路,出路,chūlù,unige-pdf-page:127;level-sequence:295
2796,6,出卖,出賣,chūmài,unige-pdf-page:127;level-sequence:296
2797,6,出身,出身,chūshēn,unige-pdf-page:127;level-sequence:297
2798,6,出神,出神,chūshén,unige-pdf-page:127;level-sequence:298
2799,6,出息,出息,chūxi,unige-pdf-page:127;level-sequence:299
2800,6,初步,初步,chūbù,unige-pdf-page:127;level-sequence:300
2801,6,除,除,chú,unige-pdf-page:127;level-sequence:301
2802,6,处分,處分,chǔfèn,unige-pdf-page:127;level-sequence:302
2803,6,处境,處境,chǔjìng,unige-pdf-page:127;level-sequence:303
2804,6,处置,處置,chǔzhì,unige-pdf-page:128;level-sequence:304
2805,6,储备,儲備,chǔbèi,unige-pdf-page:128;level-sequence:305
2806,6,储存,儲存,chǔcún,unige-pdf-page:128;level-sequence:306
2807,6,储蓄,儲蓄,chǔxù,unige-pdf-page:128;level-sequence:307
2808,6,触犯,觸犯,chùfàn,unige-pdf-page:128;level-sequence:308
2809,6,川流不息,川流不息,chuānliú-bùxī,unige-pdf-page:128;level-sequence:309
2810,6,穿越,穿越,chuānyuè,unige-pdf-page:128;level-sequence:310
2811,6,传达,傳達,chuándá,unige-pdf-page:128;level-sequence:311
2812,6,传单,傳單,chuándān,unige-pdf-page:128;level-sequence:312
2813,6,传授,傳授,chuánshòu,unige-pdf-page:128;level-sequence:313
2814,6,船舶,船舶,chuánbó,unige-pdf-page:128;level-sequence:314
2815,6,喘气,喘氣,chuǎn qì,unige-pdf-page:128;level-sequence:315
2816,6,串,串,chuàn,unige-pdf-page:128;level-sequence:316
2817,6,床单,床單,chuángdān,unige-pdf-page:128;level-sequence:317
2818,6,创立,創立,chuànglì,unige-pdf-page:128;level-sequence:318
2819,6,创新,創新,chuàngxīn,unige-pdf-page:128;level-sequence:319
2820,6,创业,創業,chuàngyè,unige-pdf-page:128;level-sequence:320
2821,6,创作,創作,chuàngzuò,unige-pdf-page:128;level-sequence:321
2822,6,吹牛,吹牛,chuī niú,unige-pdf-page:128;level-sequence:322
2823,6,吹捧,吹捧,chuīpěng,unige-pdf-page:128;level-sequence:323
2824,6,炊烟,炊煙,chuīyān,unige-pdf-page:129;level-sequence:324
2825,6,垂直,垂直,chuízhí,unige-pdf-page:129;level-sequence:325
2826,6,锤,錘,chuí,unige-pdf-page:129;level-sequence:326
2827,6,纯粹,純粹,chúncuì,unige-pdf-page:129;level-sequence:327
2828,6,纯洁,純潔,chúnjié,unige-pdf-page:129;level-sequence:328
2829,6,慈善,慈善,císhàn,unige-pdf-page:129;level-sequence:329
2830,6,慈祥,慈祥,cíxiáng,unige-pdf-page:129;level-sequence:330
2831,6,磁带,磁帶,cídài,unige-pdf-page:129;level-sequence:331
2832,6,雌雄,雌雄,cíxióng,unige-pdf-page:129;level-sequence:332
2833,6,次品,次品,cìpǐn,unige-pdf-page:129;level-sequence:333
2834,6,次序,次序,cìxù,unige-pdf-page:129;level-sequence:334
2835,6,伺候,伺候,cìhou,unige-pdf-page:129;level-sequence:335
2836,6,刺,刺,cì,unige-pdf-page:129;level-sequence:336
2837,6,从容,從容,cóngróng,unige-pdf-page:129;level-sequence:337
2838,6,丛,叢,cóng,unige-pdf-page:129;level-sequence:338
2839,6,凑合,湊合,còuhe,unige-pdf-page:129;level-sequence:339
2840,6,粗鲁,粗魯,cūlǔ,unige-pdf-page:129;level-sequence:340
2841,6,窜,竄,cuàn,unige-pdf-page:129;level-sequence:341
2842,6,摧残,摧殘,cuīcán,unige-pdf-page:129;level-sequence:342
2843,6,脆弱,脆弱,cuìruò,unige-pdf-page:129;level-sequence:343
2844,6,搓,搓,cuō,unige-pdf-page:129;level-sequence:344
2845,6,磋商,磋商,cuōshāng,unige-pdf-page:129;level-sequence:345
2846,6,挫折,挫折,cuòzhé,unige-pdf-page:129;level-sequence:346
2847,6,搭,搭,dā,unige-pdf-page:129;level-sequence:347
2848,6,搭档,搭檔,dādàng,unige-pdf-page:130;level-sequence:348
2849,6,搭配,搭配,dāpèi,unige-pdf-page:130;level-sequence:349
2850,6,达成,達成,dáchéng,unige-pdf-page:130;level-sequence:350
2851,6,答辩,答辯,dábiàn,unige-pdf-page:130;level-sequence:351
2852,6,答复,答覆,dáfù,unige-pdf-page:130;level-sequence:352
2853,6,打包,打包,dǎ bāo,unige-pdf-page:130;level-sequence:353
2854,6,打官司,打官司,dǎ guānsi,unige-pdf-page:130;level-sequence:354
2855,6,打击,打擊,dǎjī,unige-pdf-page:130;level-sequence:355
2856,6,打架,打架,dǎ jià,unige-pdf-page:130;level-sequence:356
2857,6,打量,打量,dǎliang,unige-pdf-page:130;level-sequence:357
2858,6,打猎,打獵,dǎ liè,unige-pdf-page:130;level-sequence:358
2859,6,打仗,打仗,dǎ zhàng,unige-pdf-page:130;level-sequence:359
2860,6,大不了,大不了,dàbuliǎo,unige-pdf-page:130;level-sequence:360
2861,6,大臣,大臣,dàchén,unige-pdf-page:130;level-sequence:361
2862,6,大伙儿,大夥兒,dàhuǒr,unige-pdf-page:130;level-sequence:362
2863,6,大肆,大肆,dàsì,unige-pdf-page:130;level-sequence:363
2864,6,大体,大體,dàtǐ,unige-pdf-page:130;level-sequence:364
2865,6,大意,大意,dàyi,unige-pdf-page:130;level-sequence:365
2866,6,大致,大致,dàzhì,unige-pdf-page:130;level-sequence:366
2867,6,歹徒,歹徒,dǎitú,unige-pdf-page:130;level-sequence:367
2868,6,代价,代價,dàijià,unige-pdf-page:130;level-sequence:368
2869,6,代理,代理,dàilǐ,unige-pdf-page:130;level-sequence:369
2870,6,带领,帶領,dàilǐng,unige-pdf-page:130;level-sequence:370
2871,6,怠慢,怠慢,dàimàn,unige-pdf-page:131;level-sequence:371
2872,6,逮捕,逮捕,dàibǔ,unige-pdf-page:131;level-sequence:372
2873,6,担保,擔保,dānbǎo,unige-pdf-page:131;level-sequence:373
2874,6,胆怯,膽怯,dǎnqiè,unige-pdf-page:131;level-sequence:374
2875,6,诞辰,誕辰,dànchén,unige-pdf-page:131;level-sequence:375
2876,6,诞生,誕生,dànshēng,unige-pdf-page:131;level-sequence:376
2877,6,淡季,淡季,dànjì,unige-pdf-page:131;level-sequence:377
2878,6,淡水,淡水,dànshuǐ,unige-pdf-page:131;level-sequence:378
2879,6,蛋白质,蛋白質,dànbáizhì,unige-pdf-page:131;level-sequence:379
2880,6,当场,當場,dāngchǎng,unige-pdf-page:131;level-sequence:380
2881,6,当初,當初,dāngchū,unige-pdf-page:131;level-sequence:381
2882,6,当代,當代,dāngdài,unige-pdf-page:131;level-sequence:382
2883,6,当面,當面,dāngmiàn,unige-pdf-page:131;level-sequence:383
2884,6,当前,當前,dāngqián,unige-pdf-page:131;level-sequence:384
2885,6,当事人,當事人,dāngshìrén,unige-pdf-page:131;level-sequence:385
2886,6,当务之急,當務之急,dāngwùzhījí,unige-pdf-page:131;level-sequence:386
2887,6,当选,當選,dāngxuǎn,unige-pdf-page:131;level-sequence:387
2888,6,党,黨,dǎng,unige-pdf-page:131;level-sequence:388
2889,6,档案,檔案,dàng'àn,unige-pdf-page:131;level-sequence:389
2890,6,档次,檔次,dàngcì,unige-pdf-page:131;level-sequence:390
2891,6,导弹,導彈,dǎodàn,unige-pdf-page:131;level-sequence:391
2892,6,导航,導航,dǎoháng,unige-pdf-page:131;level-sequence:392
2893,6,导向,導向,dǎoxiàng,unige-pdf-page:131;level-sequence:393
2894,6,捣乱,搗亂,dǎoluàn,unige-pdf-page:131;level-sequence:394
2895,6,倒闭,倒閉,dǎobì,unige-pdf-page:132;level-sequence:395
2896,6,盗窃,盜竊,dàoqiè,unige-pdf-page:132;level-sequence:396
2897,6,稻谷,稻穀,dàogǔ,unige-pdf-page:132;level-sequence:397
2898,6,得不偿失,得不償失,débùchángshī,unige-pdf-page:132;level-sequence:398
2899,6,得力,得力,délì,unige-pdf-page:132;level-sequence:399
2900,6,得天独厚,得天獨厚,détiāndúhòu,unige-pdf-page:132;level-sequence:400
2901,6,得罪,得罪,dézuì,unige-pdf-page:132;level-sequence:401
2902,6,灯笼,燈籠,dēnglong,unige-pdf-page:132;level-sequence:402
2903,6,登陆,登陸,dēng lù,unige-pdf-page:132;level-sequence:403
2904,6,登录,登錄,dēnglù,unige-pdf-page:132;level-sequence:404
2905,6,蹬,蹬,dēng,unige-pdf-page:132;level-sequence:405
2906,6,等候,等候,děnghòu,unige-pdf-page:132;level-sequence:406
2907,6,等级,等級,děngjí,unige-pdf-page:132;level-sequence:407
2908,6,瞪,瞪,dèng,unige-pdf-page:132;level-sequence:408
2909,6,堤坝,堤壩,dībà,unige-pdf-page:132;level-sequence:409
2910,6,敌视,敵視,díshì,unige-pdf-page:132;level-sequence:410
2911,6,抵达,抵達,dǐdá,unige-pdf-page:132;level-sequence:411
2912,6,抵抗,抵抗,dǐkàng,unige-pdf-page:132;level-sequence:412
2913,6,抵制,抵制,dǐzhì,unige-pdf-page:132;level-sequence:413
2914,6,地步,地步,dìbù,unige-pdf-page:132;level-sequence:414
2915,6,地势,地勢,dìshì,unige-pdf-page:132;level-sequence:415
2916,6,地质,地質,dìzhì,unige-pdf-page:132;level-sequence:416
2917,6,递增,遞增,dìzēng,unige-pdf-page:132;level-sequence:417
2918,6,颠簸,顛簸,diānbǒ,unige-pdf-page:132;level-sequence:418
2919,6,颠倒,顛倒,diāndǎo,unige-pdf-page:133;level-sequence:419
2920,6,典礼,典禮,diǎnlǐ,unige-pdf-page:133;level-sequence:420
2921,6,典型,典型,diǎnxíng,unige-pdf-page:133;level-sequence:421
2922,6,点缀,點綴,diǎnzhuì,unige-pdf-page:133;level-sequence:422
2923,6,电源,電源,diànyuán,unige-pdf-page:133;level-sequence:423
2924,6,垫,墊,diàn,unige-pdf-page:133;level-sequence:424
2925,6,惦记,惦記,diànjì,unige-pdf-page:133;level-sequence:425
2926,6,奠定,奠定,diàndìng,unige-pdf-page:133;level-sequence:426
2927,6,叼,叼,diāo,unige-pdf-page:133;level-sequence:427
2928,6,雕刻,雕刻,diāokè,unige-pdf-page:133;level-sequence:428
2929,6,雕塑,雕塑,diāosù,unige-pdf-page:133;level-sequence:429
2930,6,吊,吊,diào,unige-pdf-page:133;level-sequence:430
2931,6,调动,調動,diàodòng,unige-pdf-page:133;level-sequence:431
2932,6,跌,跌,diē,unige-pdf-page:133;level-sequence:432
2933,6,丁,丁,dīng,unige-pdf-page:133;level-sequence:433
2934,6,叮嘱,叮囑,dīngzhǔ,unige-pdf-page:133;level-sequence:434
2935,6,盯,盯,dīng,unige-pdf-page:133;level-sequence:435
2936,6,定期,定期,dìngqī,unige-pdf-page:133;level-sequence:436
2937,6,定义,定義,dìngyì,unige-pdf-page:133;level-sequence:437
2938,6,丢人,丟人,diū rén,unige-pdf-page:133;level-sequence:438
2939,6,丢三落四,丟三落四,diūsān-làsì,unige-pdf-page:133;level-sequence:439
2940,6,东道主,東道主,dōngdàozhǔ,unige-pdf-page:133;level-sequence:440
2941,6,东张西望,東張西望,dōngzhāng-,unige-pdf-page:133;level-sequence:441
2942,6,董事长,董事長,dǒngshìzhǎng,unige-pdf-page:133;level-sequence:442
2943,6,动荡,動蕩,dòngdàng,unige-pdf-page:133;level-sequence:443
2944,6,动机,動機,dòngjī,unige-pdf-page:133;level-sequence:444
2945,6,动静,動靜,dòngjing,unige-pdf-page:134;level-sequence:445
2946,6,动力,動力,dònglì,unige-pdf-page:134;level-sequence:446
2947,6,动脉,動脈,dòngmài,unige-pdf-page:134;level-sequence:447
2948,6,动身,動身,dòng shēn,unige-pdf-page:134;level-sequence:448
2949,6,动手,動手,dòng shǒu,unige-pdf-page:134;level-sequence:449
2950,6,动态,動態,dòngtài,unige-pdf-page:134;level-sequence:450
2951,6,动员,動員,dòngyuán,unige-pdf-page:134;level-sequence:451
2952,6,冻结,凍結,dòngjié,unige-pdf-page:134;level-sequence:452
2953,6,栋,棟,dòng,unige-pdf-page:134;level-sequence:453
2954,6,兜,兜,dōu,unige-pdf-page:134;level-sequence:454
2955,6,陡峭,陡峭,dǒuqiào,unige-pdf-page:134;level-sequence:455
2956,6,斗争,鬥爭,dòuzhēng,unige-pdf-page:134;level-sequence:456
2957,6,督促,督促,dūcù,unige-pdf-page:134;level-sequence:457
2958,6,毒品,毒品,dúpǐn,unige-pdf-page:134;level-sequence:458
2959,6,独裁,獨裁,dúcái,unige-pdf-page:134;level-sequence:459
2960,6,堵塞,堵塞,dǔsè,unige-pdf-page:134;level-sequence:460
2961,6,赌博,賭博,dǔbó,unige-pdf-page:134;level-sequence:461
2962,6,杜绝,杜絕,dùjué,unige-pdf-page:134;level-sequence:462
2963,6,端,端,duān,unige-pdf-page:134;level-sequence:463
2964,6,端午节,端午節,Duānwǔ Jié,unige-pdf-page:134;level-sequence:464
2965,6,端正,端正,duānzhèng,unige-pdf-page:134;level-sequence:465
2966,6,短促,短促,duǎncù,unige-pdf-page:134;level-sequence:466
2967,6,断定,斷定,duàndìng,unige-pdf-page:134;level-sequence:467
2968,6,断绝,斷絕,duànjué,unige-pdf-page:134;level-sequence:468
2969,6,堆积,堆積,duījī,unige-pdf-page:134;level-sequence:469
2970,6,队伍,隊伍,duìwu,unige-pdf-page:135;level-sequence:470
2971,6,对策,對策,duìcè,unige-pdf-page:135;level-sequence:471
2972,6,对称,對稱,duìchèn,unige-pdf-page:135;level-sequence:472
2973,6,对付,對付,duìfu,unige-pdf-page:135;level-sequence:473
2974,6,对抗,對抗,duìkàng,unige-pdf-page:135;level-sequence:474
2975,6,对立,對立,duìlì,unige-pdf-page:135;level-sequence:475
2976,6,对联,對聯,duìlián,unige-pdf-page:135;level-sequence:476
2977,6,对应,對應,duìyìng,unige-pdf-page:135;level-sequence:477
2978,6,对照,對照,duìzhào,unige-pdf-page:135;level-sequence:478
2979,6,兑现,兌現,duìxiàn,unige-pdf-page:135;level-sequence:479
2980,6,顿时,頓時,dùnshí,unige-pdf-page:135;level-sequence:480
2981,6,多元化,多元化,duōyuánhuà,unige-pdf-page:135;level-sequence:481
2982,6,哆嗦,哆嗦,duōsuo,unige-pdf-page:135;level-sequence:482
2983,6,堕落,墮落,duòluò,unige-pdf-page:135;level-sequence:483
2984,6,额外,額外,éwài,unige-pdf-page:135;level-sequence:484
2985,6,恶心,惡心,ěxīn,unige-pdf-page:135;level-sequence:485
2986,6,恶化,惡化,èhuà,unige-pdf-page:135;level-sequence:486
2987,6,遏制,遏制,èzhì,unige-pdf-page:135;level-sequence:487
2988,6,恩怨,恩怨,ēnyuàn,unige-pdf-page:135;level-sequence:488
2989,6,而已,而已,éryǐ,unige-pdf-page:135;level-sequence:489
2990,6,二氧化碳,二氧化碳,èryǎnghuàtàn,unige-pdf-page:135;level-sequence:490
2991,6,发布,發布,fābù,unige-pdf-page:135;level-sequence:491
2992,6,发财,發財,fā cái,unige-pdf-page:135;level-sequence:492
2993,6,发呆,發呆,fādāi,unige-pdf-page:135;level-sequence:493
2994,6,发动,發動,fādòng,unige-pdf-page:135;level-sequence:494
2995,6,发觉,發覺,fājué,unige-pdf-page:135;level-sequence:495
2996,6,发射,發射,fāshè,unige-pdf-page:135;level-sequence:496
2997,6,发誓,發誓,fā shì,unige-pdf-page:135;level-sequence:497
2998,6,发行,發行,fāxíng,unige-pdf-page:135;level-sequence:498
2999,6,发炎,發炎,fā yán,unige-pdf-page:136;level-sequence:499
3000,6,发扬,發揚,fāyáng,unige-pdf-page:136;level-sequence:500
3001,6,发育,發育,fāyù,unige-pdf-page:136;level-sequence:501
3002,6,法人,法人,fǎrén,unige-pdf-page:136;level-sequence:502
3003,6,番,番,fān,unige-pdf-page:136;level-sequence:503
3004,6,凡是,凡是,fánshì,unige-pdf-page:136;level-sequence:504
3005,6,繁华,繁華,fánhuá,unige-pdf-page:136;level-sequence:505
3006,6,繁忙,繁忙,fánmáng,unige-pdf-page:136;level-sequence:506
3007,6,繁体字,繁體字,fántǐzì,unige-pdf-page:136;level-sequence:507
3008,6,繁殖,繁殖,fánzhí,unige-pdf-page:136;level-sequence:508
3009,6,反驳,反駁,fǎnbó,unige-pdf-page:136;level-sequence:509
3010,6,反常,反常,fǎncháng,unige-pdf-page:136;level-sequence:510
3011,6,反感,反感,fǎngǎn,unige-pdf-page:136;level-sequence:511
3012,6,反抗,反抗,fǎnkàng,unige-pdf-page:136;level-sequence:512
3013,6,反馈,反饋,fǎnkuì,unige-pdf-page:136;level-sequence:513
3014,6,反面,反面,fǎnmiàn,unige-pdf-page:136;level-sequence:514
3015,6,反射,反射,fǎnshè,unige-pdf-page:136;level-sequence:515
3016,6,反思,反思,fǎnsī,unige-pdf-page:136;level-sequence:516
3017,6,反问,反問,fǎnwèn,unige-pdf-page:136;level-sequence:517
3018,6,反之,反之,fǎnzhī,unige-pdf-page:136;level-sequence:518
3019,6,泛滥,泛濫,fànlàn,unige-pdf-page:136;level-sequence:519
3020,6,范畴,範疇,fànchóu,unige-pdf-page:136;level-sequence:520
3021,6,贩卖,販賣,fànmài,unige-pdf-page:136;level-sequence:521
3022,6,方位,方位,fāngwèi,unige-pdf-page:136;level-sequence:522
3023,6,方言,方言,fāngyán,unige-pdf-page:136;level-sequence:523
3024,6,方圆,方圓,fāngyuán,unige-pdf-page:136;level-sequence:524
3025,6,方针,方針,fāngzhēn,unige-pdf-page:136;level-sequence:525
3026,6,防守,防守,fángshǒu,unige-pdf-page:136;level-sequence:526
3027,6,防御,防禦,fángyù,unige-pdf-page:137;level-sequence:527
3028,6,防止,防止,fángzhǐ,unige-pdf-page:137;level-sequence:528
3029,6,防治,防治,fángzhì,unige-pdf-page:137;level-sequence:529
3030,6,访问,訪問,fǎngwèn,unige-pdf-page:137;level-sequence:530
3031,6,纺织,紡織,fǎngzhī,unige-pdf-page:137;level-sequence:531
3032,6,放大,放大,fàngdà,unige-pdf-page:137;level-sequence:532
3033,6,放射,放射,fàngshè,unige-pdf-page:137;level-sequence:533
3034,6,飞禽走兽,飛禽走獸,fēiqín zǒushòu,unige-pdf-page:137;level-sequence:534
3035,6,飞翔,飛翔,fēixiáng,unige-pdf-page:137;level-sequence:535
3036,6,飞跃,飛躍,fēiyuè,unige-pdf-page:137;level-sequence:536
3037,6,非法,非法,fēifǎ,unige-pdf-page:137;level-sequence:537
3038,6,肥沃,肥沃,féiwò,unige-pdf-page:137;level-sequence:538
3039,6,诽谤,誹謗,fěibàng,unige-pdf-page:137;level-sequence:539
3040,6,肺,肺,fèi,unige-pdf-page:137;level-sequence:540
3041,6,废除,廢除,fèichú,unige-pdf-page:137;level-sequence:541
3042,6,废寝忘食,廢寢忘食,fèiqǐn-wàngshí,unige-pdf-page:137;level-sequence:542
3043,6,废墟,廢墟,fèixū,unige-pdf-page:137;level-sequence:543
3044,6,沸腾,沸騰,fèiténg,unige-pdf-page:137;level-sequence:544
3045,6,分辨,分辨,fēnbiàn,unige-pdf-page:137;level-sequence:545
3046,6,分寸,分寸,fēncùn,unige-pdf-page:137;level-sequence:546
3047,6,分红,分紅,fēn hóng,unige-pdf-page:137;level-sequence:547
3048,6,分解,分解,fēnjiě,unige-pdf-page:137;level-sequence:548
3049,6,分裂,分裂,fēnliè,unige-pdf-page:137;level-sequence:549
3050,6,分泌,分泌,fēnmì,unige-pdf-page:137;level-sequence:550
3051,6,分明,分明,fēnmíng,unige-pdf-page:137;level-sequence:551
3052,6,分歧,分歧,fēnqí,unige-pdf-page:137;level-sequence:552
3053,6,分散,分散,fēnsàn,unige-pdf-page:137;level-sequence:553
3054,6,吩咐,吩咐,fēnfù,unige-pdf-page:137;level-sequence:554
3055,6,坟墓,墳墓,fénmù,unige-pdf-page:137;level-sequence:555
3056,6,粉末,粉末,fěnmò,unige-pdf-page:137;level-sequence:556
3057,6,粉色,粉色,fěnsè,unige-pdf-page:138;level-sequence:557
3058,6,粉碎,粉碎,fěnsuì,unige-pdf-page:138;level-sequence:558
3059,6,分量,分量,fènliàng,unige-pdf-page:138;level-sequence:559
3060,6,愤怒,憤怒,fènnù,unige-pdf-page:138;level-sequence:560
3061,6,丰满,豐滿,fēngmǎn,unige-pdf-page:138;level-sequence:561
3062,6,丰盛,豐盛,fēngshèng,unige-pdf-page:138;level-sequence:562
3063,6,丰收,豐收,fēngshōu,unige-pdf-page:138;level-sequence:563
3064,6,风暴,風暴,fēngbào,unige-pdf-page:138;level-sequence:564
3065,6,风度,風度,fēngdù,unige-pdf-page:138;level-sequence:565
3066,6,风光,風光,fēngguāng,unige-pdf-page:138;level-sequence:566
3067,6,风气,風氣,fēngqì,unige-pdf-page:138;level-sequence:567
3068,6,风趣,風趣,fēngqù,unige-pdf-page:138;level-sequence:568
3069,6,风土人情,風土人情,fēngtǔ rénqíng,unige-pdf-page:138;level-sequence:569
3070,6,风味,風味,fēngwèi,unige-pdf-page:138;level-sequence:570
3071,6,封闭,封閉,fēngbì,unige-pdf-page:138;level-sequence:571
3072,6,封建,封建,fēngjiàn,unige-pdf-page:138;level-sequence:572
3073,6,封锁,封鎖,fēngsuǒ,unige-pdf-page:138;level-sequence:573
3074,6,锋利,鋒利,fēnglì,unige-pdf-page:138;level-sequence:574
3075,6,逢,逢,féng,unige-pdf-page:138;level-sequence:575
3076,6,奉献,奉獻,fèngxiàn,unige-pdf-page:138;level-sequence:576
3077,6,否决,否決,fǒujué,unige-pdf-page:138;level-sequence:577
3078,6,夫妇,夫婦,fūfù,unige-pdf-page:138;level-sequence:578
3079,6,夫人,夫人,fūrén,unige-pdf-page:138;level-sequence:579
3080,6,敷衍,敷衍,fūyǎn,unige-pdf-page:138;level-sequence:580
3081,6,服从,服從,fúcóng,unige-pdf-page:138;level-sequence:581
3082,6,服气,服氣,fúqì,unige-pdf-page:138;level-sequence:582
3083,6,俘虏,俘虜,fúlǔ,unige-pdf-page:138;level-sequence:583
3084,6,符号,符號,fúhào,unige-pdf-page:138;level-sequence:584
3085,6,幅度,幅度,fúdù,unige-pdf-page:138;level-sequence:585
3086,6,辐射,輻射,fúshè,unige-pdf-page:138;level-sequence:586
3087,6,福利,福利,fúlì,unige-pdf-page:139;level-sequence:587
3088,6,福气,福氣,fúqi,unige-pdf-page:139;level-sequence:588
3089,6,抚摸,撫摸,fǔmō,unige-pdf-page:139;level-sequence:589
3090,6,抚养,撫養,fǔyǎng,unige-pdf-page:139;level-sequence:590
3091,6,俯视,俯視,fǔshì,unige-pdf-page:139;level-sequence:591
3092,6,辅助,輔助,fǔzhù,unige-pdf-page:139;level-sequence:592
3093,6,腐败,腐敗,fǔbài,unige-pdf-page:139;level-sequence:593
3094,6,腐烂,腐爛,fǔlàn,unige-pdf-page:139;level-sequence:594
3095,6,腐蚀,腐蝕,fǔshí,unige-pdf-page:139;level-sequence:595
3096,6,腐朽,腐朽,fǔxiǔ,unige-pdf-page:139;level-sequence:596
3097,6,负担,負擔,fùdān,unige-pdf-page:139;level-sequence:597
3098,6,附和,附和,fùhè,unige-pdf-page:139;level-sequence:598
3099,6,附件,附件,fùjiàn,unige-pdf-page:139;level-sequence:599
3100,6,附属,附屬,fùshǔ,unige-pdf-page:139;level-sequence:600
3101,6,复活,復活,fùhuó,unige-pdf-page:139;level-sequence:601
3102,6,复兴,復興,fùxīng,unige-pdf-page:139;level-sequence:602
3103,6,副,副,fù,unige-pdf-page:139;level-sequence:603
3104,6,赋予,賦予,fùyǔ,unige-pdf-page:139;level-sequence:604
3105,6,富裕,富裕,fùyù,unige-pdf-page:139;level-sequence:605
3106,6,腹泻,腹瀉,fùxiè,unige-pdf-page:139;level-sequence:606
3107,6,覆盖,覆蓋,fùgài,unige-pdf-page:139;level-sequence:607
3108,6,改良,改良,gǎiliáng,unige-pdf-page:139;level-sequence:608
3109,6,钙,鈣,gài,unige-pdf-page:139;level-sequence:609
3110,6,盖章,蓋章,gài zhāng,unige-pdf-page:139;level-sequence:610
3111,6,干旱,乾旱,gānhàn,unige-pdf-page:139;level-sequence:611
3112,6,干扰,乾擾,gānrǎo,unige-pdf-page:140;level-sequence:612
3113,6,干涉,干涉,gānshè,unige-pdf-page:140;level-sequence:613
3114,6,干预,干預,gānyù,unige-pdf-page:140;level-sequence:614
3115,6,尴尬,尷尬,gāngà,unige-pdf-page:140;level-sequence:615
3116,6,感慨,感慨,gǎnkǎi,unige-pdf-page:140;level-sequence:616
3117,6,感染,感染,gǎnrǎn,unige-pdf-page:140;level-sequence:617
3118,6,干劲,幹勁,gànjìn,unige-pdf-page:140;level-sequence:618
3119,6,纲领,綱領,gānglǐng,unige-pdf-page:140;level-sequence:619
3120,6,岗位,崗位,gǎngwèi,unige-pdf-page:140;level-sequence:620
3121,6,港口,港口,gǎngkǒu,unige-pdf-page:140;level-sequence:621
3122,6,港湾,港灣,gǎngwān,unige-pdf-page:140;level-sequence:622
3123,6,杠杆,杠桿,gànggǎn,unige-pdf-page:140;level-sequence:623
3124,6,高超,高超,gāochāo,unige-pdf-page:140;level-sequence:624
3125,6,高潮,高潮,gāocháo,unige-pdf-page:140;level-sequence:625
3126,6,高峰,高峰,gāofēng,unige-pdf-page:140;level-sequence:626
3127,6,高明,高明,gāomíng,unige-pdf-page:140;level-sequence:627
3128,6,高尚,高尚,gāoshàng,unige-pdf-page:140;level-sequence:628
3129,6,高涨,高漲,gāozhǎng,unige-pdf-page:140;level-sequence:629
3130,6,稿件,稿件,gǎojiàn,unige-pdf-page:140;level-sequence:630
3131,6,告辞,告辭,gàocí,unige-pdf-page:140;level-sequence:631
3132,6,告诫,告誡,gàojiè,unige-pdf-page:140;level-sequence:632
3133,6,疙瘩,疙瘩,gēda,unige-pdf-page:140;level-sequence:633
3134,6,鸽子,鴿子,gēzi,unige-pdf-page:140;level-sequence:634
3135,6,搁,擱,gē,unige-pdf-page:140;level-sequence:635
3136,6,割,割,gē,unige-pdf-page:140;level-sequence:636
3137,6,歌颂,歌頌,gēsòng,unige-pdf-page:140;level-sequence:637
3138,6,革命,革命,gé mìng,unige-pdf-page:140;level-sequence:638
3139,6,格局,格局,géjú,unige-pdf-page:140;level-sequence:639
3140,6,格式,格式,géshì,unige-pdf-page:140;level-sequence:640
3141,6,隔阂,隔閡,géhé,unige-pdf-page:140;level-sequence:641
3142,6,隔离,隔離,gélí,unige-pdf-page:140;level-sequence:642
3143,6,个体,個體,gètǐ,unige-pdf-page:141;level-sequence:643
3144,6,各抒己见,各抒己見,gèshū-jǐjiàn,unige-pdf-page:141;level-sequence:644
3145,6,根深蒂固,根深蒂固,gēnshēn-dìgù,unige-pdf-page:141;level-sequence:645
3146,6,根源,根源,gēnyuán,unige-pdf-page:141;level-sequence:646
3147,6,跟前,跟前,gēnqián,unige-pdf-page:141;level-sequence:647
3148,6,跟随,跟隨,gēnsuí,unige-pdf-page:141;level-sequence:648
3149,6,跟踪,跟蹤,gēnzōng,unige-pdf-page:141;level-sequence:649
3150,6,更新,更新,gēngxīn,unige-pdf-page:141;level-sequence:650
3151,6,更正,更正,gēngzhèng,unige-pdf-page:141;level-sequence:651
3152,6,耕地,耕地,gēngdì,unige-pdf-page:141;level-sequence:652
3153,6,工艺品,工藝品,gōngyìpǐn,unige-pdf-page:141;level-sequence:653
3154,6,公安局,公安局,gōng'ānjú,unige-pdf-page:141;level-sequence:654
3155,6,公道,公道,gōngdào,unige-pdf-page:141;level-sequence:655
3156,6,公告,公告,gōnggào,unige-pdf-page:141;level-sequence:656
3157,6,公关,公關,gōngguān,unige-pdf-page:141;level-sequence:657
3158,6,公民,公民,gōngmín,unige-pdf-page:141;level-sequence:658
3159,6,公然,公然,gōngrán,unige-pdf-page:141;level-sequence:659
3160,6,公认,公認,gōngrèn,unige-pdf-page:141;level-sequence:660
3161,6,公式,公式,gōngshì,unige-pdf-page:141;level-sequence:661
3162,6,公务,公務,gōngwù,unige-pdf-page:141;level-sequence:662
3163,6,公正,公正,gōngzhèng,unige-pdf-page:141;level-sequence:663
3164,6,公证,公證,gōngzhèng,unige-pdf-page:141;level-sequence:664
3165,6,功劳,功勞,gōngláo,unige-pdf-page:141;level-sequence:665
3166,6,功效,功效,gōngxiào,unige-pdf-page:141;level-sequence:666
3167,6,攻击,攻擊,gōngjī,unige-pdf-page:141;level-sequence:667
3168,6,攻克,攻克,gōngkè,unige-pdf-page:141;level-sequence:668
3169,6,供不应求,供不應求,gōngbúyìngqiú,unige-pdf-page:141;level-sequence:669
3170,6,供给,供給,gōngjǐ,unige-pdf-page:141;level-sequence:670
3171,6,宫殿,宮殿,gōngdiàn,unige-pdf-page:141;level-sequence:671
3172,6,恭敬,恭敬,gōngjìng,unige-pdf-page:141;level-sequence:672
3173,6,巩固,鞏固,gǒnggù,unige-pdf-page:142;level-sequence:673
3174,6,共和国,共和國,gònghéguó,unige-pdf-page:142;level-sequence:674
3175,6,共计,共計,gòngjì,unige-pdf-page:142;level-sequence:675
3176,6,共鸣,共鳴,gòngmíng,unige-pdf-page:142;level-sequence:676
3177,6,勾结,勾結,gōujié,unige-pdf-page:142;level-sequence:677
3178,6,钩子,鉤子,gōuzi,unige-pdf-page:142;level-sequence:678
3179,6,构思,構思,gòusī,unige-pdf-page:142;level-sequence:679
3180,6,孤独,孤獨,gūdú,unige-pdf-page:142;level-sequence:680
3181,6,孤立,孤立,gūlì,unige-pdf-page:142;level-sequence:681
3182,6,姑且,姑且,gūqiě,unige-pdf-page:142;level-sequence:682
3183,6,辜负,辜負,gūfù,unige-pdf-page:142;level-sequence:683
3184,6,古董,古董,gǔdǒng,unige-pdf-page:142;level-sequence:684
3185,6,古怪,古怪,gǔguài,unige-pdf-page:142;level-sequence:685
3186,6,股东,股東,gǔdōng,unige-pdf-page:142;level-sequence:686
3187,6,股份,股份,gǔfèn,unige-pdf-page:142;level-sequence:687
3188,6,骨干,骨幹,gǔgàn,unige-pdf-page:142;level-sequence:688
3189,6,鼓动,鼓動,gǔdòng,unige-pdf-page:142;level-sequence:689
3190,6,固然,固然,gùrán,unige-pdf-page:142;level-sequence:690
3191,6,固体,固体,gùtĭ,unige-pdf-page:142;level-sequence:691
3192,6,固有,固有,gùyǒu,unige-pdf-page:142;level-sequence:692
3193,6,固执,固執,gùzhi,unige-pdf-page:142;level-sequence:693
3194,6,故乡,故鄉,gùxiāng,unige-pdf-page:142;level-sequence:694
3195,6,故障,故障,gùzhàng,unige-pdf-page:142;level-sequence:695
3196,6,顾虑,顧慮,gùlǜ,unige-pdf-page:142;level-sequence:696
3197,6,顾问,顧問,gùwèn,unige-pdf-page:142;level-sequence:697
3198,6,雇佣,雇佣,gùyōng,unige-pdf-page:142;level-sequence:698
3199,6,拐杖,拐杖,guǎizhàng,unige-pdf-page:142;level-sequence:699
3200,6,关怀,關懷,guānhuái,unige-pdf-page:142;level-sequence:700
3201,6,关照,關照,guānzhào,unige-pdf-page:142;level-sequence:701
3202,6,观光,觀光,guānguāng,unige-pdf-page:143;level-sequence:702
3203,6,官方,官方,guānfāng,unige-pdf-page:143;level-sequence:703
3204,6,管辖,管轄,guǎnxiá,unige-pdf-page:143;level-sequence:704
3205,6,贯彻,貫徹,guànchè,unige-pdf-page:143;level-sequence:705
3206,6,惯例,慣例,guànlì,unige-pdf-page:143;level-sequence:706
3207,6,灌溉,灌溉,guàngài,unige-pdf-page:143;level-sequence:707
3208,6,罐,罐,guàn,unige-pdf-page:143;level-sequence:708
3209,6,光彩,光彩,guāngcǎi,unige-pdf-page:143;level-sequence:709
3210,6,光辉,光輝,guānghuī,unige-pdf-page:143;level-sequence:710
3211,6,光芒,光芒,guāngmáng,unige-pdf-page:143;level-sequence:711
3212,6,光荣,光榮,guāngróng,unige-pdf-page:143;level-sequence:712
3213,6,广阔,廣闊,guǎngkuò,unige-pdf-page:143;level-sequence:713
3214,6,归根到底,歸根到底,guīgēn-dàodǐ,unige-pdf-page:143;level-sequence:714
3215,6,归还,歸還,guīhuán,unige-pdf-page:143;level-sequence:715
3216,6,规范,規範,guīfàn,unige-pdf-page:143;level-sequence:716
3217,6,规格,規格,guīgé,unige-pdf-page:143;level-sequence:717
3218,6,规划,規劃,guīhuà,unige-pdf-page:143;level-sequence:718
3219,6,规章,規章,guīzhāng,unige-pdf-page:143;level-sequence:719
3220,6,轨道,軌道,guǐdào,unige-pdf-page:143;level-sequence:720
3221,6,贵族,貴族,guìzú,unige-pdf-page:143;level-sequence:721
3222,6,跪,跪,guì,unige-pdf-page:143;level-sequence:722
3223,6,棍棒,棍棒,gùnbàng,unige-pdf-page:143;level-sequence:723
3224,6,国防,國防,guófáng,unige-pdf-page:143;level-sequence:724
3225,6,国务院,國務院,guówùyuàn,unige-pdf-page:143;level-sequence:725
3226,6,果断,果斷,guǒduàn,unige-pdf-page:143;level-sequence:726
3227,6,过度,過度,guòdù,unige-pdf-page:143;level-sequence:727
3228,6,过渡,過渡,guòdù,unige-pdf-page:143;level-sequence:728
3229,6,过奖,過獎,guòjiǎng,unige-pdf-page:143;level-sequence:729
3230,6,过滤,過濾,guòlǜ,unige-pdf-page:143;level-sequence:730
3231,6,过失,過失,guòshī,unige-pdf-page:144;level-sequence:731
3232,6,过问,過問,guòwèn,unige-pdf-page:144;level-sequence:732
3233,6,过瘾,過癮,guòyǐn,unige-pdf-page:144;level-sequence:733
3234,6,过于,過於,guòyú,unige-pdf-page:144;level-sequence:734
3235,6,嗨,嗨,hāi,unige-pdf-page:144;level-sequence:735
3236,6,海拔,海拔,hǎibá,unige-pdf-page:144;level-sequence:736
3237,6,海滨,海濱,hǎibīn,unige-pdf-page:144;level-sequence:737
3238,6,含糊,含糊,hánhu,unige-pdf-page:144;level-sequence:738
3239,6,含义,含義,hányì,unige-pdf-page:144;level-sequence:739
3240,6,寒暄,寒暄,hánxuān,unige-pdf-page:144;level-sequence:740
3241,6,罕见,罕見,hǎnjiàn,unige-pdf-page:144;level-sequence:741
3242,6,捍卫,捍衛,hànwèi,unige-pdf-page:144;level-sequence:742
3243,6,行列,行列,hángliè,unige-pdf-page:144;level-sequence:743
3244,6,航空,航空,hángkōng,unige-pdf-page:144;level-sequence:744
3245,6,航天,航天,hángtiān,unige-pdf-page:144;level-sequence:745
3246,6,航行,航行,hángxíng,unige-pdf-page:144;level-sequence:746
3247,6,毫米,毫米,háomǐ,unige-pdf-page:144;level-sequence:747
3248,6,毫无,毫無,háowú,unige-pdf-page:144;level-sequence:748
3249,6,豪迈,豪邁,háomài,unige-pdf-page:144;level-sequence:749
3250,6,号召,號召,hàozhào,unige-pdf-page:144;level-sequence:750
3251,6,耗费,耗費,hàofèi,unige-pdf-page:144;level-sequence:751
3252,6,呵,呵,hē,unige-pdf-page:144;level-sequence:752
3253,6,合并,合併,hébìng,unige-pdf-page:144;level-sequence:753
3254,6,合成,合成,héchéng,unige-pdf-page:144;level-sequence:754
3255,6,合伙,合伙,héhuǒ,unige-pdf-page:144;level-sequence:755
3256,6,合算,合算,hésuàn,unige-pdf-page:144;level-sequence:756
3257,6,和蔼,和藹,hé'ǎi,unige-pdf-page:144;level-sequence:757
3258,6,和解,和解,héjiě,unige-pdf-page:144;level-sequence:758
3259,6,和睦,和睦,hémù,unige-pdf-page:145;level-sequence:759
3260,6,和气,和氣,héqi,unige-pdf-page:145;level-sequence:760
3261,6,和谐,和諧,héxié,unige-pdf-page:145;level-sequence:761
3262,6,嘿,嘿,hēi,unige-pdf-page:145;level-sequence:762
3263,6,痕迹,痕跡,hénjì,unige-pdf-page:145;level-sequence:763
3264,6,狠心,狠心,hěnxīn,unige-pdf-page:145;level-sequence:764
3265,6,恨不得,恨不得,hènbude,unige-pdf-page:145;level-sequence:765
3268,6,轰动,轟動,hōngdòng,unige-pdf-page:145;level-sequence:768
3269,6,烘,烘,hōng,unige-pdf-page:145;level-sequence:769
3270,6,宏观,宏觀,hóngguān,unige-pdf-page:145;level-sequence:770
3271,6,宏伟,宏偉,hóngwěi,unige-pdf-page:145;level-sequence:771
3272,6,洪水,洪水,hóngshuǐ,unige-pdf-page:145;level-sequence:772
3273,6,哄,哄,hǒng,unige-pdf-page:145;level-sequence:773
3274,6,喉咙,喉嚨,hóulóng,unige-pdf-page:145;level-sequence:774
3275,6,吼,吼,hǒu,unige-pdf-page:145;level-sequence:775
3276,6,后代,後代,hòudài,unige-pdf-page:145;level-sequence:776
3277,6,后顾之忧,後顧之憂,hòugùzhīyōu,unige-pdf-page:145;level-sequence:777
3278,6,后勤,後勤,hòuqín,unige-pdf-page:145;level-sequence:778
3279,6,候选,候選,hòuxuǎn,unige-pdf-page:145;level-sequence:779
3280,6,呼唤,呼喚,hūhuàn,unige-pdf-page:145;level-sequence:780
3281,6,呼啸,呼嘯,hūxiào,unige-pdf-page:145;level-sequence:781
3282,6,呼吁,呼吁,hūyù,unige-pdf-page:145;level-sequence:782
3283,6,忽略,忽略,hūlüè,unige-pdf-page:145;level-sequence:783
3284,6,胡乱,胡亂,húluàn,unige-pdf-page:145;level-sequence:784
3285,6,胡须,胡須,húxū,unige-pdf-page:145;level-sequence:785
3286,6,湖泊,湖泊,húpō,unige-pdf-page:145;level-sequence:786
3287,6,花瓣,花瓣,huābàn,unige-pdf-page:146;level-sequence:787
3288,6,花蕾,花蕾,huālěi,unige-pdf-page:146;level-sequence:788
3289,6,华丽,華麗,huálì,unige-pdf-page:146;level-sequence:789
3290,6,华侨,華僑,huáqiáo,unige-pdf-page:146;level-sequence:790
3291,6,化肥,化肥,huàféi,unige-pdf-page:146;level-sequence:791
3292,6,化石,化石,huàshí,unige-pdf-page:146;level-sequence:792
3293,6,化验,化驗,huàyàn,unige-pdf-page:146;level-sequence:793
3294,6,化妆,化妝,huà zhuāng,unige-pdf-page:146;level-sequence:794
3295,6,划分,劃分,huàfēn,unige-pdf-page:146;level-sequence:795
3296,6,画蛇添足,畫蛇添足,huàshé-tiānzú,unige-pdf-page:146;level-sequence:796
3297,6,话筒,話筒,huàtǒng,unige-pdf-page:146;level-sequence:797
3298,6,欢乐,歡樂,huānlè,unige-pdf-page:146;level-sequence:798
3299,6,还原,還原,huányuán,unige-pdf-page:146;level-sequence:799
3300,6,环节,環節,huánjié,unige-pdf-page:146;level-sequence:800
3301,6,缓和,緩和,huǎnhé,unige-pdf-page:146;level-sequence:801
3302,6,患者,患者,huànzhě,unige-pdf-page:146;level-sequence:802
3303,6,荒凉,荒涼,huāngliáng,unige-pdf-page:146;level-sequence:803
3304,6,荒谬,荒謬,huāngmiù,unige-pdf-page:146;level-sequence:804
3305,6,荒唐,荒唐,huāngtáng,unige-pdf-page:146;level-sequence:805
3306,6,皇帝,皇帝,huángdì,unige-pdf-page:146;level-sequence:806
3307,6,皇后,皇后,huánghòu,unige-pdf-page:146;level-sequence:807
3308,6,黄昏,黃昏,huánghūn,unige-pdf-page:146;level-sequence:808
3309,6,恍然大悟,恍然大悟,huǎngrán,unige-pdf-page:146;level-sequence:809
3310,6,晃,晃,huàng,unige-pdf-page:146;level-sequence:810
3311,6,挥霍,揮霍,huīhuò,unige-pdf-page:146;level-sequence:811
3312,6,辉煌,輝煌,huīhuáng,unige-pdf-page:146;level-sequence:812
3313,6,回报,回報,huíbào,unige-pdf-page:146;level-sequence:813
3314,6,回避,回避,huíbì,unige-pdf-page:146;level-sequence:814
3315,6,回顾,回顧,huígù,unige-pdf-page:146;level-sequence:815
3316,6,回收,回收,huíshōu,unige-pdf-page:147;level-sequence:816
3317,6,悔恨,悔恨,huǐhèn,unige-pdf-page:147;level-sequence:817
3318,6,毁灭,毀滅,huǐmiè,unige-pdf-page:147;level-sequence:818
3319,6,汇报,彙報,huìbào,unige-pdf-page:147;level-sequence:819
3320,6,会晤,會晤,huìwù,unige-pdf-page:147;level-sequence:820
3321,6,贿赂,賄賂,huìlù,unige-pdf-page:147;level-sequence:821
3322,6,昏迷,昏迷,hūnmí,unige-pdf-page:147;level-sequence:822
3323,6,荤,葷,hūn,unige-pdf-page:147;level-sequence:823
3324,6,浑身,渾身,húnshēn,unige-pdf-page:147;level-sequence:824
3325,6,混合,混合,hùnhé,unige-pdf-page:147;level-sequence:825
3326,6,混乱,混亂,hùnluàn,unige-pdf-page:147;level-sequence:826
3327,6,混淆,混淆,hùnxiáo,unige-pdf-page:147;level-sequence:827
3328,6,混浊,混濁,hùnzhuó,unige-pdf-page:147;level-sequence:828
3329,6,活该,活該,huógāi,unige-pdf-page:147;level-sequence:829
3330,6,活力,活力,huólì,unige-pdf-page:147;level-sequence:830
3331,6,火箭,火箭,huǒjiàn,unige-pdf-page:147;level-sequence:831
3332,6,火焰,火焰,huǒyàn,unige-pdf-page:147;level-sequence:832
3333,6,火药,火藥,huǒyào,unige-pdf-page:147;level-sequence:833
3334,6,货币,貨幣,huòbì,unige-pdf-page:147;level-sequence:834
3335,6,讥笑,譏笑,jīxiào,unige-pdf-page:147;level-sequence:835
3336,6,饥饿,飢餓,jī'è,unige-pdf-page:147;level-sequence:836
3337,6,机动,機動,jīdòng,unige-pdf-page:147;level-sequence:837
3338,6,机构,機構,jīgòu,unige-pdf-page:147;level-sequence:838
3339,6,机灵,機靈,jīling,unige-pdf-page:147;level-sequence:839
3340,6,机密,機密,jīmì,unige-pdf-page:147;level-sequence:840
3341,6,机械,機械,jīxiè,unige-pdf-page:148;level-sequence:841
3342,6,机遇,機遇,jīyù,unige-pdf-page:148;level-sequence:842
3343,6,机智,機智,jīzhì,unige-pdf-page:148;level-sequence:843
3344,6,基地,基地,jīdì,unige-pdf-page:148;level-sequence:844
3345,6,基金,基金,jījīn,unige-pdf-page:148;level-sequence:845
3346,6,基因,基因,jīyīn,unige-pdf-page:148;level-sequence:846
3347,6,激发,激發,jīfā,unige-pdf-page:148;level-sequence:847
3348,6,激励,激勵,jīlì,unige-pdf-page:148;level-sequence:848
3349,6,激情,激情,jīqíng,unige-pdf-page:148;level-sequence:849
3350,6,及早,及早,jízǎo,unige-pdf-page:148;level-sequence:850
3351,6,吉祥,吉祥,jíxiáng,unige-pdf-page:148;level-sequence:851
3352,6,级别,級別,jíbié,unige-pdf-page:148;level-sequence:852
3353,6,极端,極端,jíduān,unige-pdf-page:148;level-sequence:853
3354,6,极限,極限,jíxiàn,unige-pdf-page:148;level-sequence:854
3355,6,即便,即便,jíbiàn,unige-pdf-page:148;level-sequence:855
3356,6,即将,即將,jíjiāng,unige-pdf-page:148;level-sequence:856
3357,6,急功近利,急功近利,jígōng-jìnlì,unige-pdf-page:148;level-sequence:857
3358,6,急剧,急劇,jíjù,unige-pdf-page:148;level-sequence:858
3359,6,急切,急切,jíqiè,unige-pdf-page:148;level-sequence:859
3360,6,急于求成,急於求成,jíyú qiúchéng,unige-pdf-page:148;level-sequence:860
3361,6,急躁,急躁,jízào,unige-pdf-page:148;level-sequence:861
3362,6,疾病,疾病,jíbìng,unige-pdf-page:148;level-sequence:862
3363,6,集团,集團,jítuán,unige-pdf-page:148;level-sequence:863
3364,6,嫉妒,嫉妒,jídù,unige-pdf-page:148;level-sequence:864
3365,6,籍贯,籍貫,jíguàn,unige-pdf-page:148;level-sequence:865
3366,6,给予,給予,jǐyǔ,unige-pdf-page:148;level-sequence:866
3367,6,计较,計較,jìjiào,unige-pdf-page:148;level-sequence:867
3368,6,记性,記性,jìxing,unige-pdf-page:148;level-sequence:868
3369,6,记载,記載,jìzǎi,unige-pdf-page:148;level-sequence:869
3370,6,纪要,紀要,jìyào,unige-pdf-page:149;level-sequence:870
3371,6,技巧,技巧,jìqiǎo,unige-pdf-page:149;level-sequence:871
3372,6,忌讳,忌諱,jìhuì,unige-pdf-page:149;level-sequence:872
3373,6,季度,季度,jìdù,unige-pdf-page:149;level-sequence:873
3374,6,季军,季軍,jìjūn,unige-pdf-page:149;level-sequence:874
3375,6,迹象,跡象,jìxiàng,unige-pdf-page:149;level-sequence:875
3376,6,继承,繼承,jìchéng,unige-pdf-page:149;level-sequence:876
3377,6,寄托,寄托,jìtuō,unige-pdf-page:149;level-sequence:877
3378,6,寂静,寂靜,jìjìng,unige-pdf-page:149;level-sequence:878
3379,6,加工,加工,jiā gōng,unige-pdf-page:149;level-sequence:879
3380,6,加剧,加劇,jiājù,unige-pdf-page:149;level-sequence:880
3381,6,夹杂,夾雜,jiāzá,unige-pdf-page:149;level-sequence:881
3382,6,佳肴,佳餚,jiāyáo,unige-pdf-page:149;level-sequence:882
3383,6,家常,家常,jiācháng,unige-pdf-page:149;level-sequence:883
3384,6,家伙,家伙,jiāhuo,unige-pdf-page:149;level-sequence:884
3385,6,家属,家屬,jiāshǔ,unige-pdf-page:149;level-sequence:885
3386,6,家喻户晓,家喻戶曉,jiāyù-hùxiǎo,unige-pdf-page:149;level-sequence:886
3387,6,尖端,尖端,jiānduān,unige-pdf-page:149;level-sequence:887
3388,6,尖锐,尖銳,jiānruì,unige-pdf-page:149;level-sequence:888
3389,6,坚定,堅定,jiāndìng,unige-pdf-page:149;level-sequence:889
3390,6,坚固,堅固,jiāngù,unige-pdf-page:149;level-sequence:890
3391,6,坚韧,堅韌,jiānrèn,unige-pdf-page:149;level-sequence:891
3392,6,坚实,堅實,jiānshí,unige-pdf-page:149;level-sequence:892
3393,6,坚硬,堅硬,jiānyìng,unige-pdf-page:149;level-sequence:893
3394,6,艰难,艱難,jiānnán,unige-pdf-page:149;level-sequence:894
3395,6,监督,監督,jiāndū,unige-pdf-page:149;level-sequence:895
3396,6,监视,監視,jiānshì,unige-pdf-page:149;level-sequence:896
3397,6,监狱,監獄,jiānyù,unige-pdf-page:149;level-sequence:897
3398,6,煎,煎,jiān,unige-pdf-page:150;level-sequence:898
3399,6,拣,揀,jiǎn,unige-pdf-page:150;level-sequence:899
3400,6,检讨,檢討,jiǎntǎo,unige-pdf-page:150;level-sequence:900
3401,6,检验,檢驗,jiǎnyàn,unige-pdf-page:150;level-sequence:901
3402,6,剪彩,剪彩,jiǎn cǎi,unige-pdf-page:150;level-sequence:902
3403,6,简化,簡化,jiǎnhuà,unige-pdf-page:150;level-sequence:903
3404,6,简陋,簡陋,jiǎnlòu,unige-pdf-page:150;level-sequence:904
3405,6,简体字,簡體字,jiǎntǐzì,unige-pdf-page:150;level-sequence:905
3406,6,简要,簡要,jiǎnyào,unige-pdf-page:150;level-sequence:906
3407,6,见多识广,見多識廣,jiànduō-,unige-pdf-page:150;level-sequence:907
3408,6,见解,見解,jiànjiě,unige-pdf-page:150;level-sequence:908
3409,6,见闻,見聞,jiànwén,unige-pdf-page:150;level-sequence:909
3410,6,见义勇为,見義勇為,jiànyì-yǒngwéi,unige-pdf-page:150;level-sequence:910
3411,6,间谍,間諜,jiàndié,unige-pdf-page:150;level-sequence:911
3412,6,间隔,間隔,jiàngé,unige-pdf-page:150;level-sequence:912
3413,6,间接,間接,jiànjiē,unige-pdf-page:150;level-sequence:913
3414,6,剑,劍,jiàn,unige-pdf-page:150;level-sequence:914
3415,6,健全,健全,jiànquán,unige-pdf-page:150;level-sequence:915
3416,6,舰艇,艦艇,jiàntǐng,unige-pdf-page:150;level-sequence:916
3417,6,践踏,踐踏,jiàntà,unige-pdf-page:150;level-sequence:917
3418,6,溅,濺,jiàn,unige-pdf-page:150;level-sequence:918
3419,6,鉴别,鑒別,jiànbié,unige-pdf-page:150;level-sequence:919
3420,6,鉴定,鑒定,jiàndìng,unige-pdf-page:150;level-sequence:920
3421,6,鉴于,鑒於,jiànyú,unige-pdf-page:150;level-sequence:921
3422,6,将近,將近,jiāngjìn,unige-pdf-page:150;level-sequence:922
3423,6,将就,將就,jiāngjiù,unige-pdf-page:150;level-sequence:923
3424,6,将军,將軍,jiāngjūn,unige-pdf-page:150;level-sequence:924
3425,6,僵硬,僵硬,jiāngyìng,unige-pdf-page:151;level-sequence:925
3426,6,奖励,獎勵,jiǎnglì,unige-pdf-page:151;level-sequence:926
3427,6,奖赏,獎賞,jiǎngshǎng,unige-pdf-page:151;level-sequence:927
3428,6,桨,槳,jiǎng,unige-pdf-page:151;level-sequence:928
3429,6,降临,降臨,jiànglín,unige-pdf-page:151;level-sequence:929
3430,6,交叉,交叉,jiāochā,unige-pdf-page:151;level-sequence:930
3431,6,交代,交代,jiāodài,unige-pdf-page:151;level-sequence:931
3432,6,交涉,交涉,jiāoshè,unige-pdf-page:151;level-sequence:932
3433,6,交易,交易,jiāoyì,unige-pdf-page:151;level-sequence:933
3434,6,娇气,嬌氣,jiāoqì,unige-pdf-page:151;level-sequence:934
3435,6,焦点,焦點,jiāodiǎn,unige-pdf-page:151;level-sequence:935
3436,6,焦急,焦急,jiāojí,unige-pdf-page:151;level-sequence:936
3437,6,角落,角落,jiǎoluò,unige-pdf-page:151;level-sequence:937
3438,6,侥幸,僥倖,jiǎoxìng,unige-pdf-page:151;level-sequence:938
3439,6,搅拌,攪拌,jiǎobàn,unige-pdf-page:151;level-sequence:939
3440,6,缴纳,繳納,jiǎonà,unige-pdf-page:151;level-sequence:940
3441,6,较量,較量,jiàoliàng,unige-pdf-page:151;level-sequence:941
3442,6,教养,教養,jiàoyǎng,unige-pdf-page:151;level-sequence:942
3443,6,阶层,階層,jiēcéng,unige-pdf-page:151;level-sequence:943
3444,6,皆,皆,jiē,unige-pdf-page:151;level-sequence:944
3445,6,接连,接連,jiēlián,unige-pdf-page:151;level-sequence:945
3446,6,揭露,揭露,jiēlù,unige-pdf-page:151;level-sequence:946
3447,6,节制,節制,jiézhì,unige-pdf-page:151;level-sequence:947
3448,6,节奏,節奏,jiézòu,unige-pdf-page:151;level-sequence:948
3449,6,杰出,傑出,jiéchū,unige-pdf-page:151;level-sequence:949
3450,6,结晶,結晶,jiéjīng,unige-pdf-page:151;level-sequence:950
3451,6,结局,結局,jiéjú,unige-pdf-page:151;level-sequence:951
3452,6,结算,結算,jiésuàn,unige-pdf-page:151;level-sequence:952
3453,6,截止,截止,jiézhǐ,unige-pdf-page:151;level-sequence:953
3454,6,截至,截至,jiézhì,unige-pdf-page:152;level-sequence:954
3455,6,竭尽全力,竭盡全力,jiéjìn quánlì,unige-pdf-page:152;level-sequence:955
3456,6,解除,解除,jiěchú,unige-pdf-page:152;level-sequence:956
3457,6,解放,解放,jiĕfàng,unige-pdf-page:152;level-sequence:957
3458,6,解雇,解雇,jiěgù,unige-pdf-page:152;level-sequence:958
3459,6,解剖,解剖,jiěpōu,unige-pdf-page:152;level-sequence:959
3460,6,解散,解散,jiěsàn,unige-pdf-page:152;level-sequence:960
3461,6,解体,解體,jiětǐ,unige-pdf-page:152;level-sequence:961
3462,6,戒备,戒備,jièbèi,unige-pdf-page:152;level-sequence:962
3463,6,界限,界限,jièxiàn,unige-pdf-page:152;level-sequence:963
3464,6,借鉴,借鑒,jièjiàn,unige-pdf-page:152;level-sequence:964
3465,6,借助,借助,jièzhù,unige-pdf-page:152;level-sequence:965
3466,6,金融,金融,jīnróng,unige-pdf-page:152;level-sequence:966
3467,6,津津有味,津津有味,jīnjīn yǒuwèi,unige-pdf-page:152;level-sequence:967
3468,6,紧迫,緊迫,jǐnpò,unige-pdf-page:152;level-sequence:968
3469,6,锦上添花,錦上添花,jǐnshàng-,unige-pdf-page:152;level-sequence:969
3470,6,进而,進而,jìn'ér,unige-pdf-page:152;level-sequence:970
3471,6,进攻,進攻,jìngōng,unige-pdf-page:152;level-sequence:971
3472,6,进化,進化,jìnhuà,unige-pdf-page:152;level-sequence:972
3473,6,进展,進展,jìnzhǎn,unige-pdf-page:152;level-sequence:973
3474,6,近来,近來,jìnlái,unige-pdf-page:152;level-sequence:974
3475,6,晋升,晉升,jìnshēng,unige-pdf-page:152;level-sequence:975
3476,6,浸泡,浸泡,jìnpào,unige-pdf-page:152;level-sequence:976
3477,6,茎,莖,jīng,unige-pdf-page:152;level-sequence:977
3478,6,经费,經費,jīngfèi,unige-pdf-page:152;level-sequence:978
3479,6,经纬,經緯,jīngwěi,unige-pdf-page:152;level-sequence:979
3480,6,惊动,驚動,jīngdòng,unige-pdf-page:152;level-sequence:980
3481,6,惊奇,驚奇,jīngqí,unige-pdf-page:153;level-sequence:981
3482,6,惊讶,驚訝,jīngyà,unige-pdf-page:153;level-sequence:982
3483,6,兢兢业业,兢兢業業,jīngjīngyèyè,unige-pdf-page:153;level-sequence:983
3484,6,精打细算,精打細算,jīngdǎ-xìsuàn,unige-pdf-page:153;level-sequence:984
3485,6,精华,精華,jīnghuá,unige-pdf-page:153;level-sequence:985
3486,6,精简,精簡,jīngjiǎn,unige-pdf-page:153;level-sequence:986
3487,6,精密,精密,jīngmì,unige-pdf-page:153;level-sequence:987
3488,6,精确,精確,jīngquè,unige-pdf-page:153;level-sequence:988
3489,6,精通,精通,jīngtōng,unige-pdf-page:153;level-sequence:989
3490,6,精心,精心,jīngxīn,unige-pdf-page:153;level-sequence:990
3491,6,精益求精,精益求精,jīngyìqiújīng,unige-pdf-page:153;level-sequence:991
3492,6,精致,精緻,jīngzhì,unige-pdf-page:153;level-sequence:992
3493,6,井,井,jǐng,unige-pdf-page:153;level-sequence:993
3494,6,颈椎,頸椎,jǐngzhuī,unige-pdf-page:153;level-sequence:994
3495,6,警告,警告,jǐnggào,unige-pdf-page:153;level-sequence:995
3496,6,警惕,警惕,jǐngtì,unige-pdf-page:153;level-sequence:996
3497,6,竞赛,競賽,jìngsài,unige-pdf-page:153;level-sequence:997
3498,6,竞选,競選,jìngxuǎn,unige-pdf-page:153;level-sequence:998
3499,6,敬礼,敬禮,jìnglǐ,unige-pdf-page:153;level-sequence:999
3500,6,敬业,敬業,jìngyè,unige-pdf-page:153;level-sequence:1000
3501,6,境界,境界,jìngjiè,unige-pdf-page:153;level-sequence:1001
3502,6,镜头,鏡頭,jìngtóu,unige-pdf-page:153;level-sequence:1002
3503,6,纠纷,糾紛,jiūfēn,unige-pdf-page:153;level-sequence:1003
3504,6,纠正,糾正,jiūzhèng,unige-pdf-page:153;level-sequence:1004
3505,6,酒精,酒精,jiǔjīng,unige-pdf-page:153;level-sequence:1005
3506,6,救济,救濟,jiùjì,unige-pdf-page:153;level-sequence:1006
3507,6,就近,就近,jiùjìn,unige-pdf-page:153;level-sequence:1007
3508,6,就业,就業,jiù yè,unige-pdf-page:153;level-sequence:1008
3509,6,就职,就職,jiù zhí,unige-pdf-page:153;level-sequence:1009
3510,6,拘留,拘留,jūliú,unige-pdf-page:154;level-sequence:1010
3511,6,拘束,拘束,jūshù,unige-pdf-page:154;level-sequence:1011
3512,6,居民,居民,jūmín,unige-pdf-page:154;level-sequence:1012
3513,6,居住,居住,jūzhù,unige-pdf-page:154;level-sequence:1013
3514,6,鞠躬,鞠躬,jūgōng,unige-pdf-page:154;level-sequence:1014
3515,6,局部,局部,júbù,unige-pdf-page:154;level-sequence:1015
3516,6,局面,局面,júmiàn,unige-pdf-page:154;level-sequence:1016
3517,6,局势,局勢,júshì,unige-pdf-page:154;level-sequence:1017
3518,6,局限,局限,júxiàn,unige-pdf-page:154;level-sequence:1018
3519,6,咀嚼,咀嚼,jǔjué,unige-pdf-page:154;level-sequence:1019
3520,6,沮丧,沮喪,jǔsàng,unige-pdf-page:154;level-sequence:1020
3521,6,举动,舉動,jǔdòng,unige-pdf-page:154;level-sequence:1021
3522,6,举世瞩目,舉世矚目,jǔshì zhǔmù,unige-pdf-page:154;level-sequence:1022
3523,6,举足轻重,舉足輕重,jǔzú-qīngzhòng,unige-pdf-page:154;level-sequence:1023
3524,6,剧本,劇本,jùběn,unige-pdf-page:154;level-sequence:1024
3525,6,剧烈,劇烈,jùliè,unige-pdf-page:154;level-sequence:1025
3526,6,据悉,據悉,jùxī,unige-pdf-page:154;level-sequence:1026
3527,6,聚精会神,聚精會神,jùjīng-huìshén,unige-pdf-page:154;level-sequence:1027
3528,6,卷,卷,juăn,unige-pdf-page:154;level-sequence:1028
3529,6,决策,決策,juécè,unige-pdf-page:154;level-sequence:1029
3530,6,觉悟,覺悟,juéwù,unige-pdf-page:154;level-sequence:1030
3531,6,觉醒,覺醒,juéxǐng,unige-pdf-page:154;level-sequence:1031
3532,6,绝望,絕望,juéwàng,unige-pdf-page:154;level-sequence:1032
3533,6,倔强,倔強,juéjiàng,unige-pdf-page:154;level-sequence:1033
3534,6,军队,軍隊,jūnduì,unige-pdf-page:154;level-sequence:1034
3535,6,君子,君子,jūnzǐ,unige-pdf-page:154;level-sequence:1035
3536,6,卡通,卡通,kǎtōng,unige-pdf-page:154;level-sequence:1036
3537,6,开采,開采,kāicǎi,unige-pdf-page:154;level-sequence:1037
3538,6,开除,開除,kāichú,unige-pdf-page:154;level-sequence:1038
3539,6,开阔,開闊,kāikuò,unige-pdf-page:155;level-sequence:1039
3540,6,开朗,開朗,kāilǎng,unige-pdf-page:155;level-sequence:1040
3541,6,开明,開明,kāimíng,unige-pdf-page:155;level-sequence:1041
3542,6,开辟,開辟,kāipì,unige-pdf-page:155;level-sequence:1042
3543,6,开拓,開拓,kāituò,unige-pdf-page:155;level-sequence:1043
3544,6,开展,開展,kāizhǎn,unige-pdf-page:155;level-sequence:1044
3545,6,开支,開支,kāizhī,unige-pdf-page:155;level-sequence:1045
3546,6,刊登,刊登,kāndēng,unige-pdf-page:155;level-sequence:1046
3547,6,刊物,刊物,kānwù,unige-pdf-page:155;level-sequence:1047
3548,6,勘探,勘探,kāntàn,unige-pdf-page:155;level-sequence:1048
3549,6,侃侃而谈,侃侃而談,kǎnkǎn'értán,unige-pdf-page:155;level-sequence:1049
3550,6,砍伐,砍伐,kǎnfá,unige-pdf-page:155;level-sequence:1050
3551,6,看待,看待,kàndài,unige-pdf-page:155;level-sequence:1051
3552,6,慷慨,慷慨,kāngkǎi,unige-pdf-page:155;level-sequence:1052
3553,6,扛,扛,káng,unige-pdf-page:155;level-sequence:1053
3554,6,抗议,抗議,kàngyì,unige-pdf-page:155;level-sequence:1054
3555,6,考察,考察,kǎochá,unige-pdf-page:155;level-sequence:1055
3556,6,考古,考古,kǎogǔ,unige-pdf-page:155;level-sequence:1056
3557,6,考核,考核,kǎohé,unige-pdf-page:155;level-sequence:1057
3558,6,考验,考驗,kǎoyàn,unige-pdf-page:155;level-sequence:1058
3559,6,靠拢,靠攏,kàolǒng,unige-pdf-page:155;level-sequence:1059
3560,6,科目,科目,kēmù,unige-pdf-page:155;level-sequence:1060
3561,6,磕,磕,kē,unige-pdf-page:155;level-sequence:1061
3562,6,可观,可觀,kěguān,unige-pdf-page:155;level-sequence:1062
3563,6,可口,可口,kěkǒu,unige-pdf-page:155;level-sequence:1063
3564,6,可恶,可惡,kěwù,unige-pdf-page:155;level-sequence:1064
3565,6,可行,可行,kěxíng,unige-pdf-page:155;level-sequence:1065
3566,6,渴望,渴望,kěwàng,unige-pdf-page:155;level-sequence:1066
3567,6,克制,克制,kèzhì,unige-pdf-page:155;level-sequence:1067
3568,6,刻不容缓,刻不容緩,kèbùrónghuǎn,unige-pdf-page:156;level-sequence:1068
3569,6,客户,客戶,kèhù,unige-pdf-page:156;level-sequence:1069
3570,6,课题,課題,kètí,unige-pdf-page:156;level-sequence:1070
3571,6,恳切,懇切,kěnqiè,unige-pdf-page:156;level-sequence:1071
3572,6,啃,啃,kěn,unige-pdf-page:156;level-sequence:1072
3573,6,坑,坑,kēng,unige-pdf-page:156;level-sequence:1073
3574,6,空洞,空洞,kōngdòng,unige-pdf-page:156;level-sequence:1074
3575,6,空前绝后,空前絕後,kōngqián-,unige-pdf-page:156;level-sequence:1075
3576,6,空想,空想,kōngxiǎng,unige-pdf-page:156;level-sequence:1076
3577,6,空虚,空虛,kōngxū,unige-pdf-page:156;level-sequence:1077
3578,6,孔,孔,kǒng,unige-pdf-page:156;level-sequence:1078
3579,6,恐怖,恐怖,kŏngbù,unige-pdf-page:156;level-sequence:1079
3580,6,恐吓,恐嚇,kǒnghè,unige-pdf-page:156;level-sequence:1080
3581,6,恐惧,恐懼,kǒngjù,unige-pdf-page:156;level-sequence:1081
3582,6,空白,空白,kòngbái,unige-pdf-page:156;level-sequence:1082
3583,6,空隙,空隙,kòngxì,unige-pdf-page:156;level-sequence:1083
3584,6,口气,口氣,kǒuqì,unige-pdf-page:156;level-sequence:1084
3585,6,口腔,口腔,kǒuqiāng,unige-pdf-page:156;level-sequence:1085
3586,6,口头,口頭,kǒutóu,unige-pdf-page:156;level-sequence:1086
3587,6,口音,口音,kǒuyīn,unige-pdf-page:156;level-sequence:1087
3588,6,扣,扣,kòu,unige-pdf-page:156;level-sequence:1088
3589,6,枯萎,枯萎,kūwěi,unige-pdf-page:156;level-sequence:1089
3590,6,枯燥,枯燥,kūzào,unige-pdf-page:156;level-sequence:1090
3591,6,哭泣,哭泣,kūqì,unige-pdf-page:156;level-sequence:1091
3592,6,苦尽甘来,苦盡甘來,kǔjìn-gānlái,unige-pdf-page:156;level-sequence:1092
3593,6,苦涩,苦澀,kūsè,unige-pdf-page:156;level-sequence:1093
3594,6,挎,挎,kuà,unige-pdf-page:156;level-sequence:1094
3595,6,跨,跨,kuà,unige-pdf-page:156;level-sequence:1095
3596,6,快活,快活,kuàihuo,unige-pdf-page:157;level-sequence:1096
3597,6,宽敞,寬敞,kuānchǎng,unige-pdf-page:157;level-sequence:1097
3598,6,宽容,寬容,kuānróng,unige-pdf-page:157;level-sequence:1098
3599,6,款待,款待,kuǎndài,unige-pdf-page:157;level-sequence:1099
3600,6,款式,款式,kuǎnshì,unige-pdf-page:157;level-sequence:1100
3601,6,筐,筐,kuāng,unige-pdf-page:157;level-sequence:1101
3602,6,旷课,曠課,kuàng kè,unige-pdf-page:157;level-sequence:1102
3603,6,况且,況且,kuàngqiě,unige-pdf-page:157;level-sequence:1103
3604,6,矿产,礦產,kuàngchǎn,unige-pdf-page:157;level-sequence:1104
3605,6,框架,框架,kuàngjià,unige-pdf-page:157;level-sequence:1105
3606,6,亏待,虧待,kuīdài,unige-pdf-page:157;level-sequence:1106
3607,6,亏损,虧損,kuīsǔn,unige-pdf-page:157;level-sequence:1107
3608,6,捆绑,捆綁,kǔnbǎng,unige-pdf-page:157;level-sequence:1108
3609,6,扩充,擴充,kuòchōng,unige-pdf-page:157;level-sequence:1109
3610,6,扩散,擴散,kuòsàn,unige-pdf-page:157;level-sequence:1110
3611,6,扩张,擴張,kuòzhāng,unige-pdf-page:157;level-sequence:1111
3612,6,喇叭,喇叭,lǎba,unige-pdf-page:157;level-sequence:1112
3613,6,蜡烛,蠟燭,làzhú,unige-pdf-page:157;level-sequence:1113
3614,6,啦,啦,la,unige-pdf-page:157;level-sequence:1114
3615,6,来历,來歷,láilì,unige-pdf-page:157;level-sequence:1115
3616,6,来源,來源,láiyuán,unige-pdf-page:157;level-sequence:1116
3617,6,栏目,欄目,lánmù,unige-pdf-page:157;level-sequence:1117
3618,6,懒惰,懶惰,lǎnduò,unige-pdf-page:157;level-sequence:1118
3619,6,狼狈,狼狽,lángbèi,unige-pdf-page:157;level-sequence:1119
3620,6,狼吞虎咽,狼吞虎嚥,lángtūn-hǔyàn,unige-pdf-page:157;level-sequence:1120
3621,6,捞,撈,lāo,unige-pdf-page:157;level-sequence:1121
3622,6,牢固,牢固,láogù,unige-pdf-page:158;level-sequence:1122
3623,6,牢骚,牢騷,láosāo,unige-pdf-page:158;level-sequence:1123
3624,6,唠叨,嘮叨,lāodao,unige-pdf-page:158;level-sequence:1124
3625,6,乐趣,樂趣,lèqù,unige-pdf-page:158;level-sequence:1125
3626,6,乐意,樂意,lèyì,unige-pdf-page:158;level-sequence:1126
3627,6,雷达,雷達,léidá,unige-pdf-page:158;level-sequence:1127
3628,6,类似,類似,lèisì,unige-pdf-page:158;level-sequence:1128
3629,6,冷酷,冷酷,lěngkù,unige-pdf-page:158;level-sequence:1129
3630,6,冷落,冷落,lěngluò,unige-pdf-page:158;level-sequence:1130
3631,6,冷却,冷卻,lěngquè,unige-pdf-page:158;level-sequence:1131
3632,6,愣,愣,lèng,unige-pdf-page:158;level-sequence:1132
3633,6,黎明,黎明,límíng,unige-pdf-page:158;level-sequence:1133
3634,6,礼节,禮節,lǐjié,unige-pdf-page:158;level-sequence:1134
3635,6,礼尚往来,禮尚往來,lǐshàngwǎnglái,unige-pdf-page:158;level-sequence:1135
3636,6,里程碑,裡程碑,lǐchéngbēi,unige-pdf-page:158;level-sequence:1136
3637,6,理睬,理睬,lǐcǎi,unige-pdf-page:158;level-sequence:1137
3638,6,理所当然,理所當然,lǐsuǒdāngrán,unige-pdf-page:158;level-sequence:1138
3639,6,理直气壮,理直氣壯,lǐzhí-qìzhuàng,unige-pdf-page:158;level-sequence:1139
3640,6,理智,理智,lǐzhì,unige-pdf-page:158;level-sequence:1140
3641,6,力求,力求,lìqiú,unige-pdf-page:158;level-sequence:1141
3642,6,力所能及,力所能及,lìsuǒnéngjí,unige-pdf-page:158;level-sequence:1142
3643,6,力争,力爭,lìzhēng,unige-pdf-page:158;level-sequence:1143
3644,6,历代,歷代,lìdài,unige-pdf-page:158;level-sequence:1144
3645,6,历来,歷來,lìlái,unige-pdf-page:158;level-sequence:1145
3646,6,立场,立場,lìchǎng,unige-pdf-page:158;level-sequence:1146
3647,6,立方,立方,lìfāng,unige-pdf-page:158;level-sequence:1147
3648,6,立交桥,立交橋,lìjiāoqiáo,unige-pdf-page:158;level-sequence:1148
3649,6,立体,立體,lìtǐ,unige-pdf-page:158;level-sequence:1149
3650,6,立足,立足,lìzú,unige-pdf-page:158;level-sequence:1150
3651,6,利害,利害,lìhài,unige-pdf-page:159;level-sequence:1151
3652,6,例外,例外,lìwài,unige-pdf-page:159;level-sequence:1152
3653,6,粒,粒,lì,unige-pdf-page:159;level-sequence:1153
3654,6,连年,連年,liánnián,unige-pdf-page:159;level-sequence:1154
3655,6,连锁,連鎖,liánsuǒ,unige-pdf-page:159;level-sequence:1155
3656,6,连同,連同,liántóng,unige-pdf-page:159;level-sequence:1156
3657,6,联欢,聯歡,liánhuān,unige-pdf-page:159;level-sequence:1157
3658,6,联络,聯絡,liánluò,unige-pdf-page:159;level-sequence:1158
3659,6,联盟,聯盟,liánméng,unige-pdf-page:159;level-sequence:1159
3660,6,联想,聯想,liánxiǎng,unige-pdf-page:159;level-sequence:1160
3661,6,廉洁,廉潔,liánjié,unige-pdf-page:159;level-sequence:1161
3662,6,良心,良心,liángxīn,unige-pdf-page:159;level-sequence:1162
3663,6,谅解,諒解,liàngjiě,unige-pdf-page:159;level-sequence:1163
3664,6,晾,晾,liàng,unige-pdf-page:159;level-sequence:1164
3665,6,辽阔,遼闊,liáokuò,unige-pdf-page:159;level-sequence:1165
3666,6,列举,列舉,lièjǔ,unige-pdf-page:159;level-sequence:1166
3667,6,临床,臨床,línchuáng,unige-pdf-page:159;level-sequence:1167
3668,6,淋,淋,lín,unige-pdf-page:159;level-sequence:1168
3669,6,吝啬,吝嗇,lìnsè,unige-pdf-page:159;level-sequence:1169
3670,6,伶俐,伶俐,línglì,unige-pdf-page:159;level-sequence:1170
3671,6,灵感,靈感,línggǎn,unige-pdf-page:159;level-sequence:1171
3672,6,灵魂,靈魂,línghún,unige-pdf-page:159;level-sequence:1172
3673,6,灵敏,靈敏,língmǐn,unige-pdf-page:159;level-sequence:1173
3674,6,凌晨,凌晨,língchén,unige-pdf-page:159;level-sequence:1174
3675,6,零星,零星,língxīng,unige-pdf-page:159;level-sequence:1175
3676,6,领会,領會,lǐnghuì,unige-pdf-page:160;level-sequence:1176
3677,6,领事馆,領事館,lǐngshìguǎn,unige-pdf-page:160;level-sequence:1177
3678,6,领土,領土,lǐngtǔ,unige-pdf-page:160;level-sequence:1178
3679,6,领悟,領悟,lǐngwù,unige-pdf-page:160;level-sequence:1179
3680,6,领先,領先,lǐngxiān,unige-pdf-page:160;level-sequence:1180
3681,6,领袖,領袖,lǐngxiù,unige-pdf-page:160;level-sequence:1181
3682,6,溜,溜,liū,unige-pdf-page:160;level-sequence:1182
3683,6,留恋,留戀,liúliàn,unige-pdf-page:160;level-sequence:1183
3684,6,留念,留念,liúniàn,unige-pdf-page:160;level-sequence:1184
3685,6,留神,留神,liúshén,unige-pdf-page:160;level-sequence:1185
3686,6,流浪,流浪,liúlàng,unige-pdf-page:160;level-sequence:1186
3687,6,流露,流露,liúlù,unige-pdf-page:160;level-sequence:1187
3688,6,流氓,流氓,liúmáng,unige-pdf-page:160;level-sequence:1188
3689,6,流通,流通,liútōng,unige-pdf-page:160;level-sequence:1189
3690,6,聋哑,聾啞,lóngyǎ,unige-pdf-page:160;level-sequence:1190
3691,6,隆重,隆重,lóngzhòng,unige-pdf-page:160;level-sequence:1191
3692,6,垄断,壟斷,lǒngduàn,unige-pdf-page:160;level-sequence:1192
3693,6,笼罩,籠罩,lǒngzhào,unige-pdf-page:160;level-sequence:1193
3694,6,搂,摟,lǒu,unige-pdf-page:160;level-sequence:1194
3695,6,炉灶,爐灶,lúzào,unige-pdf-page:160;level-sequence:1195
3696,6,屡次,屢次,lǚcì,unige-pdf-page:160;level-sequence:1196
3697,6,履行,履行,lǚxíng,unige-pdf-page:160;level-sequence:1197
3698,6,掠夺,掠奪,lüèduó,unige-pdf-page:160;level-sequence:1198
3699,6,轮船,輪船,lúnchuán,unige-pdf-page:160;level-sequence:1199
3700,6,轮廓,輪廓,lúnkuò,unige-pdf-page:160;level-sequence:1200
3701,6,轮胎,輪胎,lúntāi,unige-pdf-page:160;level-sequence:1201
3702,6,论坛,論壇,lùntán,unige-pdf-page:160;level-sequence:1202
3703,6,论证,論證,lùnzhèng,unige-pdf-page:161;level-sequence:1203
3704,6,啰唆,啰唆,luōsuo,unige-pdf-page:161;level-sequence:1204
3705,6,络绎不绝,絡繹不絕,luòyì bùjué,unige-pdf-page:161;level-sequence:1205
3706,6,落成,落成,luòchéng,unige-pdf-page:161;level-sequence:1206
3707,6,落实,落實,luòshí,unige-pdf-page:161;level-sequence:1207
3708,6,麻痹,麻痹,mábì,unige-pdf-page:161;level-sequence:1208
3709,6,麻木,麻木,mámù,unige-pdf-page:161;level-sequence:1209
3710,6,麻醉,麻醉,mázuì,unige-pdf-page:161;level-sequence:1210
3711,6,码头,碼頭,mǎtóu,unige-pdf-page:161;level-sequence:1211
3712,6,蚂蚁,螞蟻,mǎyǐ,unige-pdf-page:161;level-sequence:1212
3713,6,嘛,嘛,ma,unige-pdf-page:161;level-sequence:1213
3714,6,埋伏,埋伏,máifú,unige-pdf-page:161;level-sequence:1214
3715,6,埋没,埋沒,máimò,unige-pdf-page:161;level-sequence:1215
3716,6,埋葬,埋葬,máizàng,unige-pdf-page:161;level-sequence:1216
3717,6,迈,邁,mài,unige-pdf-page:161;level-sequence:1217
3718,6,脉搏,脈搏,màibó,unige-pdf-page:161;level-sequence:1218
3719,6,埋怨,埋怨,mányuàn,unige-pdf-page:161;level-sequence:1219
3720,6,蔓延,蔓延,mànyán,unige-pdf-page:161;level-sequence:1220
3721,6,漫长,漫長,màncháng,unige-pdf-page:161;level-sequence:1221
3722,6,漫画,漫畫,mànhuà,unige-pdf-page:161;level-sequence:1222
3723,6,慢性,慢性,mànxìng,unige-pdf-page:161;level-sequence:1223
3724,6,忙碌,忙碌,mánglù,unige-pdf-page:161;level-sequence:1224
3725,6,盲目,盲目,mángmù,unige-pdf-page:161;level-sequence:1225
3726,6,茫茫,茫茫,mángmáng,unige-pdf-page:161;level-sequence:1226
3727,6,茫然,茫然,mángrán,unige-pdf-page:161;level-sequence:1227
3728,6,茂盛,茂盛,màoshèng,unige-pdf-page:161;level-sequence:1228
3729,6,冒充,冒充,màochōng,unige-pdf-page:162;level-sequence:1229
3730,6,冒犯,冒犯,màofàn,unige-pdf-page:162;level-sequence:1230
3731,6,枚,枚,méi,unige-pdf-page:162;level-sequence:1231
3732,6,媒介,媒介,méijiè,unige-pdf-page:162;level-sequence:1232
3733,6,美观,美觀,měiguān,unige-pdf-page:162;level-sequence:1233
3734,6,美满,美滿,měimǎn,unige-pdf-page:162;level-sequence:1234
3735,6,美妙,美妙,měimiào,unige-pdf-page:162;level-sequence:1235
3736,6,萌芽,萌芽,méngyá,unige-pdf-page:162;level-sequence:1236
3737,6,猛烈,猛烈,měngliè,unige-pdf-page:162;level-sequence:1237
3738,6,眯,眯,mī,unige-pdf-page:162;level-sequence:1238
3739,6,弥补,彌補,míbǔ,unige-pdf-page:162;level-sequence:1239
3740,6,弥漫,彌漫,mímàn,unige-pdf-page:162;level-sequence:1240
3741,6,迷惑,迷惑,míhuo,unige-pdf-page:162;level-sequence:1241
3742,6,迷人,迷人,mírén,unige-pdf-page:162;level-sequence:1242
3743,6,迷信,迷信,míxìn,unige-pdf-page:162;level-sequence:1243
3744,6,谜语,謎語,míyŭ,unige-pdf-page:162;level-sequence:1244
3745,6,密度,密度,mìdù,unige-pdf-page:162;level-sequence:1245
3746,6,密封,密封,mìfēng,unige-pdf-page:162;level-sequence:1246
3747,6,棉花,棉花,miánhuā,unige-pdf-page:162;level-sequence:1247
3748,6,免得,免得,miǎnde,unige-pdf-page:162;level-sequence:1248
3749,6,免疫,免疫,miǎnyì,unige-pdf-page:162;level-sequence:1249
3750,6,勉励,勉勵,miǎnlì,unige-pdf-page:162;level-sequence:1250
3751,6,勉强,勉強,miǎnqiǎng,unige-pdf-page:162;level-sequence:1251
3752,6,面貌,面貌,miànmào,unige-pdf-page:162;level-sequence:1252
3753,6,面子,面子,miànzi,unige-pdf-page:162;level-sequence:1253
3754,6,描绘,描繪,miáohuì,unige-pdf-page:162;level-sequence:1254
3755,6,瞄准,瞄準,miáozhǔn,unige-pdf-page:162;level-sequence:1255
3756,6,渺小,渺小,miǎoxiǎo,unige-pdf-page:162;level-sequence:1256
3757,6,藐视,藐視,miǎoshì,unige-pdf-page:162;level-sequence:1257
3758,6,灭亡,滅亡,mièwáng,unige-pdf-page:162;level-sequence:1258
3759,6,蔑视,蔑視,mièshì,unige-pdf-page:163;level-sequence:1259
3760,6,民间,民間,mínjiān,unige-pdf-page:163;level-sequence:1260
3761,6,民主,民主,mínzhŭ,unige-pdf-page:163;level-sequence:1261
3762,6,敏捷,敏捷,mǐnjié,unige-pdf-page:163;level-sequence:1262
3763,6,敏锐,敏銳,mǐnruì,unige-pdf-page:163;level-sequence:1263
3764,6,名次,名次,míngcì,unige-pdf-page:163;level-sequence:1264
3765,6,名额,名額,míng'é,unige-pdf-page:163;level-sequence:1265
3766,6,名副其实,名副其實,míngfùqíshí,unige-pdf-page:163;level-sequence:1266
3767,6,名誉,名譽,míngyù,unige-pdf-page:163;level-sequence:1267
3768,6,明明,明明,míngmíng,unige-pdf-page:163;level-sequence:1268
3769,6,明智,明智,míngzhì,unige-pdf-page:163;level-sequence:1269
3770,6,命名,命名,mìngmíng,unige-pdf-page:163;level-sequence:1270
3771,6,摸索,摸索,mōsuǒ,unige-pdf-page:163;level-sequence:1271
3772,6,模范,模範,mófàn,unige-pdf-page:163;level-sequence:1272
3773,6,模式,模式,móshì,unige-pdf-page:163;level-sequence:1273
3774,6,模型,模型,móxíng,unige-pdf-page:163;level-sequence:1274
3775,6,膜,膜,mó,unige-pdf-page:163;level-sequence:1275
3776,6,摩擦,摩擦,mócā,unige-pdf-page:163;level-sequence:1276
3777,6,磨合,磨合,móhé,unige-pdf-page:163;level-sequence:1277
3778,6,魔鬼,魔鬼,móguǐ,unige-pdf-page:163;level-sequence:1278
3779,6,魔术,魔術,móshù,unige-pdf-page:163;level-sequence:1279
3780,6,抹杀,抹殺,mǒshā,unige-pdf-page:163;level-sequence:1280
3781,6,莫名其妙,莫名其妙,mòmíngqímiào,unige-pdf-page:163;level-sequence:1281
3783,6,默默,默默,mòmò,unige-pdf-page:163;level-sequence:1283
3784,6,谋求,謀求,móuqiú,unige-pdf-page:163;level-sequence:1284
3785,6,模样,模樣,múyàng,unige-pdf-page:163;level-sequence:1285
3786,6,母语,母語,mǔyǔ,unige-pdf-page:163;level-sequence:1286
3787,6,目睹,目睹,mùdǔ,unige-pdf-page:163;level-sequence:1287
3788,6,目光,目光,mùguāng,unige-pdf-page:163;level-sequence:1288
3789,6,沐浴,沐浴,mùyù,unige-pdf-page:163;level-sequence:1289
3790,6,拿手,拿手,náshǒu,unige-pdf-page:164;level-sequence:1290
3791,6,纳闷儿,納悶兒,nàmènr,unige-pdf-page:164;level-sequence:1291
3792,6,耐用,耐用,nàiyòng,unige-pdf-page:164;level-sequence:1292
3793,6,南辕北辙,南轅北轍,nányuán-,unige-pdf-page:164;level-sequence:1293
3794,6,难得,難得,nándé,unige-pdf-page:164;level-sequence:1294
3795,6,难堪,難堪,nánkān,unige-pdf-page:164;level-sequence:1295
3796,6,难能可贵,難能可貴,nánnéng-kěguì,unige-pdf-page:164;level-sequence:1296
3797,6,恼火,惱火,nǎohuǒ,unige-pdf-page:164;level-sequence:1297
3798,6,内涵,內涵,nèihán,unige-pdf-page:164;level-sequence:1298
3799,6,内幕,內幕,nèimù,unige-pdf-page:164;level-sequence:1299
3800,6,内在,內在,nèizài,unige-pdf-page:164;level-sequence:1300
3801,6,能量,能量,néngliàng,unige-pdf-page:164;level-sequence:1301
3802,6,拟定,擬定,nǐdìng,unige-pdf-page:164;level-sequence:1302
3803,6,逆行,逆行,nìxíng,unige-pdf-page:164;level-sequence:1303
3804,6,年度,年度,niándù,unige-pdf-page:164;level-sequence:1304
3805,6,捏,捏,niē,unige-pdf-page:164;level-sequence:1305
3806,6,凝固,凝固,nínggù,unige-pdf-page:164;level-sequence:1306
3807,6,凝聚,凝聚,níngjù,unige-pdf-page:164;level-sequence:1307
3808,6,凝视,凝視,níngshì,unige-pdf-page:164;level-sequence:1308
3809,6,拧,擰,nǐng,unige-pdf-page:164;level-sequence:1309
3810,6,宁肯,寧肯,nìngkěn,unige-pdf-page:164;level-sequence:1310
3811,6,宁愿,寧願,nìngyuàn,unige-pdf-page:164;level-sequence:1311
3812,6,扭转,扭轉,niǔzhuǎn,unige-pdf-page:164;level-sequence:1312
3814,6,农历,農曆,nónglì,unige-pdf-page:164;level-sequence:1314
3815,6,浓厚,濃厚,nónghòu,unige-pdf-page:164;level-sequence:1315
3816,6,奴隶,奴隸,núlì,unige-pdf-page:164;level-sequence:1316
3817,6,虐待,虐待,nüèdài,unige-pdf-page:164;level-sequence:1317
3818,6,挪,挪,nuó,unige-pdf-page:164;level-sequence:1318
3819,6,哦,哦,ò,unige-pdf-page:165;level-sequence:1319
3820,6,殴打,毆打,ōudǎ,unige-pdf-page:165;level-sequence:1320
3821,6,呕吐,嘔吐,ǒutù,unige-pdf-page:165;level-sequence:1321
3822,6,偶像,偶像,ǒuxiàng,unige-pdf-page:165;level-sequence:1322
3823,6,趴,趴,pā,unige-pdf-page:165;level-sequence:1323
3824,6,排斥,排斥,páichì,unige-pdf-page:165;level-sequence:1324
3825,6,排除,排除,páichú,unige-pdf-page:165;level-sequence:1325
3826,6,排放,排放,páifàng,unige-pdf-page:165;level-sequence:1326
3827,6,排练,排練,páiliàn,unige-pdf-page:165;level-sequence:1327
3828,6,徘徊,徘徊,páihuái,unige-pdf-page:165;level-sequence:1328
3829,6,派别,派別,pàibié,unige-pdf-page:165;level-sequence:1329
3830,6,派遣,派遣,pàiqiǎn,unige-pdf-page:165;level-sequence:1330
3831,6,攀登,攀登,pāndēng,unige-pdf-page:165;level-sequence:1331
3832,6,盘旋,盤旋,pánxuán,unige-pdf-page:165;level-sequence:1332
3833,6,判决,判決,pànjué,unige-pdf-page:165;level-sequence:1333
3834,6,畔,畔,pàn,unige-pdf-page:165;level-sequence:1334
3835,6,庞大,龐大,pángdà,unige-pdf-page:165;level-sequence:1335
3836,6,抛弃,拋棄,pāoqì,unige-pdf-page:165;level-sequence:1336
3837,6,泡沫,泡沫,pàomò,unige-pdf-page:165;level-sequence:1337
3838,6,培育,培育,péiyù,unige-pdf-page:165;level-sequence:1338
3839,6,配备,配備,pèibèi,unige-pdf-page:165;level-sequence:1339
3840,6,配偶,配偶,pèi'ǒu,unige-pdf-page:165;level-sequence:1340
3841,6,配套,配套,pèi tào,unige-pdf-page:165;level-sequence:1341
3842,6,盆地,盆地,péndì,unige-pdf-page:165;level-sequence:1342
3843,6,烹饪,烹飪,pēngrèn,unige-pdf-page:165;level-sequence:1343
3844,6,捧,捧,pěng,unige-pdf-page:165;level-sequence:1344
3845,6,批发,批發,pīfā,unige-pdf-page:165;level-sequence:1345
3846,6,批判,批判,pīpàn,unige-pdf-page:165;level-sequence:1346
3847,6,劈,劈,pī,unige-pdf-page:166;level-sequence:1347
3848,6,皮革,皮革,pígé,unige-pdf-page:166;level-sequence:1348
3849,6,疲惫,疲憊,píbèi,unige-pdf-page:166;level-sequence:1349
3850,6,疲倦,疲倦,píjuàn,unige-pdf-page:166;level-sequence:1350
3851,6,屁股,屁股,pìgu,unige-pdf-page:166;level-sequence:1351
3852,6,譬如,譬如,pìrú,unige-pdf-page:166;level-sequence:1352
3853,6,偏差,偏差,piānchā,unige-pdf-page:166;level-sequence:1353
3854,6,偏见,偏見,piānjiàn,unige-pdf-page:166;level-sequence:1354
3855,6,偏僻,偏僻,piānpì,unige-pdf-page:166;level-sequence:1355
3856,6,偏偏,偏偏,piānpiān,unige-pdf-page:166;level-sequence:1356
3857,6,片断,片斷,piànduàn,unige-pdf-page:166;level-sequence:1357
3858,6,片刻,片刻,piànkè,unige-pdf-page:166;level-sequence:1358
3859,6,漂浮,漂浮,piāofú,unige-pdf-page:166;level-sequence:1359
3860,6,飘扬,飄揚,piāoyáng,unige-pdf-page:166;level-sequence:1360
3861,6,撇,撇,piě,unige-pdf-page:166;level-sequence:1361
3862,6,拼搏,拼搏,pīnbó,unige-pdf-page:166;level-sequence:1362
3863,6,拼命,拼命,pīnmìng,unige-pdf-page:166;level-sequence:1363
3864,6,贫乏,貧乏,pínfá,unige-pdf-page:166;level-sequence:1364
3865,6,贫困,貧困,pínkùn,unige-pdf-page:166;level-sequence:1365
3866,6,频繁,頻繁,pínfán,unige-pdf-page:166;level-sequence:1366
3867,6,频率,頻率,pínlǜ,unige-pdf-page:166;level-sequence:1367
3868,6,品尝,品嘗,pǐncháng,unige-pdf-page:166;level-sequence:1368
3869,6,品德,品德,pǐndé,unige-pdf-page:166;level-sequence:1369
3870,6,品质,品質,pǐnzhì,unige-pdf-page:166;level-sequence:1370
3871,6,品种,品種,pĭnzhŏng,unige-pdf-page:166;level-sequence:1371
3872,6,平凡,平凡,píngfán,unige-pdf-page:166;level-sequence:1372
3873,6,平面,平面,píngmiàn,unige-pdf-page:166;level-sequence:1373
3874,6,平坦,平坦,píngtǎn,unige-pdf-page:166;level-sequence:1374
3875,6,平行,平行,píngxíng,unige-pdf-page:166;level-sequence:1375
3876,6,平庸,平庸,píngyōng,unige-pdf-page:167;level-sequence:1376
3877,6,平原,平原,píngyuán,unige-pdf-page:167;level-sequence:1377
3878,6,评估,評估,pínggū,unige-pdf-page:167;level-sequence:1378
3879,6,评论,評論,pínglùn,unige-pdf-page:167;level-sequence:1379
3880,6,屏幕,屏幕,píngmù,unige-pdf-page:167;level-sequence:1380
3881,6,屏障,屏障,píngzhàng,unige-pdf-page:167;level-sequence:1381
3882,6,坡,坡,pō,unige-pdf-page:167;level-sequence:1382
3883,6,泼,潑,pō,unige-pdf-page:167;level-sequence:1383
3884,6,颇,頗,pō,unige-pdf-page:167;level-sequence:1384
3885,6,迫不及待,迫不及待,pòbùjídài,unige-pdf-page:167;level-sequence:1385
3886,6,迫害,迫害,pòhài,unige-pdf-page:167;level-sequence:1386
3887,6,破例,破例,pò lì,unige-pdf-page:167;level-sequence:1387
3888,6,魄力,魄力,pòlì,unige-pdf-page:167;level-sequence:1388
3889,6,扑,撲,pū,unige-pdf-page:167;level-sequence:1389
3890,6,铺,鋪,pū,unige-pdf-page:167;level-sequence:1390
3891,6,朴实,樸實,pǔshí,unige-pdf-page:167;level-sequence:1391
3892,6,朴素,朴素,pŭsù,unige-pdf-page:167;level-sequence:1392
3893,6,普及,普及,pǔjí,unige-pdf-page:167;level-sequence:1393
3894,6,瀑布,瀑布,pùbù,unige-pdf-page:167;level-sequence:1394
3895,6,凄凉,凄涼,qīliáng,unige-pdf-page:167;level-sequence:1395
3896,6,期望,期望,qīwàng,unige-pdf-page:167;level-sequence:1396
3897,6,期限,期限,qīxiàn,unige-pdf-page:167;level-sequence:1397
3898,6,欺负,欺負,qīfu,unige-pdf-page:167;level-sequence:1398
3899,6,欺骗,欺騙,qīpiàn,unige-pdf-page:167;level-sequence:1399
3900,6,齐全,齊全,qíquán,unige-pdf-page:167;level-sequence:1400
3901,6,齐心协力,齊心協力,qíxīn-xiélì,unige-pdf-page:167;level-sequence:1401
3902,6,奇妙,奇妙,qímiào,unige-pdf-page:167;level-sequence:1402
3903,6,歧视,歧視,qíshì,unige-pdf-page:168;level-sequence:1403
3904,6,旗袍,旗袍,qípáo,unige-pdf-page:168;level-sequence:1404
3905,6,旗帜,旗幟,qízhì,unige-pdf-page:168;level-sequence:1405
3906,6,乞丐,乞丐,qǐgài,unige-pdf-page:168;level-sequence:1406
3907,6,岂有此理,豈有此理,qǐyǒucǐlǐ,unige-pdf-page:168;level-sequence:1407
3908,6,企图,企圖,qĭtú,unige-pdf-page:168;level-sequence:1408
3909,6,启程,啟程,qǐchéng,unige-pdf-page:168;level-sequence:1409
3910,6,启蒙,啟蒙,qǐméng,unige-pdf-page:168;level-sequence:1410
3911,6,启示,啟示,qǐshì,unige-pdf-page:168;level-sequence:1411
3912,6,启事,啟事,qǐshì,unige-pdf-page:168;level-sequence:1412
3913,6,起草,起草,qǐcǎo,unige-pdf-page:168;level-sequence:1413
3914,6,起初,起初,qǐchū,unige-pdf-page:168;level-sequence:1414
3915,6,起伏,起伏,qǐfú,unige-pdf-page:168;level-sequence:1415
3916,6,起哄,起哄,qǐ hòng,unige-pdf-page:168;level-sequence:1416
3917,6,起码,起碼,qǐmǎ,unige-pdf-page:168;level-sequence:1417
3918,6,起源,起源,qǐyuán,unige-pdf-page:168;level-sequence:1418
3919,6,气概,氣概,qìgài,unige-pdf-page:168;level-sequence:1419
3920,6,气功,氣功,qìgōng,unige-pdf-page:168;level-sequence:1420
3921,6,气魄,氣魄,qìpò,unige-pdf-page:168;level-sequence:1421
3922,6,气色,氣色,qìsè,unige-pdf-page:168;level-sequence:1422
3923,6,气势,氣勢,qìshì,unige-pdf-page:168;level-sequence:1423
3924,6,气味,氣味,qìwèi,unige-pdf-page:168;level-sequence:1424
3925,6,气象,氣象,qìxiàng,unige-pdf-page:168;level-sequence:1425
3926,6,气压,氣壓,qìyā,unige-pdf-page:168;level-sequence:1426
3927,6,气质,氣質,qìzhì,unige-pdf-page:168;level-sequence:1427
3928,6,迄今为止,迄今為止,qìjīn wéizhǐ,unige-pdf-page:168;level-sequence:1428
3929,6,器材,器材,qìcái,unige-pdf-page:169;level-sequence:1429
3930,6,器官,器官,qìguān,unige-pdf-page:169;level-sequence:1430
3931,6,掐,掐,qiā,unige-pdf-page:169;level-sequence:1431
3932,6,洽谈,洽談,qiàtán,unige-pdf-page:169;level-sequence:1432
3933,6,恰当,恰當,qiàdàng,unige-pdf-page:169;level-sequence:1433
3934,6,恰到好处,恰到好處,qiàdào-hǎochù,unige-pdf-page:169;level-sequence:1434
3935,6,恰巧,恰巧,qiàqiǎo,unige-pdf-page:169;level-sequence:1435
3936,6,千方百计,千方百計,qiānfāng-bǎijì,unige-pdf-page:169;level-sequence:1436
3937,6,迁就,遷就,qiānjiù,unige-pdf-page:169;level-sequence:1437
3938,6,迁徙,遷徙,qiānxǐ,unige-pdf-page:169;level-sequence:1438
3939,6,牵,牽,qiān,unige-pdf-page:169;level-sequence:1439
3940,6,牵扯,牽扯,qiānchě,unige-pdf-page:169;level-sequence:1440
3941,6,牵制,牽制,qiānzhì,unige-pdf-page:169;level-sequence:1441
3942,6,谦逊,謙遜,qiānxùn,unige-pdf-page:169;level-sequence:1442
3943,6,签署,簽署,qiānshǔ,unige-pdf-page:169;level-sequence:1443
3944,6,前景,前景,qiánjǐng,unige-pdf-page:169;level-sequence:1444
3945,6,前提,前提,qiántí,unige-pdf-page:169;level-sequence:1445
3946,6,潜力,潛力,qiánlì,unige-pdf-page:169;level-sequence:1446
3947,6,潜水,潛水,qiánshuǐ,unige-pdf-page:169;level-sequence:1447
3948,6,潜移默化,潛移默化,qiányí-mòhuà,unige-pdf-page:169;level-sequence:1448
3949,6,谴责,譴責,qiǎnzé,unige-pdf-page:169;level-sequence:1449
3950,6,强制,強制,qiángzhì,unige-pdf-page:169;level-sequence:1450
3951,6,抢劫,搶劫,qiǎngjié,unige-pdf-page:169;level-sequence:1451
3952,6,抢救,搶救,qiǎngjiù,unige-pdf-page:169;level-sequence:1452
3953,6,强迫,強迫,qiǎngpò,unige-pdf-page:169;level-sequence:1453
3954,6,桥梁,橋梁,qiáoliáng,unige-pdf-page:169;level-sequence:1454
3955,6,窍门,竅門,qiàomén,unige-pdf-page:169;level-sequence:1455
3956,6,翘,翹,qiào,unige-pdf-page:169;level-sequence:1456
3957,6,切实,切實,qièshí,unige-pdf-page:169;level-sequence:1457
3958,6,锲而不舍,鍥而不捨,qiè'érbùshě,unige-pdf-page:170;level-sequence:1458
3959,6,钦佩,欽佩,qīnpèi,unige-pdf-page:170;level-sequence:1459
3960,6,侵犯,侵犯,qīnfàn,unige-pdf-page:170;level-sequence:1460
3961,6,侵略,侵略,qīnlüè,unige-pdf-page:170;level-sequence:1461
3962,6,亲密,親密,qīnmì,unige-pdf-page:170;level-sequence:1462
3963,6,亲热,親熱,qīnrè,unige-pdf-page:170;level-sequence:1463
3964,6,勤俭,勤儉,qínjiǎn,unige-pdf-page:170;level-sequence:1464
3965,6,勤劳,勤勞,qínláo,unige-pdf-page:170;level-sequence:1465
3966,6,倾听,傾聽,qīngtīng,unige-pdf-page:170;level-sequence:1466
3967,6,倾向,傾向,qīngxiàng,unige-pdf-page:170;level-sequence:1467
3968,6,倾斜,傾斜,qīngxié,unige-pdf-page:170;level-sequence:1468
3969,6,清澈,清澈,qīngchè,unige-pdf-page:170;level-sequence:1469
3970,6,清晨,清晨,qīngchén,unige-pdf-page:170;level-sequence:1470
3971,6,清除,清除,qīngchú,unige-pdf-page:170;level-sequence:1471
3972,6,清洁,清潔,qīngjié,unige-pdf-page:170;level-sequence:1472
3973,6,清理,清理,qīnglǐ,unige-pdf-page:170;level-sequence:1473
3974,6,清晰,清晰,qīngxī,unige-pdf-page:170;level-sequence:1474
3975,6,清醒,清醒,qīngxǐng,unige-pdf-page:170;level-sequence:1475
3976,6,清真,清真,qīngzhēn,unige-pdf-page:170;level-sequence:1476
3977,6,情报,情報,qíngbào,unige-pdf-page:170;level-sequence:1477
3978,6,情节,情節,qíngjié,unige-pdf-page:170;level-sequence:1478
3979,6,情理,情理,qínglǐ,unige-pdf-page:170;level-sequence:1479
3980,6,情形,情形,qíngxíng,unige-pdf-page:170;level-sequence:1480
3981,6,晴朗,晴朗,qínglǎng,unige-pdf-page:170;level-sequence:1481
3982,6,请柬,請柬,qǐngjiǎn,unige-pdf-page:170;level-sequence:1482
3983,6,请教,請教,qǐngjiào,unige-pdf-page:170;level-sequence:1483
3984,6,请示,請示,qǐngshì,unige-pdf-page:171;level-sequence:1484
3985,6,请帖,請帖,qǐngtiě,unige-pdf-page:171;level-sequence:1485
3986,6,丘陵,丘陵,qiūlíng,unige-pdf-page:171;level-sequence:1486
3987,6,区分,區分,qūfēn,unige-pdf-page:171;level-sequence:1487
3988,6,区域,區域,qūyù,unige-pdf-page:171;level-sequence:1488
3989,6,曲折,曲折,qūzhé,unige-pdf-page:171;level-sequence:1489
3990,6,驱逐,驅逐,qūzhú,unige-pdf-page:171;level-sequence:1490
3991,6,屈服,屈服,qūfú,unige-pdf-page:171;level-sequence:1491
3992,6,渠道,渠道,qúdào,unige-pdf-page:171;level-sequence:1492
3993,6,曲子,曲子,qǔzi,unige-pdf-page:171;level-sequence:1493
3994,6,取缔,取締,qǔdì,unige-pdf-page:171;level-sequence:1494
3995,6,趣味,趣味,qùwèi,unige-pdf-page:171;level-sequence:1495
3996,6,圈套,圈套,quāntào,unige-pdf-page:171;level-sequence:1496
3997,6,权衡,權衡,quánhéng,unige-pdf-page:171;level-sequence:1497
3998,6,权威,權威,quánwēi,unige-pdf-page:171;level-sequence:1498
3999,6,全局,全局,quánjú,unige-pdf-page:171;level-sequence:1499
4000,6,全力以赴,全力以赴,quánlìyǐfù,unige-pdf-page:171;level-sequence:1500
4001,6,拳头,拳頭,quántou,unige-pdf-page:171;level-sequence:1501
4002,6,犬,犬,quǎn,unige-pdf-page:171;level-sequence:1502
4003,6,缺口,缺口,quēkǒu,unige-pdf-page:171;level-sequence:1503
4004,6,缺席,缺席,quē xí,unige-pdf-page:171;level-sequence:1504
4005,6,缺陷,缺陷,quēxiàn,unige-pdf-page:171;level-sequence:1505
4006,6,瘸,瘸,qué,unige-pdf-page:171;level-sequence:1506
4007,6,确保,確保,quèbǎo,unige-pdf-page:171;level-sequence:1507
4008,6,确立,確立,quèlì,unige-pdf-page:171;level-sequence:1508
4009,6,确切,確切,quèqiè,unige-pdf-page:171;level-sequence:1509
4010,6,确信,確信,quèxìn,unige-pdf-page:171;level-sequence:1510
4011,6,群众,群眾,qúnzhòng,unige-pdf-page:171;level-sequence:1511
4012,6,染,染,rǎn,unige-pdf-page:171;level-sequence:1512
4013,6,嚷,嚷,răng,unige-pdf-page:171;level-sequence:1513
4014,6,让步,讓步,ràng bù,unige-pdf-page:171;level-sequence:1514
4015,6,饶恕,饒恕,ráoshù,unige-pdf-page:172;level-sequence:1515
4016,6,扰乱,擾亂,rǎoluàn,unige-pdf-page:172;level-sequence:1516
4017,6,惹祸,惹禍,rě huò,unige-pdf-page:172;level-sequence:1517
4018,6,热泪盈眶,熱淚盈眶,rèlèi yíngkuàng,unige-pdf-page:172;level-sequence:1518
4019,6,热门,熱門,rèmén,unige-pdf-page:172;level-sequence:1519
4020,6,人道,人道,réndào,unige-pdf-page:172;level-sequence:1520
4021,6,人格,人格,réngé,unige-pdf-page:172;level-sequence:1521
4022,6,人工,人工,réngōng,unige-pdf-page:172;level-sequence:1522
4023,6,人家,人家,rénjia,unige-pdf-page:172;level-sequence:1523
4024,6,人间,人間,rénjiān,unige-pdf-page:172;level-sequence:1524
4025,6,人士,人士,rénshì,unige-pdf-page:172;level-sequence:1525
4026,6,人为,人為,rénwéi,unige-pdf-page:172;level-sequence:1526
4027,6,人性,人性,rénxìng,unige-pdf-page:172;level-sequence:1527
4028,6,人质,人質,rénzhì,unige-pdf-page:172;level-sequence:1528
4029,6,仁慈,仁慈,réncí,unige-pdf-page:172;level-sequence:1529
4030,6,忍耐,忍耐,rěnnài,unige-pdf-page:172;level-sequence:1530
4031,6,忍受,忍受,rěnshòu,unige-pdf-page:172;level-sequence:1531
4032,6,认定,認定,rèndìng,unige-pdf-page:172;level-sequence:1532
4033,6,认可,認可,rènkě,unige-pdf-page:172;level-sequence:1533
4034,6,任命,任命,rènmìng,unige-pdf-page:172;level-sequence:1534
4035,6,任性,任性,rènxìng,unige-pdf-page:172;level-sequence:1535
4036,6,任意,任意,rènyì,unige-pdf-page:172;level-sequence:1536
4037,6,任重道远,任重道遠,rènzhòng-,unige-pdf-page:172;level-sequence:1537
4038,6,仍旧,仍舊,réngjiù,unige-pdf-page:172;level-sequence:1538
4039,6,日新月异,日新月異,rìxīn-yuèyì,unige-pdf-page:172;level-sequence:1539
4040,6,日益,日益,rìyì,unige-pdf-page:172;level-sequence:1540
4041,6,荣幸,榮幸,róngxìng,unige-pdf-page:172;level-sequence:1541
4042,6,荣誉,榮譽,róngyù,unige-pdf-page:172;level-sequence:1542
4043,6,容貌,容貌,róngmào,unige-pdf-page:172;level-sequence:1543
4044,6,容纳,容納,róngnà,unige-pdf-page:173;level-sequence:1544
4045,6,容器,容器,róngqì,unige-pdf-page:173;level-sequence:1545
4046,6,容忍,容忍,róngrěn,unige-pdf-page:173;level-sequence:1546
4047,6,溶解,溶解,róngjiě,unige-pdf-page:173;level-sequence:1547
4048,6,融化,融化,rónghuà,unige-pdf-page:173;level-sequence:1548
4049,6,融洽,融洽,róngqià,unige-pdf-page:173;level-sequence:1549
4050,6,柔和,柔和,róuhé,unige-pdf-page:173;level-sequence:1550
4051,6,揉,揉,róu,unige-pdf-page:173;level-sequence:1551
4052,6,儒家,儒家,Rújiā,unige-pdf-page:173;level-sequence:1552
4053,6,若干,若干,ruògān,unige-pdf-page:173;level-sequence:1553
4054,6,弱点,弱點,ruòdiǎn,unige-pdf-page:173;level-sequence:1554
4055,6,撒谎,撒謊,sā huǎng,unige-pdf-page:173;level-sequence:1555
4056,6,散文,散文,sǎnwén,unige-pdf-page:173;level-sequence:1556
4057,6,散布,散布,sànbù,unige-pdf-page:173;level-sequence:1557
4058,6,散发,散發,sànfā,unige-pdf-page:173;level-sequence:1558
4059,6,丧失,喪失,sàngshī,unige-pdf-page:173;level-sequence:1559
4060,6,骚扰,騷擾,sāorǎo,unige-pdf-page:173;level-sequence:1560
4061,6,嫂子,嫂子,sǎozi,unige-pdf-page:173;level-sequence:1561
4062,6,刹车,剎車,shā chē,unige-pdf-page:173;level-sequence:1562
4063,6,啥,啥,shá,unige-pdf-page:173;level-sequence:1563
4064,6,筛选,篩選,shāixuǎn,unige-pdf-page:173;level-sequence:1564
4065,6,山脉,山脈,shānmài,unige-pdf-page:173;level-sequence:1565
4066,6,闪烁,閃爍,shǎnshuò,unige-pdf-page:173;level-sequence:1566
4067,6,擅长,擅長,shàncháng,unige-pdf-page:173;level-sequence:1567
4068,6,擅自,擅自,shànzì,unige-pdf-page:173;level-sequence:1568
4069,6,伤脑筋,傷腦筋,shāng nǎojīn,unige-pdf-page:174;level-sequence:1569
4070,6,商标,商標,shāngbiāo,unige-pdf-page:174;level-sequence:1570
4071,6,上级,上級,shàngjí,unige-pdf-page:174;level-sequence:1571
4072,6,上进,上進,shàngjìn,unige-pdf-page:174;level-sequence:1572
4073,6,上任,上任,shàngrèn,unige-pdf-page:174;level-sequence:1573
4074,6,上瘾,上癮,shàngyǐn,unige-pdf-page:174;level-sequence:1574
4075,6,上游,上游,shàngyóu,unige-pdf-page:174;level-sequence:1575
4076,6,尚且,尚且,shàngqiě,unige-pdf-page:174;level-sequence:1576
4077,6,捎,捎,shāo,unige-pdf-page:174;level-sequence:1577
4078,6,梢,梢,shāo,unige-pdf-page:174;level-sequence:1578
4079,6,哨,哨,shào,unige-pdf-page:174;level-sequence:1579
4080,6,奢侈,奢侈,shēchǐ,unige-pdf-page:174;level-sequence:1580
4081,6,舌头,舌頭,shétou,unige-pdf-page:174;level-sequence:1581
4082,6,设立,設立,shèlì,unige-pdf-page:174;level-sequence:1582
4083,6,设想,設想,shèxiǎng,unige-pdf-page:174;level-sequence:1583
4084,6,设置,設置,shèzhì,unige-pdf-page:174;level-sequence:1584
4085,6,社区,社區,shèqū,unige-pdf-page:174;level-sequence:1585
4086,6,涉及,涉及,shèjí,unige-pdf-page:174;level-sequence:1586
4087,6,摄氏度,攝氏度,shèshìdù,unige-pdf-page:174;level-sequence:1587
4088,6,申报,申報,shēnbào,unige-pdf-page:174;level-sequence:1588
4089,6,呻吟,呻吟,shēnyín,unige-pdf-page:174;level-sequence:1589
4090,6,绅士,紳士,shēnshì,unige-pdf-page:174;level-sequence:1590
4091,6,深奥,深奧,shēn'ào,unige-pdf-page:174;level-sequence:1591
4092,6,深沉,深沉,shēnchén,unige-pdf-page:174;level-sequence:1592
4093,6,深情厚谊,深情厚誼,shēnqíng hòuyì,unige-pdf-page:174;level-sequence:1593
4094,6,神经,神經,shénjīng,unige-pdf-page:174;level-sequence:1594
4095,6,神奇,神奇,shénqí,unige-pdf-page:174;level-sequence:1595
4096,6,神气,神氣,shénqì,unige-pdf-page:174;level-sequence:1596
4097,6,神圣,神聖,shénshèng,unige-pdf-page:174;level-sequence:1597
4098,6,神态,神態,shéntài,unige-pdf-page:174;level-sequence:1598
4099,6,神仙,神仙,shénxiān,unige-pdf-page:175;level-sequence:1599
4100,6,审查,審查,shěnchá,unige-pdf-page:175;level-sequence:1600
4101,6,审理,審理,shěnlǐ,unige-pdf-page:175;level-sequence:1601
4102,6,审美,審美,shěnměi,unige-pdf-page:175;level-sequence:1602
4103,6,审判,審判,shěnpàn,unige-pdf-page:175;level-sequence:1603
4104,6,渗透,滲透,shèntòu,unige-pdf-page:175;level-sequence:1604
4105,6,慎重,慎重,shènzhòng,unige-pdf-page:175;level-sequence:1605
4106,6,生存,生存,shēngcún,unige-pdf-page:175;level-sequence:1606
4107,6,生机,生機,shēngjī,unige-pdf-page:175;level-sequence:1607
4108,6,生理,生理,shēnglǐ,unige-pdf-page:175;level-sequence:1608
4109,6,生疏,生疏,shēngshū,unige-pdf-page:175;level-sequence:1609
4110,6,生态,生態,shēngtài,unige-pdf-page:175;level-sequence:1610
4111,6,生物,生物,shēngwù,unige-pdf-page:175;level-sequence:1611
4112,6,生肖,生肖,shēngxiào,unige-pdf-page:175;level-sequence:1612
4113,6,生效,生效,shēngxiào,unige-pdf-page:175;level-sequence:1613
4114,6,生锈,生鏽,shēngxiù,unige-pdf-page:175;level-sequence:1614
4115,6,生育,生育,shēngyù,unige-pdf-page:175;level-sequence:1615
4116,6,声明,聲明,shēngmíng,unige-pdf-page:175;level-sequence:1616
4117,6,声势,聲勢,shēngshì,unige-pdf-page:175;level-sequence:1617
4118,6,声誉,聲譽,shēngyù,unige-pdf-page:175;level-sequence:1618
4119,6,牲畜,牲畜,shēngchù,unige-pdf-page:175;level-sequence:1619
4120,6,省会,省會,shěnghuì,unige-pdf-page:175;level-sequence:1620
4121,6,胜负,勝負,shèngfù,unige-pdf-page:175;level-sequence:1621
4122,6,盛产,盛產,shèngchǎn,unige-pdf-page:175;level-sequence:1622
4123,6,盛开,盛開,shèngkāi,unige-pdf-page:175;level-sequence:1623
4124,6,盛情,盛情,shèngqíng,unige-pdf-page:175;level-sequence:1624
4125,6,盛行,盛行,shèngxíng,unige-pdf-page:176;level-sequence:1625
4126,6,尸体,屍體,shītǐ,unige-pdf-page:176;level-sequence:1626
4127,6,失事,失事,shī shì,unige-pdf-page:176;level-sequence:1627
4128,6,失误,失誤,shīwù,unige-pdf-page:176;level-sequence:1628
4129,6,失踪,失蹤,shīzōng,unige-pdf-page:176;level-sequence:1629
4130,6,师范,師範,shīfàn,unige-pdf-page:176;level-sequence:1630
4131,6,施加,施加,shījiā,unige-pdf-page:176;level-sequence:1631
4132,6,施展,施展,shīzhǎn,unige-pdf-page:176;level-sequence:1632
4133,6,十足,十足,shízú,unige-pdf-page:176;level-sequence:1633
4134,6,石油,石油,shíyóu,unige-pdf-page:176;level-sequence:1634
4135,6,时常,時常,shícháng,unige-pdf-page:176;level-sequence:1635
4136,6,时而,時而,shí'ér,unige-pdf-page:176;level-sequence:1636
4137,6,时光,時光,shíguāng,unige-pdf-page:176;level-sequence:1637
4138,6,时机,時機,shíjī,unige-pdf-page:176;level-sequence:1638
4139,6,时事,時事,shíshì,unige-pdf-page:176;level-sequence:1639
4140,6,识别,識別,shíbié,unige-pdf-page:176;level-sequence:1640
4141,6,实惠,實惠,shíhuì,unige-pdf-page:176;level-sequence:1641
4142,6,实力,實力,shílì,unige-pdf-page:176;level-sequence:1642
4143,6,实施,實施,shíshī,unige-pdf-page:176;level-sequence:1643
4144,6,实事求是,實事求是,shíshì-qiúshì,unige-pdf-page:176;level-sequence:1644
4145,6,实行,實行,shíxíng,unige-pdf-page:176;level-sequence:1645
4146,6,实质,實質,shízhì,unige-pdf-page:176;level-sequence:1646
4147,6,拾,拾,shí,unige-pdf-page:176;level-sequence:1647
4148,6,使命,使命,shǐmìng,unige-pdf-page:176;level-sequence:1648
4149,6,示范,示範,shìfàn,unige-pdf-page:176;level-sequence:1649
4150,6,示威,示威,shìwēi,unige-pdf-page:176;level-sequence:1650
4151,6,示意,示意,shìyì,unige-pdf-page:176;level-sequence:1651
4152,6,世代,世代,shìdài,unige-pdf-page:177;level-sequence:1652
4153,6,势必,勢必,shìbì,unige-pdf-page:177;level-sequence:1653
4154,6,势力,勢力,shìlì,unige-pdf-page:177;level-sequence:1654
4155,6,事故,事故,shìgù,unige-pdf-page:177;level-sequence:1655
4156,6,事迹,事跡,shìjì,unige-pdf-page:177;level-sequence:1656
4157,6,事件,事件,shìjiàn,unige-pdf-page:177;level-sequence:1657
4158,6,事态,事態,shìtài,unige-pdf-page:177;level-sequence:1658
4159,6,事务,事務,shìwù,unige-pdf-page:177;level-sequence:1659
4160,6,事项,事項,shìxiàng,unige-pdf-page:177;level-sequence:1660
4161,6,事业,事業,shìyè,unige-pdf-page:177;level-sequence:1661
4162,6,试图,試圖,shìtú,unige-pdf-page:177;level-sequence:1662
4163,6,试验,試驗,shìyàn,unige-pdf-page:177;level-sequence:1663
4164,6,视力,視力,shìlì,unige-pdf-page:177;level-sequence:1664
4165,6,视频,視頻,shìpín,unige-pdf-page:177;level-sequence:1665
4166,6,视线,視線,shìxiàn,unige-pdf-page:177;level-sequence:1666
4167,6,视野,視野,shìyě,unige-pdf-page:177;level-sequence:1667
4168,6,是非,是非,shìfēi,unige-pdf-page:177;level-sequence:1668
4169,6,适宜,適宜,shìyí,unige-pdf-page:177;level-sequence:1669
4170,6,逝世,逝世,shìshì,unige-pdf-page:177;level-sequence:1670
4171,6,释放,釋放,shìfàng,unige-pdf-page:177;level-sequence:1671
4172,6,收藏,收藏,shōucáng,unige-pdf-page:177;level-sequence:1672
4173,6,收缩,收縮,shōusuō,unige-pdf-page:177;level-sequence:1673
4174,6,收益,收益,shōuyì,unige-pdf-page:177;level-sequence:1674
4175,6,收音机,收音機,shōuyīnjī,unige-pdf-page:177;level-sequence:1675
4176,6,手法,手法,shǒufǎ,unige-pdf-page:177;level-sequence:1676
4177,6,手势,手勢,shǒushì,unige-pdf-page:177;level-sequence:1677
4178,6,手艺,手藝,shǒuyì,unige-pdf-page:177;level-sequence:1678
4179,6,守护,守護,shǒuhù,unige-pdf-page:177;level-sequence:1679
4180,6,首饰,首飾,shǒushì,unige-pdf-page:177;level-sequence:1680
4181,6,首要,首要,shǒuyào,unige-pdf-page:177;level-sequence:1681
4182,6,受罪,受罪,shòuzuì,unige-pdf-page:178;level-sequence:1682
4183,6,授予,授予,shòuyǔ,unige-pdf-page:178;level-sequence:1683
4184,6,书法,書法,shūfǎ,unige-pdf-page:178;level-sequence:1684
4185,6,书籍,書籍,shūjí,unige-pdf-page:178;level-sequence:1685
4186,6,书记,書記,shūjì,unige-pdf-page:178;level-sequence:1686
4187,6,书面,書面,shūmiàn,unige-pdf-page:178;level-sequence:1687
4188,6,舒畅,舒暢,shūchàng,unige-pdf-page:178;level-sequence:1688
4189,6,疏忽,疏忽,shūhu,unige-pdf-page:178;level-sequence:1689
4190,6,疏远,疏遠,shūyuǎn,unige-pdf-page:178;level-sequence:1690
4191,6,束,束,shù,unige-pdf-page:178;level-sequence:1691
4192,6,束缚,束縛,shùfù,unige-pdf-page:178;level-sequence:1692
4193,6,树立,樹立,shùlì,unige-pdf-page:178;level-sequence:1693
4194,6,竖,豎,shù,unige-pdf-page:178;level-sequence:1694
4195,6,数额,數額,shù'é,unige-pdf-page:178;level-sequence:1695
4196,6,耍,耍,shuǎ,unige-pdf-page:178;level-sequence:1696
4197,6,衰老,衰老,shuāilǎo,unige-pdf-page:178;level-sequence:1697
4198,6,衰退,衰退,shuāituì,unige-pdf-page:178;level-sequence:1698
4199,6,率领,率領,shuàilǐng,unige-pdf-page:178;level-sequence:1699
4200,6,涮火锅,涮火鍋,shuàn huǒguō,unige-pdf-page:178;level-sequence:1700
4201,6,双胞胎,雙胞胎,shuāngbāotāi,unige-pdf-page:178;level-sequence:1701
4202,6,爽快,爽快,shuǎngkuai,unige-pdf-page:178;level-sequence:1702
4203,6,水利,水利,shuǐlì,unige-pdf-page:178;level-sequence:1703
4204,6,水龙头,水龍頭,shuǐlóngtóu,unige-pdf-page:178;level-sequence:1704
4205,6,水泥,水泥,shuǐní,unige-pdf-page:178;level-sequence:1705
4206,6,瞬间,瞬間,shùnjiān,unige-pdf-page:178;level-sequence:1706
4207,6,司法,司法,sīfǎ,unige-pdf-page:178;level-sequence:1707
4208,6,司令,司令,sīlìng,unige-pdf-page:179;level-sequence:1708
4209,6,私自,私自,sīzì,unige-pdf-page:179;level-sequence:1709
4210,6,思念,思念,sīniàn,unige-pdf-page:179;level-sequence:1710
4211,6,思索,思索,sīsuǒ,unige-pdf-page:179;level-sequence:1711
4212,6,思维,思維,sīwéi,unige-pdf-page:179;level-sequence:1712
4213,6,斯文,斯文,sīwen,unige-pdf-page:179;level-sequence:1713
4214,6,死亡,死亡,sǐwáng,unige-pdf-page:179;level-sequence:1714
4215,6,四肢,四肢,sìzhī,unige-pdf-page:179;level-sequence:1715
4216,6,寺庙,寺廟,sìmiào,unige-pdf-page:179;level-sequence:1716
4217,6,饲养,飼養,sìyǎng,unige-pdf-page:179;level-sequence:1717
4218,6,肆无忌惮,肆無忌憚,sìwú-jìdàn,unige-pdf-page:179;level-sequence:1718
4219,6,耸,聳,sǒng,unige-pdf-page:179;level-sequence:1719
4220,6,艘,艘,sōu,unige-pdf-page:179;level-sequence:1720
4221,6,苏醒,蘇醒,sūxǐng,unige-pdf-page:179;level-sequence:1721
4222,6,俗话,俗話,súhuà,unige-pdf-page:179;level-sequence:1722
4223,6,诉讼,訴訟,sùsòng,unige-pdf-page:179;level-sequence:1723
4224,6,素食,素食,sùshí,unige-pdf-page:179;level-sequence:1724
4225,6,素质,素質,sùzhì,unige-pdf-page:179;level-sequence:1725
4226,6,塑造,塑造,sùzào,unige-pdf-page:179;level-sequence:1726
4227,6,算数,算數,suànshù,unige-pdf-page:179;level-sequence:1727
4228,6,随即,隨即,suíjí,unige-pdf-page:179;level-sequence:1728
4229,6,随意,隨意,suíyì,unige-pdf-page:179;level-sequence:1729
4230,6,岁月,歲月,suìyuè,unige-pdf-page:179;level-sequence:1730
4231,6,隧道,隧道,suìdào,unige-pdf-page:179;level-sequence:1731
4232,6,损坏,損壞,sǔnhuài,unige-pdf-page:179;level-sequence:1732
4233,6,索取,索取,suǒqǔ,unige-pdf-page:179;level-sequence:1733
4234,6,索性,索性,suǒxìng,unige-pdf-page:179;level-sequence:1734
4235,6,塌,塌,tā,unige-pdf-page:180;level-sequence:1735
4236,6,踏实,踏實,tāshi,unige-pdf-page:180;level-sequence:1736
4237,6,塔,塔,tă,unige-pdf-page:180;level-sequence:1737
4238,6,台风,颱風,táifēng,unige-pdf-page:180;level-sequence:1738
4239,6,太空,太空,tàikōng,unige-pdf-page:180;level-sequence:1739
4240,6,泰斗,泰斗,tàidǒu,unige-pdf-page:180;level-sequence:1740
4241,6,贪婪,貪婪,tānlán,unige-pdf-page:180;level-sequence:1741
4242,6,贪污,貪污,tānwū,unige-pdf-page:180;level-sequence:1742
4243,6,摊,攤,tān,unige-pdf-page:180;level-sequence:1743
4244,6,瘫痪,癱瘓,tānhuàn,unige-pdf-page:180;level-sequence:1744
4245,6,弹性,彈性,tánxìng,unige-pdf-page:180;level-sequence:1745
4246,6,坦白,坦白,tǎnbái,unige-pdf-page:180;level-sequence:1746
4247,6,叹气,嘆氣,tàn qì,unige-pdf-page:180;level-sequence:1747
4248,6,探测,探測,tàncè,unige-pdf-page:180;level-sequence:1748
4249,6,探索,探索,tànsuǒ,unige-pdf-page:180;level-sequence:1749
4250,6,探讨,探討,tàntǎo,unige-pdf-page:180;level-sequence:1750
4251,6,探望,探望,tànwàng,unige-pdf-page:180;level-sequence:1751
4252,6,倘若,倘若,tǎngruò,unige-pdf-page:180;level-sequence:1752
4253,6,掏,掏,tāo,unige-pdf-page:180;level-sequence:1753
4254,6,滔滔不绝,滔滔不絕,tāotāo bùjué,unige-pdf-page:180;level-sequence:1754
4255,6,陶瓷,陶瓷,táocí,unige-pdf-page:180;level-sequence:1755
4256,6,陶醉,陶醉,táozuì,unige-pdf-page:180;level-sequence:1756
4257,6,淘汰,淘汰,táotài,unige-pdf-page:180;level-sequence:1757
4258,6,讨好,討好,tǎohǎo,unige-pdf-page:180;level-sequence:1758
4259,6,特长,特長,tècháng,unige-pdf-page:180;level-sequence:1759
4260,6,特定,特定,tèdìng,unige-pdf-page:180;level-sequence:1760
4261,6,特意,特意,tèyì,unige-pdf-page:180;level-sequence:1761
4262,6,提拔,提拔,tíbá,unige-pdf-page:180;level-sequence:1762
4263,6,提炼,提煉,tíliàn,unige-pdf-page:180;level-sequence:1763
4264,6,提示,提示,tíshì,unige-pdf-page:181;level-sequence:1764
4265,6,提议,提議,tíyì,unige-pdf-page:181;level-sequence:1765
4266,6,题材,題材,tícái,unige-pdf-page:181;level-sequence:1766
4267,6,体裁,體裁,tǐcái,unige-pdf-page:181;level-sequence:1767
4268,6,体积,體積,tĭjī,unige-pdf-page:181;level-sequence:1768
4269,6,体谅,體諒,tǐliàng,unige-pdf-page:181;level-sequence:1769
4270,6,体面,體面,tǐmiàn,unige-pdf-page:181;level-sequence:1770
4271,6,体系,體系,tǐxì,unige-pdf-page:181;level-sequence:1771
4272,6,天才,天才,tiāncái,unige-pdf-page:181;level-sequence:1772
4273,6,天赋,天賦,tiānfù,unige-pdf-page:181;level-sequence:1773
4274,6,天伦之乐,天倫之樂,tiānlúnzhīlè,unige-pdf-page:181;level-sequence:1774
4275,6,天然气,天然氣,tiānránqì,unige-pdf-page:181;level-sequence:1775
4276,6,天生,天生,tiānshēng,unige-pdf-page:181;level-sequence:1776
4277,6,天堂,天堂,tiāntáng,unige-pdf-page:181;level-sequence:1777
4278,6,天文,天文,tiānwén,unige-pdf-page:181;level-sequence:1778
4279,6,田径,田徑,tiánjìng,unige-pdf-page:181;level-sequence:1779
4280,6,田野,田野,tiányĕ,unige-pdf-page:181;level-sequence:1780
4281,6,舔,舔,tiǎn,unige-pdf-page:181;level-sequence:1781
4282,6,挑剔,挑剔,tiāoti,unige-pdf-page:181;level-sequence:1782
4283,6,条款,條款,tiáokuǎn,unige-pdf-page:181;level-sequence:1783
4284,6,条理,條理,tiáolǐ,unige-pdf-page:181;level-sequence:1784
4285,6,条约,條約,tiáoyuē,unige-pdf-page:181;level-sequence:1785
4286,6,调和,調和,tiáohé,unige-pdf-page:181;level-sequence:1786
4287,6,调剂,調劑,tiáojì,unige-pdf-page:181;level-sequence:1787
4288,6,调节,調節,tiáojié,unige-pdf-page:181;level-sequence:1788
4289,6,调解,調解,tiáojiě,unige-pdf-page:181;level-sequence:1789
4290,6,调料,調料,tiáoliào,unige-pdf-page:181;level-sequence:1790
4291,6,挑拨,挑撥,tiǎobō,unige-pdf-page:181;level-sequence:1791
4292,6,挑衅,挑釁,tiǎoxìn,unige-pdf-page:181;level-sequence:1792
4293,6,跳跃,跳躍,tiàoyuè,unige-pdf-page:182;level-sequence:1793
4294,6,亭子,亭子,tíngzi,unige-pdf-page:182;level-sequence:1794
4295,6,停泊,停泊,tíngbó,unige-pdf-page:182;level-sequence:1795
4296,6,停顿,停頓,tíngdùn,unige-pdf-page:182;level-sequence:1796
4297,6,停滞,停滯,tíngzhì,unige-pdf-page:182;level-sequence:1797
4298,6,挺拔,挺拔,tǐngbá,unige-pdf-page:182;level-sequence:1798
4299,6,通货膨胀,通貨膨脹,tōnghuò,unige-pdf-page:182;level-sequence:1799
4300,6,通缉,通緝,tōngjī,unige-pdf-page:182;level-sequence:1800
4301,6,通俗,通俗,tōngsú,unige-pdf-page:182;level-sequence:1801
4302,6,通讯,通訊,tōngxùn,unige-pdf-page:182;level-sequence:1802
4303,6,通用,通用,tōngyòng,unige-pdf-page:182;level-sequence:1803
4304,6,同胞,同胞,tóngbāo,unige-pdf-page:182;level-sequence:1804
4305,6,同志,同志,tóngzhì,unige-pdf-page:182;level-sequence:1805
4306,6,铜,銅,tóng,unige-pdf-page:182;level-sequence:1806
4307,6,童话,童話,tónghuà,unige-pdf-page:182;level-sequence:1807
4308,6,统筹兼顾,統籌兼顧,tǒngchóu jiāngù,unige-pdf-page:182;level-sequence:1808
4309,6,统计,統計,tǒngjì,unige-pdf-page:182;level-sequence:1809
4310,6,统统,統統,tǒngtǒng,unige-pdf-page:182;level-sequence:1810
4311,6,统治,統治,tŏngzhì,unige-pdf-page:182;level-sequence:1811
4312,6,投机,投機,tóujī,unige-pdf-page:182;level-sequence:1812
4313,6,投票,投票,tóu piào,unige-pdf-page:182;level-sequence:1813
4314,6,投诉,投訴,tóusù,unige-pdf-page:182;level-sequence:1814
4315,6,投降,投降,tóuxiáng,unige-pdf-page:182;level-sequence:1815
4316,6,投掷,投擲,tóuzhì,unige-pdf-page:182;level-sequence:1816
4317,6,透露,透露,tòulù,unige-pdf-page:182;level-sequence:1817
4318,6,秃,禿,tū,unige-pdf-page:182;level-sequence:1818
4319,6,突破,突破,tūpò,unige-pdf-page:183;level-sequence:1819
4320,6,图案,圖案,tú'àn,unige-pdf-page:183;level-sequence:1820
4321,6,徒弟,徒弟,túdì,unige-pdf-page:183;level-sequence:1821
4322,6,途径,途徑,tújìng,unige-pdf-page:183;level-sequence:1822
4323,6,涂抹,塗抹,túmǒ,unige-pdf-page:183;level-sequence:1823
4324,6,土壤,土壤,tǔrǎng,unige-pdf-page:183;level-sequence:1824
4325,6,团结,團結,tuánjié,unige-pdf-page:183;level-sequence:1825
4326,6,团体,團體,tuántǐ,unige-pdf-page:183;level-sequence:1826
4327,6,团圆,團圓,tuányuán,unige-pdf-page:183;level-sequence:1827
4328,6,推测,推測,tuīcè,unige-pdf-page:183;level-sequence:1828
4329,6,推翻,推翻,tuīfān,unige-pdf-page:183;level-sequence:1829
4330,6,推理,推理,tuīlǐ,unige-pdf-page:183;level-sequence:1830
4331,6,推论,推論,tuīlùn,unige-pdf-page:183;level-sequence:1831
4332,6,推销,推銷,tuīxiāo,unige-pdf-page:183;level-sequence:1832
4333,6,吞吞吐吐,吞吞吐吐,tūntūntǔtǔ,unige-pdf-page:183;level-sequence:1833
4334,6,托运,托運,tuōyùn,unige-pdf-page:183;level-sequence:1834
4335,6,拖延,拖延,tuōyán,unige-pdf-page:183;level-sequence:1835
4336,6,脱离,脫離,tuōlí,unige-pdf-page:183;level-sequence:1836
4337,6,妥当,妥當,tuǒdàng,unige-pdf-page:183;level-sequence:1837
4338,6,妥善,妥善,tuǒshàn,unige-pdf-page:183;level-sequence:1838
4339,6,妥协,妥協,tuǒxié,unige-pdf-page:183;level-sequence:1839
4340,6,椭圆,橢圓,tuǒyuán,unige-pdf-page:183;level-sequence:1840
4341,6,唾弃,唾棄,tuòqì,unige-pdf-page:183;level-sequence:1841
4342,6,挖掘,挖掘,wājué,unige-pdf-page:183;level-sequence:1842
4343,6,哇,哇,wā,unige-pdf-page:183;level-sequence:1843
4344,6,娃娃,娃娃,wáwa,unige-pdf-page:183;level-sequence:1844
4345,6,瓦解,瓦解,wǎjiě,unige-pdf-page:183;level-sequence:1845
4346,6,歪曲,歪曲,wāiqū,unige-pdf-page:183;level-sequence:1846
4347,6,外表,外表,wàibiǎo,unige-pdf-page:184;level-sequence:1847
4348,6,外行,外行,wàiháng,unige-pdf-page:184;level-sequence:1848
4349,6,外界,外界,wàijiè,unige-pdf-page:184;level-sequence:1849
4350,6,外向,外向,wàixiàng,unige-pdf-page:184;level-sequence:1850
4351,6,丸,丸,wán,unige-pdf-page:184;level-sequence:1851
4352,6,完备,完備,wánbèi,unige-pdf-page:184;level-sequence:1852
4353,6,完毕,完畢,wánbì,unige-pdf-page:184;level-sequence:1853
4354,6,玩弄,玩弄,wánnòng,unige-pdf-page:184;level-sequence:1854
4355,6,玩意儿,玩意兒,wányìr,unige-pdf-page:184;level-sequence:1855
4356,6,顽固,頑固,wángù,unige-pdf-page:184;level-sequence:1856
4357,6,顽强,頑強,wánqiáng,unige-pdf-page:184;level-sequence:1857
4358,6,挽回,挽回,wǎnhuí,unige-pdf-page:184;level-sequence:1858
4359,6,挽救,挽救,wǎnjiù,unige-pdf-page:184;level-sequence:1859
4360,6,惋惜,惋惜,wǎnxī,unige-pdf-page:184;level-sequence:1860
4361,6,万分,萬分,wànfēn,unige-pdf-page:184;level-sequence:1861
4362,6,往常,往常,wǎngcháng,unige-pdf-page:184;level-sequence:1862
4363,6,往事,往事,wǎngshì,unige-pdf-page:184;level-sequence:1863
4364,6,妄想,妄想,wàngxiǎng,unige-pdf-page:184;level-sequence:1864
4365,6,危机,危機,wēijī,unige-pdf-page:184;level-sequence:1865
4366,6,威风,威風,wēifēng,unige-pdf-page:184;level-sequence:1866
4367,6,威力,威力,wēilì,unige-pdf-page:184;level-sequence:1867
4368,6,威望,威望,wēiwàng,unige-pdf-page:184;level-sequence:1868
4369,6,威信,威信,wēixìn,unige-pdf-page:184;level-sequence:1869
4370,6,微不足道,微不足道,wēibùzúdào,unige-pdf-page:184;level-sequence:1870
4371,6,微观,微觀,wēiguān,unige-pdf-page:184;level-sequence:1871
4372,6,为难,為難,wéinán,unige-pdf-page:184;level-sequence:1872
4373,6,为期,為期,wéiqī,unige-pdf-page:184;level-sequence:1873
4374,6,违背,違背,wéibèi,unige-pdf-page:185;level-sequence:1874
4375,6,唯独,唯獨,wéidú,unige-pdf-page:185;level-sequence:1875
4376,6,维持,維持,wéichí,unige-pdf-page:185;level-sequence:1876
4377,6,维护,維護,wéihù,unige-pdf-page:185;level-sequence:1877
4378,6,维生素,維生素,wéishēngsù,unige-pdf-page:185;level-sequence:1878
4379,6,伪造,偽造,wěizào,unige-pdf-page:185;level-sequence:1879
4380,6,委托,委托,wĕituō,unige-pdf-page:185;level-sequence:1880
4381,6,委员,委員,wěiyuán,unige-pdf-page:185;level-sequence:1881
4382,6,卫星,衛星,wèixīng,unige-pdf-page:185;level-sequence:1882
4383,6,未免,未免,wèimiǎn,unige-pdf-page:185;level-sequence:1883
4384,6,畏惧,畏懼,wèijù,unige-pdf-page:185;level-sequence:1884
4386,6,蔚蓝,蔚藍,wèilán,unige-pdf-page:185;level-sequence:1886
4387,6,慰问,慰問,wèiwèn,unige-pdf-page:185;level-sequence:1887
4388,6,温带,溫帶,wēndài,unige-pdf-page:185;level-sequence:1888
4389,6,温和,溫和,wēnhé,unige-pdf-page:185;level-sequence:1889
4390,6,文凭,文憑,wénpíng,unige-pdf-page:185;level-sequence:1890
4391,6,文物,文物,wénwù,unige-pdf-page:185;level-sequence:1891
4392,6,文献,文獻,wénxiàn,unige-pdf-page:185;level-sequence:1892
4393,6,文雅,文雅,wényǎ,unige-pdf-page:185;level-sequence:1893
4394,6,文艺,文藝,wényì,unige-pdf-page:185;level-sequence:1894
4395,6,问世,問世,wènshì,unige-pdf-page:185;level-sequence:1895
4396,6,窝,窩,wō,unige-pdf-page:185;level-sequence:1896
4397,6,乌黑,烏黑,wūhēi,unige-pdf-page:185;level-sequence:1897
4398,6,污蔑,污蔑,wūmiè,unige-pdf-page:185;level-sequence:1898
4399,6,诬陷,誣陷,wūxiàn,unige-pdf-page:185;level-sequence:1899
4400,6,无比,無比,wúbǐ,unige-pdf-page:185;level-sequence:1900
4401,6,无偿,無償,wúcháng,unige-pdf-page:185;level-sequence:1901
4402,6,无耻,無恥,wúchǐ,unige-pdf-page:185;level-sequence:1902
4403,6,无动于衷,無動於衷,wúdòng-,unige-pdf-page:186;level-sequence:1903
4404,6,无非,無非,wúfēi,unige-pdf-page:186;level-sequence:1904
4405,6,无辜,無辜,wúgū,unige-pdf-page:186;level-sequence:1905
4406,6,无精打采,無精打采,wújīng-dǎcǎi,unige-pdf-page:186;level-sequence:1906
4407,6,无赖,無賴,wúlài,unige-pdf-page:186;level-sequence:1907
4408,6,无理取闹,無理取鬧,wúlǐ-qǔnào,unige-pdf-page:186;level-sequence:1908
4409,6,无能为力,無能為力,wúnéngwéilì,unige-pdf-page:186;level-sequence:1909
4410,6,无穷无尽,無窮無盡,wúqióng wújìn,unige-pdf-page:186;level-sequence:1910
4411,6,无微不至,無微不至,wúwēi-búzhì,unige-pdf-page:186;level-sequence:1911
4412,6,无忧无虑,無憂無慮,wúyōu wúlǜ,unige-pdf-page:186;level-sequence:1912
4413,6,无知,無知,wúzhī,unige-pdf-page:186;level-sequence:1913
4414,6,武器,武器,wŭqì,unige-pdf-page:186;level-sequence:1914
4415,6,武侠,武俠,wǔxiá,unige-pdf-page:186;level-sequence:1915
4416,6,武装,武裝,wǔzhuāng,unige-pdf-page:186;level-sequence:1916
4417,6,侮辱,侮辱,wǔrǔ,unige-pdf-page:186;level-sequence:1917
4418,6,舞蹈,舞蹈,wǔdǎo,unige-pdf-page:186;level-sequence:1918
4419,6,务必,務必,wùbì,unige-pdf-page:186;level-sequence:1919
4420,6,物美价廉,物美價廉,wùměi-jiàlián,unige-pdf-page:186;level-sequence:1920
4421,6,物业,物業,wùyè,unige-pdf-page:186;level-sequence:1921
4422,6,物资,物資,wùzī,unige-pdf-page:186;level-sequence:1922
4423,6,误差,誤差,wùchā,unige-pdf-page:186;level-sequence:1923
4424,6,误解,誤解,wùjiě,unige-pdf-page:186;level-sequence:1924
4425,6,夕阳,夕陽,xīyáng,unige-pdf-page:186;level-sequence:1925
4426,6,昔日,昔日,xīrì,unige-pdf-page:186;level-sequence:1926
4427,6,牺牲,犧牲,xīshēng,unige-pdf-page:186;level-sequence:1927
4428,6,溪,溪,xī,unige-pdf-page:186;level-sequence:1928
4429,6,熄灭,熄滅,xīmiè,unige-pdf-page:186;level-sequence:1929
4430,6,膝盖,膝蓋,xīgài,unige-pdf-page:186;level-sequence:1930
4431,6,习俗,習俗,xísú,unige-pdf-page:186;level-sequence:1931
4432,6,袭击,襲擊,xíjī,unige-pdf-page:187;level-sequence:1932
4433,6,媳妇,媳婦,xífù,unige-pdf-page:187;level-sequence:1933
4434,6,喜闻乐见,喜聞樂見,xǐwén-lèjiàn,unige-pdf-page:187;level-sequence:1934
4435,6,喜悦,喜悅,xǐyuè,unige-pdf-page:187;level-sequence:1935
4436,6,系列,系列,xìliè,unige-pdf-page:187;level-sequence:1936
4437,6,细胞,細胞,xìbāo,unige-pdf-page:187;level-sequence:1937
4438,6,细菌,細菌,xìjūn,unige-pdf-page:187;level-sequence:1938
4439,6,细致,細緻,xìzhì,unige-pdf-page:187;level-sequence:1939
4440,6,峡谷,峽谷,xiágǔ,unige-pdf-page:187;level-sequence:1940
4441,6,狭隘,狹隘,xiá'ài,unige-pdf-page:187;level-sequence:1941
4442,6,狭窄,狹窄,xiázhǎi,unige-pdf-page:187;level-sequence:1942
4443,6,霞,霞,xiá,unige-pdf-page:187;level-sequence:1943
4444,6,下属,下屬,xiàshǔ,unige-pdf-page:187;level-sequence:1944
4445,6,先进,先進,xiānjìn,unige-pdf-page:187;level-sequence:1945
4446,6,先前,先前,xiānqián,unige-pdf-page:187;level-sequence:1946
4447,6,纤维,纖維,xiānwéi,unige-pdf-page:187;level-sequence:1947
4448,6,掀起,掀起,xiānqǐ,unige-pdf-page:187;level-sequence:1948
4449,6,鲜明,鮮明,xiānmíng,unige-pdf-page:187;level-sequence:1949
4450,6,闲话,閑話,xiánhuà,unige-pdf-page:187;level-sequence:1950
4451,6,贤惠,賢惠,xiánhuì,unige-pdf-page:187;level-sequence:1951
4452,6,弦,弦,xián,unige-pdf-page:187;level-sequence:1952
4453,6,衔接,銜接,xiánjiē,unige-pdf-page:187;level-sequence:1953
4454,6,嫌,嫌,xián,unige-pdf-page:187;level-sequence:1954
4455,6,嫌疑,嫌疑,xiányí,unige-pdf-page:187;level-sequence:1955
4456,6,显著,顯著,xiǎnzhù,unige-pdf-page:187;level-sequence:1956
4457,6,现场,現場,xiànchǎng,unige-pdf-page:187;level-sequence:1957
4458,6,现成,現成,xiànchéng,unige-pdf-page:187;level-sequence:1958
4459,6,现状,現狀,xiànzhuàng,unige-pdf-page:187;level-sequence:1959
4460,6,线索,線索,xiànsuǒ,unige-pdf-page:188;level-sequence:1960
4461,6,宪法,憲法,xiànfǎ,unige-pdf-page:188;level-sequence:1961
4462,6,陷害,陷害,xiànhài,unige-pdf-page:188;level-sequence:1962
4463,6,陷阱,陷阱,xiànjǐng,unige-pdf-page:188;level-sequence:1963
4464,6,陷入,陷入,xiànrù,unige-pdf-page:188;level-sequence:1964
4465,6,馅儿,餡兒,xiànr,unige-pdf-page:188;level-sequence:1965
4466,6,乡镇,鄉鎮,xiāngzhèn,unige-pdf-page:188;level-sequence:1966
4467,6,相差,相差,xiāngchà,unige-pdf-page:188;level-sequence:1967
4468,6,相等,相等,xiāngděng,unige-pdf-page:188;level-sequence:1968
4469,6,相辅相成,相輔相成,xiāngfǔ-,unige-pdf-page:188;level-sequence:1969
4470,6,相应,相應,xiāngyìng,unige-pdf-page:188;level-sequence:1970
4471,6,镶嵌,鑲嵌,xiāngqiàn,unige-pdf-page:188;level-sequence:1971
4472,6,响亮,響亮,xiǎngliàng,unige-pdf-page:188;level-sequence:1972
4473,6,响应,響應,xiǎngyìng,unige-pdf-page:188;level-sequence:1973
4474,6,想方设法,想方設法,xiǎngfāng-,unige-pdf-page:188;level-sequence:1974
4475,6,向导,向導,xiàngdǎo,unige-pdf-page:188;level-sequence:1975
4476,6,向来,向來,xiànglái,unige-pdf-page:188;level-sequence:1976
4477,6,向往,向往,xiàngwǎng,unige-pdf-page:188;level-sequence:1977
4478,6,巷,巷,xiàng,unige-pdf-page:188;level-sequence:1978
4479,6,相声,相聲,xiàngsheng,unige-pdf-page:188;level-sequence:1979
4567,6,削弱,削弱,xuēruò,unige-pdf-page:191;level-sequence:2067
4568,6,学说,學說,xuéshuō,unige-pdf-page:191;level-sequence:2068
4569,6,学位,學位,xuéwèi,unige-pdf-page:191;level-sequence:2069
4570,6,雪上加霜,雪上加霜,xuěshàng-,unige-pdf-page:191;level-sequence:2070
4571,6,血压,血壓,xuèyā,unige-pdf-page:191;level-sequence:2071
4572,6,熏陶,熏陶,xūntáo,unige-pdf-page:191;level-sequence:2072
4573,6,寻觅,尋覓,xúnmì,unige-pdf-page:192;level-sequence:2073
4574,6,巡逻,巡邏,xúnluó,unige-pdf-page:192;level-sequence:2074
4575,6,循环,循環,xúnhuán,unige-pdf-page:192;level-sequence:2075
4576,6,循序渐进,循序漸進,xúnxù-jiànjìn,unige-pdf-page:192;level-sequence:2076
4577,6,压迫,壓迫,yāpò,unige-pdf-page:192;level-sequence:2077
4578,6,压岁钱,壓歲錢,yāsuìqián,unige-pdf-page:192;level-sequence:2078
4579,6,压缩,壓縮,yāsuō,unige-pdf-page:192;level-sequence:2079
4580,6,压抑,壓抑,yāyì,unige-pdf-page:192;level-sequence:2080
4581,6,压榨,壓榨,yāzhà,unige-pdf-page:192;level-sequence:2081
4582,6,压制,壓制,yāzhì,unige-pdf-page:192;level-sequence:2082
4583,6,鸦雀无声,鴉雀無聲,yāquè-,unige-pdf-page:192;level-sequence:2083
4584,6,亚军,亞軍,yàjūn,unige-pdf-page:192;level-sequence:2084
4585,6,烟花爆竹,煙花爆竹,yānhuā bàozhú,unige-pdf-page:192;level-sequence:2085
4586,6,淹没,淹沒,yānmò,unige-pdf-page:192;level-sequence:2086
4587,6,延期,延期,yán qī,unige-pdf-page:192;level-sequence:2087
4588,6,延伸,延伸,yánshēn,unige-pdf-page:192;level-sequence:2088
4589,6,延续,延續,yánxù,unige-pdf-page:192;level-sequence:2089
4590,6,严寒,嚴寒,yánhán,unige-pdf-page:192;level-sequence:2090
4591,6,严禁,嚴禁,yánjìn,unige-pdf-page:192;level-sequence:2091
4592,6,严峻,嚴峻,yánjùn,unige-pdf-page:192;level-sequence:2092
4593,6,严厉,嚴厲,yánlì,unige-pdf-page:192;level-sequence:2093
4594,6,严密,嚴密,yánmì,unige-pdf-page:192;level-sequence:2094
4595,6,言论,言論,yánlùn,unige-pdf-page:192;level-sequence:2095
4596,6,岩石,岩石,yánshí,unige-pdf-page:192;level-sequence:2096
4597,6,炎热,炎熱,yánrè,unige-pdf-page:192;level-sequence:2097
4598,6,沿海,沿海,yánhǎi,unige-pdf-page:192;level-sequence:2098
4599,6,掩盖,掩蓋,yǎngài,unige-pdf-page:192;level-sequence:2099
4600,6,掩护,掩護,yǎnhù,unige-pdf-page:192;level-sequence:2100
4601,6,掩饰,掩飾,yǎnshì,unige-pdf-page:192;level-sequence:2101
4602,6,眼光,眼光,yǎnguāng,unige-pdf-page:193;level-sequence:2102
4603,6,眼色,眼色,yǎnsè,unige-pdf-page:193;level-sequence:2103
4604,6,眼神,眼神,yǎnshén,unige-pdf-page:193;level-sequence:2104
4605,6,演变,演變,yǎnbiàn,unige-pdf-page:193;level-sequence:2105
4606,6,演习,演習,yǎnxí,unige-pdf-page:193;level-sequence:2106
4607,6,演绎,演繹,yǎnyì,unige-pdf-page:193;level-sequence:2107
4608,6,演奏,演奏,yǎnzòu,unige-pdf-page:193;level-sequence:2108
4609,6,厌恶,厭惡,yànwù,unige-pdf-page:193;level-sequence:2109
4610,6,验收,驗收,yànshōu,unige-pdf-page:193;level-sequence:2110
4611,6,验证,驗證,yànzhèng,unige-pdf-page:193;level-sequence:2111
4612,6,氧气,氧氣,yǎngqì,unige-pdf-page:193;level-sequence:2112
4613,6,样品,樣品,yàngpǐn,unige-pdf-page:193;level-sequence:2113
4614,6,谣言,謠言,yáoyán,unige-pdf-page:193;level-sequence:2114
4615,6,摇摆,搖擺,yáobǎi,unige-pdf-page:193;level-sequence:2115
4616,6,摇滚,搖滾,yáogǔn,unige-pdf-page:193;level-sequence:2116
4617,6,遥控,遙控,yáokòng,unige-pdf-page:193;level-sequence:2117
4618,6,遥远,遙遠,yáoyuǎn,unige-pdf-page:193;level-sequence:2118
4619,6,要点,要點,yàodiǎn,unige-pdf-page:193;level-sequence:2119
4620,6,要命,要命,yàomìng,unige-pdf-page:193;level-sequence:2120
4621,6,要素,要素,yàosù,unige-pdf-page:193;level-sequence:2121
4622,6,耀眼,耀眼,yàoyǎn,unige-pdf-page:193;level-sequence:2122
4623,6,野蛮,野蠻,yěmán,unige-pdf-page:193;level-sequence:2123
4624,6,野心,野心,yěxīn,unige-pdf-page:193;level-sequence:2124
4625,6,液体,液體,yètĭ,unige-pdf-page:193;level-sequence:2125
4626,6,一度,一度,yídù,unige-pdf-page:193;level-sequence:2126
4627,6,一帆风顺,一帆風順,yìfān-fēngshùn,unige-pdf-page:193;level-sequence:2127
4628,6,一贯,一貫,yíguàn,unige-pdf-page:193;level-sequence:2128
4629,6,一举两得,一舉兩得,yìjǔ-liǎngdé,unige-pdf-page:193;level-sequence:2129
4630,6,一流,一流,yīliú,unige-pdf-page:193;level-sequence:2130
4631,6,一目了然,一目了然,yímù-liǎorán,unige-pdf-page:194;level-sequence:2131
4632,6,一如既往,一如既往,yìrú-jìwǎng,unige-pdf-page:194;level-sequence:2132
4633,6,一丝不苟,一絲不苟,yìsī-bùgǒu,unige-pdf-page:194;level-sequence:2133
4634,6,一向,一向,yíxiàng,unige-pdf-page:194;level-sequence:2134
4635,6,衣裳,衣裳,yīshang,unige-pdf-page:194;level-sequence:2135
4636,6,依旧,依舊,yījiù,unige-pdf-page:194;level-sequence:2136
4637,6,依据,依據,yījù,unige-pdf-page:194;level-sequence:2137
4638,6,依靠,依靠,yīkào,unige-pdf-page:194;level-sequence:2138
4639,6,依赖,依賴,yīlài,unige-pdf-page:194;level-sequence:2139
4640,6,依托,依托,yītuō,unige-pdf-page:194;level-sequence:2140
4641,6,仪器,儀器,yíqì,unige-pdf-page:194;level-sequence:2141
4642,6,仪式,儀式,yíshì,unige-pdf-page:194;level-sequence:2142
4643,6,遗产,遺產,yíchǎn,unige-pdf-page:194;level-sequence:2143
4644,6,遗传,遺傳,yíchuán,unige-pdf-page:194;level-sequence:2144
4645,6,遗留,遺留,yíliú,unige-pdf-page:194;level-sequence:2145
4646,6,遗失,遺失,yíshī,unige-pdf-page:194;level-sequence:2146
4647,6,疑惑,疑惑,yíhuò,unige-pdf-page:194;level-sequence:2147
4648,6,以便,以便,yǐbiàn,unige-pdf-page:194;level-sequence:2148
4649,6,以免,以免,yǐmiǎn,unige-pdf-page:194;level-sequence:2149
4650,6,以往,以往,yǐwǎng,unige-pdf-page:194;level-sequence:2150
4651,6,以至,以至,yǐzhì,unige-pdf-page:194;level-sequence:2151
4652,6,以致,以致,yǐzhì,unige-pdf-page:194;level-sequence:2152
4653,6,亦,亦,yì,unige-pdf-page:194;level-sequence:2153
4654,6,异常,異常,yìcháng,unige-pdf-page:194;level-sequence:2154
4655,6,意料,意料,yìliào,unige-pdf-page:194;level-sequence:2155
4656,6,意识,意識,yìshí,unige-pdf-page:194;level-sequence:2156
4657,6,意图,意圖,yìtú,unige-pdf-page:194;level-sequence:2157
4658,6,意味着,意味著,yìwèizhe,unige-pdf-page:194;level-sequence:2158
4659,6,意向,意向,yìxiàng,unige-pdf-page:194;level-sequence:2159
4660,6,意志,意志,yìzhì,unige-pdf-page:194;level-sequence:2160
4661,6,毅力,毅力,yìlì,unige-pdf-page:194;level-sequence:2161
4662,6,毅然,毅然,yìrán,unige-pdf-page:195;level-sequence:2162
4663,6,翼,翼,yì,unige-pdf-page:195;level-sequence:2163
4664,6,阴谋,陰謀,yīnmóu,unige-pdf-page:195;level-sequence:2164
4665,6,音响,音響,yīnxiǎng,unige-pdf-page:195;level-sequence:2165
4666,6,引导,引導,yǐndǎo,unige-pdf-page:195;level-sequence:2166
4667,6,引擎,引擎,yǐnqíng,unige-pdf-page:195;level-sequence:2167
4668,6,引用,引用,yǐnyòng,unige-pdf-page:195;level-sequence:2168
4669,6,饮食,飲食,yǐnshí,unige-pdf-page:195;level-sequence:2169
4670,6,隐蔽,隱蔽,yǐnbì,unige-pdf-page:195;level-sequence:2170
4671,6,隐患,隱患,yǐnhuàn,unige-pdf-page:195;level-sequence:2171
4672,6,隐瞒,隱瞞,yǐnmán,unige-pdf-page:195;level-sequence:2172
4673,6,隐私,隱私,yǐnsī,unige-pdf-page:195;level-sequence:2173
4674,6,隐约,隱約,yǐnyuē,unige-pdf-page:195;level-sequence:2174
4675,6,英明,英明,yīngmíng,unige-pdf-page:195;level-sequence:2175
4676,6,英勇,英勇,yīngyǒng,unige-pdf-page:195;level-sequence:2176
4677,6,婴儿,嬰兒,yīng'ér,unige-pdf-page:195;level-sequence:2177
4678,6,迎面,迎面,yíngmiàn,unige-pdf-page:195;level-sequence:2178
4679,6,盈利,盈利,yínglì,unige-pdf-page:195;level-sequence:2179
4680,6,应酬,應酬,yìngchou,unige-pdf-page:195;level-sequence:2180
4681,6,应邀,應邀,yìngyāo,unige-pdf-page:195;level-sequence:2181
4682,6,拥护,擁護,yōnghù,unige-pdf-page:195;level-sequence:2182
4683,6,拥有,擁有,yōngyǒu,unige-pdf-page:195;level-sequence:2183
4684,6,庸俗,庸俗,yōngsú,unige-pdf-page:195;level-sequence:2184
4685,6,永恒,永恆,yǒnghéng,unige-pdf-page:195;level-sequence:2185
4686,6,勇于,勇於,yǒngyú,unige-pdf-page:195;level-sequence:2186
4687,6,涌现,涌現,yǒngxiàn,unige-pdf-page:195;level-sequence:2187
4688,6,踊跃,踴躍,yǒngyuè,unige-pdf-page:195;level-sequence:2188
4689,6,用户,用戶,yònghù,unige-pdf-page:195;level-sequence:2189
4690,6,优胜劣汰,優勝劣汰,yōushèng-,unige-pdf-page:195;level-sequence:2190
4691,6,优先,優先,yōuxiān,unige-pdf-page:196;level-sequence:2191
4692,6,优异,優異,yōuyì,unige-pdf-page:196;level-sequence:2192
4693,6,优越,優越,yōuyuè,unige-pdf-page:196;level-sequence:2193
4694,6,忧郁,憂鬱,yōuyù,unige-pdf-page:196;level-sequence:2194
4695,6,犹如,猶如,yóurú,unige-pdf-page:196;level-sequence:2195
4696,6,油腻,油膩,yóunì,unige-pdf-page:196;level-sequence:2196
4697,6,油漆,油漆,yóuqī,unige-pdf-page:196;level-sequence:2197
4698,6,有条不紊,有條不紊,yǒutiáo-bùwěn,unige-pdf-page:196;level-sequence:2198
4699,6,幼稚,幼稚,yòuzhì,unige-pdf-page:196;level-sequence:2199
4700,6,诱惑,誘惑,yòuhuò,unige-pdf-page:196;level-sequence:2200
4701,6,渔民,漁民,yúmín,unige-pdf-page:196;level-sequence:2201
4702,6,愚蠢,愚蠢,yúchǔn,unige-pdf-page:196;level-sequence:2202
4703,6,愚昧,愚昧,yúmèi,unige-pdf-page:196;level-sequence:2203
4704,6,舆论,輿論,yúlùn,unige-pdf-page:196;level-sequence:2204
4705,6,与日俱增,與日俱增,yǔrì-jùzēng,unige-pdf-page:196;level-sequence:2205
4706,6,宇宙,宇宙,yǔzhòu,unige-pdf-page:196;level-sequence:2206
4707,6,羽绒服,羽絨服,yǔróngfú,unige-pdf-page:196;level-sequence:2207
4708,6,玉,玉,yù,unige-pdf-page:196;level-sequence:2208
4709,6,预料,預料,yùliào,unige-pdf-page:196;level-sequence:2209
4710,6,预期,預期,yùqī,unige-pdf-page:196;level-sequence:2210
4711,6,预算,預算,yùsuàn,unige-pdf-page:196;level-sequence:2211
4712,6,预先,預先,yùxiān,unige-pdf-page:196;level-sequence:2212
4713,6,预言,預言,yùyán,unige-pdf-page:196;level-sequence:2213
4714,6,预兆,預兆,yùzhào,unige-pdf-page:196;level-sequence:2214
4715,6,欲望,欲望,yùwàng,unige-pdf-page:196;level-sequence:2215
4716,6,寓言,寓言,yùyán,unige-pdf-page:196;level-sequence:2216
4717,6,愈,愈,yù,unige-pdf-page:196;level-sequence:2217
4718,6,冤枉,冤枉,yuānwang,unige-pdf-page:196;level-sequence:2218
4719,6,元首,元首,yuánshǒu,unige-pdf-page:196;level-sequence:2219
4720,6,元素,元素,yuánsù,unige-pdf-page:196;level-sequence:2220
4721,6,元宵节,元宵節,Yuánxiāo Jié,unige-pdf-page:197;level-sequence:2221
4722,6,园林,園林,yuánlín,unige-pdf-page:197;level-sequence:2222
4723,6,原告,原告,yuángào,unige-pdf-page:197;level-sequence:2223
4724,6,原理,原理,yuánlǐ,unige-pdf-page:197;level-sequence:2224
4725,6,原始,原始,yuánshǐ,unige-pdf-page:197;level-sequence:2225
4726,6,原先,原先,yuánxiān,unige-pdf-page:197;level-sequence:2226
4727,6,圆满,圓滿,yuánmǎn,unige-pdf-page:197;level-sequence:2227
4728,6,缘故,緣故,yuángù,unige-pdf-page:197;level-sequence:2228
4729,6,源泉,源泉,yuánquán,unige-pdf-page:197;level-sequence:2229
4730,6,约束,約束,yuēshù,unige-pdf-page:197;level-sequence:2230
4731,6,乐谱,樂譜,yuèpǔ,unige-pdf-page:197;level-sequence:2231
4732,6,岳母,嶽母,yuèmǔ,unige-pdf-page:197;level-sequence:2232
4733,6,孕育,孕育,yùnyù,unige-pdf-page:197;level-sequence:2233
4736,6,酝酿,醞釀,yùnniàng,unige-pdf-page:197;level-sequence:2236
4737,6,蕴藏,蘊藏,yùncáng,unige-pdf-page:197;level-sequence:2237
4738,6,熨,熨,yùn,unige-pdf-page:197;level-sequence:2238
4739,6,杂技,雜技,zájì,unige-pdf-page:197;level-sequence:2239
4740,6,杂交,雜交,zájiāo,unige-pdf-page:197;level-sequence:2240
4741,6,砸,砸,zá,unige-pdf-page:197;level-sequence:2241
4742,6,咋,咋,zǎ,unige-pdf-page:197;level-sequence:2242
4743,6,灾难,災難,zāinàn,unige-pdf-page:197;level-sequence:2243
4744,6,栽培,栽培,zāipéi,unige-pdf-page:197;level-sequence:2244
4745,6,宰,宰,zǎi,unige-pdf-page:197;level-sequence:2245
4746,6,再接再厉,再接再厲,zàijiē-zàilì,unige-pdf-page:197;level-sequence:2246
4747,6,在意,在意,zàiyì,unige-pdf-page:197;level-sequence:2247
4748,6,攒,攢,zǎn,unige-pdf-page:198;level-sequence:2248
4749,6,暂且,暫且,zànqiě,unige-pdf-page:198;level-sequence:2249
4750,6,赞叹,贊嘆,zàntàn,unige-pdf-page:198;level-sequence:2250
4751,6,赞助,贊助,zànzhù,unige-pdf-page:198;level-sequence:2251
4752,6,遭受,遭受,zāoshòu,unige-pdf-page:198;level-sequence:2252
4753,6,遭殃,遭殃,zāo yāng,unige-pdf-page:198;level-sequence:2253
4754,6,遭遇,遭遇,zāoyù,unige-pdf-page:198;level-sequence:2254
4755,6,糟蹋,糟蹋,zāotà,unige-pdf-page:198;level-sequence:2255
4756,6,造型,造型,zàoxíng,unige-pdf-page:198;level-sequence:2256
4757,6,噪音,噪音,zàoyīn,unige-pdf-page:198;level-sequence:2257
4758,6,责怪,責怪,zéguài,unige-pdf-page:198;level-sequence:2258
4759,6,贼,賊,zéi,unige-pdf-page:198;level-sequence:2259
4760,6,增添,增添,zēngtiān,unige-pdf-page:198;level-sequence:2260
4761,6,赠送,贈送,zèngsòng,unige-pdf-page:198;level-sequence:2261
4762,6,扎,扎,zhā,unige-pdf-page:198;level-sequence:2262
4763,6,扎实,扎實,zhāshi,unige-pdf-page:198;level-sequence:2263
4764,6,渣,渣,zhā,unige-pdf-page:198;level-sequence:2264
4765,6,眨,眨,zhǎ,unige-pdf-page:198;level-sequence:2265
4766,6,诈骗,詐騙,zhàpiàn,unige-pdf-page:198;level-sequence:2266
4767,6,摘要,摘要,zhāiyào,unige-pdf-page:198;level-sequence:2267
4768,6,债券,債券,zhàiquàn,unige-pdf-page:198;level-sequence:2268
4769,6,沾光,沾光,zhān guāng,unige-pdf-page:198;level-sequence:2269
4770,6,瞻仰,瞻仰,zhānyǎng,unige-pdf-page:198;level-sequence:2270
4771,6,斩钉截铁,斬釘截鐵,zhǎndīng-jiétiě,unige-pdf-page:198;level-sequence:2271
4772,6,展示,展示,zhǎnshì,unige-pdf-page:198;level-sequence:2272
4773,6,展望,展望,zhǎnwàng,unige-pdf-page:198;level-sequence:2273
4774,6,展现,展現,zhǎnxiàn,unige-pdf-page:198;level-sequence:2274
4775,6,崭新,嶄新,zhǎnxīn,unige-pdf-page:198;level-sequence:2275
4776,6,占据,占據,zhànjù,unige-pdf-page:199;level-sequence:2276
4777,6,占领,占領,zhànlǐng,unige-pdf-page:199;level-sequence:2277
4778,6,战斗,戰鬥,zhàndòu,unige-pdf-page:199;level-sequence:2278
4779,6,战略,戰略,zhànlüè,unige-pdf-page:199;level-sequence:2279
4780,6,战术,戰術,zhànshù,unige-pdf-page:199;level-sequence:2280
4781,6,战役,戰役,zhànyì,unige-pdf-page:199;level-sequence:2281
4782,6,章程,章程,zhāngchéng,unige-pdf-page:199;level-sequence:2282
4783,6,帐篷,帳篷,zhàngpeng,unige-pdf-page:199;level-sequence:2283
4784,6,障碍,障礙,zhàng'ài,unige-pdf-page:199;level-sequence:2284
4785,6,招标,招標,zhāo biāo,unige-pdf-page:199;level-sequence:2285
4786,6,招收,招收,zhāoshōu,unige-pdf-page:199;level-sequence:2286
4787,6,朝气蓬勃,朝氣蓬勃,zhāoqì péngbó,unige-pdf-page:199;level-sequence:2287
4788,6,着迷,著迷,zháomí,unige-pdf-page:199;level-sequence:2288
4789,6,沼泽,沼澤,zhǎozé,unige-pdf-page:199;level-sequence:2289
4790,6,照样,照樣,zhàoyàng,unige-pdf-page:199;level-sequence:2290
4791,6,照耀,照耀,zhàoyào,unige-pdf-page:199;level-sequence:2291
4792,6,折腾,折騰,zhēteng,unige-pdf-page:199;level-sequence:2292
4793,6,遮挡,遮擋,zhēdǎng,unige-pdf-page:199;level-sequence:2293
4794,6,折,折,zhé,unige-pdf-page:199;level-sequence:2294
4795,6,折磨,折磨,zhémó,unige-pdf-page:199;level-sequence:2295
4796,6,侦探,偵探,zhēntàn,unige-pdf-page:199;level-sequence:2296
4797,6,珍贵,珍貴,zhēnguì,unige-pdf-page:199;level-sequence:2297
4798,6,珍稀,珍稀,zhēnxī,unige-pdf-page:199;level-sequence:2298
4799,6,珍珠,珍珠,zhēnzhū,unige-pdf-page:199;level-sequence:2299
4800,6,真理,真理,zhēnlĭ,unige-pdf-page:199;level-sequence:2300
4801,6,真相,真相,zhēnxiàng,unige-pdf-page:199;level-sequence:2301
4802,6,真挚,真摯,zhēnzhì,unige-pdf-page:199;level-sequence:2302
4803,6,斟酌,斟酌,zhēnzhuó,unige-pdf-page:199;level-sequence:2303
4804,6,枕头,枕頭,zhĕntou,unige-pdf-page:200;level-sequence:2304
4805,6,阵地,陣地,zhèndì,unige-pdf-page:200;level-sequence:2305
4806,6,阵容,陣容,zhènróng,unige-pdf-page:200;level-sequence:2306
4807,6,振奋,振奮,zhènfèn,unige-pdf-page:200;level-sequence:2307
4808,6,振兴,振興,zhènxīng,unige-pdf-page:200;level-sequence:2308
4809,6,震撼,震撼,zhènhàn,unige-pdf-page:200;level-sequence:2309
4810,6,震惊,震驚,zhènjīng,unige-pdf-page:200;level-sequence:2310
4811,6,镇定,鎮定,zhèndìng,unige-pdf-page:200;level-sequence:2311
4812,6,镇静,鎮靜,zhènjìng,unige-pdf-page:200;level-sequence:2312
4813,6,正月,正月,zhēngyuè,unige-pdf-page:200;level-sequence:2313
4814,6,争端,爭端,zhēngduān,unige-pdf-page:200;level-sequence:2314
4815,6,争夺,爭奪,zhēngduó,unige-pdf-page:200;level-sequence:2315
4816,6,争气,爭氣,zhēng qì,unige-pdf-page:200;level-sequence:2316
4817,6,争先恐后,爭先恐後,zhēngxiān-,unige-pdf-page:200;level-sequence:2317
4818,6,争议,爭議,zhēngyì,unige-pdf-page:200;level-sequence:2318
4819,6,征服,征服,zhēngfú,unige-pdf-page:200;level-sequence:2319
4820,6,征收,徵收,zhēngshōu,unige-pdf-page:200;level-sequence:2320
4821,6,挣扎,掙扎,zhēngzhá,unige-pdf-page:200;level-sequence:2321
4822,6,蒸发,蒸發,zhēngfā,unige-pdf-page:200;level-sequence:2322
4823,6,整顿,整頓,zhěngdùn,unige-pdf-page:200;level-sequence:2323
4824,6,正当,正當,zhèngdàng,unige-pdf-page:200;level-sequence:2324
4825,6,正负,正負,zhèngfù,unige-pdf-page:200;level-sequence:2325
4826,6,正规,正規,zhèngguī,unige-pdf-page:200;level-sequence:2326
4827,6,正经,正經,zhèngjing,unige-pdf-page:200;level-sequence:2327
4828,6,正气,正氣,zhèngqì,unige-pdf-page:200;level-sequence:2328
4829,6,正义,正義,zhèngyì,unige-pdf-page:200;level-sequence:2329
4830,6,正宗,正宗,zhèngzōng,unige-pdf-page:200;level-sequence:2330
4831,6,证实,證實,zhèngshí,unige-pdf-page:200;level-sequence:2331
4832,6,证书,證書,zhèngshū,unige-pdf-page:200;level-sequence:2332
4833,6,郑重,鄭重,zhèngzhòng,unige-pdf-page:201;level-sequence:2333
4834,6,政策,政策,zhèngcè,unige-pdf-page:201;level-sequence:2334
4835,6,政权,政權,zhèngquán,unige-pdf-page:201;level-sequence:2335
4836,6,症状,癥狀,zhèngzhuàng,unige-pdf-page:201;level-sequence:2336
4837,6,之际,之際,zhījì,unige-pdf-page:201;level-sequence:2337
4838,6,支撑,支撐,zhīchēng,unige-pdf-page:201;level-sequence:2338
4839,6,支出,支出,zhīchū,unige-pdf-page:201;level-sequence:2339
4840,6,支流,支流,zhīliú,unige-pdf-page:201;level-sequence:2340
4841,6,支配,支配,zhīpèi,unige-pdf-page:201;level-sequence:2341
4842,6,支援,支援,zhīyuán,unige-pdf-page:201;level-sequence:2342
4843,6,支柱,支柱,zhīzhù,unige-pdf-page:201;level-sequence:2343
4844,6,枝,枝,zhī,unige-pdf-page:201;level-sequence:2344
4845,6,知觉,知覺,zhījué,unige-pdf-page:201;level-sequence:2345
4846,6,知足常乐,知足常樂,zhīzú chánglè,unige-pdf-page:201;level-sequence:2346
4847,6,脂肪,脂肪,zhīfáng,unige-pdf-page:201;level-sequence:2347
4848,6,执行,執行,zhíxíng,unige-pdf-page:201;level-sequence:2348
4849,6,执着,執著,zhízhuó,unige-pdf-page:201;level-sequence:2349
4850,6,直播,直播,zhíbō,unige-pdf-page:201;level-sequence:2350
4851,6,直径,直徑,zhíjìng,unige-pdf-page:201;level-sequence:2351
4852,6,侄子,侄子,zhízi,unige-pdf-page:201;level-sequence:2352
4853,6,值班,值班,zhí bān,unige-pdf-page:201;level-sequence:2353
4854,6,职能,職能,zhínéng,unige-pdf-page:201;level-sequence:2354
4855,6,职位,職位,zhíwèi,unige-pdf-page:201;level-sequence:2355
4856,6,职务,職務,zhíwù,unige-pdf-page:201;level-sequence:2356
4857,6,殖民地,殖民地,zhímíndì,unige-pdf-page:201;level-sequence:2357
4858,6,指标,指標,zhǐbiāo,unige-pdf-page:201;level-sequence:2358
4859,6,指定,指定,zhǐdìng,unige-pdf-page:202;level-sequence:2359
4860,6,指甲,指甲,zhǐjia,unige-pdf-page:202;level-sequence:2360
4861,6,指令,指令,zhǐlìng,unige-pdf-page:202;level-sequence:2361
4862,6,指南针,指南針,zhǐnánzhēn,unige-pdf-page:202;level-sequence:2362
4863,6,指示,指示,zhǐshì,unige-pdf-page:202;level-sequence:2363
4864,6,指望,指望,zhǐwàng,unige-pdf-page:202;level-sequence:2364
4865,6,指责,指責,zhǐzé,unige-pdf-page:202;level-sequence:2365
4866,6,志气,志氣,zhìqì,unige-pdf-page:202;level-sequence:2366
4867,6,制裁,制裁,zhìcái,unige-pdf-page:202;level-sequence:2367
4868,6,制服,製服,zhìfú,unige-pdf-page:202;level-sequence:2368
4869,6,制约,制約,zhìyuē,unige-pdf-page:202;level-sequence:2369
4870,6,制止,制止,zhìzhǐ,unige-pdf-page:202;level-sequence:2370
4871,6,治安,治安,zhì'ān,unige-pdf-page:202;level-sequence:2371
4872,6,治理,治理,zhìlǐ,unige-pdf-page:202;level-sequence:2372
4873,6,致辞,致辭,zhìcí,unige-pdf-page:202;level-sequence:2373
4874,6,致力,致力,zhìlì,unige-pdf-page:202;level-sequence:2374
4875,6,致使,致使,zhìshǐ,unige-pdf-page:202;level-sequence:2375
4876,6,智力,智力,zhìlì,unige-pdf-page:202;level-sequence:2376
4877,6,智能,智能,zhìnéng,unige-pdf-page:202;level-sequence:2377
4878,6,智商,智商,zhìshāng,unige-pdf-page:202;level-sequence:2378
4879,6,滞留,滯留,zhìliú,unige-pdf-page:202;level-sequence:2379
4880,6,中断,中斷,zhōngduàn,unige-pdf-page:202;level-sequence:2380
4881,6,中立,中立,zhōnglì,unige-pdf-page:202;level-sequence:2381
4882,6,中央,中央,zhōngyāng,unige-pdf-page:202;level-sequence:2382
4883,6,忠诚,忠誠,zhōngchéng,unige-pdf-page:202;level-sequence:2383
4884,6,忠实,忠實,zhōngshí,unige-pdf-page:202;level-sequence:2384
4885,6,终点,終點,zhōngdiǎn,unige-pdf-page:202;level-sequence:2385
4886,6,终究,終究,zhōngjiū,unige-pdf-page:202;level-sequence:2386
4887,6,终身,終身,zhōngshēn,unige-pdf-page:202;level-sequence:2387
4888,6,终止,終止,zhōngzhǐ,unige-pdf-page:202;level-sequence:2388
4889,6,衷心,衷心,zhōngxīn,unige-pdf-page:203;level-sequence:2389
4890,6,肿瘤,腫瘤,zhǒngliú,unige-pdf-page:203;level-sequence:2390
4891,6,种子,種子,zhǒngzi,unige-pdf-page:203;level-sequence:2391
4892,6,种族,種族,zhǒngzú,unige-pdf-page:203;level-sequence:2392
4893,6,众所周知,眾所周知,zhòngsuǒ-,unige-pdf-page:203;level-sequence:2393
4894,6,种植,種植,zhòngzhí,unige-pdf-page:203;level-sequence:2394
4895,6,重心,重心,zhòngxīn,unige-pdf-page:203;level-sequence:2395
4896,6,舟,舟,zhōu,unige-pdf-page:203;level-sequence:2396
4897,6,州,州,zhōu,unige-pdf-page:203;level-sequence:2397
4898,6,周边,周邊,zhōubiān,unige-pdf-page:203;level-sequence:2398
4899,6,周密,周密,zhōumì,unige-pdf-page:203;level-sequence:2399
4900,6,周年,周年,zhōunián,unige-pdf-page:203;level-sequence:2400
4901,6,周期,周期,zhōuqī,unige-pdf-page:203;level-sequence:2401
4902,6,周折,周折,zhōuzhé,unige-pdf-page:203;level-sequence:2402
4903,6,周转,周轉,zhōuzhuǎn,unige-pdf-page:203;level-sequence:2403
4904,6,粥,粥,zhōu,unige-pdf-page:203;level-sequence:2404
4905,6,昼夜,晝夜,zhòuyè,unige-pdf-page:203;level-sequence:2405
4906,6,皱纹,皺紋,zhòuwén,unige-pdf-page:203;level-sequence:2406
4907,6,株,株,zhū,unige-pdf-page:203;level-sequence:2407
4908,6,诸位,諸位,zhūwèi,unige-pdf-page:203;level-sequence:2408
4909,6,逐年,逐年,zhúnián,unige-pdf-page:203;level-sequence:2409
4910,6,主办,主辦,zhǔbàn,unige-pdf-page:203;level-sequence:2410
4911,6,主导,主導,zhǔdǎo,unige-pdf-page:203;level-sequence:2411
4912,6,主管,主管,zhǔguǎn,unige-pdf-page:203;level-sequence:2412
4913,6,主流,主流,zhǔliú,unige-pdf-page:203;level-sequence:2413
4914,6,主权,主權,zhǔquán,unige-pdf-page:203;level-sequence:2414
4915,6,主义,主義,zhǔyì,unige-pdf-page:203;level-sequence:2415
4916,6,拄,拄,zhǔ,unige-pdf-page:203;level-sequence:2416
4917,6,嘱咐,囑咐,zhŭfù,unige-pdf-page:204;level-sequence:2417
4918,6,助理,助理,zhùlǐ,unige-pdf-page:204;level-sequence:2418
4919,6,助手,助手,zhùshǒu,unige-pdf-page:204;level-sequence:2419
4920,6,住宅,住宅,zhùzhái,unige-pdf-page:204;level-sequence:2420
4921,6,注射,注射,zhùshè,unige-pdf-page:204;level-sequence:2421
4922,6,注视,注視,zhùshì,unige-pdf-page:204;level-sequence:2422
4923,6,注释,註釋,zhùshì,unige-pdf-page:204;level-sequence:2423
4924,6,注重,注重,zhùzhòng,unige-pdf-page:204;level-sequence:2424
4925,6,驻扎,駐扎,zhùzhā,unige-pdf-page:204;level-sequence:2425
4926,6,著作,著作,zhùzuò,unige-pdf-page:204;level-sequence:2426
4927,6,铸造,鑄造,zhùzào,unige-pdf-page:204;level-sequence:2427
4928,6,拽,拽,zhuài,unige-pdf-page:204;level-sequence:2428
4929,6,专长,專長,zhuāncháng,unige-pdf-page:204;level-sequence:2429
4930,6,专程,專程,zhuānchéng,unige-pdf-page:204;level-sequence:2430
4931,6,专利,專利,zhuānlì,unige-pdf-page:204;level-sequence:2431
4932,6,专题,專題,zhuāntí,unige-pdf-page:204;level-sequence:2432
4933,6,砖,磚,zhuān,unige-pdf-page:204;level-sequence:2433
4934,6,转达,轉達,zhuǎndá,unige-pdf-page:204;level-sequence:2434
4935,6,转让,轉讓,zhuǎnràng,unige-pdf-page:204;level-sequence:2435
4936,6,转移,轉移,zhuǎnyí,unige-pdf-page:204;level-sequence:2436
4937,6,转折,轉折,zhuǎnzhé,unige-pdf-page:204;level-sequence:2437
4938,6,传记,傳記,zhuànjì,unige-pdf-page:204;level-sequence:2438
4939,6,庄稼,莊稼,zhuāngjia,unige-pdf-page:204;level-sequence:2439
4940,6,庄严,莊嚴,zhuāngyán,unige-pdf-page:204;level-sequence:2440
4941,6,庄重,莊重,zhuāngzhòng,unige-pdf-page:204;level-sequence:2441
4942,6,装备,裝備,zhuāngbèi,unige-pdf-page:205;level-sequence:2442
4943,6,装卸,裝卸,zhuāngxiè,unige-pdf-page:205;level-sequence:2443
4944,6,壮观,壯觀,zhuàngguān,unige-pdf-page:205;level-sequence:2444
4945,6,壮丽,壯麗,zhuànglì,unige-pdf-page:205;level-sequence:2445
4946,6,壮烈,壯烈,zhuàngliè,unige-pdf-page:205;level-sequence:2446
4947,6,幢,幢,zhuàng,unige-pdf-page:205;level-sequence:2447
4948,6,追悼,追悼,zhuīdào,unige-pdf-page:205;level-sequence:2448
4949,6,追究,追究,zhuījiū,unige-pdf-page:205;level-sequence:2449
4950,6,坠,墜,zhuì,unige-pdf-page:205;level-sequence:2450
4951,6,准则,準則,zhǔnzé,unige-pdf-page:205;level-sequence:2451
4952,6,卓越,卓越,zhuóyuè,unige-pdf-page:205;level-sequence:2452
4953,6,着手,著手,zhuóshǒu,unige-pdf-page:205;level-sequence:2453
4954,6,着想,著想,zhuóxiǎng,unige-pdf-page:205;level-sequence:2454
4955,6,着重,著重,zhuózhòng,unige-pdf-page:205;level-sequence:2455
4995,6,作弊,作弊,zuò bì,unige-pdf-page:206;level-sequence:2495
4996,6,作废,作廢,zuòfèi,unige-pdf-page:206;level-sequence:2496
4997,6,作风,作風,zuòfēng,unige-pdf-page:206;level-sequence:2497
4998,6,作息,作息,zuòxī,unige-pdf-page:206;level-sequence:2498
4999,6,座右铭,座右銘,zuòyòumíng,unige-pdf-page:206;level-sequence:2499
5000,6,做主,做主,zuò zhǔ,unige-pdf-page:206;level-sequence:2500
